word,tags1,tags2
一,HSK 1,TOCFL 1
一一,HSK 7,TOCFL 4
一下兒,HSK 1,
一下子,HSK 5,TOCFL 3
一下子兒,TOCFL 3,
一不小心,HSK 7,
一乾二淨,HSK 7,
一事無成,HSK 7,
一些,HSK 1,TOCFL 1
一代,HSK 6,
一個勁兒,HSK 7,
一共,HSK 2,TOCFL 2
一再,HSK 4,TOCFL 4
一切,HSK 3,TOCFL 3
一剎那,HSK 7,
一動不動,HSK 7,
一半,HSK 1,TOCFL 1
一半兒,TOCFL 1,
一卡通,HSK 7,
一口氣,HSK 5,TOCFL 4
一句話,HSK 5,
一同,HSK 6,TOCFL 3
一向,HSK 5,TOCFL 3
一味,HSK 7,TOCFL 5
一回事,HSK 7,
一塊,TOCFL 3,
一塊兒,HSK 1,TOCFL 3
一塌糊塗,HSK 7,
一大早,HSK 7,TOCFL 4
一天到晚,HSK 7,TOCFL 4
一如,TOCFL 5,
一如既往,HSK 7,
一定,HSK 2,TOCFL 1
一家人,HSK 7,
一帆風順,HSK 7,
一帶,HSK 5,TOCFL 4
一年到頭,HSK 7,
一度,HSK 7,TOCFL 5
一律,HSK 4,TOCFL 5
一心,HSK 7,TOCFL 5
一心一意,HSK 7,
一應俱全,HSK 7,
一成不變,HSK 7,
一手,HSK 7,
一技之長,HSK 7,
一把手,HSK 7,
一攬子,HSK 7,
一方面,HSK 3,TOCFL 3
一旁,HSK 7,TOCFL 4
一旦,HSK 5,TOCFL 4
一早,HSK 7,
一時,HSK 6,TOCFL 3
一晃,HSK 7,
一會兒,HSK 1,TOCFL 2
一概,HSK 7,TOCFL 5
一概而論,HSK 7,
一模一樣,HSK 6,
一樣,HSK 1,TOCFL 1
一次性,HSK 6,
一毛不拔,HSK 7,
一流,HSK 5,TOCFL 5
一無所有,HSK 7,
一無所知,HSK 7,
一生,HSK 2,TOCFL 3
一番,HSK 6,
一目了然,HSK 7,
一直,HSK 2,TOCFL 2
一眼,HSK 7,
一瞬間,HSK 7,
一籌莫展,HSK 7,
一系列,HSK 7,
一經,HSK 7,
一線,HSK 7,
一聲不吭,HSK 7,
一致,HSK 4,TOCFL 4
一舉,HSK 7,
一舉一動,HSK 7,
一般,HSK 2,TOCFL 2
一般來說,HSK 4,TOCFL 3
一般而言,TOCFL 4,
一行,HSK 6,
一言一行,HSK 7,
一言不發,HSK 7,
一貫,HSK 6,TOCFL 5
一起,HSK 1,TOCFL 1
一路,HSK 5,
一路上,HSK 6,
一路平安,HSK 2,
一路順風,HSK 2,
一身,HSK 5,
一輩子,HSK 5,
一連,HSK 7,TOCFL 3
一連串,HSK 7,TOCFL 5
一道,HSK 6,TOCFL 5
一邊,HSK 1,
一部分,HSK 2,
一鍋粥,HSK 7,
一長一短,HSK 7,
一陣,HSK 7,
一面,HSK 7,TOCFL 4
一頭,HSK 7,
一體,HSK 7,
一點,TOCFL 1,
一點兒,HSK 1,TOCFL 1
一點點,HSK 2,
一鼓作氣,HSK 7,
一齊,HSK 6,TOCFL 4
丁,HSK 7,TOCFL 4
七,HSK 1,TOCFL 1
七嘴八舌,HSK 7,
丈,TOCFL 5,
丈夫,HSK 4,TOCFL 4
三,HSK 1,TOCFL 1
三明治,HSK 6,TOCFL 2
三番五次,HSK 7,
三維,HSK 7,
三角,HSK 7,
三角形,TOCFL 4,
上,HSK 1,TOCFL 1
上下,HSK 5,TOCFL 4
上任,HSK 7,
上來,HSK 3,
上個月,HSK 4,
上升,HSK 3,TOCFL 4
上午,HSK 1,TOCFL 1
上去,HSK 3,
上司,HSK 7,TOCFL 5
上吊,TOCFL 5,
上報,HSK 7,
上場,HSK 7,
上好,TOCFL 5,
上學,HSK 1,TOCFL 1
上崗,HSK 7,
上市,HSK 6,TOCFL 4
上帝,HSK 6,TOCFL 3
上方,HSK 7,
上旬,HSK 7,TOCFL 5
上映,HSK 7,
上期,HSK 7,
上樓,HSK 4,
上次,HSK 1,
上流,HSK 7,
上游,HSK 7,TOCFL 4
上演,HSK 6,TOCFL 5
上漲,HSK 5,TOCFL 5
上火,HSK 7,
上班,HSK 1,TOCFL 1
上當,HSK 6,TOCFL 3
上癮,HSK 7,TOCFL 5
上空,HSK 7,TOCFL 5
上級,HSK 5,TOCFL 4
上網,HSK 1,TOCFL 1
上臺,HSK 6,TOCFL 4
上街,TOCFL 3,
上衣,HSK 3,TOCFL 3
上訴,HSK 7,
上課,HSK 1,TOCFL 1
上調,HSK 7,
上路,TOCFL 5,
上車,HSK 1,
上述,HSK 7,TOCFL 4
上週,HSK 2,
上進,TOCFL 5,
上邊,HSK 1,
上門,HSK 4,TOCFL 5
上限,HSK 7,
上面,HSK 3,TOCFL 1
上頭,HSK 7,TOCFL 4
下,HSK 1,TOCFL 1
下一代,HSK 7,
下令,HSK 7,
下來,HSK 3,TOCFL 3
下個月,HSK 4,
下列,TOCFL 5,
下功夫,HSK 7,
下午,HSK 1,TOCFL 1
下午茶,TOCFL 4,
下去,HSK 3,TOCFL 4
下場,HSK 7,
下墜,HSK 7,
下屬,HSK 7,
下山,HSK 7,
下崗,HSK 7,
下巴,TOCFL 4,
下意識,HSK 7,
下手,HSK 7,
下旬,HSK 7,TOCFL 5
下期,HSK 7,
下棋,HSK 7,TOCFL 4
下樓,HSK 4,
下次,HSK 1,
下水,TOCFL 5,
下水道,TOCFL 5,
下決心,HSK 7,
下海,HSK 7,
下游,HSK 7,TOCFL 4
下滑,TOCFL 5,
下班,HSK 1,TOCFL 2
下筆,TOCFL 5,
下級,HSK 7,
下臺,HSK 7,
下落,HSK 7,
下課,HSK 1,TOCFL 1
下調,HSK 7,
下跌,HSK 7,TOCFL 5
下車,HSK 1,
下載,HSK 4,
下週,HSK 2,
下邊,HSK 1,
下鄉,HSK 7,
下降,HSK 4,TOCFL 4
下雨,HSK 1,TOCFL 1
下雪,HSK 2,TOCFL 1
下面,HSK 3,TOCFL 1
不,HSK 1,TOCFL 1
不一定,HSK 2,
不一會兒,HSK 2,
不下,TOCFL 5,
不久,HSK 2,TOCFL 2
不了了之,HSK 7,
不予,HSK 7,
不亞於,HSK 7,
不亦樂乎,HSK 7,
不以為然,HSK 7,
不但,HSK 2,TOCFL 2
不便,HSK 6,TOCFL 5
不值,HSK 6,
不假思索,HSK 7,
不停,HSK 5,
不僅,HSK 3,TOCFL 4
不僅僅,HSK 6,
不像話,HSK 7,
不光,HSK 3,
不免,HSK 5,TOCFL 5
不公,TOCFL 5,
不再,HSK 6,TOCFL 5
不准,HSK 7,
不凡,TOCFL 5,
不利,HSK 5,
不利於,HSK 7,
不到,TOCFL 4,
不力,TOCFL 5,
不動產,TOCFL 5,
不及,TOCFL 5,
不可思議,HSK 7,
不可避免,HSK 7,
不同,HSK 2,TOCFL 2
不同尋常,HSK 7,
不在乎,HSK 4,
不堪,HSK 7,TOCFL 5
不夠,HSK 2,
不大,HSK 1,TOCFL 4
不太,HSK 2,
不好意思,HSK 2,TOCFL 2
不如,HSK 2,TOCFL 3
不如说,HSK 7,
不妨,HSK 7,TOCFL 5
不安,HSK 3,TOCFL 4
不定,HSK 7,
不宜,HSK 7,TOCFL 4
不客氣,HSK 1,TOCFL 1
不容,HSK 7,TOCFL 5
不對,HSK 1,
不少,HSK 2,TOCFL 3
不屑,HSK 7,
不已,HSK 7,
不平,HSK 7,TOCFL 4
不幸,HSK 5,TOCFL 3
不得,TOCFL 5,
不得不,HSK 3,TOCFL 3
不得了,HSK 5,TOCFL 3
不得已,HSK 7,TOCFL 4
不得而知,HSK 7,
不必,HSK 3,TOCFL 3
不怎麼,HSK 6,
不怎麼樣,HSK 6,
不恥下問,HSK 7,
不惜,HSK 7,TOCFL 5
不慎,HSK 7,
不懈,HSK 7,TOCFL 5
不成,HSK 6,TOCFL 4
不敢當,HSK 5,TOCFL 4
不料,HSK 6,TOCFL 5
不斷,HSK 3,TOCFL 3
不易,HSK 5,
不時,HSK 5,TOCFL 5
不景氣,HSK 7,
不曾,HSK 5,
不服,HSK 7,
不服氣,HSK 7,
不止,HSK 5,TOCFL 4
不正之風,HSK 7,
不法,TOCFL 5,
不滿,HSK 2,TOCFL 3
不為人知,HSK 7,
不然,HSK 4,TOCFL 4
不理,HSK 7,
不用,HSK 1,TOCFL 2
不用說,HSK 7,TOCFL 3
不由得,HSK 7,TOCFL 4
不由自主,HSK 7,
不當,TOCFL 4,
不相上下,HSK 7,
不知,HSK 7,
不知不覺,HSK 7,TOCFL 5
不禁,HSK 6,TOCFL 5
不等,TOCFL 5,
不算,HSK 7,
不管,HSK 4,TOCFL 3
不約而同,HSK 7,
不經意,HSK 7,
不翼而飛,HSK 7,
不耐煩,HSK 5,
不肖,TOCFL 5,
不肯,HSK 7,
不能不,HSK 5,
不至於,HSK 6,TOCFL 5
不致,TOCFL 5,
不致於,TOCFL 5,
不良,HSK 5,TOCFL 4
不行,HSK 2,
不要,HSK 2,
不要緊,HSK 4,
不見,HSK 6,TOCFL 3
不見了,TOCFL 3,
不見得,HSK 7,TOCFL 4
不解,HSK 7,
不許,HSK 5,TOCFL 4
不論,HSK 3,TOCFL 3
不起眼,HSK 7,
不足,HSK 5,TOCFL 3
不辭而別,HSK 7,
不通,HSK 6,
不過,HSK 2,TOCFL 3
不適,HSK 7,
不錯,HSK 2,TOCFL 1
不難,HSK 7,
不顧,HSK 5,TOCFL 4
且,HSK 7,TOCFL 4
世,TOCFL 4,
世事,TOCFL 5,
世代,HSK 7,TOCFL 5
世故,HSK 7,
世界,HSK 3,TOCFL 2
世界杯,HSK 3,
世界級,HSK 7,
世紀,HSK 3,TOCFL 4
世襲,HSK 7,
世間,TOCFL 5,
丘陵,HSK 7,TOCFL 5
丙,HSK 7,TOCFL 4
丟,HSK 5,TOCFL 2
丟人,HSK 7,TOCFL 4
丟失,HSK 7,
丟掉,HSK 7,
丟棄,HSK 7,TOCFL 5
丟臉,HSK 7,TOCFL 4
並,TOCFL 4,
並且,HSK 3,TOCFL 4
並列,HSK 7,TOCFL 5
並行,HSK 7,
並重,TOCFL 5,
並非,HSK 7,
丫頭,HSK 7,
中,HSK 1,TOCFL 3
中介,HSK 4,
中午,HSK 1,TOCFL 1
中和,TOCFL 5,
中國,HSK 1,TOCFL 1
中國畫,HSK 7,
中型,HSK 7,
中外,HSK 6,
中央,HSK 5,TOCFL 4
中學,HSK 1,TOCFL 1
中學生,HSK 1,
中小學,HSK 2,
中年,HSK 2,TOCFL 4
中庸,HSK 7,TOCFL 5
中心,HSK 2,TOCFL 2
中性,HSK 7,
中文,HSK 1,TOCFL 2
中斷,HSK 5,TOCFL 5
中旬,HSK 7,TOCFL 5
中暑,TOCFL 5,
中期,HSK 6,
中止,HSK 7,
中毒,HSK 5,TOCFL 4
中獎,HSK 4,TOCFL 5
中秋節,HSK 5,
中立,HSK 7,TOCFL 5
中等,HSK 6,
中級,HSK 2,TOCFL 4
中肯,TOCFL 5,
中華,HSK 6,
中華民族,HSK 3,
中葉,TOCFL 5,
中藥,HSK 5,TOCFL 4
中途,HSK 7,TOCFL 4
中部,HSK 3,TOCFL 3
中醫,HSK 2,TOCFL 5
中間,HSK 1,TOCFL 1
中風,TOCFL 5,
中餐,HSK 2,TOCFL 3
串,HSK 6,TOCFL 3
串門,HSK 7,
丸,HSK 7,
主,HSK 7,
主人,HSK 2,TOCFL 3
主人公,HSK 7,
主人翁,TOCFL 5,
主任,HSK 3,TOCFL 3
主力,HSK 7,TOCFL 5
主動,HSK 3,TOCFL 3
主婦,HSK 7,TOCFL 3
主子,HSK 6,
主宰,HSK 7,TOCFL 5
主導,HSK 5,TOCFL 5
主席,HSK 4,TOCFL 4
主張,HSK 3,TOCFL 4
主意,HSK 3,TOCFL 3
主持,HSK 3,TOCFL 4
主持人,HSK 6,
主旨,TOCFL 5,
主權,HSK 7,TOCFL 5
主流,HSK 6,TOCFL 5
主演,HSK 7,
主管,HSK 5,TOCFL 3
主編,HSK 7,
主義,HSK 7,TOCFL 5
主要,HSK 2,TOCFL 3
主見,TOCFL 5,
主觀,HSK 5,TOCFL 4
主角,HSK 6,TOCFL 4
主軸,TOCFL 5,
主辦,HSK 5,TOCFL 4
主頁,HSK 7,
主題,HSK 4,TOCFL 3
主題歌,HSK 7,
主食,HSK 7,
主體,HSK 5,
乃,HSK 7,TOCFL 5
乃至,HSK 7,
久,HSK 3,TOCFL 1
久仰,HSK 7,
久違,HSK 7,
之,HSK 7,TOCFL 4
之一,HSK 4,
之下,HSK 5,
之中,HSK 5,
之內,HSK 5,TOCFL 5
之前,HSK 4,TOCFL 3
之外,HSK 5,
之後,HSK 4,TOCFL 3
之所以,HSK 7,TOCFL 5
之間,HSK 4,TOCFL 3
之類,HSK 6,TOCFL 4
乒乓球,HSK 7,TOCFL 5
乖,HSK 7,TOCFL 3
乖巧,HSK 7,
乘,HSK 5,TOCFL 4
乘人之危,HSK 7,
乘坐,HSK 5,
乘客,HSK 5,TOCFL 4
乘車,HSK 5,
乙,HSK 5,TOCFL 4
九,HSK 1,TOCFL 1
乞丐,HSK 7,TOCFL 5
乞求,HSK 7,
乞討,HSK 7,
也,HSK 1,TOCFL 1
也好,HSK 5,TOCFL 3
也就是說,HSK 7,
也許,HSK 2,TOCFL 2
乳製品,HSK 6,
乾,TOCFL 2,
乾旱,HSK 7,
乾杯,HSK 2,TOCFL 4
乾淨,HSK 1,TOCFL 2
乾燥,HSK 7,TOCFL 5
乾脆,HSK 5,TOCFL 4
亂,HSK 3,TOCFL 3
亂七八糟,HSK 7,
了,HSK 1,TOCFL 1
了不起,HSK 4,TOCFL 3
了卻,HSK 7,
了結,HSK 7,
了解,HSK 4,TOCFL 2
予,TOCFL 5,
予以,HSK 7,TOCFL 5
事,HSK 1,TOCFL 2
事件,HSK 3,TOCFL 4
事先,HSK 4,TOCFL 4
事務,HSK 7,TOCFL 5
事務所,HSK 7,
事宜,HSK 7,TOCFL 5
事實,HSK 3,TOCFL 3
事實上,HSK 3,TOCFL 4
事後,HSK 6,
事情,HSK 2,TOCFL 2
事態,HSK 7,TOCFL 5
事故,HSK 3,TOCFL 5
事業,HSK 3,TOCFL 3
事物,HSK 4,TOCFL 4
事變,TOCFL 5,
事跡,HSK 7,
事項,HSK 7,
二,HSK 1,TOCFL 1
二手,HSK 4,
二手車,HSK 7,
二氧化碳,HSK 7,
二維碼,HSK 5,
于,TOCFL 5,
互信,HSK 7,
互助,HSK 7,TOCFL 4
互動,HSK 6,TOCFL 5
互惠,TOCFL 5,
互相,HSK 3,TOCFL 3
互聯網,HSK 3,
互補,HSK 7,TOCFL 5
互訪,HSK 7,
五,HSK 1,TOCFL 1
五星級,HSK 7,
五花八門,HSK 7,
五金,TOCFL 5,
五顏六色,HSK 4,
井,HSK 6,TOCFL 5
些,HSK 4,
亞洲,TOCFL 5,
亞軍,HSK 5,TOCFL 5
亞運會,HSK 4,
亡國,TOCFL 5,
亡羊補牢,HSK 7,
交,HSK 2,TOCFL 2
交付,HSK 7,
交代,HSK 5,TOCFL 4
交叉,HSK 7,
交友,TOCFL 3,
交往,HSK 3,TOCFL 4
交情,HSK 7,TOCFL 5
交接,HSK 7,
交換,HSK 4,TOCFL 4
交易,HSK 3,TOCFL 4
交替,HSK 7,
交朋友,HSK 2,
交流,HSK 3,TOCFL 3
交涉,HSK 7,TOCFL 5
交界,HSK 7,
交納,HSK 7,
交給,HSK 2,
交談,HSK 7,TOCFL 5
交警,HSK 3,
交貨,TOCFL 5,
交費,HSK 3,
交通,HSK 2,TOCFL 2
交鋒,HSK 7,
交錯,TOCFL 5,
交際,HSK 4,TOCFL 4
交集,HSK 7,TOCFL 5
交響樂,HSK 7,
交頭接耳,HSK 7,
亦,HSK 7,TOCFL 5
享,HSK 7,
享受,HSK 5,TOCFL 4
享有,HSK 7,TOCFL 4
京劇,HSK 3,TOCFL 4
亮,HSK 2,TOCFL 3
亮相,HSK 7,
亮麗,HSK 7,
亮點,HSK 7,
人,HSK 1,TOCFL 1
人事,HSK 7,TOCFL 4
人人,TOCFL 3,
人們,HSK 2,TOCFL 3
人力,HSK 5,TOCFL 4
人口,HSK 2,TOCFL 3
人品,HSK 7,
人員,HSK 3,TOCFL 4
人均,HSK 7,
人士,HSK 5,TOCFL 5
人家,HSK 4,TOCFL 3
人工,HSK 3,TOCFL 4
人工智能,HSK 7,
人心,TOCFL 4,
人性,HSK 7,
人情,HSK 7,TOCFL 5
人情味,TOCFL 4,
人情味兒,TOCFL 4,
人手,HSK 7,TOCFL 5
人才,HSK 3,TOCFL 4
人數,HSK 2,TOCFL 3
人文,HSK 7,
人格,HSK 7,TOCFL 4
人權,HSK 6,TOCFL 4
人次,HSK 7,TOCFL 5
人民,HSK 3,TOCFL 3
人民幣,HSK 3,
人氣,HSK 7,
人為,HSK 7,
人物,HSK 5,TOCFL 3
人生,HSK 3,TOCFL 4
人禍,TOCFL 5,
人緣兒,HSK 7,
人群,HSK 3,TOCFL 5
人行道,HSK 7,TOCFL 4
人質,HSK 7,
人身,HSK 7,
人造,HSK 7,TOCFL 5
人道,HSK 7,TOCFL 5
人選,HSK 7,TOCFL 5
人間,HSK 5,TOCFL 3
人際,TOCFL 5,
人類,HSK 3,TOCFL 3
人體,HSK 7,TOCFL 4
什麼,HSK 1,TOCFL 1
什麼樣,HSK 2,
仁愛,TOCFL 5,
仁慈,HSK 7,
仇,HSK 7,TOCFL 5
仇人,HSK 7,
仇恨,HSK 7,TOCFL 5
今天,HSK 1,TOCFL 1
今年,HSK 1,TOCFL 1
今後,HSK 2,TOCFL 4
今日,HSK 5,
介入,HSK 7,TOCFL 5
介意,HSK 7,
介於,HSK 7,
介紹,HSK 1,TOCFL 1
仍,HSK 3,TOCFL 3
仍然,HSK 3,TOCFL 3
仍舊,HSK 5,
仔細,HSK 5,TOCFL 3
仕女,TOCFL 5,
他,HSK 1,TOCFL 1
他人,HSK 7,TOCFL 5
他們,HSK 1,TOCFL 1
付,HSK 3,TOCFL 2
付出,HSK 4,TOCFL 3
付款,HSK 7,TOCFL 5
付費,HSK 7,
仙丹,TOCFL 5,
仙女,HSK 7,
仙鶴,HSK 7,
代,HSK 3,TOCFL 4
代價,HSK 5,TOCFL 4
代替,HSK 4,TOCFL 3
代溝,TOCFL 4,
代理,HSK 5,TOCFL 4
代理人,HSK 7,
代號,HSK 7,
代表,HSK 3,TOCFL 3
代表團,HSK 3,
代言人,HSK 7,
代課,TOCFL 5,
令,HSK 5,TOCFL 3
以,HSK 7,TOCFL 3
以上,HSK 2,TOCFL 3
以下,HSK 2,TOCFL 3
以來,HSK 3,TOCFL 3
以便,HSK 5,TOCFL 4
以免,HSK 7,TOCFL 3
以內,HSK 4,TOCFL 3
以前,HSK 2,TOCFL 1
以及,HSK 4,TOCFL 4
以外,HSK 2,TOCFL 3
以往,HSK 5,TOCFL 4
以後,HSK 2,TOCFL 1
以為,HSK 2,TOCFL 3
以至,TOCFL 5,
以至於,HSK 7,TOCFL 5
以致,HSK 7,
以致於,TOCFL 5,
以身作則,HSK 7,
仰,HSK 6,TOCFL 5
仰慕,TOCFL 5,
仲裁,HSK 7,
件,HSK 2,TOCFL 1
任,HSK 3,TOCFL 4
任人宰割,HSK 7,
任何,HSK 3,TOCFL 2
任務,HSK 3,TOCFL 3
任命,HSK 7,
任性,TOCFL 4,
任意,HSK 7,TOCFL 5
任期,HSK 7,TOCFL 5
任職,HSK 7,
份,HSK 2,TOCFL 3
份兒,TOCFL 4,
份額,HSK 7,
仿,HSK 7,
仿佛,HSK 6,
仿冒,TOCFL 5,
仿製,HSK 7,
仿造,TOCFL 5,
企圖,HSK 6,TOCFL 4
企業,HSK 4,TOCFL 3
伊斯蘭教,HSK 7,TOCFL 4
休假,HSK 2,TOCFL 4
休克,HSK 7,
休息,HSK 1,TOCFL 1
休想,HSK 7,
休眠,HSK 7,
休閒,HSK 5,TOCFL 4
休養,HSK 7,
伙,HSK 4,
伙伴,HSK 4,TOCFL 5
伙食,HSK 7,
伯伯,HSK 7,TOCFL 3
伯母,HSK 7,TOCFL 4
伯父,HSK 7,TOCFL 4
估價,TOCFL 5,
估算,HSK 7,
估計,HSK 5,TOCFL 4
伴,HSK 7,
伴侶,HSK 7,
伴奏,HSK 7,
伴隨,HSK 7,
伸,HSK 5,TOCFL 4
伸張,HSK 7,TOCFL 5
伸手,HSK 7,TOCFL 4
伸縮,HSK 7,
伺候,HSK 7,TOCFL 5
伺機,HSK 7,
似乎,HSK 4,TOCFL 3
似地,TOCFL 5,
似是而非,HSK 7,
似曾相識,HSK 7,
似的,HSK 4,TOCFL 5
但,HSK 2,TOCFL 3
但是,HSK 2,TOCFL 2
但願,HSK 7,
佇立,TOCFL 5,
位,HSK 2,TOCFL 2
位子,HSK 7,TOCFL 3
位於,HSK 4,TOCFL 4
位置,HSK 4,TOCFL 3
低,HSK 2,TOCFL 3
低下,HSK 7,
低于,HSK 5,
低估,HSK 7,
低價,HSK 7,
低溫,HSK 6,
低潮,TOCFL 4,
低碳,HSK 7,
低調,HSK 7,
低谷,HSK 7,
低迷,HSK 7,
低頭,HSK 6,
住,HSK 1,TOCFL 1
住址,HSK 7,TOCFL 4
住宅,HSK 6,TOCFL 4
住宿,HSK 7,TOCFL 5
住戶,HSK 7,TOCFL 5
住房,HSK 2,
住處,HSK 7,
住院,HSK 2,TOCFL 4
佐料,HSK 7,
佔據,TOCFL 5,
何,TOCFL 5,
何在,TOCFL 5,
何必,HSK 7,TOCFL 4
何時,HSK 7,
何況,HSK 7,TOCFL 4
何苦,HSK 7,
何處,HSK 7,
余,HSK 7,
佛,HSK 6,
佛像,TOCFL 5,
佛教,HSK 6,TOCFL 3
佛經,TOCFL 5,
作,HSK 6,TOCFL 3
作出,HSK 4,
作品,HSK 3,TOCFL 3
作客,HSK 7,
作家,HSK 2,TOCFL 4
作對,HSK 7,
作廢,HSK 6,
作弊,HSK 7,
作怪,TOCFL 5,
作戰,HSK 6,TOCFL 5
作文,HSK 2,TOCFL 4
作業,HSK 2,TOCFL 1
作法,TOCFL 3,
作為,HSK 4,TOCFL 4
作物,HSK 7,TOCFL 5
作用,HSK 2,TOCFL 4
作者,HSK 3,TOCFL 3
作證,TOCFL 5,
作風,HSK 7,TOCFL 5
你,HSK 1,TOCFL 1
你們,HSK 1,TOCFL 1
佩服,HSK 7,TOCFL 4
佳人,TOCFL 5,
佳節,HSK 7,TOCFL 5
併發,TOCFL 5,
併購,HSK 7,
使,HSK 3,TOCFL 4
使勁,HSK 4,TOCFL 5
使命,HSK 7,TOCFL 5
使喚,HSK 7,TOCFL 5
使得,HSK 5,TOCFL 3
使用,HSK 2,TOCFL 3
使節,TOCFL 5,
使者,HSK 7,
侃大山,HSK 7,
來,HSK 1,TOCFL 1
來不及,HSK 4,TOCFL 3
來信,HSK 5,TOCFL 4
來到,HSK 1,
來回,HSK 7,TOCFL 4
來客,TOCFL 5,
來年,HSK 7,
來往,HSK 6,TOCFL 4
來得,TOCFL 5,
來得及,HSK 4,TOCFL 3
來歷,HSK 7,
來源,HSK 4,TOCFL 4
來源於,HSK 7,
來臨,HSK 7,TOCFL 4
來自,HSK 2,TOCFL 4
來訪,HSK 7,
來賓,HSK 7,TOCFL 5
來電,HSK 7,
來龍去脈,HSK 7,
例,TOCFL 5,
例外,HSK 5,TOCFL 4
例如,HSK 2,TOCFL 3
例子,HSK 2,TOCFL 3
侍候,HSK 7,
供,HSK 7,TOCFL 4
供不應求,HSK 7,
供奉,HSK 7,
供應,HSK 4,TOCFL 4
供暖,HSK 7,
供求,HSK 7,
供給,HSK 6,TOCFL 5
供養,TOCFL 5,
依,HSK 7,TOCFL 5
依依不捨,HSK 7,
依據,HSK 5,TOCFL 4
依次,HSK 6,
依法,HSK 5,
依然,HSK 4,TOCFL 4
依照,HSK 5,TOCFL 5
依舊,HSK 5,TOCFL 5
依託,HSK 7,
依賴,HSK 6,TOCFL 5
依靠,HSK 4,TOCFL 3
侮辱,HSK 7,TOCFL 5
侵入,TOCFL 4,
侵占,HSK 7,
侵害,HSK 7,TOCFL 4
侵權,HSK 7,
侵犯,HSK 6,TOCFL 5
侵略,HSK 7,TOCFL 5
侵蝕,TOCFL 5,
侵襲,TOCFL 5,
便,HSK 6,TOCFL 4
便利,HSK 5,TOCFL 4
便利店,HSK 7,
便宜,HSK 2,TOCFL 1
便捷,HSK 7,
便於,HSK 5,
便是,HSK 6,
便條,HSK 5,TOCFL 3
便道,HSK 7,
便飯,HSK 7,
促,TOCFL 5,
促使,HSK 4,TOCFL 5
促成,HSK 7,TOCFL 5
促進,HSK 4,TOCFL 4
促銷,HSK 4,TOCFL 5
俄語,HSK 7,
俊,HSK 7,
俊俏,HSK 7,
俏,TOCFL 5,
俗,HSK 7,TOCFL 4
俗稱,TOCFL 5,
俗話,HSK 7,TOCFL 4
俗話說,HSK 7,TOCFL 4
俗語,HSK 7,TOCFL 5
俘獲,HSK 7,
俘虜,HSK 7,TOCFL 5
保,HSK 3,TOCFL 4
保佑,HSK 7,TOCFL 5
保修,HSK 7,
保健,HSK 6,
保全,TOCFL 5,
保姆,HSK 7,TOCFL 5
保存,HSK 3,TOCFL 4
保守,HSK 4,TOCFL 3
保安,HSK 3,TOCFL 5
保密,HSK 4,
保持,HSK 3,TOCFL 4
保暖,HSK 7,
保留,HSK 3,TOCFL 4
保管,HSK 7,TOCFL 5
保衛,HSK 5,TOCFL 4
保證,HSK 3,TOCFL 3
保護,HSK 3,TOCFL 3
保質期,HSK 7,
保重,HSK 7,TOCFL 5
保障,HSK 7,TOCFL 4
保險,HSK 3,TOCFL 2
保養,HSK 5,TOCFL 3
保鮮,HSK 7,
保齡球,TOCFL 5,
俠義,HSK 7,
信,HSK 2,TOCFL 1
信仰,HSK 6,TOCFL 4
信件,HSK 7,
信任,HSK 3,TOCFL 4
信封,HSK 3,TOCFL 1
信徒,TOCFL 5,
信心,HSK 2,TOCFL 3
信念,HSK 5,TOCFL 5
信息,HSK 2,TOCFL 5
信用,HSK 6,TOCFL 4
信用卡,HSK 2,TOCFL 2
信箱,HSK 5,TOCFL 3
信號,HSK 2,TOCFL 4
信譽,HSK 7,
信貸,HSK 7,
信賴,HSK 7,TOCFL 5
修,HSK 3,TOCFL 3
修女,TOCFL 5,
修建,HSK 5,TOCFL 5
修復,HSK 5,
修改,HSK 3,TOCFL 3
修正,HSK 7,TOCFL 4
修理,HSK 4,TOCFL 3
修築,TOCFL 5,
修補,HSK 7,TOCFL 5
修訂,HSK 7,TOCFL 5
修路,HSK 7,
修車,HSK 6,
修長,HSK 7,
修養,HSK 5,TOCFL 5
俯首,HSK 7,
俱全,TOCFL 5,
俱樂部,HSK 5,TOCFL 4
倆,HSK 4,TOCFL 4
倉庫,HSK 6,TOCFL 4
個,HSK 1,TOCFL 1
個人,HSK 3,TOCFL 3
個兒,HSK 5,TOCFL 3
個別,HSK 4,TOCFL 4
個子,HSK 2,TOCFL 3
個性,HSK 3,TOCFL 4
個數,TOCFL 5,
個案,HSK 7,
個頭兒,HSK 7,
個體,HSK 4,TOCFL 5
倍,HSK 4,TOCFL 4
倍數,TOCFL 5,
們,HSK 1,
倒,HSK 2,TOCFL 3
倒下,HSK 7,
倒塌,HSK 7,
倒數,HSK 7,TOCFL 5
倒是,HSK 5,TOCFL 3
倒楣,TOCFL 4,
倒計時,HSK 7,
倒賣,HSK 7,
倒車,HSK 4,
倒閉,HSK 4,
倒霉,HSK 7,
倔,HSK 7,
倔強,HSK 7,
倘若,HSK 7,TOCFL 5
候選人,HSK 7,TOCFL 5
倚,HSK 7,TOCFL 5
借,HSK 2,TOCFL 2
借助,HSK 7,
借條,HSK 7,
借用,HSK 7,
借貸,TOCFL 5,
借鑒,HSK 6,
倡導,HSK 5,TOCFL 5
倡議,HSK 7,
倫理,HSK 7,TOCFL 5
值,HSK 3,TOCFL 4
值得,HSK 3,TOCFL 3
值班,HSK 5,TOCFL 5
值錢,HSK 7,TOCFL 5
假,HSK 2,TOCFL 3
假使,HSK 7,TOCFL 5
假冒,HSK 7,
假如,HSK 4,TOCFL 3
假定,HSK 7,
假日,HSK 6,TOCFL 3
假期,HSK 2,TOCFL 5
假若,TOCFL 5,
假裝,HSK 7,TOCFL 3
假設,HSK 7,
假象,TOCFL 5,
偉大,HSK 3,TOCFL 3
偏,HSK 6,TOCFL 4
偏偏,HSK 7,TOCFL 4
偏僻,HSK 7,
偏向,HSK 7,TOCFL 4
偏差,HSK 7,TOCFL 5
偏方,HSK 7,
偏見,HSK 7,
偏遠,HSK 7,
偏食,TOCFL 4,
做,HSK 1,TOCFL 1
做事,TOCFL 3,
做人,TOCFL 3,
做到,HSK 2,
做夢,HSK 4,TOCFL 3
做客,HSK 3,TOCFL 4
做法,HSK 2,TOCFL 3
做生意,HSK 7,
做飯,HSK 2,
停,HSK 2,TOCFL 2
停下,HSK 4,
停放,HSK 7,
停業,HSK 7,
停止,HSK 3,TOCFL 4
停泊,HSK 7,
停滯,TOCFL 5,
停留,HSK 5,TOCFL 5
停車,HSK 2,
停車位,HSK 7,
停車場,HSK 2,TOCFL 2
停電,HSK 7,
停頓,HSK 7,TOCFL 5
健全,HSK 5,TOCFL 4
健壯,HSK 7,TOCFL 5
健康,HSK 2,TOCFL 1
健美,HSK 7,
健身,HSK 4,TOCFL 5
健身房,TOCFL 5,
側,HSK 6,
側重,HSK 7,
側面,HSK 7,
偵察,HSK 7,
偵探,TOCFL 4,
偶像,HSK 5,
偶然,HSK 5,TOCFL 4
偶爾,HSK 5,TOCFL 5
偶而,TOCFL 5,
偷,HSK 5,TOCFL 2
偷偷,HSK 5,TOCFL 4
偷懶,HSK 7,TOCFL 5
偷渡,TOCFL 5,
偷看,HSK 7,
偷窺,HSK 7,
偽裝,HSK 7,
偽造,HSK 7,
傍晚,HSK 6,TOCFL 4
傑出,HSK 6,
傘,HSK 4,TOCFL 3
備,TOCFL 4,
備受,HSK 7,
備用,HSK 7,
備課,HSK 7,
傢伙,TOCFL 5,
催,HSK 7,TOCFL 4
催促,HSK 7,
催眠,HSK 7,TOCFL 5
傲,HSK 7,
傲慢,HSK 7,
傳,HSK 3,TOCFL 4
傳人,HSK 7,
傳來,HSK 3,
傳出,HSK 6,
傳單,TOCFL 4,
傳奇,HSK 7,TOCFL 5
傳媒,HSK 6,
傳承,HSK 7,
傳授,HSK 7,TOCFL 5
傳播,HSK 3,TOCFL 4
傳染,HSK 7,TOCFL 4
傳染病,HSK 7,
傳真,HSK 5,TOCFL 2
傳神,TOCFL 5,
傳統,HSK 4,TOCFL 3
傳聞,HSK 7,
傳言,HSK 6,
傳記,HSK 7,
傳說,HSK 3,TOCFL 4
傳輸,HSK 6,
傳送,TOCFL 4,
傳達,HSK 5,TOCFL 4
傳遞,HSK 5,TOCFL 5
債,HSK 6,
債務,HSK 7,
傷,HSK 3,TOCFL 4
傷亡,HSK 6,TOCFL 5
傷勢,HSK 7,
傷口,HSK 6,TOCFL 5
傷員,HSK 6,
傷害,HSK 4,TOCFL 3
傷心,HSK 3,TOCFL 2
傷感,HSK 7,
傷殘,HSK 7,
傷痕,HSK 7,
傷腦筋,HSK 7,TOCFL 4
傻,HSK 5,TOCFL 4
傻瓜,HSK 7,TOCFL 5
傾向,HSK 6,TOCFL 4
傾家蕩產,HSK 7,
傾斜,HSK 7,
傾聽,HSK 7,
傾訴,HSK 7,
傾銷,HSK 7,
僅,HSK 3,TOCFL 3
僅僅,HSK 3,TOCFL 4
僅次於,HSK 7,
像,HSK 2,TOCFL 2
像樣,HSK 7,
僧人,HSK 7,
僱,TOCFL 5,
僱用,TOCFL 5,
僵,HSK 7,
僵化,HSK 7,
僵局,HSK 7,
價,HSK 5,
價位,HSK 7,
價值,HSK 3,TOCFL 3
價值觀,HSK 7,
價格,HSK 3,TOCFL 2
價錢,HSK 3,TOCFL 2
僻靜,HSK 7,
儀器,HSK 6,TOCFL 4
儀式,HSK 6,TOCFL 4
儀表,HSK 7,TOCFL 5
億,HSK 2,TOCFL 4
儒學,HSK 7,
儒家,HSK 7,TOCFL 5
儘,HSK 6,
儘可能,HSK 5,
儘快,HSK 4,
儘管,HSK 5,TOCFL 3
儘量,TOCFL 4,
償還,HSK 7,
優,HSK 7,
優先,HSK 5,TOCFL 5
優勢,HSK 3,TOCFL 5
優化,HSK 7,
優待,TOCFL 5,
優惠,HSK 5,TOCFL 4
優異,HSK 7,TOCFL 5
優秀,HSK 4,TOCFL 3
優美,HSK 4,TOCFL 4
優良,HSK 4,TOCFL 4
優質,HSK 6,
優越,HSK 7,TOCFL 4
優雅,HSK 7,
優點,HSK 3,TOCFL 3
儲備,HSK 7,TOCFL 5
儲存,HSK 6,TOCFL 4
儲蓄,HSK 7,TOCFL 4
允許,HSK 6,TOCFL 4
元,HSK 1,TOCFL 1
元宵節,HSK 7,
元旦,HSK 5,TOCFL 4
元氣,TOCFL 5,
元素,HSK 6,TOCFL 5
元老,HSK 7,
元首,HSK 7,TOCFL 5
兄弟,HSK 4,TOCFL 3
充,HSK 7,
充分,HSK 4,TOCFL 4
充實,HSK 7,TOCFL 3
充斥,TOCFL 5,
充沛,HSK 7,
充滿,HSK 3,TOCFL 4
充當,HSK 7,
充裕,TOCFL 5,
充足,HSK 5,TOCFL 4
充電,HSK 4,
充電器,HSK 4,
兆頭,HSK 7,
兇,TOCFL 3,
先,HSK 1,TOCFL 1
先例,HSK 7,
先前,HSK 5,
先天,HSK 7,TOCFL 5
先後,HSK 5,TOCFL 5
先生,HSK 1,TOCFL 1
先進,HSK 3,TOCFL 4
先鋒,HSK 6,
先驅,TOCFL 5,
光,HSK 3,TOCFL 2
光亮,TOCFL 4,
光彩,HSK 7,
光明,HSK 3,TOCFL 4
光明磊落,HSK 7,
光是,TOCFL 4,
光榮,HSK 5,TOCFL 4
光滑,HSK 7,TOCFL 5
光澤,HSK 7,
光環,HSK 7,
光盤,HSK 4,
光碟,HSK 7,
光線,HSK 5,TOCFL 4
光纜,HSK 7,
光臨,HSK 4,TOCFL 4
光芒,HSK 7,TOCFL 5
光輝,HSK 6,TOCFL 5
光顧,HSK 7,TOCFL 5
克,HSK 2,TOCFL 3
克制,HSK 7,TOCFL 5
克服,HSK 3,TOCFL 3
克隆,HSK 7,
兌換,HSK 7,
兌現,HSK 7,TOCFL 5
免,HSK 7,
免不了,HSK 7,
免得,HSK 6,TOCFL 4
免疫,HSK 7,TOCFL 5
免稅,TOCFL 5,
免職,HSK 7,
免費,HSK 4,TOCFL 3
免除,HSK 7,
兒女,HSK 5,TOCFL 5
兒子,HSK 1,TOCFL 1
兒科,HSK 6,
兒童,HSK 4,TOCFL 3
兔,HSK 5,
兔子,TOCFL 3,
兜,HSK 7,
兜兒,HSK 7,
兜售,HSK 7,
兢兢業業,HSK 7,
入,HSK 6,TOCFL 4
入世,TOCFL 5,
入侵,HSK 7,
入口,HSK 2,TOCFL 4
入場,HSK 7,
入場券,HSK 7,
入境,HSK 7,TOCFL 4
入學,HSK 6,TOCFL 4
入手,HSK 7,
入超,TOCFL 5,
入選,HSK 7,
入門,HSK 5,
內,HSK 3,TOCFL 3
內向,HSK 7,
內在,HSK 5,TOCFL 5
內地,HSK 6,TOCFL 4
內外,HSK 6,
內存,HSK 7,
內容,HSK 3,TOCFL 3
內幕,HSK 7,
內心,HSK 3,
內戰,TOCFL 5,
內政,TOCFL 5,
內涵,HSK 7,TOCFL 5
內科,HSK 4,TOCFL 4
內行,HSK 7,TOCFL 4
內衣,HSK 6,TOCFL 2
內部,HSK 4,TOCFL 4
內銷,TOCFL 5,
內閣,HSK 7,TOCFL 5
內需,HSK 7,
全,HSK 2,TOCFL 3
全世界,HSK 5,
全力,HSK 6,TOCFL 5
全力以赴,HSK 7,
全國,HSK 2,
全場,HSK 3,
全家,HSK 2,TOCFL 4
全局,HSK 7,
全年,HSK 2,
全心全意,HSK 7,
全文,HSK 7,
全新,HSK 6,
全方位,HSK 7,
全球,HSK 3,TOCFL 3
全盤,TOCFL 5,
全程,HSK 7,
全能,HSK 7,
全身,HSK 2,TOCFL 3
全部,HSK 2,TOCFL 2
全都,HSK 5,
全長,HSK 7,
全面,HSK 3,TOCFL 4
全體,HSK 2,TOCFL 4
兩,HSK 1,TOCFL 1
兩側,HSK 6,
兩口子,HSK 7,TOCFL 5
兩岸,HSK 5,
兩手,HSK 6,
兩棲,HSK 7,
兩極,TOCFL 5,
兩邊,HSK 4,
八,HSK 1,TOCFL 1
八卦,HSK 7,TOCFL 5
八字,TOCFL 5,
公,HSK 6,
公主,HSK 6,
公事,HSK 7,TOCFL 5
公交車,HSK 2,
公債,TOCFL 5,
公僕,HSK 7,
公元,HSK 4,TOCFL 4
公克,TOCFL 3,
公公,TOCFL 4,
公共,HSK 3,TOCFL 3
公共場所,HSK 7,
公共汽車,HSK 2,TOCFL 1
公函,HSK 7,
公分,TOCFL 3,
公務,HSK 7,TOCFL 5
公務員,HSK 3,TOCFL 5
公司,HSK 2,TOCFL 1
公告,HSK 5,
公園,HSK 2,TOCFL 1
公墓,HSK 7,
公安,HSK 6,TOCFL 5
公安局,HSK 7,
公寓,HSK 7,TOCFL 2
公尺,TOCFL 3,
公布,HSK 3,TOCFL 4
公平,HSK 2,TOCFL 4
公式,HSK 5,TOCFL 4
公文,TOCFL 5,
公斤,HSK 2,TOCFL 1
公會,TOCFL 5,
公款,HSK 7,
公正,HSK 5,
公民,HSK 3,TOCFL 5
公然,HSK 7,
公用,HSK 7,TOCFL 4
公益,HSK 7,TOCFL 5
公益性,HSK 7,
公眾,HSK 6,
公示,HSK 7,
公積金,HSK 7,
公立,HSK 7,TOCFL 4
公約,HSK 7,
公職,HSK 7,
公認,HSK 5,TOCFL 5
公證,HSK 7,
公費,HSK 7,TOCFL 5
公路,HSK 2,TOCFL 3
公車,HSK 7,TOCFL 1
公道,HSK 7,
公里,HSK 2,TOCFL 2
公開,HSK 3,TOCFL 4
公開信,HSK 7,
公關,HSK 7,
公雞,HSK 6,
公頃,HSK 7,
六,HSK 1,TOCFL 1
共,HSK 4,TOCFL 3
共享,HSK 5,
共同,HSK 3,TOCFL 3
共同體,HSK 7,
共和國,TOCFL 5,
共性,HSK 7,
共有,HSK 3,
共產,TOCFL 5,
共計,HSK 5,
共識,HSK 7,
共鳴,HSK 7,TOCFL 5
兵,HSK 4,TOCFL 5
其,HSK 5,TOCFL 4
其中,HSK 2,TOCFL 3
其他,HSK 2,TOCFL 2
其實,HSK 3,TOCFL 3
其後,HSK 7,
其次,HSK 3,TOCFL 3
其間,HSK 7,
其餘,HSK 4,TOCFL 4
具,TOCFL 4,
具備,HSK 4,TOCFL 4
具有,HSK 3,TOCFL 3
具體,HSK 3,TOCFL 4
典型,HSK 4,TOCFL 4
典禮,HSK 5,TOCFL 4
典範,HSK 7,
典雅,TOCFL 5,
兼,HSK 7,TOCFL 4
兼任,HSK 7,
兼容,HSK 7,
兼職,HSK 7,TOCFL 5
兼顧,HSK 7,
冊,HSK 5,TOCFL 4
再,HSK 1,TOCFL 1
再三,HSK 4,TOCFL 5
再也,HSK 5,
再度,HSK 7,TOCFL 4
再次,HSK 5,
再現,HSK 7,
再生,HSK 6,TOCFL 5
再見,HSK 1,TOCFL 1
再說,HSK 6,TOCFL 4
冒,HSK 5,TOCFL 4
冒充,HSK 7,
冒昧,HSK 7,
冒犯,HSK 7,
冒險,HSK 7,TOCFL 5
最,HSK 1,TOCFL 2
最佳,HSK 6,TOCFL 3
最初,HSK 4,TOCFL 3
最多,TOCFL 3,
最好,HSK 1,TOCFL 3
最少,TOCFL 4,
最後,HSK 1,TOCFL 2
最終,HSK 6,
最近,HSK 2,TOCFL 2
冗長,HSK 7,
冠軍,HSK 5,TOCFL 4
冤,HSK 7,
冤枉,HSK 7,TOCFL 4
冥想,TOCFL 5,
冬,TOCFL 2,
冬天,HSK 2,TOCFL 1
冬季,HSK 4,TOCFL 4
冰,HSK 4,TOCFL 3
冰塊,TOCFL 3,
冰塊兒,TOCFL 3,
冰山,HSK 7,
冰棍兒,HSK 7,
冰淇淋,TOCFL 2,
冰箱,HSK 4,TOCFL 2
冰雪,HSK 4,
冷,HSK 1,TOCFL 1
冷凍,HSK 7,TOCFL 5
冷戰,HSK 7,
冷氣,HSK 6,TOCFL 1
冷氣機,TOCFL 1,
冷水,HSK 6,
冷汗,TOCFL 5,
冷淡,HSK 7,TOCFL 3
冷清,TOCFL 5,
冷漠,HSK 7,
冷笑,HSK 7,
冷落,HSK 7,
冷酷,HSK 7,
冷酷無情,HSK 7,
冷門,HSK 7,TOCFL 5
冷靜,HSK 4,TOCFL 4
冷飲,TOCFL 4,
凄涼,HSK 7,
准,TOCFL 4,
准考證,TOCFL 4,
准許,TOCFL 5,
凋零,TOCFL 5,
凌晨,HSK 7,TOCFL 4
凍,HSK 5,TOCFL 4
凍結,HSK 7,TOCFL 5
凝固,HSK 7,TOCFL 5
凝視,TOCFL 5,
凝結,TOCFL 5,
凝聚,HSK 7,TOCFL 5
凡,HSK 7,TOCFL 5
凡是,HSK 6,TOCFL 5
凱歌,HSK 7,
凳子,HSK 7,TOCFL 4
凶,HSK 6,
凶惡,HSK 7,
凶手,HSK 6,
凶殘,HSK 7,
凶狠,HSK 7,
凶猛,HSK 7,
凸,HSK 7,
凸顯,HSK 7,
凹,HSK 7,
出,TOCFL 2,
出主意,HSK 7,
出事,HSK 6,TOCFL 4
出人意料,HSK 7,
出任,HSK 7,
出來,HSK 1,TOCFL 2
出入,HSK 6,
出具,HSK 7,
出力,TOCFL 5,
出動,HSK 6,
出去,HSK 1,TOCFL 1
出口,HSK 2,TOCFL 2
出口成章,HSK 7,
出名,HSK 6,TOCFL 5
出品,TOCFL 5,
出售,HSK 4,TOCFL 4
出國,HSK 2,
出土,HSK 7,TOCFL 5
出場,HSK 6,
出境,HSK 7,TOCFL 4
出局,HSK 7,TOCFL 5
出山,HSK 7,
出差,HSK 5,TOCFL 3
出席,HSK 4,TOCFL 4
出廠,HSK 7,
出息,HSK 7,TOCFL 5
出手,HSK 7,TOCFL 5
出於,HSK 5,
出毛病,HSK 7,
出汗,HSK 5,
出洋相,HSK 7,
出演,HSK 7,
出版,HSK 5,TOCFL 3
出版社,HSK 7,
出現,HSK 2,TOCFL 2
出生,HSK 2,TOCFL 2
出產,TOCFL 4,
出發,HSK 2,TOCFL 2
出發點,HSK 7,TOCFL 5
出眾,HSK 7,
出示,HSK 7,TOCFL 5
出租,HSK 2,TOCFL 3
出租車,HSK 2,
出自,HSK 7,
出臺,HSK 6,
出色,HSK 4,TOCFL 4
出血,HSK 7,TOCFL 5
出行,HSK 6,
出訪,HSK 6,
出資,HSK 7,
出賣,HSK 7,TOCFL 5
出走,HSK 7,
出超,TOCFL 5,
出路,HSK 6,TOCFL 5
出身,HSK 7,TOCFL 4
出遊,HSK 7,
出道,HSK 7,
出醜,HSK 7,
出錯,TOCFL 5,
出門,HSK 2,TOCFL 3
出院,HSK 2,TOCFL 4
出難題,HSK 7,
出面,HSK 6,TOCFL 5
出頭,HSK 7,TOCFL 5
出風頭,HSK 7,
出馬,TOCFL 5,
函授,HSK 7,
刀,HSK 3,TOCFL 2
刀子,TOCFL 2,
刁難,HSK 7,
分,HSK 1,TOCFL 1
分之,HSK 4,
分享,HSK 5,TOCFL 5
分別,HSK 3,TOCFL 4
分割,HSK 7,TOCFL 5
分化,HSK 7,TOCFL 5
分外,HSK 7,
分子,TOCFL 5,
分家,TOCFL 5,
分寸,HSK 7,TOCFL 5
分工,HSK 6,TOCFL 4
分布,HSK 4,TOCFL 4
分成,HSK 5,
分手,HSK 4,TOCFL 4
分擔,HSK 7,TOCFL 5
分支,HSK 7,
分散,HSK 4,TOCFL 4
分數,HSK 2,TOCFL 4
分明,HSK 7,TOCFL 4
分析,HSK 5,TOCFL 4
分歧,HSK 7,
分泌,HSK 7,TOCFL 5
分為,HSK 4,
分發,TOCFL 5,
分紅,HSK 7,
分級,TOCFL 5,
分組,HSK 3,
分裂,HSK 6,TOCFL 5
分解,HSK 5,TOCFL 5
分貝,TOCFL 5,
分贓,HSK 7,
分辨,HSK 7,TOCFL 5
分配,HSK 3,TOCFL 4
分量,HSK 7,TOCFL 5
分鐘,HSK 2,TOCFL 1
分開,HSK 2,TOCFL 3
分離,HSK 5,TOCFL 5
分類,HSK 5,
切,HSK 4,TOCFL 4
切割,HSK 7,
切實,HSK 6,TOCFL 5
切斷,HSK 7,
切磋,TOCFL 5,
切身,HSK 7,
切除,HSK 7,
刊物,HSK 7,TOCFL 5
刊登,HSK 7,TOCFL 5
刑事,TOCFL 5,
刑法,HSK 7,
划,TOCFL 4,
划不來,TOCFL 5,
划得來,TOCFL 5,
划算,HSK 7,
划船,HSK 3,
列,HSK 4,TOCFL 4
列入,HSK 4,TOCFL 5
列國,TOCFL 5,
列為,HSK 4,
列舉,HSK 7,
列車,HSK 4,TOCFL 5
初,HSK 3,TOCFL 3
初中,HSK 3,
初期,HSK 5,TOCFL 5
初次,HSK 7,
初步,HSK 3,TOCFL 4
初等,HSK 6,
初級,HSK 3,TOCFL 4
初衷,HSK 7,
判,HSK 6,TOCFL 5
判定,HSK 7,
判斷,HSK 3,TOCFL 4
判決,HSK 7,
判處,HSK 7,
別,HSK 1,TOCFL 2
別人,HSK 1,TOCFL 2
別具匠心,HSK 7,
別墅,HSK 7,TOCFL 5
別扭,HSK 7,
別提了,HSK 7,
別的,HSK 1,TOCFL 3
別看,HSK 7,
別致,HSK 7,
別說,HSK 7,
刨,HSK 7,
利,HSK 6,TOCFL 4
利害,HSK 7,
利弊,TOCFL 5,
利息,HSK 4,TOCFL 4
利潤,HSK 5,TOCFL 4
利率,HSK 7,TOCFL 5
利用,HSK 3,TOCFL 3
利益,HSK 4,TOCFL 3
利索,HSK 7,
刪,HSK 7,
刪除,HSK 7,
刮,HSK 6,TOCFL 3
到,HSK 1,TOCFL 1
到位,HSK 7,
到來,HSK 5,
到底,HSK 3,TOCFL 3
到期,HSK 6,TOCFL 5
到處,HSK 2,TOCFL 3
到達,HSK 3,TOCFL 4
到頭來,HSK 7,TOCFL 5
制定,HSK 3,TOCFL 4
制度,HSK 3,TOCFL 3
制服,HSK 7,
制止,HSK 7,TOCFL 4
制約,HSK 5,
制裁,HSK 7,TOCFL 5
制訂,HSK 4,TOCFL 5
刷,HSK 4,TOCFL 4
刷卡,TOCFL 4,
刷子,HSK 4,TOCFL 4
刷新,HSK 7,
刷牙,HSK 4,TOCFL 3
券,HSK 6,
刺,HSK 4,TOCFL 4
刺殺,TOCFL 5,
刺激,HSK 4,TOCFL 3
刺繡,HSK 7,
刺耳,HSK 7,
刺骨,HSK 7,
刻,HSK 2,TOCFL 3
刻劃,TOCFL 5,
刻意,HSK 7,TOCFL 5
刻畫,TOCFL 5,
刻舟求劍,HSK 7,
刻苦,HSK 7,TOCFL 5
刻薄,TOCFL 5,
剃,HSK 7,
則,HSK 7,TOCFL 4
削,HSK 7,
削弱,HSK 7,TOCFL 5
削減,TOCFL 4,
前,HSK 1,TOCFL 1
前不久,HSK 7,
前仰後合,HSK 7,
前任,HSK 7,
前來,HSK 6,
前夕,HSK 7,
前天,HSK 1,TOCFL 2
前年,HSK 2,TOCFL 3
前往,HSK 3,TOCFL 4
前後,HSK 3,TOCFL 5
前所未有,HSK 7,
前提,HSK 5,TOCFL 5
前方,HSK 6,TOCFL 4
前景,HSK 5,TOCFL 5
前期,HSK 7,
前沿,HSK 7,
前無古人,HSK 7,
前科,TOCFL 5,
前程,TOCFL 5,
前線,HSK 7,
前者,HSK 7,
前臺,HSK 7,
前赴後繼,HSK 7,
前輩,HSK 7,TOCFL 5
前途,HSK 4,TOCFL 4
前進,HSK 3,TOCFL 4
前邊,HSK 1,
前院,TOCFL 4,
前面,HSK 3,TOCFL 1
前頭,HSK 4,TOCFL 4
剎車,HSK 7,TOCFL 5
剔除,HSK 7,TOCFL 5
剛,HSK 2,TOCFL 3
剛剛,HSK 2,TOCFL 2
剛好,HSK 6,TOCFL 4
剛強,TOCFL 5,
剛才,TOCFL 2,
剛毅,HSK 7,
剛纔,HSK 2,
剝,HSK 7,TOCFL 5
剝削,HSK 7,TOCFL 5
剝奪,HSK 7,
剪,HSK 5,TOCFL 2
剪刀,HSK 5,TOCFL 4
剪子,HSK 5,
副,HSK 6,TOCFL 4
副作用,HSK 7,
剩,HSK 5,TOCFL 3
剩下,HSK 5,TOCFL 3
剩餘,HSK 7,
割,HSK 7,TOCFL 4
創,HSK 7,TOCFL 5
創作,HSK 3,TOCFL 4
創傷,HSK 7,TOCFL 5
創始人,HSK 7,
創建,HSK 6,
創意,HSK 6,
創新,HSK 3,TOCFL 5
創業,HSK 3,TOCFL 5
創立,HSK 5,TOCFL 5
創辦,HSK 6,TOCFL 5
創造,HSK 3,TOCFL 3
劃,HSK 4,
劃分,HSK 5,
劃時代,HSK 7,TOCFL 5
劇,HSK 6,
劇團,HSK 7,
劇場,HSK 3,TOCFL 4
劇情,HSK 7,TOCFL 3
劇本,HSK 5,TOCFL 3
劇烈,HSK 7,TOCFL 4
劇目,HSK 7,
劇組,HSK 7,
劇院,HSK 7,TOCFL 4
劈,HSK 7,
劍,HSK 6,
劑,HSK 7,
劑量,TOCFL 5,
力,HSK 3,TOCFL 3
力不從心,HSK 7,
力學,TOCFL 5,
力度,HSK 7,
力所能及,HSK 7,
力氣,HSK 4,TOCFL 4
力求,HSK 7,TOCFL 5
力爭,HSK 7,
力行,TOCFL 5,
力量,HSK 3,TOCFL 3
功,HSK 7,
功利,TOCFL 5,
功力,HSK 7,
功勞,HSK 7,TOCFL 5
功夫,HSK 3,TOCFL 3
功底,HSK 7,
功效,HSK 7,
功率,HSK 7,
功能,HSK 3,TOCFL 3
功臣,HSK 7,
功課,HSK 3,TOCFL 1
加,HSK 2,TOCFL 3
加上,HSK 5,TOCFL 3
加以,HSK 5,TOCFL 4
加入,HSK 4,TOCFL 3
加劇,HSK 7,
加工,HSK 3,TOCFL 4
加強,HSK 3,TOCFL 3
加快,HSK 3,TOCFL 5
加油,HSK 2,TOCFL 3
加油站,HSK 4,
加深,HSK 7,
加熱,HSK 5,
加班,HSK 4,TOCFL 4
加盟,HSK 6,
加緊,HSK 7,TOCFL 5
加薪,TOCFL 5,
加速,HSK 5,TOCFL 4
加重,HSK 7,TOCFL 5
劣勢,HSK 7,
劣質,HSK 7,
助,TOCFL 3,
助威,HSK 7,
助手,HSK 5,TOCFL 5
助教,TOCFL 5,
助理,HSK 5,TOCFL 3
努力,HSK 2,TOCFL 2
劫,HSK 7,
劫持,HSK 7,
勁,TOCFL 5,
勁兒,TOCFL 5,
勁頭,HSK 7,
勇往直前,HSK 7,
勇敢,HSK 4,TOCFL 2
勇於,HSK 7,
勇氣,HSK 4,TOCFL 4
勉強,HSK 7,TOCFL 4
勒,HSK 7,
勒索,TOCFL 5,
動,HSK 1,TOCFL 2
動不動,HSK 7,TOCFL 4
動亂,TOCFL 5,
動人,HSK 3,TOCFL 4
動作,HSK 1,TOCFL 4
動力,HSK 3,TOCFL 5
動向,HSK 7,TOCFL 5
動員,HSK 5,TOCFL 5
動工,HSK 7,
動彈,HSK 7,
動感,HSK 7,
動態,HSK 5,TOCFL 5
動手,HSK 5,TOCFL 4
動搖,HSK 4,
動機,HSK 5,TOCFL 5
動物,HSK 2,TOCFL 2
動物園,HSK 2,TOCFL 2
動產,TOCFL 5,
動用,HSK 7,
動畫,HSK 6,
動畫片,HSK 4,
動聽,HSK 7,
動脈,HSK 7,TOCFL 5
動蕩,HSK 7,
動詞,TOCFL 4,
動身,HSK 7,TOCFL 4
動靜,HSK 7,TOCFL 5
勘探,HSK 7,
務實,HSK 7,TOCFL 5
務必,HSK 7,
勛章,HSK 7,
勝,HSK 3,TOCFL 4
勝任,HSK 7,
勝出,HSK 7,
勝利,HSK 3,TOCFL 4
勝地,TOCFL 5,
勝負,HSK 5,
勞力,TOCFL 4,
勞動,HSK 5,TOCFL 4
勞動力,HSK 7,
勞務,HSK 7,
勞工,TOCFL 4,
勞改,TOCFL 5,
勞累,HSK 7,TOCFL 5
募捐,HSK 7,
募集,TOCFL 5,
勢不可當,HSK 7,
勢力,HSK 5,TOCFL 4
勢必,HSK 7,TOCFL 5
勢頭,HSK 7,
勤勞,HSK 7,TOCFL 4
勤奮,HSK 5,TOCFL 5
勤工儉學,HSK 7,
勤快,HSK 7,
勵志,HSK 7,
勸,HSK 5,TOCFL 4
勸告,HSK 7,TOCFL 5
勸導,TOCFL 5,
勸說,HSK 7,
勸阻,HSK 7,
勺,HSK 6,
勾,HSK 7,
勾畫,HSK 7,
勾結,HSK 7,TOCFL 5
勿,HSK 7,TOCFL 4
包,HSK 1,TOCFL 2
包含,HSK 4,TOCFL 3
包圍,HSK 5,TOCFL 5
包子,HSK 1,TOCFL 1
包容,HSK 7,
包扎,HSK 7,
包括,HSK 4,TOCFL 4
包袱,HSK 7,TOCFL 5
包裝,HSK 5,TOCFL 4
包裹,HSK 4,TOCFL 4
匆匆,HSK 7,
匆忙,HSK 7,TOCFL 5
化,HSK 3,TOCFL 4
化妝,HSK 7,TOCFL 4
化妝品,TOCFL 3,
化學,TOCFL 4,
化工,TOCFL 5,
化石,HSK 5,TOCFL 5
化纖,HSK 7,
化肥,HSK 7,
化裝,TOCFL 4,
化解,HSK 6,
化身,HSK 7,
化險為夷,HSK 7,
化驗,HSK 7,
北,HSK 1,TOCFL 2
北京,HSK 1,
北方,HSK 2,TOCFL 3
北極,HSK 5,
北邊,HSK 1,TOCFL 2
北部,HSK 3,TOCFL 2
匯,HSK 4,TOCFL 5
匯合,HSK 7,
匯款,HSK 5,TOCFL 4
匯率,HSK 4,
匯票,TOCFL 5,
匹,HSK 5,TOCFL 4
匹配,HSK 7,
匾額,TOCFL 5,
匿名,HSK 7,
區,HSK 3,
區分,HSK 6,
區別,HSK 3,TOCFL 4
區域,HSK 5,TOCFL 4
十,HSK 1,TOCFL 1
十分,HSK 2,TOCFL 3
十字路口,HSK 7,TOCFL 1
十足,HSK 5,TOCFL 5
千,HSK 2,TOCFL 1
千克,HSK 2,
千家萬戶,HSK 7,
千方百計,HSK 7,
千萬,HSK 3,TOCFL 4
千變萬化,HSK 7,
千軍萬馬,HSK 7,
千鈞一髮,HSK 7,
升,HSK 3,TOCFL 3
升值,HSK 6,TOCFL 5
升學,HSK 6,TOCFL 4
升溫,HSK 7,
升級,HSK 6,TOCFL 4
升遷,TOCFL 5,
升高,TOCFL 4,
午睡,HSK 2,
午飯,HSK 1,
午餐,HSK 2,
半,HSK 1,TOCFL 1
半信半疑,HSK 7,
半場,HSK 7,
半夜,HSK 2,TOCFL 3
半天,HSK 1,TOCFL 3
半導體,TOCFL 5,
半島,HSK 7,TOCFL 5
半年,HSK 1,
半數,HSK 7,TOCFL 4
半決賽,HSK 6,
半真半假,HSK 7,
半路,HSK 7,TOCFL 4
半途而廢,HSK 7,
半邊天,HSK 7,
卑鄙,HSK 7,
卓越,HSK 7,TOCFL 5
協作,HSK 7,
協助,HSK 6,TOCFL 3
協同,HSK 7,
協商,HSK 6,TOCFL 5
協定,HSK 7,TOCFL 5
協會,HSK 6,TOCFL 5
協調,HSK 6,TOCFL 5
協議,HSK 5,TOCFL 5
協議書,HSK 5,
協辦,TOCFL 5,
南,HSK 1,TOCFL 2
南北,HSK 5,
南方,HSK 2,TOCFL 3
南極,HSK 5,
南極洲,TOCFL 5,
南瓜,HSK 7,
南邊,HSK 1,TOCFL 2
南部,HSK 3,TOCFL 2
博士,HSK 5,TOCFL 3
博客,HSK 5,
博物館,HSK 5,TOCFL 2
博覽會,HSK 5,
占,HSK 2,TOCFL 4
占卜,HSK 7,
占據,HSK 6,
占有,HSK 5,TOCFL 4
占用,HSK 7,
占領,HSK 5,
卡,HSK 2,TOCFL 4
卡子,HSK 7,
卡片,HSK 7,TOCFL 2
卡車,HSK 7,TOCFL 3
卡通,HSK 7,TOCFL 4
印,HSK 6,TOCFL 4
印刷,HSK 5,TOCFL 4
印刷術,HSK 7,
印證,HSK 7,TOCFL 5
印象,HSK 3,TOCFL 4
印章,HSK 7,TOCFL 4
危及,HSK 7,
危害,HSK 3,TOCFL 5
危急,HSK 7,
危機,HSK 6,TOCFL 4
危險,HSK 3,TOCFL 2
即,HSK 7,TOCFL 5
即使,HSK 5,TOCFL 4
即便,HSK 7,
即可,HSK 7,
即將,HSK 4,TOCFL 4
即日,TOCFL 5,
即時,TOCFL 5,
卵,HSK 7,TOCFL 5
卷子,HSK 7,
卸,HSK 7,
卻,HSK 4,TOCFL 3
卻是,HSK 6,
厄運,HSK 7,
厚,HSK 4,TOCFL 3
厚度,HSK 7,
厚道,HSK 7,
原,HSK 6,TOCFL 5
原住民,TOCFL 5,
原來,HSK 2,TOCFL 2
原先,HSK 5,TOCFL 4
原則,HSK 4,TOCFL 4
原則上,TOCFL 4,
原創,HSK 7,
原告,HSK 6,
原因,HSK 2,TOCFL 3
原地,HSK 7,
原型,HSK 7,
原始,HSK 5,TOCFL 4
原子,TOCFL 5,
原子彈,TOCFL 5,
原子筆,TOCFL 4,
原形,TOCFL 5,
原料,HSK 4,TOCFL 4
原有,HSK 5,
原本,HSK 7,TOCFL 5
原材料,HSK 7,
原汁原味,HSK 7,
原狀,TOCFL 5,
原理,HSK 5,TOCFL 4
原裝,HSK 7,
原諒,HSK 6,TOCFL 3
原野,TOCFL 5,
厭倦,HSK 7,
厭惡,TOCFL 4,
厭煩,HSK 7,
厰,HSK 3,
厲害,HSK 5,TOCFL 3
去,HSK 1,TOCFL 1
去世,HSK 3,TOCFL 3
去向,HSK 7,
去年,HSK 1,TOCFL 1
去掉,HSK 6,
去處,HSK 7,
去除,HSK 7,
參加,HSK 2,TOCFL 1
參展,HSK 6,
參照,HSK 7,
參考,HSK 4,TOCFL 3
參與,HSK 4,TOCFL 4
參見,HSK 7,
參觀,HSK 2,TOCFL 1
參謀,HSK 7,TOCFL 5
參賽,HSK 6,
參軍,HSK 7,
又,HSK 2,TOCFL 2
叉,HSK 5,TOCFL 2
叉子,HSK 5,TOCFL 2
及,HSK 7,TOCFL 3
及其,HSK 7,
及早,HSK 7,TOCFL 5
及時,HSK 3,TOCFL 4
及格,HSK 4,TOCFL 4
友人,HSK 7,
友善,HSK 7,
友好,HSK 2,TOCFL 4
友情,HSK 7,
友愛,TOCFL 5,
友誼,HSK 5,TOCFL 3
反,HSK 4,TOCFL 4
反之,TOCFL 5,
反倒,HSK 7,
反問,HSK 6,TOCFL 4
反射,TOCFL 5,
反對,HSK 3,TOCFL 4
反差,HSK 7,
反常,HSK 7,
反彈,HSK 7,
反復,HSK 3,
反思,HSK 7,
反感,HSK 7,
反應,HSK 3,TOCFL 3
反抗,HSK 6,TOCFL 4
反擊,HSK 7,TOCFL 5
反映,HSK 4,TOCFL 4
反正,HSK 3,TOCFL 4
反省,HSK 7,TOCFL 5
反而,HSK 4,TOCFL 3
反覆,TOCFL 4,
反過來,HSK 7,
反面,HSK 7,TOCFL 4
反響,HSK 6,
反饋,HSK 7,
反駁,HSK 7,
叔叔,HSK 4,TOCFL 3
取,HSK 2,TOCFL 4
取代,HSK 7,TOCFL 3
取勝,HSK 7,
取得,HSK 2,TOCFL 4
取悅,TOCFL 5,
取暖,HSK 7,
取材,TOCFL 5,
取樣,TOCFL 5,
取款,HSK 6,
取款機,HSK 6,
取決於,HSK 7,
取消,HSK 3,TOCFL 4
取笑,HSK 7,TOCFL 4
取經,HSK 7,
取締,HSK 7,TOCFL 5
取而代之,HSK 7,
受,HSK 3,TOCFL 4
受不了,HSK 4,TOCFL 4
受傷,HSK 3,TOCFL 1
受到,HSK 2,TOCFL 4
受害,HSK 7,TOCFL 5
受害人,HSK 7,
受得了,TOCFL 3,
受災,HSK 5,
受理,HSK 7,
受益,HSK 7,
受苦,HSK 7,
受訓,TOCFL 5,
受賄,HSK 7,
受過,HSK 7,
受騙,HSK 7,
受驚,HSK 7,
叛逆,HSK 7,
叢林,HSK 7,
口,HSK 1,TOCFL 2
口令,HSK 7,
口吃,HSK 7,
口吻,TOCFL 5,
口味,HSK 7,TOCFL 3
口哨,HSK 7,
口子,HSK 7,
口徑,HSK 7,
口感,HSK 7,
口才,HSK 7,TOCFL 4
口氣,HSK 7,TOCFL 4
口水,HSK 7,TOCFL 4
口碑,HSK 7,
口紅,TOCFL 4,
口罩,HSK 7,
口腔,HSK 7,
口號,HSK 5,TOCFL 4
口袋,HSK 4,TOCFL 3
口試,HSK 6,TOCFL 4
口語,HSK 4,TOCFL 4
口音,HSK 7,TOCFL 4
口頭,HSK 7,TOCFL 5
口香糖,HSK 7,
古,HSK 3,TOCFL 3
古人,HSK 7,
古今中外,HSK 7,
古代,HSK 3,TOCFL 3
古典,HSK 6,TOCFL 4
古怪,HSK 7,TOCFL 5
古樸,HSK 7,
古物,TOCFL 5,
古籍,TOCFL 5,
古老,HSK 5,TOCFL 3
古董,HSK 7,
古跡,HSK 7,TOCFL 5
古蹟,TOCFL 3,
句,HSK 2,TOCFL 3
句子,HSK 2,TOCFL 1
另,HSK 6,TOCFL 4
另一方面,HSK 3,
另外,HSK 3,TOCFL 4
只,HSK 2,TOCFL 1
只不過,HSK 5,
只好,HSK 3,TOCFL 2
只得,HSK 6,TOCFL 5
只是,HSK 3,TOCFL 3
只有,HSK 3,TOCFL 3
只管,HSK 6,
只能,HSK 2,
只要,HSK 2,TOCFL 3
只見,HSK 5,
只顧,HSK 6,
叫,HSK 1,TOCFL 1
叫作,HSK 2,
叫喊,TOCFL 4,
叫好,HSK 7,TOCFL 5
叫板,HSK 7,
召開,HSK 4,TOCFL 4
召集,HSK 7,TOCFL 5
叮囑,HSK 7,
可,HSK 5,TOCFL 3
可不是,HSK 7,
可乘之機,HSK 7,
可以,HSK 2,TOCFL 1
可信,HSK 7,
可口,HSK 7,
可喜,TOCFL 4,
可怕,HSK 2,TOCFL 2
可恥,HSK 7,
可悲,HSK 7,
可惜,HSK 5,TOCFL 3
可惡,HSK 7,TOCFL 3
可想而知,HSK 7,
可愛,HSK 2,TOCFL 1
可憐,HSK 5,TOCFL 2
可是,HSK 2,TOCFL 1
可望,TOCFL 5,
可樂,HSK 3,TOCFL 3
可歌可泣,HSK 7,
可疑,HSK 7,
可笑,HSK 7,TOCFL 4
可能,HSK 2,TOCFL 1
可行,HSK 7,TOCFL 5
可見,HSK 4,TOCFL 5
可觀,HSK 7,TOCFL 5
可謂,HSK 7,
可貴,HSK 7,
可靠,HSK 3,TOCFL 3
台,TOCFL 3,
台灣,TOCFL 1,
台階,TOCFL 5,
史料,TOCFL 5,
史無前例,HSK 7,
右,HSK 1,TOCFL 2
右邊,HSK 1,TOCFL 1
司令,HSK 7,TOCFL 5
司機,HSK 2,TOCFL 1
司法,HSK 7,
司空見慣,HSK 7,
司長,HSK 6,
叼,HSK 7,
吃,HSK 1,TOCFL 1
吃不上,HSK 7,
吃力,HSK 5,TOCFL 5
吃喝玩樂,HSK 7,TOCFL 3
吃苦,HSK 7,TOCFL 5
吃虧,HSK 7,TOCFL 4
吃飯,HSK 1,
吃飽,TOCFL 2,
吃驚,HSK 4,TOCFL 5
各,HSK 3,TOCFL 2
各位,HSK 3,TOCFL 3
各個,HSK 4,
各地,HSK 3,
各奔前程,HSK 7,
各式各樣,HSK 7,TOCFL 3
各界,TOCFL 5,
各種,HSK 3,
各自,HSK 3,TOCFL 5
各行各業,TOCFL 4,
合,HSK 3,TOCFL 3
合不來,TOCFL 4,
合乎,HSK 7,TOCFL 4
合伙,HSK 7,
合作,HSK 3,TOCFL 3
合作社,HSK 7,
合併,HSK 5,TOCFL 5
合同,HSK 4,TOCFL 5
合唱,HSK 7,TOCFL 3
合影,HSK 7,
合得來,TOCFL 4,
合情合理,HSK 7,
合意,TOCFL 5,
合成,HSK 5,TOCFL 4
合格,HSK 3,TOCFL 4
合法,HSK 3,TOCFL 4
合理,HSK 3,TOCFL 4
合算,TOCFL 4,
合約,HSK 6,TOCFL 5
合計,HSK 7,
合資,HSK 7,
合適,HSK 2,TOCFL 4
吉他,HSK 7,TOCFL 2
吉利,HSK 6,TOCFL 5
吉普,HSK 7,
吉祥,HSK 6,TOCFL 5
吉祥物,HSK 7,
吊,HSK 6,TOCFL 4
吊橋,TOCFL 5,
吊銷,HSK 7,
同,HSK 6,TOCFL 3
同一,HSK 6,
同事,HSK 2,TOCFL 1
同人,HSK 7,
同伙,HSK 7,
同伴,HSK 7,TOCFL 5
同化,TOCFL 5,
同學,HSK 1,TOCFL 2
同年,HSK 7,
同心,TOCFL 5,
同志,HSK 7,TOCFL 4
同性戀,TOCFL 5,
同情,HSK 4,TOCFL 3
同意,HSK 3,TOCFL 2
同感,HSK 7,
同時,HSK 2,TOCFL 3
同期,HSK 6,
同業,TOCFL 5,
同樣,HSK 2,TOCFL 3
同步,HSK 7,
同盟,HSK 7,
同等,HSK 7,
同胞,HSK 6,TOCFL 4
同舟共濟,HSK 7,
同行,HSK 6,
同鄉,TOCFL 5,
同類,HSK 7,
名,HSK 2,TOCFL 3
名下,TOCFL 5,
名人,HSK 4,
名利,HSK 7,
名副其實,HSK 7,
名勝,HSK 6,TOCFL 5
名單,HSK 2,TOCFL 4
名堂,TOCFL 5,
名字,HSK 1,TOCFL 1
名氣,HSK 7,TOCFL 5
名片,HSK 4,TOCFL 4
名牌,HSK 4,TOCFL 4
名稱,HSK 2,TOCFL 4
名義,HSK 6,
名聲,HSK 7,TOCFL 5
名著,HSK 7,
名號,TOCFL 5,
名言,HSK 7,
名詞,TOCFL 3,
名譽,HSK 6,
名貴,HSK 7,
名額,HSK 6,TOCFL 5
吐,HSK 5,TOCFL 4
向,TOCFL 2,
向上,HSK 5,
向來,HSK 7,TOCFL 4
向前,HSK 5,
向著,HSK 7,
君子,HSK 7,
吞,HSK 6,TOCFL 4
吞吞吐吐,TOCFL 5,
否則,HSK 4,TOCFL 3
否定,HSK 3,TOCFL 4
否決,HSK 7,TOCFL 5
否認,HSK 3,TOCFL 4
吧,HSK 1,TOCFL 1
吩咐,HSK 7,TOCFL 4
含,HSK 4,TOCFL 4
含有,HSK 4,
含糊,HSK 7,
含義,HSK 4,
含蓄,HSK 7,
含量,HSK 4,TOCFL 4
吭聲,TOCFL 5,
吵,HSK 3,TOCFL 2
吵嘴,HSK 7,TOCFL 5
吵架,HSK 3,TOCFL 3
吵鬧,TOCFL 4,
吶喊,HSK 7,
吸,HSK 4,TOCFL 4
吸取,HSK 7,TOCFL 4
吸引,HSK 4,TOCFL 3
吸收,HSK 4,TOCFL 3
吸毒,HSK 6,TOCFL 3
吸煙,HSK 4,
吸管,HSK 4,
吸納,HSK 7,
吸菸,TOCFL 4,
吸食,TOCFL 4,
吹,HSK 2,TOCFL 3
吹了,HSK 7,
吹捧,HSK 7,
吹牛,HSK 7,TOCFL 5
吻,HSK 7,TOCFL 4
吻合,HSK 7,
吼,HSK 7,
呀,HSK 4,TOCFL 3
呆,HSK 5,TOCFL 5
呈,TOCFL 5,
呈獻,TOCFL 5,
呈現,HSK 7,TOCFL 4
告,HSK 7,TOCFL 4
告別,HSK 3,TOCFL 5
告狀,HSK 7,TOCFL 5
告知,HSK 7,
告示,HSK 7,
告訴,HSK 1,TOCFL 2
告誡,HSK 7,
告辭,HSK 7,TOCFL 4
呢,HSK 1,TOCFL 1
周,HSK 2,TOCFL 4
周到,TOCFL 4,
周圍,TOCFL 3,
周密,HSK 7,TOCFL 5
周旋,HSK 7,
周詳,TOCFL 5,
周轉,TOCFL 5,
周遊,TOCFL 5,
周邊,HSK 7,TOCFL 5
味,TOCFL 4,
味兒,HSK 4,TOCFL 4
味精,HSK 7,TOCFL 4
味道,HSK 2,TOCFL 2
呵護,HSK 7,
呼,TOCFL 4,
呼吁,HSK 7,
呼吸,HSK 4,TOCFL 4
呼喚,HSK 7,
呼應,HSK 7,
呼救,HSK 7,
呼籲,TOCFL 5,
呼聲,HSK 7,
呼風喚雨,HSK 7,
命,HSK 6,TOCFL 3
命中,TOCFL 5,
命令,HSK 5,TOCFL 4
命名,HSK 7,TOCFL 5
命運,HSK 3,TOCFL 4
命題,HSK 7,
和,HSK 1,TOCFL 1
和好,TOCFL 4,
和尚,HSK 7,
和平,HSK 3,TOCFL 4
和平共處,HSK 7,
和氣,HSK 7,TOCFL 4
和睦,HSK 7,TOCFL 5
和藹,HSK 7,
和解,HSK 7,TOCFL 5
和諧,HSK 6,TOCFL 5
咖啡,HSK 3,TOCFL 1
咦,TOCFL 5,
咧嘴,HSK 7,
咨詢,HSK 6,
咬,HSK 5,TOCFL 3
咱,HSK 2,TOCFL 5
咱們,HSK 2,TOCFL 4
咳,HSK 5,
咳嗽,HSK 7,TOCFL 2
咽,HSK 7,
咽喉,HSK 7,
哀求,HSK 7,
品,HSK 5,
品位,HSK 7,
品味,TOCFL 5,
品嘗,HSK 7,
品德,HSK 7,TOCFL 4
品牌,HSK 6,
品種,HSK 5,TOCFL 5
品行,HSK 7,
品質,HSK 4,TOCFL 3
哄,HSK 7,TOCFL 5
哄堂大笑,HSK 7,
哆嗦,HSK 7,
哇,HSK 6,TOCFL 4
哈哈,HSK 3,
哎,HSK 7,TOCFL 3
哎呀,HSK 7,TOCFL 4
哎喲,TOCFL 4,
員,HSK 3,
員工,HSK 3,TOCFL 3
哥哥,HSK 1,TOCFL 1
哦,HSK 7,TOCFL 3
哩,TOCFL 5,
哪,HSK 1,TOCFL 1
哪些,HSK 1,TOCFL 3
哪兒,HSK 1,TOCFL 1
哪怕,HSK 4,TOCFL 4
哪知道,HSK 7,
哪裡,HSK 1,TOCFL 1
哭,HSK 2,TOCFL 2
哭泣,HSK 7,
哭笑不得,HSK 7,
哲學,HSK 6,TOCFL 3
哺乳動物,TOCFL 5,
哺育,HSK 7,
哼,HSK 7,TOCFL 5
唉,HSK 7,TOCFL 3
售,TOCFL 4,
售價,HSK 7,
售票,HSK 7,
售貨員,HSK 4,TOCFL 5
唯,HSK 7,
唯一,HSK 5,TOCFL 4
唯獨,HSK 7,
唱,HSK 1,TOCFL 2
唱歌,HSK 1,TOCFL 1
唱片,HSK 4,
唱腔,TOCFL 5,
唷,TOCFL 5,
唸,TOCFL 2,
唾液,HSK 7,
啃,HSK 7,
商人,HSK 2,TOCFL 3
商務,HSK 4,
商品,HSK 3,TOCFL 3
商城,HSK 6,
商場,HSK 1,TOCFL 4
商店,HSK 1,TOCFL 1
商業,HSK 3,TOCFL 3
商榷,TOCFL 5,
商標,HSK 5,TOCFL 4
商討,HSK 7,TOCFL 5
商販,HSK 7,
商賈,HSK 7,
商量,HSK 2,TOCFL 4
啊,HSK 2,TOCFL 2
問,HSK 1,TOCFL 1
問世,HSK 7,TOCFL 5
問候,HSK 4,TOCFL 3
問卷,HSK 7,
問好,TOCFL 3,
問路,HSK 2,
問題,HSK 2,TOCFL 1
啞,HSK 7,TOCFL 5
啤酒,HSK 3,TOCFL 2
啦,HSK 6,TOCFL 3
啦啦隊,HSK 7,
啼,TOCFL 5,
喂,HSK 2,TOCFL 1
喂養,HSK 7,
善,HSK 7,
善意,HSK 7,
善於,HSK 4,TOCFL 4
善良,HSK 4,
喇叭,HSK 7,TOCFL 4
喉嚨,HSK 7,TOCFL 4
喊,HSK 2,TOCFL 4
喔,TOCFL 3,
喘,HSK 7,TOCFL 5
喘息,HSK 7,
喚起,HSK 7,
喜事,HSK 7,
喜出望外,HSK 7,
喜劇,HSK 5,TOCFL 4
喜好,HSK 7,
喜怒哀樂,HSK 7,
喜悅,HSK 7,TOCFL 5
喜愛,HSK 4,TOCFL 3
喜慶,HSK 7,
喜歡,HSK 1,TOCFL 1
喜氣,TOCFL 5,
喜洋洋,HSK 7,
喜糖,HSK 7,
喜酒,HSK 7,TOCFL 4
喝,HSK 1,TOCFL 1
喝彩,HSK 7,
喧嘩,HSK 7,
喧鬧,HSK 7,
喪事,TOCFL 5,
喪失,HSK 6,TOCFL 4
喪生,HSK 7,TOCFL 5
喬裝,HSK 7,
單,HSK 4,TOCFL 4
單一,HSK 5,
單位,HSK 2,TOCFL 4
單價,TOCFL 5,
單元,HSK 3,
單子,TOCFL 4,
單打,HSK 6,
單據,TOCFL 5,
單方面,HSK 7,
單獨,HSK 4,TOCFL 5
單純,HSK 4,TOCFL 3
單薄,HSK 7,
單行道,TOCFL 5,
單親,TOCFL 5,
單調,HSK 4,TOCFL 4
單身,HSK 7,TOCFL 3
單邊,HSK 7,
喲,TOCFL 4,
嗅覺,HSK 7,
嗆,HSK 7,
嗎,HSK 1,TOCFL 1
嗓子,HSK 7,TOCFL 5
嗚咽,HSK 7,
嗜好,HSK 7,TOCFL 5
嗨,TOCFL 3,
嗯,TOCFL 3,
嘀咕,TOCFL 5,
嘆氣,HSK 6,
嘉年華,HSK 7,
嘉賓,HSK 6,
嘍,TOCFL 4,
嘔吐,HSK 7,
嘗,HSK 5,
嘗試,HSK 5,TOCFL 3
嘛,HSK 6,TOCFL 3
嘩然,HSK 7,
嘩變,HSK 7,
嘮叨,HSK 7,TOCFL 4
嘲弄,HSK 7,
嘲笑,HSK 7,
嘴,HSK 2,TOCFL 3
嘴唇,HSK 7,
嘴巴,HSK 4,TOCFL 2
嘴脣,TOCFL 5,
嘿,HSK 7,TOCFL 4
噴,HSK 5,TOCFL 4
噴泉,HSK 7,
噴漆,TOCFL 5,
噢,TOCFL 3,
器官,HSK 4,TOCFL 4
器材,HSK 7,TOCFL 4
器械,HSK 7,
噪聲,HSK 7,
噪音,HSK 7,TOCFL 3
噸,HSK 5,TOCFL 4
嚇,HSK 5,TOCFL 3
嚇一跳,TOCFL 3,
嚇人,HSK 7,
嚇唬,HSK 7,
嚐,TOCFL 2,
嚮,HSK 2,
嚮導,HSK 5,TOCFL 5
嚮往,HSK 7,TOCFL 5
嚴,HSK 4,TOCFL 4
嚴厲,HSK 5,TOCFL 5
嚴密,HSK 7,TOCFL 5
嚴峻,HSK 7,
嚴格,HSK 4,TOCFL 4
嚴禁,HSK 7,TOCFL 5
嚴肅,HSK 5,TOCFL 4
嚴謹,HSK 7,
嚴重,HSK 4,TOCFL 3
嚷,HSK 7,TOCFL 5
嚼,HSK 7,
囉嗦,TOCFL 5,
囊括,TOCFL 5,
囑咐,HSK 7,TOCFL 5
囚犯,HSK 7,
四,HSK 1,TOCFL 1
四合院,HSK 7,
四周,HSK 5,TOCFL 4
四季,HSK 7,TOCFL 4
四方,TOCFL 4,
四處,HSK 6,TOCFL 4
四週,TOCFL 4,
四面八方,HSK 7,
回,HSK 1,TOCFL 1
回來,HSK 1,
回信,HSK 5,TOCFL 4
回到,HSK 1,
回升,HSK 7,TOCFL 5
回去,HSK 1,TOCFL 2
回合,TOCFL 5,
回味,HSK 7,
回國,HSK 2,
回報,HSK 5,
回家,HSK 1,
回復,HSK 4,
回想,HSK 7,TOCFL 3
回憶,TOCFL 4,
回憶錄,HSK 7,
回應,HSK 6,
回扣,HSK 7,
回收,HSK 5,TOCFL 4
回教,TOCFL 4,
回歸,HSK 7,
回答,HSK 1,TOCFL 1
回絕,TOCFL 5,
回落,HSK 7,
回電,TOCFL 4,
回頭,HSK 5,TOCFL 4
回顧,HSK 5,
回饋,HSK 7,
因,HSK 6,
因人而異,HSK 7,
因果,TOCFL 5,
因此,HSK 3,TOCFL 3
因為,HSK 2,TOCFL 1
因素,HSK 6,TOCFL 4
因而,HSK 5,TOCFL 4
困,HSK 3,TOCFL 5
困境,HSK 7,TOCFL 5
困惑,HSK 7,
困擾,HSK 5,TOCFL 5
困難,HSK 3,TOCFL 3
固執,HSK 7,TOCFL 5
固定,HSK 4,TOCFL 4
固有,TOCFL 5,
固然,HSK 7,TOCFL 5
固體,TOCFL 5,
圈,HSK 4,TOCFL 4
圈套,HSK 7,
圈子,HSK 7,TOCFL 5
國,HSK 1,TOCFL 2
國中,TOCFL 4,
國內,HSK 3,TOCFL 3
國君,TOCFL 5,
國土,HSK 7,
國境,TOCFL 5,
國外,HSK 1,TOCFL 3
國學,HSK 7,
國家,HSK 1,TOCFL 1
國寶,HSK 7,
國小,TOCFL 4,
國徽,HSK 7,
國情,HSK 7,
國慶,HSK 3,
國旗,HSK 6,TOCFL 4
國會,HSK 6,TOCFL 4
國有,HSK 7,
國歌,HSK 6,
國民,HSK 5,TOCFL 5
國營,TOCFL 5,
國王,HSK 6,TOCFL 3
國產,HSK 6,TOCFL 5
國畫,HSK 7,
國立,TOCFL 4,
國籍,HSK 5,TOCFL 4
國語,TOCFL 3,
國防,HSK 7,TOCFL 5
國際,HSK 2,TOCFL 4
圍,HSK 3,TOCFL 4
圍巾,HSK 4,TOCFL 5
圍牆,HSK 7,TOCFL 5
圍繞,HSK 5,TOCFL 5
園,HSK 6,
園地,HSK 6,
園林,HSK 5,TOCFL 5
圓,HSK 4,TOCFL 2
圓形,HSK 7,TOCFL 4
圓滿,HSK 4,TOCFL 4
圓珠筆,HSK 6,
圖,HSK 3,TOCFL 3
圖像,HSK 7,
圖形,HSK 7,
圖書,HSK 6,TOCFL 4
圖書館,HSK 1,TOCFL 1
圖案,HSK 4,
圖片,HSK 2,TOCFL 1
圖畫,HSK 3,TOCFL 5
圖紙,HSK 7,
圖表,HSK 7,TOCFL 5
圖章,TOCFL 4,
圖騰,TOCFL 5,
團,HSK 3,TOCFL 4
團伙,HSK 7,
團員,HSK 7,TOCFL 5
團圓,HSK 7,TOCFL 3
團結,HSK 3,TOCFL 4
團聚,HSK 7,TOCFL 5
團長,HSK 5,
團隊,HSK 6,
團體,HSK 3,TOCFL 3
土,HSK 3,TOCFL 3
土匪,HSK 7,
土地,HSK 4,TOCFL 3
土壤,HSK 7,TOCFL 5
土生土長,HSK 7,
土豆,HSK 5,
在,HSK 1,TOCFL 1
在世,TOCFL 5,
在乎,HSK 4,TOCFL 4
在內,HSK 5,
在場,HSK 5,TOCFL 5
在家,HSK 1,
在座,TOCFL 5,
在意,HSK 7,TOCFL 3
在於,HSK 4,TOCFL 3
在線,HSK 7,
在職,HSK 7,
地,HSK 1,TOCFL 2
地上,HSK 1,
地下,HSK 4,TOCFL 3
地下室,HSK 6,
地下水,HSK 7,
地主,TOCFL 5,
地位,HSK 4,TOCFL 3
地勢,TOCFL 5,
地區,HSK 3,TOCFL 3
地名,HSK 6,
地圖,HSK 1,TOCFL 1
地址,HSK 4,TOCFL 2
地域,HSK 7,TOCFL 5
地帶,HSK 5,TOCFL 3
地形,HSK 5,TOCFL 3
地攤,TOCFL 3,
地方,HSK 1,TOCFL 1
地板,HSK 6,TOCFL 3
地步,HSK 7,TOCFL 5
地段,HSK 7,
地毯,HSK 7,TOCFL 4
地獄,HSK 7,TOCFL 5
地球,HSK 2,TOCFL 2
地理,HSK 7,TOCFL 3
地表,TOCFL 5,
地質,HSK 7,TOCFL 5
地道,HSK 7,
地鐵,HSK 2,TOCFL 1
地鐵站,HSK 2,
地震,HSK 5,TOCFL 4
地面,HSK 4,TOCFL 4
地點,HSK 1,TOCFL 3
均,TOCFL 5,
均勻,HSK 7,TOCFL 5
均衡,HSK 7,TOCFL 5
坐,HSK 1,TOCFL 1
坐下,HSK 1,
坐牢,TOCFL 5,
坐落,HSK 7,
坐鎮,TOCFL 5,
坑,HSK 7,
坡,HSK 6,
坦克,HSK 7,TOCFL 5
坦然,HSK 7,TOCFL 5
坦率,HSK 7,
坦白,HSK 7,
坦誠,HSK 7,
坪,TOCFL 3,
垂,HSK 7,TOCFL 5
垂直,TOCFL 5,
垂頭喪氣,HSK 7,
垃圾,HSK 4,TOCFL 3
型,HSK 4,
型態,TOCFL 5,
型號,HSK 4,
垮,HSK 7,
城,HSK 3,
城區,HSK 6,
城市,HSK 3,TOCFL 1
城牆,HSK 7,
城裡,HSK 5,
城鄉,HSK 6,
城鎮,HSK 6,
埋,HSK 6,TOCFL 4
埋伏,HSK 7,TOCFL 5
埋怨,HSK 7,
埋沒,HSK 7,
埋藏,HSK 7,
執意,HSK 7,
執政,TOCFL 5,
執法,HSK 7,
執照,HSK 7,TOCFL 5
執著,HSK 7,TOCFL 5
執行,HSK 5,TOCFL 4
培育,HSK 4,TOCFL 5
培訓,HSK 4,TOCFL 5
培訓班,HSK 4,
培養,HSK 4,TOCFL 3
基因,HSK 7,TOCFL 5
基地,HSK 5,TOCFL 5
基層,HSK 7,TOCFL 5
基於,HSK 7,
基本,HSK 3,TOCFL 3
基本上,HSK 3,TOCFL 4
基本功,HSK 7,
基準,HSK 7,
基督,TOCFL 5,
基督教,HSK 6,TOCFL 3
基礎,HSK 3,TOCFL 3
基金,HSK 5,TOCFL 4
堂,HSK 7,TOCFL 3
堂堂,TOCFL 5,
堅信,HSK 7,TOCFL 5
堅固,HSK 4,TOCFL 5
堅守,HSK 7,
堅定,HSK 5,TOCFL 4
堅實,HSK 7,
堅強,HSK 3,TOCFL 3
堅忍,TOCFL 5,
堅持,HSK 3,TOCFL 3
堅持不懈,HSK 7,
堅決,HSK 3,TOCFL 4
堅硬,HSK 7,TOCFL 5
堅韌,HSK 7,
堆,HSK 5,TOCFL 3
堆砌,HSK 7,
堆積,TOCFL 5,
堡壘,HSK 7,
堤,HSK 7,
堤壩,HSK 7,
堪稱,HSK 7,
報,HSK 3,TOCFL 4
報亭,HSK 7,
報仇,HSK 7,TOCFL 4
報價,TOCFL 5,
報刊,HSK 6,TOCFL 5
報到,HSK 3,TOCFL 4
報名,HSK 2,TOCFL 3
報告,HSK 3,TOCFL 2
報導,TOCFL 4,
報廢,HSK 7,
報復,HSK 7,TOCFL 5
報應,TOCFL 5,
報案,TOCFL 5,
報社,HSK 7,TOCFL 4
報答,HSK 5,TOCFL 4
報紙,HSK 2,TOCFL 1
報考,HSK 6,
報表,TOCFL 5,
報警,HSK 5,TOCFL 4
報道,HSK 3,
報酬,HSK 7,TOCFL 5
報銷,HSK 7,
報關,TOCFL 5,
報章,TOCFL 5,
場,HSK 2,TOCFL 3
場合,HSK 3,TOCFL 4
場地,HSK 6,TOCFL 4
場所,HSK 3,TOCFL 4
場景,HSK 6,
場次,TOCFL 5,
場面,HSK 5,TOCFL 5
場館,HSK 6,
堵,HSK 4,TOCFL 5
堵塞,HSK 7,TOCFL 5
堵車,HSK 4,
塊,HSK 1,TOCFL 1
塌,HSK 7,TOCFL 4
塑料,HSK 4,
塑料袋,HSK 4,
塑膠,TOCFL 5,
塑造,HSK 7,
塔,HSK 6,TOCFL 5
塗,HSK 7,TOCFL 5
塞,HSK 6,TOCFL 4
塞車,TOCFL 5,
填,HSK 4,TOCFL 3
填充,HSK 7,
填寫,HSK 7,
填空,HSK 4,
填補,HSK 7,
塵土,TOCFL 5,
境內,HSK 7,
境地,HSK 7,TOCFL 5
境外,HSK 7,
境界,HSK 7,
境遇,HSK 7,
墊,HSK 7,TOCFL 4
墊子,HSK 7,
墊底,HSK 7,
墓,HSK 6,
墓地,HSK 7,
墓碑,HSK 7,
墜,HSK 7,
增,HSK 5,
增值,HSK 6,TOCFL 5
增加,HSK 3,TOCFL 3
增多,HSK 5,
增大,HSK 5,
增強,HSK 5,TOCFL 5
增收,HSK 7,
增添,HSK 7,
增產,HSK 5,
增進,HSK 6,TOCFL 5
增長,HSK 3,TOCFL 4
墮胎,TOCFL 5,
墮落,HSK 7,
墳,HSK 7,
墳墓,HSK 7,TOCFL 5
墻,HSK 2,
壁畫,HSK 7,
壓,HSK 3,TOCFL 4
壓倒,HSK 7,
壓制,HSK 7,TOCFL 5
壓力,HSK 3,TOCFL 4
壓抑,HSK 7,
壓歲錢,TOCFL 5,
壓縮,HSK 7,TOCFL 5
壓迫,HSK 6,TOCFL 4
壞,HSK 1,TOCFL 1
壞事,HSK 7,
壞人,HSK 2,
壞處,HSK 2,TOCFL 3
壞蛋,TOCFL 4,
壟斷,HSK 7,TOCFL 5
壩,HSK 7,
士兵,HSK 4,TOCFL 5
士氣,HSK 7,
壯,HSK 7,TOCFL 4
壯大,HSK 7,
壯實,HSK 7,
壯膽,HSK 7,
壯觀,HSK 6,TOCFL 5
壯麗,HSK 7,TOCFL 5
壺,HSK 6,TOCFL 5
壽司,HSK 5,
壽命,HSK 7,TOCFL 4
壽星,TOCFL 5,
夏,TOCFL 2,
夏令營,HSK 7,
夏天,HSK 2,TOCFL 1
夏季,HSK 4,TOCFL 4
外,HSK 1,TOCFL 1
外交,HSK 3,TOCFL 4
外交官,HSK 4,
外企,HSK 7,
外來,HSK 6,
外公,HSK 7,TOCFL 3
外出,HSK 6,TOCFL 4
外力,TOCFL 5,
外匯,HSK 4,TOCFL 4
外國,HSK 1,TOCFL 2
外在,TOCFL 5,
外地,HSK 2,TOCFL 4
外套,HSK 4,TOCFL 2
外婆,HSK 7,TOCFL 3
外幣,HSK 6,
外形,HSK 7,
外援,HSK 7,
外文,HSK 3,TOCFL 3
外星人,HSK 7,
外界,HSK 5,TOCFL 4
外祖母,TOCFL 5,
外祖父,TOCFL 5,
外科,HSK 6,TOCFL 4
外籍,HSK 7,
外線,TOCFL 5,
外號,HSK 7,TOCFL 5
外行,HSK 7,TOCFL 4
外衣,HSK 6,
外表,HSK 7,TOCFL 5
外觀,HSK 6,TOCFL 4
外語,HSK 1,TOCFL 3
外貌,HSK 7,
外貿,HSK 7,TOCFL 5
外資,HSK 6,TOCFL 5
外賣,HSK 2,
外遇,TOCFL 5,
外邊,HSK 1,TOCFL 3
外部,HSK 6,TOCFL 4
外銷,TOCFL 5,
外面,HSK 3,TOCFL 1
外頭,HSK 6,TOCFL 4
多,HSK 1,TOCFL 1
多久,HSK 2,
多元,HSK 7,TOCFL 5
多功能,HSK 7,
多勞多得,HSK 7,
多半,HSK 6,TOCFL 4
多半兒,TOCFL 4,
多多,TOCFL 4,
多多少少,TOCFL 3,
多媒體,HSK 6,TOCFL 5
多寡,TOCFL 5,
多少,HSK 1,TOCFL 1
多年,HSK 4,
多年來,HSK 7,
多心,HSK 7,
多數,HSK 2,TOCFL 4
多方面,HSK 6,
多樣,HSK 4,
多次,HSK 4,
多種,HSK 4,
多虧,HSK 7,TOCFL 5
多謝,TOCFL 4,
多邊,HSK 7,
多雲,HSK 2,
多餘,HSK 7,
多麼,HSK 2,TOCFL 3
夜,HSK 2,TOCFL 2
夜以繼日,HSK 7,
夜市,HSK 7,TOCFL 3
夜晚,HSK 7,TOCFL 4
夜景,TOCFL 4,
夜校,HSK 7,
夜班,HSK 7,
夜總會,HSK 7,
夜裡,HSK 2,TOCFL 3
夜間,HSK 5,
夠,HSK 2,TOCFL 2
夠嗆,HSK 7,
夢,HSK 4,TOCFL 3
夢到,TOCFL 4,
夢幻,HSK 7,
夢想,HSK 4,TOCFL 4
夢見,HSK 4,TOCFL 5
大,HSK 1,TOCFL 1
大事,HSK 5,
大人,HSK 2,TOCFL 2
大伙兒,HSK 5,
大使,HSK 6,TOCFL 5
大使館,HSK 3,
大便,TOCFL 4,
大公無私,HSK 7,
大力,HSK 6,TOCFL 4
大包大攬,HSK 7,
大半,TOCFL 4,
大吃一驚,HSK 7,
大同小異,HSK 7,
大名鼎鼎,HSK 7,
大哥,HSK 4,TOCFL 4
大哥大,TOCFL 4,
大地,HSK 7,TOCFL 4
大型,HSK 4,TOCFL 4
大多,HSK 4,
大多數,HSK 2,TOCFL 3
大大,HSK 2,TOCFL 3
大大咧咧,HSK 7,
大夫,HSK 3,TOCFL 4
大姐,HSK 4,
大媽,HSK 4,
大嫂,TOCFL 4,
大學,HSK 1,TOCFL 1
大學生,HSK 1,TOCFL 2
大宗,HSK 7,
大家,HSK 2,TOCFL 1
大家庭,HSK 7,
大小,HSK 2,TOCFL 3
大局,HSK 7,
大巴,HSK 4,
大師,HSK 6,
大幅度,HSK 7,
大廈,HSK 7,
大廳,HSK 5,
大意,HSK 7,TOCFL 4
大批,HSK 6,
大數據,HSK 7,
大方,HSK 4,TOCFL 3
大於,HSK 5,
大會,HSK 4,TOCFL 3
大有,TOCFL 4,
大有可為,HSK 7,
大棚,HSK 7,
大概,HSK 3,TOCFL 3
大樓,HSK 4,TOCFL 2
大模大樣,HSK 7,
大款,HSK 7,
大氣,HSK 7,
大洋洲,TOCFL 5,
大海,HSK 2,
大清早,TOCFL 4,
大熊貓,HSK 5,
大爺,HSK 4,
大片,HSK 7,
大獎賽,HSK 5,
大眾,HSK 4,TOCFL 4
大筆,HSK 7,
大米,HSK 6,
大約,HSK 3,TOCFL 3
大綱,HSK 5,
大聲,HSK 2,TOCFL 2
大肆,HSK 7,
大腕兒,HSK 7,
大腦,HSK 5,TOCFL 4
大腿,TOCFL 4,
大膽,HSK 5,TOCFL 4
大臣,HSK 7,
大自然,HSK 2,TOCFL 4
大致,HSK 5,TOCFL 4
大街,HSK 6,TOCFL 4
大街小巷,HSK 7,
大衣,HSK 2,TOCFL 2
大規模,HSK 4,
大象,HSK 5,
大賽,HSK 6,
大道,HSK 6,TOCFL 5
大選,HSK 7,TOCFL 5
大部分,HSK 2,
大都,HSK 5,TOCFL 4
大量,HSK 2,TOCFL 4
大門,HSK 2,TOCFL 3
大陸,HSK 4,TOCFL 3
大隊,HSK 7,TOCFL 5
大雁,HSK 7,
大面積,HSK 7,
大驚小怪,HSK 7,
大體,HSK 7,
大體上,HSK 7,
天,HSK 1,TOCFL 1
天上,HSK 2,
天下,HSK 6,TOCFL 3
天主教,HSK 7,TOCFL 4
天使,HSK 7,
天分,HSK 7,
天地,HSK 7,
天堂,HSK 6,TOCFL 3
天天,TOCFL 3,
天平,HSK 7,
天性,HSK 7,TOCFL 5
天才,HSK 5,TOCFL 4
天敵,TOCFL 5,
天文,HSK 5,TOCFL 4
天橋,HSK 7,
天氣,HSK 1,TOCFL 1
天災,TOCFL 5,
天然,HSK 6,TOCFL 4
天然氣,HSK 5,TOCFL 5
天生,HSK 7,
天真,HSK 4,TOCFL 4
天空,HSK 3,TOCFL 4
天經地義,HSK 7,
天線,HSK 7,
天賦,HSK 7,
天長地久,HSK 7,
天鵝,HSK 7,
太,HSK 1,TOCFL 1
太太,HSK 2,TOCFL 1
太平,HSK 7,TOCFL 5
太極,HSK 7,
太極拳,HSK 7,TOCFL 5
太空,HSK 5,TOCFL 4
太陽,HSK 2,TOCFL 1
太陽能,HSK 6,
夫人,HSK 4,TOCFL 4
夫妻,HSK 4,TOCFL 4
夫婦,HSK 4,TOCFL 3
央求,TOCFL 5,
失,TOCFL 5,
失事,TOCFL 5,
失傳,HSK 7,
失利,HSK 7,
失去,HSK 3,TOCFL 3
失戀,HSK 7,TOCFL 3
失手,TOCFL 5,
失掉,TOCFL 4,
失控,HSK 7,
失效,HSK 7,
失敗,HSK 4,TOCFL 4
失明,HSK 7,TOCFL 5
失望,HSK 4,TOCFL 4
失業,HSK 4,TOCFL 4
失業率,HSK 7,
失眠,HSK 7,TOCFL 4
失落,HSK 7,TOCFL 5
失誤,HSK 5,
失蹤,HSK 7,TOCFL 5
失靈,HSK 7,TOCFL 5
夾,HSK 5,TOCFL 4
夾雜,TOCFL 5,
奇妙,HSK 6,TOCFL 5
奇怪,HSK 3,TOCFL 2
奇特,HSK 7,
奇異,TOCFL 5,
奇花異草,HSK 7,
奇觀,TOCFL 5,
奇跡,HSK 7,
奇蹟,TOCFL 5,
奉獻,HSK 6,TOCFL 5
奉養,TOCFL 5,
奏,HSK 6,
奏效,HSK 7,
契機,HSK 7,TOCFL 5
契約,HSK 7,
奔,HSK 7,TOCFL 4
奔波,HSK 7,
奔赴,HSK 7,
奔跑,HSK 6,TOCFL 4
奔騰,TOCFL 5,
套,HSK 2,TOCFL 3
套房,TOCFL 5,
套裝,TOCFL 5,
套餐,HSK 4,
奠定,HSK 7,TOCFL 5
奢侈,HSK 7,TOCFL 5
奢望,HSK 7,TOCFL 5
奧妙,TOCFL 5,
奧祕,HSK 7,
奧運會,HSK 7,
奪,HSK 6,TOCFL 4
奪冠,HSK 7,
奪取,HSK 6,
奪魁,HSK 7,TOCFL 5
奮力,HSK 7,
奮勇,HSK 7,
奮鬥,HSK 4,TOCFL 4
女,HSK 1,TOCFL 1
女人,HSK 1,TOCFL 2
女兒,HSK 1,TOCFL 1
女士,HSK 4,TOCFL 3
女婿,HSK 7,
女子,HSK 3,
女孩兒,HSK 1,
女性,HSK 5,TOCFL 4
女方,TOCFL 5,
女朋友,HSK 1,
女生,HSK 1,TOCFL 1
奴隸,HSK 7,TOCFL 5
奶,HSK 1,TOCFL 3
奶奶,HSK 1,TOCFL 2
奶牛,HSK 6,
奶粉,HSK 6,TOCFL 4
奶茶,HSK 3,TOCFL 3
奸詐,HSK 7,
她,HSK 1,TOCFL 1
她們,HSK 1,TOCFL 1
好,HSK 1,TOCFL 1
好久,HSK 2,
好了,TOCFL 3,
好事,HSK 2,
好些,TOCFL 3,
好人,HSK 2,
好似,HSK 6,
好像,HSK 2,TOCFL 2
好友,HSK 4,
好受,TOCFL 5,
好吃,HSK 1,TOCFL 1
好在,HSK 7,TOCFL 4
好壞,HSK 7,
好多,HSK 2,
好奇,HSK 3,TOCFL 4
好奇心,HSK 7,
好好,HSK 3,TOCFL 3
好好兒,TOCFL 3,
好學,HSK 6,
好客,HSK 7,TOCFL 4
好家伙,HSK 7,
好容易,HSK 6,
好幾,TOCFL 3,
好心,HSK 7,
好心人,HSK 7,
好意,HSK 7,
好感,HSK 7,
好手,TOCFL 5,
好歹,HSK 7,
好比,HSK 7,TOCFL 5
好玩兒,HSK 1,
好看,HSK 1,TOCFL 1
好笑,HSK 7,
好聽,HSK 1,
好處,HSK 2,TOCFL 3
好評,HSK 7,
好說,HSK 7,
好轉,HSK 6,
好運,HSK 5,
如,HSK 6,TOCFL 3
如一,HSK 6,
如下,HSK 5,TOCFL 3
如今,HSK 4,TOCFL 4
如何,HSK 3,TOCFL 4
如同,HSK 5,TOCFL 4
如實,HSK 7,
如意,HSK 7,TOCFL 3
如果,HSK 2,TOCFL 2
如果說,HSK 7,TOCFL 4
如此,HSK 5,TOCFL 3
如醉如痴,HSK 7,
如願以償,HSK 7,
妄想,HSK 7,
妒忌,HSK 7,
妖怪,HSK 7,
妙,HSK 6,TOCFL 4
妥,HSK 7,
妥協,HSK 7,TOCFL 4
妥善,HSK 7,TOCFL 4
妥當,HSK 7,TOCFL 4
妨害,HSK 7,
妨礙,HSK 7,TOCFL 5
妳,TOCFL 1,
妳們,TOCFL 1,
妹妹,HSK 1,TOCFL 1
妻子,HSK 4,TOCFL 4
姊妹,TOCFL 3,
姊姊,TOCFL 1,
始終,HSK 3,TOCFL 4
姐妹,HSK 4,
姐姐,HSK 1,TOCFL 1
姑丈,TOCFL 4,
姑姑,HSK 6,TOCFL 4
姑娘,HSK 3,TOCFL 3
姓,HSK 2,TOCFL 1
姓名,HSK 2,TOCFL 1
姓氏,HSK 7,
委員,HSK 7,TOCFL 4
委員會,HSK 7,
委婉,HSK 7,
委屈,HSK 7,TOCFL 4
委託,HSK 5,TOCFL 4
姜,HSK 7,
姥姥,HSK 7,
姥爺,HSK 7,
姨,HSK 7,
姿勢,HSK 7,TOCFL 5
姿態,HSK 7,TOCFL 5
威信,HSK 7,
威力,HSK 7,TOCFL 5
威懾,HSK 7,
威脅,HSK 6,TOCFL 4
威風,HSK 7,TOCFL 5
娃娃,HSK 6,TOCFL 3
娘,HSK 7,TOCFL 5
娘家,TOCFL 5,
娛樂,HSK 6,TOCFL 4
娶,HSK 7,TOCFL 4
婆婆,TOCFL 4,
婆家,TOCFL 5,
婚姻,HSK 7,TOCFL 3
婚禮,HSK 4,TOCFL 3
婚紗,HSK 7,
婦人,TOCFL 5,
婦女,HSK 6,TOCFL 4
媒體,HSK 3,TOCFL 5
媲美,HSK 7,
媳婦,HSK 7,TOCFL 4
媽媽,HSK 1,TOCFL 1
嫁,HSK 7,TOCFL 4
嫁妝,HSK 7,
嫂子,HSK 7,TOCFL 5
嫉妒,HSK 7,TOCFL 5
嫌,HSK 6,TOCFL 4
嫌棄,HSK 7,
嫌疑,HSK 7,TOCFL 5
嫦娥,HSK 7,
嫩,HSK 7,
嬉笑,HSK 7,
嬌慣,HSK 7,
嬌氣,HSK 7,
嬰兒,HSK 7,TOCFL 4
子,HSK 1,
子女,HSK 3,TOCFL 4
子孫,HSK 7,TOCFL 5
子弟,HSK 7,TOCFL 5
子彈,HSK 5,TOCFL 5
孔,TOCFL 5,
孕婦,HSK 7,TOCFL 5
孕育,HSK 7,
字,HSK 1,TOCFL 1
字典,HSK 2,TOCFL 2
字幕,HSK 7,TOCFL 4
字樣,TOCFL 5,
字母,HSK 4,TOCFL 4
字眼,HSK 7,
字眼/字眼兒,TOCFL 5,
字跡,HSK 7,
字體,HSK 7,TOCFL 5
存,HSK 3,TOCFL 3
存在,HSK 3,TOCFL 3
存心,HSK 7,
存折,HSK 7,
存放,HSK 7,
存款,HSK 5,TOCFL 4
存貨,TOCFL 5,
孝子,TOCFL 5,
孝敬,HSK 7,
孝順,HSK 7,TOCFL 3
季,HSK 4,
季度,HSK 4,
季節,HSK 4,TOCFL 3
季風,TOCFL 5,
孤兒,HSK 6,TOCFL 5
孤單,HSK 7,TOCFL 4
孤獨,HSK 6,TOCFL 5
孤立,HSK 7,TOCFL 5
孤陋寡聞,HSK 7,
孤零零,HSK 7,
孩子,HSK 1,TOCFL 1
孫女,HSK 4,TOCFL 4
孫子,HSK 4,TOCFL 4
孵化,HSK 7,
學,HSK 1,TOCFL 1
學位,HSK 5,TOCFL 4
學分,HSK 4,TOCFL 5
學制,TOCFL 5,
學員,HSK 6,TOCFL 5
學問,HSK 4,TOCFL 3
學堂,HSK 7,
學士,HSK 7,
學子,HSK 7,
學年,HSK 4,TOCFL 5
學徒,TOCFL 5,
學時,HSK 4,
學會,HSK 6,TOCFL 3
學期,HSK 2,TOCFL 2
學校,HSK 1,TOCFL 1
學業,HSK 7,TOCFL 4
學歷,HSK 7,TOCFL 4
學生,HSK 1,TOCFL 1
學科,HSK 5,TOCFL 5
學習,HSK 1,TOCFL 1
學者,HSK 5,TOCFL 4
學藝,HSK 7,
學術,HSK 4,TOCFL 4
學說,HSK 7,TOCFL 5
學識,TOCFL 5,
學費,HSK 3,TOCFL 2
學院,HSK 1,TOCFL 2
孿生,HSK 7,
它,HSK 2,TOCFL 3
它們,HSK 2,TOCFL 3
宇宙,HSK 7,TOCFL 5
宇航員,HSK 6,
守,HSK 4,TOCFL 5
守候,HSK 7,
守株待兔,HSK 7,
守護,HSK 7,TOCFL 5
安,HSK 4,
安全,HSK 2,TOCFL 2
安定,HSK 7,TOCFL 3
安寧,HSK 7,TOCFL 5
安心,HSK 7,TOCFL 3
安慰,HSK 5,TOCFL 4
安排,HSK 3,TOCFL 3
安撫,HSK 7,TOCFL 5
安檢,HSK 6,
安眠藥,HSK 7,
安穩,HSK 7,
安置,HSK 4,TOCFL 5
安裝,HSK 3,TOCFL 4
安詳,TOCFL 5,
安逸,HSK 7,
安靜,HSK 2,TOCFL 1
安頓,TOCFL 5,
完,HSK 2,TOCFL 2
完了,HSK 5,
完備,HSK 7,TOCFL 5
完全,HSK 2,TOCFL 3
完善,HSK 3,TOCFL 4
完好,HSK 7,
完成,HSK 2,TOCFL 3
完整,HSK 3,TOCFL 4
完畢,HSK 7,TOCFL 4
完美,HSK 3,TOCFL 5
完蛋,HSK 7,
宏偉,HSK 7,TOCFL 5
宏大,HSK 6,
宏觀,HSK 7,
宗,HSK 7,
宗教,HSK 6,TOCFL 3
宗旨,HSK 7,TOCFL 5
官,HSK 4,TOCFL 5
官僚,HSK 7,
官僚主義,HSK 7,
官兵,HSK 7,
官司,HSK 6,TOCFL 5
官吏,HSK 7,
官員,HSK 7,TOCFL 4
官方,HSK 4,TOCFL 4
定,HSK 4,
定位,HSK 6,
定做,HSK 7,
定價,HSK 6,
定向,HSK 7,
定居,HSK 7,
定心丸,HSK 7,
定時,HSK 6,
定期,HSK 3,TOCFL 4
定為,HSK 7,
定義,HSK 7,TOCFL 5
定論,HSK 7,
定金,HSK 7,
定額,TOCFL 5,
客人,HSK 2,TOCFL 2
客廳,HSK 5,TOCFL 1
客戶,HSK 5,TOCFL 4
客房,HSK 7,TOCFL 4
客機,HSK 7,TOCFL 5
客氣,HSK 5,TOCFL 2
客流,HSK 7,
客滿,TOCFL 3,
客觀,HSK 3,TOCFL 4
客車,HSK 6,
客運,HSK 7,
宣傳,HSK 3,TOCFL 4
宣告,HSK 7,TOCFL 5
宣布,HSK 3,TOCFL 4
宣揚,HSK 7,TOCFL 5
宣泄,HSK 7,
宣示,TOCFL 5,
宣稱,HSK 7,TOCFL 5
宣言,HSK 7,TOCFL 5
宣誓,HSK 7,TOCFL 5
宣讀,HSK 7,
室,HSK 3,
室友,TOCFL 5,
宮,HSK 6,
宮廷,HSK 7,
宮殿,HSK 7,TOCFL 5
宰,HSK 7,
害,HSK 5,TOCFL 3
害怕,HSK 3,TOCFL 3
害羞,HSK 7,TOCFL 2
害臊,HSK 7,
害處,TOCFL 4,
害蟲,HSK 7,TOCFL 5
宴會,HSK 6,TOCFL 4
宵夜,TOCFL 4,
家,HSK 1,TOCFL 1
家事,TOCFL 4,
家人,HSK 1,TOCFL 1
家伙,HSK 7,
家具,HSK 3,TOCFL 1
家務,HSK 4,
家喻戶曉,HSK 7,
家園,HSK 6,
家境,HSK 7,
家家戶戶,HSK 7,TOCFL 5
家屬,HSK 3,TOCFL 5
家庭,HSK 2,TOCFL 2
家政,HSK 7,
家教,HSK 7,
家族,HSK 7,
家用,HSK 7,
家禽,HSK 7,
家裡,HSK 1,
家鄉,HSK 3,TOCFL 3
家長,HSK 2,TOCFL 3
家電,HSK 6,TOCFL 5
容,TOCFL 4,
容光煥發,HSK 7,
容器,TOCFL 5,
容忍,HSK 7,
容易,HSK 3,TOCFL 1
容納,HSK 7,TOCFL 5
容許,HSK 7,TOCFL 5
容量,HSK 7,TOCFL 5
容顏,HSK 7,
宿舍,HSK 5,TOCFL 2
寂寞,HSK 7,TOCFL 4
寂靜,HSK 7,
寄,HSK 4,TOCFL 1
寄託,HSK 7,
密,HSK 4,TOCFL 4
密不可分,HSK 7,
密切,HSK 4,TOCFL 3
密封,HSK 7,
密度,HSK 7,
密碼,HSK 4,
密集,HSK 7,TOCFL 5
富,HSK 3,TOCFL 4
富人,HSK 6,
富含,HSK 7,
富強,HSK 7,
富有,HSK 6,TOCFL 5
富翁,HSK 7,
富裕,HSK 7,TOCFL 4
富豪,HSK 7,
富貴,TOCFL 5,
富足,HSK 7,
寒假,HSK 4,TOCFL 2
寒冷,HSK 4,TOCFL 4
寓意,HSK 7,
寓言,HSK 7,TOCFL 5
察看,HSK 7,
察覺,HSK 7,TOCFL 5
寡婦,HSK 7,TOCFL 5
寢室,HSK 7,TOCFL 4
寥寥無幾,HSK 7,
實事求是,HSK 7,
實例,TOCFL 5,
實力,HSK 3,TOCFL 3
實在,HSK 2,TOCFL 3
實地,HSK 7,TOCFL 5
實惠,HSK 5,
實施,HSK 4,TOCFL 4
實況,HSK 7,TOCFL 5
實物,HSK 7,
實現,HSK 2,TOCFL 4
實用,HSK 4,TOCFL 4
實習,HSK 2,TOCFL 5
實行,HSK 3,TOCFL 3
實話,HSK 7,TOCFL 3
實話實說,HSK 7,
實證,TOCFL 5,
實質,HSK 7,TOCFL 5
實踐,HSK 6,TOCFL 5
實際,HSK 2,TOCFL 3
實際上,HSK 3,
實驗,HSK 3,TOCFL 4
實驗室,HSK 3,
實體,HSK 7,
寧可,HSK 7,TOCFL 4
寧靜,HSK 4,
寧願,HSK 7,TOCFL 4
審,HSK 7,
審判,HSK 7,TOCFL 5
審定,HSK 7,
審慎,TOCFL 5,
審批,HSK 7,
審查,HSK 6,TOCFL 4
審核,HSK 7,TOCFL 5
審視,HSK 7,
審美,HSK 7,
審議,TOCFL 5,
寫,HSK 1,TOCFL 1
寫作,HSK 3,TOCFL 5
寫字樓,HSK 6,
寫字檯,HSK 6,
寫實,TOCFL 5,
寫照,HSK 7,
寬,HSK 4,TOCFL 3
寬厚,HSK 7,
寬容,HSK 7,
寬度,HSK 5,TOCFL 4
寬廣,HSK 4,TOCFL 5
寬恕,HSK 7,
寬敞,HSK 7,
寬泛,HSK 7,
寬闊,HSK 6,TOCFL 5
寬鬆,HSK 7,
寵,HSK 7,
寵愛,HSK 7,TOCFL 5
寵物,HSK 6,TOCFL 5
寶,HSK 4,TOCFL 5
寶寶,HSK 4,TOCFL 4
寶庫,HSK 7,
寶石,HSK 4,TOCFL 5
寶藏,HSK 7,
寶貝,HSK 4,TOCFL 3
寶貴,HSK 4,TOCFL 3
寸,HSK 5,TOCFL 3
寺,HSK 6,
寺廟,HSK 7,TOCFL 3
封,HSK 2,TOCFL 3
封建,HSK 7,TOCFL 4
封條,TOCFL 5,
封鎖,HSK 7,TOCFL 5
封閉,HSK 4,TOCFL 5
封面,HSK 7,
封頂,HSK 7,
射,HSK 5,TOCFL 4
射手,TOCFL 5,
射擊,HSK 5,TOCFL 5
將,HSK 5,TOCFL 4
將來,HSK 3,TOCFL 3
將要,HSK 5,TOCFL 4
將軍,HSK 6,TOCFL 5
將近,HSK 3,
專人,HSK 7,TOCFL 4
專利,HSK 5,TOCFL 4
專制,HSK 7,TOCFL 5
專員,TOCFL 5,
專家,HSK 3,TOCFL 4
專心,HSK 4,TOCFL 3
專業,HSK 3,TOCFL 3
專櫃,HSK 7,TOCFL 5
專欄,HSK 7,
專注,HSK 7,
專用,HSK 6,
專程,HSK 7,
專職,HSK 7,
專著,HSK 7,
專賣店,HSK 7,
專輯,HSK 5,
專長,HSK 7,
專門,HSK 3,TOCFL 4
專題,HSK 3,
尊,TOCFL 5,
尊嚴,HSK 7,TOCFL 5
尊敬,HSK 5,TOCFL 3
尊貴,HSK 7,
尊重,HSK 5,TOCFL 4
尋,HSK 7,TOCFL 4
尋常,HSK 7,
尋找,HSK 4,TOCFL 3
尋求,HSK 5,
尋覓,HSK 7,
對,HSK 1,TOCFL 2
對不起,HSK 1,TOCFL 1
對了,TOCFL 3,
對付,HSK 4,TOCFL 4
對外,HSK 6,
對岸,TOCFL 4,
對峙,HSK 7,TOCFL 5
對弈,HSK 7,
對待,HSK 3,TOCFL 4
對得起,HSK 7,
對應,HSK 5,
對手,HSK 3,
對抗,HSK 6,TOCFL 4
對方,HSK 3,TOCFL 3
對於,HSK 4,TOCFL 4
對比,HSK 4,TOCFL 5
對準,HSK 7,
對照,HSK 7,TOCFL 5
對白,HSK 7,
對稱,HSK 7,
對立,HSK 5,TOCFL 4
對策,HSK 7,TOCFL 4
對聯,HSK 7,
對話,HSK 2,TOCFL 3
對象,HSK 3,TOCFL 3
對面,HSK 2,TOCFL 1
導向,HSK 7,
導師,HSK 7,TOCFL 5
導彈,HSK 7,
導演,HSK 3,TOCFL 3
導火索,HSK 7,
導致,HSK 4,TOCFL 5
導航,HSK 7,
導遊,HSK 4,TOCFL 4
小,HSK 1,TOCFL 1
小人,HSK 7,
小伙子,HSK 4,
小便,TOCFL 4,
小偷,HSK 5,TOCFL 2
小區,HSK 7,
小卒,HSK 7,
小吃,HSK 4,TOCFL 3
小品,HSK 7,
小型,HSK 4,
小夥子,TOCFL 5,
小姐,HSK 1,TOCFL 1
小子,TOCFL 4,
小孩,TOCFL 1,
小孩兒,HSK 1,
小學,HSK 1,TOCFL 1
小學生,HSK 1,TOCFL 2
小康,HSK 7,
小心,HSK 2,TOCFL 1
小心翼翼,HSK 7,
小提琴,HSK 7,
小於,HSK 6,
小時,HSK 1,TOCFL 1
小時候,HSK 2,
小曲,HSK 7,
小朋友,HSK 1,TOCFL 3
小氣,HSK 7,TOCFL 4
小溪,HSK 7,
小看,HSK 7,
小組,HSK 2,TOCFL 3
小聲,HSK 2,
小腿,TOCFL 4,
小說,HSK 2,TOCFL 2
小販,HSK 7,TOCFL 5
小費,HSK 6,TOCFL 4
小路,HSK 7,
小醜,HSK 7,
小麥,HSK 6,TOCFL 4
少,HSK 1,TOCFL 1
少不了,HSK 7,
少兒,HSK 6,
少女,HSK 7,TOCFL 4
少年,HSK 2,TOCFL 4
少數,HSK 2,TOCFL 4
少有,HSK 7,
少林寺,HSK 7,
少見,HSK 7,
少量,HSK 7,
尖,HSK 6,TOCFL 4
尖端,HSK 7,TOCFL 5
尖銳,HSK 7,TOCFL 4
尚,HSK 7,TOCFL 5
尚未,HSK 7,
尤其,HSK 5,TOCFL 3
尤為,HSK 7,
就,HSK 1,TOCFL 2
就任,HSK 7,
就地,HSK 7,
就座,HSK 7,
就是,HSK 3,TOCFL 3
就是說,HSK 6,TOCFL 4
就業,HSK 3,TOCFL 4
就算,HSK 6,TOCFL 3
就緒,TOCFL 5,
就職,HSK 7,
就要,HSK 2,TOCFL 3
就診,HSK 7,
就讀,HSK 7,
就近,HSK 7,
就醫,HSK 7,
就餐,HSK 7,
尷尬,HSK 7,TOCFL 5
尺,HSK 4,TOCFL 2
尺子,HSK 4,
尺寸,HSK 4,TOCFL 4
尺度,HSK 7,
尼龍,HSK 7,
尾巴,HSK 4,TOCFL 4
尾氣,HSK 7,
尾聲,HSK 7,
尿,HSK 7,TOCFL 4
局,HSK 4,TOCFL 4
局勢,HSK 7,
局部,HSK 7,TOCFL 5
局長,HSK 5,
局限,HSK 7,
局面,HSK 5,TOCFL 5
屁股,TOCFL 4,
居,TOCFL 5,
居住,HSK 4,TOCFL 3
居民,HSK 4,TOCFL 4
居民樓,HSK 7,
居然,HSK 5,TOCFL 4
居高臨下,HSK 7,
屆,HSK 5,TOCFL 4
屆時,HSK 7,TOCFL 5
屈服,HSK 7,TOCFL 5
屋,HSK 5,
屋子,HSK 3,TOCFL 3
屋頂,HSK 7,
屍體,HSK 7,TOCFL 5
屎,TOCFL 5,
屏幕,HSK 6,
展出,HSK 7,TOCFL 4
展望,HSK 7,TOCFL 5
展現,HSK 5,TOCFL 5
展示,HSK 5,TOCFL 4
展覽,HSK 5,TOCFL 4
展覽會,HSK 7,
展開,HSK 3,TOCFL 4
屠殺,HSK 7,
屢,HSK 7,
屢次,HSK 7,
層,HSK 2,TOCFL 3
層出不窮,HSK 7,
層次,HSK 5,
層面,HSK 6,
履歷,TOCFL 5,
履行,HSK 7,TOCFL 5
屬,HSK 3,TOCFL 4
屬性,HSK 7,
屬於,HSK 3,TOCFL 4
屯,HSK 7,
山,HSK 1,TOCFL 1
山區,HSK 5,TOCFL 3
山地,TOCFL 4,
山坡,HSK 6,
山寨,HSK 7,
山岡,HSK 7,
山峰,HSK 6,TOCFL 5
山嶺,HSK 7,
山川,HSK 7,
山脈,TOCFL 5,
山谷,HSK 6,TOCFL 5
山路,HSK 7,
山頂,HSK 7,
屹立,HSK 7,
岩石,HSK 7,TOCFL 5
岳母,HSK 7,
岳父,HSK 7,
岸,HSK 5,
岸上,HSK 5,
峭壁,TOCFL 5,
峰會,HSK 6,
峰迴路轉,HSK 7,
島,HSK 6,TOCFL 3
島嶼,HSK 7,TOCFL 5
峽谷,HSK 7,TOCFL 5
崇尚,HSK 7,TOCFL 5
崇拜,HSK 6,TOCFL 4
崇高,HSK 7,TOCFL 4
崗位,HSK 6,TOCFL 5
崛起,HSK 7,
崩潰,HSK 7,TOCFL 5
嵗,HSK 1,
嶄新,HSK 7,TOCFL 5
巔峰,HSK 7,
川流不息,HSK 7,
州,TOCFL 4,
工人,HSK 1,TOCFL 1
工作,HSK 1,TOCFL 1
工作日,HSK 5,
工作量,HSK 7,
工具,HSK 3,TOCFL 3
工商,HSK 6,
工商界,HSK 7,
工地,HSK 7,TOCFL 5
工夫,HSK 3,TOCFL 4
工序,HSK 7,
工廠,HSK 3,TOCFL 1
工整,HSK 7,
工會,HSK 7,TOCFL 4
工業,HSK 3,TOCFL 3
工科,HSK 7,
工程,HSK 4,TOCFL 4
工程師,HSK 3,
工藝,HSK 5,
工藝品,TOCFL 5,
工讀,TOCFL 5,
工資,HSK 3,TOCFL 4
工錢,TOCFL 4,
左,HSK 1,TOCFL 2
左右,HSK 3,TOCFL 4
左邊,HSK 1,TOCFL 1
左顧右盼,HSK 7,
巧,HSK 3,TOCFL 4
巧克力,HSK 4,TOCFL 1
巧合,HSK 7,TOCFL 5
巧妙,HSK 6,TOCFL 4
巨人,HSK 7,TOCFL 5
巨型,HSK 7,
巨大,HSK 4,TOCFL 4
巨星,HSK 7,
巨頭,HSK 7,
巨額,HSK 7,
巫婆,HSK 7,
差,HSK 1,TOCFL 2
差一點兒,TOCFL 3,
差不多,HSK 2,TOCFL 2
差別,HSK 5,TOCFL 3
差異,HSK 6,TOCFL 3
差距,HSK 5,TOCFL 4
差錯,HSK 7,TOCFL 4
差額,HSK 7,TOCFL 5
差點兒,HSK 5,TOCFL 3
已,HSK 3,TOCFL 3
已婚,TOCFL 4,
已經,HSK 2,TOCFL 2
巴不得,HSK 7,
巴士,HSK 4,TOCFL 3
巷,TOCFL 4,
巷子,TOCFL 4,
市,HSK 2,TOCFL 2
市區,HSK 4,TOCFL 4
市場,HSK 3,TOCFL 1
市場經濟,HSK 7,
市容,TOCFL 5,
市民,HSK 6,TOCFL 4
市立,TOCFL 4,
市長,HSK 2,TOCFL 3
市面,TOCFL 5,
布,HSK 3,TOCFL 3
布告,TOCFL 4,
布告欄,TOCFL 4,
布局,HSK 7,
布滿,HSK 6,
布置,HSK 4,TOCFL 3
帆,HSK 7,
帆船,HSK 7,
希望,HSK 3,TOCFL 1
帖子,HSK 7,
帝國,HSK 7,
帝國主義,HSK 7,
帥,HSK 4,TOCFL 3
帥哥,HSK 4,
師傅,HSK 5,TOCFL 4
師母,TOCFL 4,
師父,HSK 6,TOCFL 4
師生,HSK 6,
師範,HSK 7,TOCFL 5
師資,HSK 7,
師長,HSK 7,
席,HSK 7,TOCFL 5
席位,HSK 7,TOCFL 5
帳單,TOCFL 4,
帳子,HSK 7,
帳篷,HSK 7,TOCFL 5
帶,HSK 2,TOCFL 1
帶來,HSK 2,TOCFL 3
帶動,HSK 3,TOCFL 4
帶子,TOCFL 4,
帶有,HSK 5,
帶路,HSK 7,TOCFL 4
帶隊,HSK 7,
帶領,HSK 3,TOCFL 3
帶頭,HSK 7,
帶頭人,HSK 7,
常,HSK 1,TOCFL 3
常人,HSK 7,
常常,HSK 1,TOCFL 1
常年,HSK 6,
常態,HSK 7,
常溫,HSK 7,
常理,HSK 7,
常用,HSK 2,
常見,HSK 2,
常規,HSK 6,
常識,HSK 4,TOCFL 4
帽子,HSK 4,TOCFL 2
幅,HSK 5,TOCFL 4
幅度,HSK 5,TOCFL 5
幕,HSK 7,TOCFL 5
幕後,HSK 7,
幢,HSK 7,TOCFL 4
幣值,TOCFL 5,
幫,HSK 1,TOCFL 2
幫助,HSK 2,TOCFL 3
幫忙,HSK 1,TOCFL 1
幫手,HSK 7,
干戈,HSK 7,
干擾,HSK 5,TOCFL 5
干涉,HSK 6,TOCFL 5
干預,HSK 5,
平,HSK 2,TOCFL 3
平價,HSK 7,
平凡,HSK 6,TOCFL 5
平原,HSK 5,TOCFL 3
平和,HSK 7,
平均,HSK 4,TOCFL 4
平坦,HSK 5,
平安,HSK 2,TOCFL 3
平常,HSK 2,TOCFL 2
平常心,HSK 7,
平息,HSK 7,
平方,HSK 4,
平方米,HSK 6,
平日,HSK 7,
平時,HSK 2,TOCFL 3
平民,HSK 7,
平淡,HSK 7,
平穩,HSK 4,TOCFL 5
平等,HSK 2,TOCFL 3
平臺,HSK 6,
平行,TOCFL 5,
平衡,HSK 6,TOCFL 4
平靜,HSK 4,TOCFL 4
平面,HSK 7,TOCFL 5
年,HSK 1,TOCFL 1
年代,HSK 3,TOCFL 3
年初,HSK 3,
年前,HSK 5,
年夜飯,HSK 7,
年年,TOCFL 3,
年底,HSK 3,
年度,HSK 5,
年畫,HSK 7,
年紀,HSK 3,TOCFL 2
年級,HSK 2,TOCFL 1
年終,HSK 7,
年薪,HSK 7,
年輕,HSK 2,TOCFL 1
年邁,HSK 7,
年限,HSK 7,
年齡,HSK 5,TOCFL 3
并,HSK 3,
幸免,HSK 7,
幸好,HSK 7,TOCFL 3
幸存,HSK 7,
幸福,HSK 3,TOCFL 2
幸虧,HSK 7,TOCFL 3
幸運,HSK 3,TOCFL 3
幹,HSK 1,TOCFL 4
幹事,HSK 7,
幹什麼,HSK 1,TOCFL 4
幹嗎,HSK 3,
幹嘛,TOCFL 4,
幹活兒,HSK 2,
幹部,HSK 7,TOCFL 4
幻影,HSK 7,
幻想,HSK 6,TOCFL 4
幻覺,HSK 7,
幻象,TOCFL 5,
幼兒園,HSK 4,
幼稚,HSK 7,TOCFL 5
幽默,HSK 5,TOCFL 3
幾,HSK 1,TOCFL 1
幾乎,HSK 4,TOCFL 4
幾率,HSK 7,
床,HSK 1,TOCFL 1
床位,HSK 7,
床單,TOCFL 4,
序,HSK 7,
序幕,HSK 7,TOCFL 5
底,HSK 4,TOCFL 3
底下,HSK 3,TOCFL 3
底子,HSK 7,
底層,HSK 7,
底片,TOCFL 5,
底線,HSK 7,
底蘊,HSK 7,
店,HSK 2,TOCFL 1
店員,TOCFL 3,
度,HSK 2,TOCFL 2
度假,HSK 7,
度過,HSK 4,TOCFL 4
度量衡,TOCFL 5,
座,HSK 2,TOCFL 3
座位,HSK 2,TOCFL 2
座右銘,HSK 7,TOCFL 5
座談,HSK 7,TOCFL 5
座談會,HSK 6,
庫,HSK 5,
庫存,TOCFL 5,
康復,HSK 6,TOCFL 5
庸俗,HSK 7,
廁所,HSK 6,TOCFL 1
廉價,HSK 7,TOCFL 5
廉政,HSK 7,
廉正,HSK 7,
廉潔,HSK 7,TOCFL 5
廚師,HSK 6,TOCFL 3
廚房,HSK 5,TOCFL 1
廟,HSK 7,TOCFL 3
廟會,HSK 7,
廠商,HSK 6,TOCFL 4
廠家,HSK 7,
廠長,HSK 5,
廢,HSK 7,TOCFL 5
廢品,HSK 7,
廢墟,HSK 7,TOCFL 5
廢寢忘食,HSK 7,
廢棄,TOCFL 5,
廢止,TOCFL 5,
廢氣,TOCFL 4,
廢水,TOCFL 4,
廢物,HSK 7,TOCFL 4
廢話,HSK 7,TOCFL 4
廢除,HSK 7,TOCFL 5
廣,HSK 5,TOCFL 4
廣告,HSK 2,TOCFL 3
廣場,HSK 2,TOCFL 3
廣大,HSK 3,TOCFL 4
廣播,HSK 3,TOCFL 3
廣泛,HSK 5,TOCFL 4
廣義,HSK 7,
廣闊,HSK 6,TOCFL 4
龐大,HSK 7,
廳,HSK 5,
延,HSK 7,
延伸,HSK 5,TOCFL 5
延期,HSK 4,
延緩,HSK 7,
延續,HSK 4,TOCFL 5
延誤,HSK 7,TOCFL 5
延遲,TOCFL 5,
延長,HSK 4,TOCFL 4
建,HSK 3,TOCFL 4
建交,HSK 7,
建國,TOCFL 4,
建成,HSK 3,
建樹,HSK 7,
建立,HSK 3,TOCFL 3
建築,HSK 5,TOCFL 4
建築師,HSK 7,
建築物,HSK 7,
建設,HSK 3,TOCFL 3
建議,HSK 3,TOCFL 3
建造,HSK 5,TOCFL 5
弄,HSK 2,TOCFL 2
弄虛作假,HSK 7,
弄錯,TOCFL 5,
弊病,HSK 7,
弊端,HSK 7,
式,HSK 5,
式樣,TOCFL 4,
弓,HSK 7,TOCFL 5
引,HSK 4,TOCFL 5
引人入勝,HSK 7,
引人注目,HSK 7,
引入,HSK 7,
引導,HSK 4,TOCFL 5
引擎,HSK 7,TOCFL 5
引用,HSK 7,
引發,HSK 7,TOCFL 4
引經據典,HSK 7,
引誘,HSK 7,
引起,HSK 4,TOCFL 3
引進,HSK 4,TOCFL 5
引領,HSK 7,
弘揚,HSK 7,
弟兄,TOCFL 5,
弟子,HSK 7,
弟弟,HSK 1,TOCFL 1
弦,HSK 7,
弱,HSK 4,TOCFL 3
弱勢,HSK 7,
弱點,HSK 7,
張,HSK 3,TOCFL 1
張揚,HSK 7,
張燈結彩,HSK 7,
張貼,HSK 7,TOCFL 5
張開,TOCFL 5,
強,HSK 3,TOCFL 4
強人,TOCFL 4,
強制,HSK 7,
強加,HSK 7,
強勁,HSK 7,TOCFL 5
強勢,HSK 6,
強化,HSK 6,
強占,HSK 7,
強壯,HSK 6,TOCFL 5
強大,HSK 3,TOCFL 4
強度,HSK 5,TOCFL 4
強權,TOCFL 5,
強求,TOCFL 5,
強烈,HSK 3,TOCFL 4
強盜,HSK 6,TOCFL 3
強硬,HSK 7,
強行,HSK 7,
強調,HSK 3,TOCFL 3
強迫,HSK 5,TOCFL 4
強項,HSK 7,
彈,HSK 5,TOCFL 4
彈性,HSK 7,TOCFL 5
彌漫,HSK 7,
彌補,HSK 7,TOCFL 5
彎,HSK 4,TOCFL 4
彎曲,HSK 6,TOCFL 5
彎腰,TOCFL 4,
彗星,TOCFL 5,
彙報,HSK 4,
彙集,HSK 7,
形,HSK 6,
形勢,HSK 4,TOCFL 5
形容,HSK 4,TOCFL 3
形式,HSK 3,TOCFL 4
形形色色,HSK 7,TOCFL 5
形影不離,HSK 7,
形態,HSK 5,TOCFL 5
形成,HSK 3,TOCFL 4
形狀,HSK 3,TOCFL 4
形象,HSK 3,TOCFL 4
形體,TOCFL 5,
彩票,HSK 5,
彩繪,TOCFL 5,
彩色,HSK 3,TOCFL 4
彩虹,HSK 7,
彩電,HSK 7,
彩霞,HSK 7,
彬彬有禮,HSK 7,
影像,HSK 7,
影印,TOCFL 4,
影子,HSK 4,TOCFL 4
影射,TOCFL 5,
影星,HSK 6,
影本,TOCFL 4,
影片,HSK 2,TOCFL 3
影視,HSK 3,
影迷,HSK 6,
影響,HSK 2,TOCFL 2
彼此,HSK 5,TOCFL 4
往,HSK 2,TOCFL 1
往事,HSK 7,
往來,HSK 6,TOCFL 5
往常,HSK 7,
往年,HSK 6,
往往,HSK 3,TOCFL 3
往後,HSK 6,
往日,HSK 7,
往返,HSK 7,
征,HSK 7,
征服,HSK 4,
待,HSK 5,TOCFL 4
待會,TOCFL 4,
待會兒,HSK 6,TOCFL 4
待遇,HSK 4,TOCFL 4
很,HSK 1,TOCFL 1
很难说,HSK 6,
律師,HSK 4,TOCFL 3
後,HSK 1,TOCFL 1
後人,HSK 7,
後代,HSK 7,TOCFL 4
後來,HSK 2,TOCFL 2
後備,HSK 7,
後備箱,HSK 7,
後勤,HSK 7,
後天,HSK 1,TOCFL 2
後年,HSK 3,TOCFL 4
後悔,HSK 5,TOCFL 4
後方,TOCFL 4,
後期,HSK 7,
後果,HSK 3,TOCFL 4
後盾,HSK 7,
後續,HSK 7,
後者,HSK 7,
後臺,HSK 7,
後裔,HSK 7,
後輩,TOCFL 5,
後退,HSK 7,TOCFL 4
後遺癥,HSK 7,
後邊,HSK 1,
後院,TOCFL 4,
後面,HSK 3,TOCFL 1
後頭,HSK 4,TOCFL 4
後顧之憂,HSK 7,
徐徐,HSK 7,
徒弟,HSK 6,TOCFL 5
徒步,HSK 7,
得,HSK 2,TOCFL 1
得不償失,HSK 7,
得了,HSK 5,TOCFL 4
得以,HSK 5,TOCFL 5
得出,HSK 2,
得分,HSK 3,TOCFL 4
得到,HSK 1,TOCFL 3
得力,HSK 7,
得天獨厚,HSK 7,
得失,HSK 7,
得很,TOCFL 3,
得意,HSK 4,TOCFL 3
得意揚揚,HSK 7,
得手,HSK 7,
得獎,TOCFL 4,
得當,HSK 7,
得益於,HSK 7,
得知,HSK 7,
得罪,HSK 7,TOCFL 4
得體,HSK 7,
徘徊,HSK 7,
從,HSK 1,TOCFL 1
從不,HSK 6,TOCFL 3
從中,HSK 5,
從事,HSK 3,TOCFL 4
從今以後,HSK 7,
從來,HSK 3,TOCFL 3
從來不,HSK 7,
從前,HSK 3,TOCFL 2
從容,HSK 7,TOCFL 5
從容不迫,HSK 7,
從小,HSK 2,TOCFL 3
從早到晚,HSK 7,
從未,HSK 7,
從業,HSK 7,
從此,HSK 4,TOCFL 4
從沒,HSK 6,TOCFL 4
從而,HSK 5,TOCFL 5
從頭,HSK 7,
復原,HSK 7,TOCFL 5
復查,HSK 7,
復活,HSK 7,
復甦,TOCFL 5,
復發,HSK 7,
復興,HSK 7,
復蘇,HSK 6,
循序漸進,HSK 7,
循環,HSK 6,TOCFL 4
微不足道,HSK 7,
微信,HSK 4,
微博,HSK 5,
微型,HSK 7,
微妙,HSK 7,
微小,TOCFL 5,
微弱,HSK 7,TOCFL 5
微波爐,HSK 6,
微笑,HSK 4,TOCFL 3
微觀,HSK 7,
徵收,HSK 7,TOCFL 5
徵求,HSK 4,TOCFL 4
徵集,HSK 7,
德,HSK 7,
徹夜,HSK 7,
徹底,HSK 4,
心,HSK 3,TOCFL 2
心中,HSK 2,
心事,HSK 7,TOCFL 5
心安理得,HSK 7,
心得,HSK 7,TOCFL 3
心思,HSK 7,TOCFL 5
心急如焚,HSK 7,
心情,HSK 2,TOCFL 2
心想事成,HSK 7,
心意,HSK 7,TOCFL 3
心愛,HSK 7,TOCFL 5
心態,HSK 5,TOCFL 5
心慌,HSK 7,
心理,HSK 4,TOCFL 3
心疼,HSK 5,TOCFL 5
心病,HSK 7,
心目,HSK 7,
心目中,TOCFL 4,
心眼兒,HSK 7,
心聲,HSK 7,TOCFL 4
心胸,HSK 7,TOCFL 5
心腸,HSK 7,
心臟,HSK 6,TOCFL 4
心臟病,HSK 6,
心血,HSK 7,
心裡,HSK 2,
心裡話,HSK 7,
心跳,TOCFL 4,
心軟,TOCFL 5,
心酸,HSK 7,TOCFL 5
心靈,HSK 6,TOCFL 4
心靈手巧,HSK 7,
心願,HSK 6,
必,HSK 5,TOCFL 5
必不可少,HSK 7,
必修,HSK 6,
必備,TOCFL 5,
必定,HSK 7,TOCFL 5
必將,HSK 6,
必然,HSK 3,TOCFL 5
必要,HSK 3,TOCFL 3
必需,HSK 5,
必須,HSK 2,TOCFL 2
忌,HSK 7,
忌口,HSK 7,
忌諱,HSK 7,
忍,HSK 5,TOCFL 3
忍不住,HSK 5,TOCFL 4
忍受,HSK 5,TOCFL 4
忍心,HSK 7,TOCFL 4
忍痛,TOCFL 5,
忍耐,HSK 7,TOCFL 3
忍飢挨餓,HSK 7,
志向,TOCFL 5,
志氣,HSK 7,TOCFL 4
志趣,TOCFL 5,
志願,HSK 3,TOCFL 4
志願者,HSK 3,
忘,HSK 1,TOCFL 2
忘不了,HSK 7,
忘掉,HSK 7,
忘記,HSK 1,TOCFL 3
忙,HSK 1,TOCFL 1
忙亂,HSK 7,
忙活,HSK 7,
忙碌,HSK 7,TOCFL 4
忠實,HSK 7,TOCFL 5
忠心,HSK 6,
忠於,HSK 7,
忠誠,HSK 7,
忠貞,HSK 7,
快,HSK 1,TOCFL 1
快捷,HSK 7,
快樂,HSK 2,TOCFL 1
快活,HSK 5,TOCFL 5
快要,HSK 2,TOCFL 3
快車,HSK 6,
快速,HSK 3,TOCFL 5
快遞,HSK 4,
快餐,HSK 2,
快點兒,HSK 2,
念,HSK 3,TOCFL 2
念念不忘,HSK 7,
念書,HSK 7,TOCFL 3
念頭,HSK 7,TOCFL 5
忽悠,HSK 7,
忽然,HSK 2,TOCFL 3
忽略,HSK 6,TOCFL 4
忽視,HSK 4,TOCFL 4
忽高忽低,HSK 7,
怎,TOCFL 4,
怎樣,HSK 2,
怎麼,HSK 1,TOCFL 1
怎麼了,TOCFL 2,
怎麼樣,HSK 2,TOCFL 1
怎麼辦,HSK 2,TOCFL 2
怒氣,TOCFL 5,
怕,HSK 2,TOCFL 2
思前想後,HSK 7,
思念,HSK 7,TOCFL 5
思想,HSK 3,TOCFL 3
思潮,TOCFL 5,
思索,HSK 7,TOCFL 4
思維,HSK 5,TOCFL 5
思考,HSK 4,TOCFL 3
思路,HSK 7,
怠工,HSK 7,
怠慢,HSK 7,TOCFL 5
怡然自得,HSK 7,
急,HSK 2,TOCFL 3
急劇,HSK 7,
急忙,HSK 4,TOCFL 4
急性,HSK 7,
急救,HSK 6,TOCFL 5
急於,HSK 7,
急診,HSK 7,TOCFL 5
急躁,TOCFL 5,
急轉彎,HSK 7,
急迫,HSK 7,
急需,HSK 7,
性,HSK 3,TOCFL 5
性價比,HSK 7,
性別,HSK 3,TOCFL 3
性命,HSK 7,
性情,HSK 7,TOCFL 5
性格,HSK 3,TOCFL 3
性能,HSK 5,TOCFL 5
性質,HSK 4,TOCFL 4
怨,HSK 5,TOCFL 5
怨恨,HSK 7,
怨氣,HSK 7,
怨言,HSK 7,
怪,HSK 4,TOCFL 3
怪不得,HSK 7,TOCFL 5
怪物,HSK 7,
怪異,HSK 7,
恍惚,TOCFL 5,
恍然大悟,HSK 7,
恐嚇,HSK 7,TOCFL 5
恐怕,HSK 3,TOCFL 3
恐怖,HSK 7,TOCFL 4
恐慌,HSK 7,
恐懼,HSK 7,TOCFL 5
恐龍,HSK 7,
恢復,HSK 5,TOCFL 2
恥笑,HSK 7,
恥辱,HSK 7,
恨,HSK 5,TOCFL 3
恨不得,HSK 7,TOCFL 3
恩人,HSK 6,TOCFL 5
恩怨,HSK 7,TOCFL 5
恩情,HSK 7,TOCFL 5
恩惠,HSK 7,
恩愛,TOCFL 5,
恩賜,HSK 7,
恭喜,HSK 7,TOCFL 3
恭敬,TOCFL 5,
恭維,HSK 7,TOCFL 5
息息相關,HSK 7,
恰到好處,HSK 7,
恰好,HSK 6,TOCFL 5
恰如其分,HSK 7,
恰巧,HSK 7,
恰恰,HSK 6,TOCFL 5
恰恰相反,HSK 7,
恰當,HSK 6,TOCFL 5
悄悄,HSK 5,TOCFL 4
悅耳,HSK 7,
悔恨,HSK 7,TOCFL 5
悠久,HSK 7,TOCFL 5
悠閒,HSK 7,TOCFL 5
患,HSK 7,TOCFL 5
患有,HSK 7,
患病,HSK 7,
患者,HSK 6,TOCFL 5
您,HSK 1,TOCFL 1
悲傷,HSK 5,
悲劇,HSK 5,TOCFL 4
悲哀,HSK 7,TOCFL 5
悲慘,HSK 6,
悲歡離合,HSK 7,
悲痛,HSK 7,TOCFL 4
悲觀,HSK 7,TOCFL 5
悶,HSK 7,TOCFL 5
悶熱,TOCFL 5,
悼念,HSK 7,
情,HSK 7,TOCFL 3
情不自禁,HSK 7,
情人,HSK 7,TOCFL 3
情侶,HSK 7,TOCFL 5
情報,HSK 7,TOCFL 5
情婦,TOCFL 5,
情形,HSK 5,TOCFL 3
情感,HSK 3,
情懷,HSK 7,
情操,TOCFL 5,
情景,HSK 4,TOCFL 5
情書,TOCFL 4,
情況,HSK 3,TOCFL 3
情節,HSK 5,TOCFL 5
情結,HSK 7,
情緒,HSK 6,TOCFL 4
情誼,HSK 7,
情調,HSK 7,
情趣,TOCFL 5,
情願,HSK 7,
惋惜,HSK 7,TOCFL 5
惡,HSK 7,TOCFL 5
惡劣,HSK 7,TOCFL 4
惡化,HSK 7,TOCFL 5
惡心,HSK 4,
惡性,HSK 7,TOCFL 5
惡意,HSK 7,TOCFL 5
惦記,HSK 7,TOCFL 5
惱羞成怒,HSK 7,
想,HSK 1,TOCFL 1
想不到,HSK 6,TOCFL 4
想像,TOCFL 3,
想到,HSK 2,TOCFL 3
想念,HSK 4,TOCFL 4
想方設法,HSK 7,
想法,HSK 2,TOCFL 3
想象,HSK 4,
想起,HSK 2,
想開,TOCFL 5,
惶恐,TOCFL 5,
惹,HSK 7,TOCFL 4
愁,HSK 5,TOCFL 4
愁眉苦臉,HSK 7,
愈,TOCFL 5,
愈來愈,HSK 7,
愈演愈烈,HSK 7,
愉快,HSK 6,TOCFL 2
意向,HSK 7,
意味,TOCFL 5,
意味著,HSK 5,
意圖,HSK 7,TOCFL 5
意外,HSK 3,TOCFL 3
意志,HSK 5,TOCFL 4
意思,HSK 2,TOCFL 1
意想不到,HSK 6,
意料,HSK 7,
意料之外,HSK 7,
意義,HSK 3,TOCFL 3
意見,HSK 2,TOCFL 3
意識,HSK 5,TOCFL 4
意識到,TOCFL 5,
意願,HSK 6,TOCFL 4
愚公移山,HSK 7,
愚蠢,HSK 7,TOCFL 5
愛,HSK 1,TOCFL 1
愛不釋手,HSK 7,
愛人,HSK 2,TOCFL 4
愛國,HSK 4,TOCFL 5
愛好,HSK 1,TOCFL 4
愛心,HSK 3,TOCFL 3
愛情,HSK 2,TOCFL 3
愛惜,HSK 7,TOCFL 3
愛戴,TOCFL 5,
愛滋病,TOCFL 5,
愛理不理,HSK 7,
愛護,HSK 4,TOCFL 4
愛面子,HSK 7,
感,HSK 7,
感人,HSK 6,
感冒,HSK 3,TOCFL 1
感到,HSK 2,TOCFL 4
感動,HSK 2,TOCFL 3
感受,HSK 3,TOCFL 4
感嘆,HSK 7,
感性,HSK 7,TOCFL 5
感恩,HSK 7,TOCFL 4
感情,HSK 3,TOCFL 4
感想,HSK 5,TOCFL 3
感慨,HSK 7,
感染,HSK 7,TOCFL 4
感染力,HSK 7,
感激,HSK 7,TOCFL 4
感興趣,HSK 4,TOCFL 3
感覺,HSK 2,TOCFL 2
感觸,HSK 7,TOCFL 5
感謝,HSK 2,TOCFL 2
愣,HSK 7,
慈善,HSK 7,TOCFL 5
慈祥,HSK 7,
態勢,TOCFL 5,
態度,HSK 2,TOCFL 3
慌,HSK 5,TOCFL 4
慌亂,HSK 7,
慌張,HSK 7,TOCFL 5
慌忙,HSK 5,
慎重,HSK 7,TOCFL 4
慘,HSK 6,TOCFL 4
慘痛,HSK 7,
慘白,HSK 7,
慘重,HSK 7,TOCFL 5
慚愧,HSK 7,TOCFL 4
慢,HSK 1,TOCFL 1
慢性,HSK 7,
慢慢,HSK 3,TOCFL 3
慢慢來,HSK 7,
慢用,TOCFL 3,
慢跑,TOCFL 3,
慢車,HSK 6,
慣,HSK 7,TOCFL 4
慣例,HSK 7,TOCFL 4
慣性,HSK 7,
慫恿,TOCFL 5,
慰勞,HSK 7,
慰問,HSK 5,TOCFL 4
慶典,HSK 7,
慶幸,HSK 7,TOCFL 5
慶祝,HSK 3,TOCFL 2
慶賀,HSK 7,
慷慨,HSK 7,TOCFL 5
慾望,HSK 7,
憂愁,HSK 7,
憂慮,HSK 7,
憂鬱,HSK 7,TOCFL 4
憋,HSK 7,TOCFL 5
憐惜,HSK 7,
憑,HSK 5,TOCFL 4
憑借,HSK 7,
憑著,HSK 7,
憑證,HSK 7,
憤怒,HSK 6,TOCFL 4
憧憬,TOCFL 5,
憲法,HSK 7,TOCFL 5
懂,HSK 2,TOCFL 1
懂事,HSK 7,TOCFL 3
懂得,HSK 2,TOCFL 4
懇求,HSK 7,
應,HSK 4,TOCFL 3
應付,HSK 7,TOCFL 4
應對,HSK 6,
應徵,TOCFL 5,
應急,HSK 6,TOCFL 5
應有盡有,HSK 7,
應用,HSK 3,TOCFL 4
應當,HSK 3,TOCFL 4
應聘,HSK 7,
應該,HSK 2,TOCFL 2
應變,TOCFL 5,
應邀,HSK 7,TOCFL 4
應酬,HSK 7,TOCFL 5
應驗,TOCFL 5,
懊惱,TOCFL 5,
懦弱,TOCFL 5,
懲罰,HSK 7,
懲處,HSK 7,
懶,HSK 6,TOCFL 4
懶得,HSK 7,TOCFL 4
懶惰,HSK 7,TOCFL 5
懶散,TOCFL 5,
懷,TOCFL 5,
懷孕,HSK 7,TOCFL 4
懷念,HSK 4,TOCFL 4
懷抱,HSK 7,
懷疑,HSK 4,TOCFL 5
懷舊,HSK 7,
懷著,HSK 7,
懷裡,HSK 7,
懸,HSK 6,TOCFL 4
懸崖,HSK 7,TOCFL 5
懸念,HSK 7,
懸掛,HSK 7,
懸殊,HSK 7,TOCFL 5
戀愛,HSK 5,TOCFL 3
戀戀不捨,HSK 7,
戈壁,HSK 7,
成,HSK 2,TOCFL 3
成交,HSK 5,TOCFL 4
成人,HSK 4,TOCFL 5
成全,TOCFL 5,
成分,HSK 6,TOCFL 4
成功,HSK 3,TOCFL 2
成千上萬,HSK 7,
成品,HSK 6,TOCFL 5
成員,HSK 3,TOCFL 5
成問題,HSK 7,
成型,HSK 7,
成天,HSK 7,TOCFL 4
成家,HSK 7,
成就,HSK 3,TOCFL 3
成年,HSK 7,
成才,HSK 7,
成效,HSK 5,TOCFL 5
成敗,TOCFL 5,
成本,HSK 5,TOCFL 4
成果,HSK 3,TOCFL 3
成為,HSK 2,TOCFL 4
成熟,HSK 3,TOCFL 3
成立,HSK 3,TOCFL 4
成績,HSK 2,TOCFL 2
成群結隊,HSK 7,
成衣,TOCFL 5,
成見,TOCFL 5,
成語,HSK 5,TOCFL 4
成長,HSK 3,TOCFL 3
我,HSK 1,TOCFL 1
我們,HSK 1,TOCFL 1
戒,HSK 5,TOCFL 5
戒備,HSK 7,TOCFL 5
戒指,HSK 7,TOCFL 4
戒煙,HSK 7,
或,HSK 2,TOCFL 2
或多或少,HSK 7,TOCFL 4
或是,HSK 5,TOCFL 2
或者,HSK 2,TOCFL 4
或許,HSK 4,TOCFL 3
截,HSK 7,TOCFL 5
截止,HSK 6,TOCFL 4
截然不同,HSK 7,
截至,HSK 6,
戰亂,TOCFL 5,
戰勝,HSK 4,TOCFL 5
戰友,HSK 6,TOCFL 5
戰場,HSK 6,TOCFL 4
戰士,HSK 4,TOCFL 5
戰戰兢兢,TOCFL 5,
戰機,TOCFL 5,
戰火,TOCFL 5,
戰爭,HSK 4,TOCFL 3
戰略,HSK 6,TOCFL 5
戰線,TOCFL 5,
戰術,HSK 6,TOCFL 5
戰鬥,HSK 4,
戲,HSK 5,TOCFL 3
戲劇,HSK 5,TOCFL 3
戲曲,HSK 6,TOCFL 5
戴,HSK 4,TOCFL 2
戳,HSK 7,
戶,HSK 4,TOCFL 4
戶口,TOCFL 5,
戶外,HSK 6,TOCFL 4
房價,HSK 6,
房地產,HSK 7,
房子,HSK 1,TOCFL 1
房客,TOCFL 3,
房屋,HSK 3,TOCFL 3
房東,HSK 3,TOCFL 3
房租,HSK 3,TOCFL 2
房間,HSK 1,TOCFL 1
所,HSK 3,TOCFL 3
所以,HSK 2,TOCFL 1
所作所為,HSK 7,
所在,HSK 5,TOCFL 5
所屬,HSK 7,
所得,TOCFL 5,
所有,HSK 2,TOCFL 2
所謂,HSK 7,TOCFL 3
所長,HSK 3,
扁,HSK 6,TOCFL 4
扇,HSK 5,
扇子,HSK 5,TOCFL 4
手,HSK 1,TOCFL 1
手冊,HSK 7,TOCFL 5
手動,HSK 7,
手勢,HSK 7,TOCFL 5
手套,HSK 4,TOCFL 3
手工,HSK 4,TOCFL 4
手帕,HSK 7,
手指,HSK 3,TOCFL 1
手指頭,TOCFL 1,
手掌,HSK 7,
手槍,HSK 7,TOCFL 5
手機,HSK 1,TOCFL 1
手段,HSK 5,TOCFL 4
手法,HSK 5,
手續,HSK 3,TOCFL 3
手續費,HSK 6,
手腕,HSK 7,
手腳,HSK 7,
手臂,HSK 7,
手藝,HSK 7,
手術,HSK 4,TOCFL 4
手術室,HSK 7,
手表,TOCFL 2,
手裡,HSK 4,
手錶,HSK 2,
手電筒,TOCFL 4,
手頭,HSK 7,
才,HSK 2,TOCFL 2
才智,TOCFL 5,
才能,HSK 3,TOCFL 4
才華,HSK 7,
扎,HSK 6,TOCFL 5
扎實,HSK 6,
扎根,HSK 7,
扒,HSK 7,
打,HSK 1,TOCFL 1
打交道,HSK 7,
打仗,HSK 7,TOCFL 3
打倒,HSK 7,
打動,HSK 6,
打包,HSK 5,TOCFL 4
打印,HSK 2,
打印機,HSK 6,
打字,TOCFL 4,
打官司,HSK 6,
打岔,HSK 7,
打工,HSK 2,TOCFL 3
打手,TOCFL 5,
打扮,HSK 5,TOCFL 4
打折,HSK 4,TOCFL 3
打招呼,HSK 7,TOCFL 4
打掃,HSK 4,TOCFL 2
打撈,HSK 7,
打擊,HSK 5,TOCFL 5
打擾,HSK 5,TOCFL 4
打攪,HSK 7,
打敗,HSK 4,
打斷,HSK 6,TOCFL 4
打架,HSK 5,TOCFL 3
打烊,TOCFL 5,
打牌,HSK 6,TOCFL 5
打獵,HSK 7,TOCFL 5
打球,HSK 1,
打發,HSK 6,TOCFL 5
打盹兒,HSK 7,
打破,HSK 3,
打磨,HSK 7,
打算,HSK 2,TOCFL 2
打聽,HSK 3,TOCFL 3
打賭,TOCFL 5,
打車,HSK 1,
打通,HSK 7,
打造,HSK 6,
打量,HSK 7,TOCFL 5
打針,HSK 4,TOCFL 4
打開,HSK 1,TOCFL 2
打雷,HSK 4,
打電話,HSK 1,TOCFL 1
打鬥,TOCFL 5,
扔,HSK 5,TOCFL 3
托,HSK 6,TOCFL 5
托兒所,TOCFL 4,
扛,HSK 7,TOCFL 5
扣,HSK 6,TOCFL 4
扣人心弦,HSK 7,
扣押,HSK 7,
扣留,HSK 7,
扣除,HSK 7,TOCFL 5
扭,HSK 6,
扭曲,HSK 7,
扭轉,HSK 7,TOCFL 5
扭頭,HSK 7,
扮,HSK 7,
扮演,HSK 5,TOCFL 4
扯,HSK 7,TOCFL 4
扳,HSK 7,
扶,HSK 5,TOCFL 4
扶持,HSK 7,
批,HSK 4,TOCFL 4
批准,HSK 3,TOCFL 5
批判,HSK 7,TOCFL 4
批發,HSK 7,TOCFL 5
批評,HSK 3,TOCFL 3
找,HSK 1,TOCFL 1
找出,HSK 2,
找到,HSK 1,
找尋,TOCFL 5,
找錢,TOCFL 3,
承包,HSK 7,TOCFL 5
承受,HSK 4,
承擔,HSK 4,TOCFL 5
承認,HSK 4,TOCFL 3
承諾,HSK 6,TOCFL 5
承載,HSK 7,
承辦,HSK 5,
技巧,HSK 4,TOCFL 3
技能,HSK 5,TOCFL 5
技藝,HSK 7,TOCFL 5
技術,HSK 3,TOCFL 4
抄,HSK 4,TOCFL 4
抄寫,HSK 4,
抄襲,HSK 7,TOCFL 5
抉擇,TOCFL 5,
把,HSK 3,TOCFL 2
把手,HSK 7,TOCFL 5
把持,TOCFL 5,
把握,HSK 3,TOCFL 3
把柄,HSK 7,
把關,HSK 7,
抑制,HSK 7,TOCFL 5
抑揚頓挫,HSK 7,
抑鬱,HSK 7,
抑鬱症,HSK 7,
抒情,HSK 7,
抓,HSK 3,TOCFL 3
抓住,HSK 3,
抓緊,HSK 4,TOCFL 5
投,HSK 4,TOCFL 3
投保,TOCFL 5,
投入,HSK 4,TOCFL 4
投奔,HSK 7,
投射,HSK 7,
投機,HSK 7,TOCFL 5
投票,HSK 6,TOCFL 4
投稿,HSK 7,
投訴,HSK 4,
投資,HSK 4,TOCFL 3
投身,HSK 7,
投降,HSK 7,TOCFL 4
抖,HSK 7,TOCFL 5
抗拒,HSK 7,
抗爭,HSK 7,TOCFL 5
抗生素,HSK 7,
抗衡,HSK 7,
抗議,HSK 6,TOCFL 4
折,HSK 4,TOCFL 4
折合,HSK 7,TOCFL 4
折射,HSK 7,
折扣,HSK 7,TOCFL 4
折疊,HSK 7,
折磨,HSK 7,TOCFL 4
折騰,HSK 7,TOCFL 5
抨擊,HSK 7,
披,HSK 5,TOCFL 4
披露,HSK 7,
抬,HSK 5,TOCFL 3
抬頭,HSK 5,TOCFL 4
抱,HSK 4,TOCFL 3
抱怨,HSK 5,TOCFL 3
抱歉,HSK 6,TOCFL 5
抱負,HSK 7,TOCFL 5
抵,TOCFL 4,
抵制,HSK 7,TOCFL 5
抵抗,HSK 6,TOCFL 4
抵押,HSK 7,TOCFL 5
抵擋,HSK 7,
抵消,HSK 7,
抵禦,HSK 7,
抵觸,HSK 7,
抵達,HSK 6,TOCFL 3
抹,HSK 7,TOCFL 4
押,HSK 7,TOCFL 5
押金,HSK 5,TOCFL 3
抽,HSK 4,TOCFL 3
抽屜,HSK 7,TOCFL 4
抽查,TOCFL 5,
抽樣,TOCFL 5,
抽煙,HSK 4,
抽獎,HSK 4,
抽空,TOCFL 5,
抽簽,HSK 7,
抽象,HSK 7,TOCFL 5
拆,HSK 5,TOCFL 4
拆遷,HSK 6,
拆除,HSK 5,
拉,HSK 2,TOCFL 2
拉動,HSK 7,
拉攏,HSK 7,
拉票,TOCFL 5,
拉肚子,TOCFL 3,
拉鎖,HSK 7,
拉開,HSK 4,
拋,HSK 7,TOCFL 5
拋棄,HSK 7,TOCFL 5
拋開,HSK 7,
拌,HSK 7,TOCFL 4
拍,HSK 3,TOCFL 3
拍子,TOCFL 5,
拍戲,HSK 7,
拍攝,HSK 5,TOCFL 5
拍板,HSK 7,
拍照,HSK 4,TOCFL 5
拍賣,HSK 7,
拍馬屁,TOCFL 5,
拎,HSK 7,
拐,HSK 6,TOCFL 5
拐彎,HSK 7,
拐杖,HSK 7,
拒,TOCFL 5,
拒絕,HSK 5,TOCFL 3
拓寬,HSK 7,
拓展,HSK 7,
拔,HSK 5,TOCFL 4
拖,HSK 6,TOCFL 4
拖延,HSK 7,TOCFL 5
拖欠,HSK 7,
拖累,HSK 7,TOCFL 5
拖鞋,HSK 6,TOCFL 4
拘束,HSK 7,
拘留,HSK 7,
拙劣,HSK 7,
招,HSK 6,
招募,HSK 7,
招呼,HSK 4,TOCFL 4
招待,HSK 7,TOCFL 3
招待會,HSK 7,
招手,HSK 5,TOCFL 4
招攬,HSK 7,
招收,HSK 7,
招數,HSK 7,
招標,HSK 7,
招牌,HSK 7,TOCFL 3
招生,HSK 5,
招聘,HSK 6,
拜,TOCFL 4,
拜年,HSK 7,TOCFL 4
拜拜,TOCFL 4,
拜會,HSK 7,TOCFL 5
拜見,HSK 7,
拜託,HSK 7,TOCFL 4
拜訪,HSK 5,TOCFL 4
括弧,HSK 7,
括號,HSK 4,
拯救,HSK 7,
拱,HSK 7,
拳,HSK 7,TOCFL 5
拳頭,HSK 7,TOCFL 4
拴,HSK 7,
拼,HSK 5,TOCFL 5
拼命,HSK 7,TOCFL 4
拼搏,HSK 7,
拽,HSK 7,
拾,HSK 5,TOCFL 5
拿,HSK 1,TOCFL 1
拿出,HSK 2,
拿到,HSK 2,
拿手,HSK 7,TOCFL 3
拿走,HSK 6,
持,HSK 7,TOCFL 5
持久,HSK 7,TOCFL 5
持之以恆,HSK 7,
持平,TOCFL 5,
持有,HSK 6,
持續,HSK 3,TOCFL 5
指,HSK 3,TOCFL 3
指令,HSK 7,
指出,HSK 3,TOCFL 4
指南,HSK 7,
指南針,HSK 7,TOCFL 5
指向,HSK 7,
指定,HSK 6,TOCFL 4
指導,HSK 3,TOCFL 4
指引,HSK 7,TOCFL 5
指手畫腳,HSK 7,
指控,TOCFL 5,
指揮,HSK 4,TOCFL 5
指教,HSK 7,
指數,HSK 6,TOCFL 5
指望,HSK 7,TOCFL 5
指標,HSK 5,TOCFL 5
指正,TOCFL 5,
指甲,HSK 5,
指示,HSK 5,TOCFL 4
指紋,TOCFL 5,
指著,HSK 6,
指責,HSK 5,TOCFL 4
指頭,HSK 6,TOCFL 5
指點,HSK 7,TOCFL 5
按,HSK 3,TOCFL 3
按摩,HSK 5,TOCFL 5
按時,HSK 4,TOCFL 4
按照,HSK 3,TOCFL 3
按理說,HSK 7,
按說,HSK 7,
按鍵,HSK 7,
挎,HSK 7,
挑,HSK 4,TOCFL 4
挑剔,HSK 7,TOCFL 5
挑戰,HSK 4,TOCFL 3
挑起,HSK 7,
挑選,HSK 4,TOCFL 4
挑釁,HSK 7,
挖,HSK 6,TOCFL 4
挖掘,HSK 7,
挖苦,HSK 7,
挨,HSK 6,TOCFL 5
挨家挨戶,HSK 7,
挨打,HSK 6,
挨著,HSK 6,
挪,HSK 7,TOCFL 5
挫折,HSK 7,TOCFL 3
振作,HSK 7,
振動,HSK 5,TOCFL 5
振奮,HSK 7,
振興,HSK 7,
挺,HSK 2,TOCFL 3
挺好,HSK 2,
挽,HSK 7,TOCFL 5
挽回,HSK 7,
挽救,HSK 7,TOCFL 5
挾持,HSK 7,
捂,HSK 7,
捅,HSK 7,
捆,HSK 7,TOCFL 5
捉,HSK 6,TOCFL 4
捉迷藏,HSK 7,
捍衛,HSK 7,
捎,HSK 7,
捏,HSK 7,TOCFL 4
捐,HSK 6,TOCFL 4
捐助,HSK 6,
捐款,HSK 6,TOCFL 4
捐獻,HSK 7,TOCFL 5
捐贈,HSK 6,TOCFL 5
捕,HSK 6,TOCFL 4
捕捉,HSK 7,
捧,HSK 7,TOCFL 4
捧場,HSK 7,TOCFL 5
捨不得,HSK 5,TOCFL 4
捨得,HSK 5,TOCFL 4
捲,HSK 4,TOCFL 4
捲入,HSK 7,
捶,HSK 7,
捷運,TOCFL 5,
掀,HSK 7,TOCFL 5
掀起,HSK 7,
掃,HSK 4,TOCFL 4
掃墓,HSK 7,
掃描,HSK 7,
掃興,HSK 7,
掃除,HSK 7,
掄,HSK 7,
授予,HSK 7,
授權,HSK 7,
授課,TOCFL 5,
掉,HSK 2,TOCFL 2
掉隊,HSK 7,
掉頭,HSK 7,
掌握,HSK 5,TOCFL 3
掌管,HSK 7,
掌聲,HSK 6,TOCFL 4
掏,HSK 6,TOCFL 4
掏錢,HSK 7,
掐,HSK 7,
排,HSK 2,TOCFL 3
排列,HSK 4,TOCFL 4
排名,HSK 3,TOCFL 5
排擠,TOCFL 5,
排放,HSK 7,
排斥,HSK 7,TOCFL 4
排球,HSK 2,TOCFL 4
排練,HSK 7,
排行榜,HSK 6,
排除,HSK 5,TOCFL 5
排隊,HSK 2,TOCFL 2
掙,HSK 5,TOCFL 5
掙扎,HSK 7,TOCFL 5
掙錢,HSK 5,
掛,HSK 3,TOCFL 2
掛失,HSK 7,
掛念,HSK 7,
掛號,HSK 7,TOCFL 2
掛號信,TOCFL 4,
掛鉤,HSK 7,
掠奪,HSK 7,
採,HSK 7,TOCFL 4
採光,TOCFL 5,
採取,HSK 3,TOCFL 5
採用,HSK 3,TOCFL 3
採礦,HSK 7,
採納,HSK 6,TOCFL 5
採訪,HSK 4,TOCFL 5
採購,HSK 5,TOCFL 4
採集,HSK 7,
探,HSK 7,TOCFL 4
探望,HSK 7,TOCFL 5
探求,HSK 7,
探測,HSK 7,
探病,TOCFL 5,
探究,TOCFL 5,
探索,HSK 6,TOCFL 5
探親,HSK 7,TOCFL 4
探討,HSK 6,TOCFL 4
探險,HSK 7,TOCFL 5
接,HSK 2,TOCFL 1
接下來,HSK 2,TOCFL 5
接二連三,HSK 7,
接到,HSK 2,TOCFL 4
接力,HSK 7,
接受,HSK 2,TOCFL 3
接待,HSK 3,TOCFL 4
接手,HSK 7,
接收,HSK 6,
接替,HSK 7,
接洽,TOCFL 5,
接濟,HSK 7,
接班,HSK 7,
接班人,HSK 7,
接管,TOCFL 5,
接納,HSK 7,TOCFL 5
接聽,HSK 7,
接著,HSK 2,TOCFL 3
接見,HSK 7,TOCFL 4
接觸,HSK 5,TOCFL 3
接軌,HSK 7,
接近,HSK 3,TOCFL 4
接送,HSK 7,
接通,HSK 7,
接連,HSK 5,TOCFL 5
控制,HSK 5,TOCFL 4
控告,HSK 7,
推,HSK 2,TOCFL 3
推出,HSK 6,TOCFL 5
推動,HSK 3,TOCFL 4
推卸,HSK 7,
推崇,TOCFL 5,
推廣,HSK 3,TOCFL 4
推敲,HSK 7,
推斷,HSK 7,
推測,HSK 7,TOCFL 5
推理,HSK 7,
推移,HSK 7,
推算,HSK 7,
推翻,HSK 7,TOCFL 4
推薦,HSK 7,TOCFL 3
推行,HSK 5,
推辭,HSK 7,
推進,HSK 3,
推遲,HSK 4,
推選,HSK 7,TOCFL 5
推銷,HSK 4,TOCFL 3
推開,HSK 3,
掩蓋,HSK 7,TOCFL 4
掩護,HSK 7,
掩飾,HSK 7,
措手不及,HSK 7,
措施,HSK 4,TOCFL 4
掰,HSK 7,
揀,HSK 7,TOCFL 4
揉,HSK 7,TOCFL 5
揍,HSK 7,TOCFL 5
描寫,HSK 4,TOCFL 3
描繪,HSK 7,TOCFL 5
描述,HSK 4,TOCFL 5
提,HSK 2,TOCFL 3
提交,HSK 6,
提供,HSK 4,TOCFL 3
提倡,HSK 5,TOCFL 5
提出,HSK 2,TOCFL 5
提到,HSK 2,TOCFL 3
提前,HSK 3,TOCFL 4
提升,HSK 6,TOCFL 5
提及,TOCFL 5,
提名,HSK 7,TOCFL 5
提問,HSK 3,
提心吊膽,HSK 7,
提拔,HSK 7,TOCFL 5
提早,HSK 7,TOCFL 4
提煉,HSK 7,
提示,HSK 5,
提議,HSK 7,TOCFL 5
提起,HSK 5,TOCFL 4
提速,HSK 7,
提醒,HSK 4,TOCFL 4
提防,HSK 7,
提高,HSK 2,TOCFL 3
插,HSK 5,TOCFL 4
插嘴,HSK 7,TOCFL 5
插圖,HSK 7,TOCFL 4
插手,HSK 7,
插曲,TOCFL 5,
插花,TOCFL 4,
揚,HSK 7,
換,HSK 2,TOCFL 1
換位,HSK 7,
換取,HSK 7,TOCFL 5
換成,HSK 7,
換言之,HSK 7,
握,HSK 5,TOCFL 4
握手,HSK 3,TOCFL 3
揣,HSK 7,
揣摩,HSK 7,
揣測,HSK 7,
揪,HSK 7,TOCFL 5
揭,HSK 6,
揭幕,TOCFL 5,
揭曉,HSK 7,TOCFL 5
揭發,HSK 7,
揭示,HSK 7,
揭露,HSK 7,
揮,HSK 7,TOCFL 4
援助,HSK 6,TOCFL 5
損,HSK 7,TOCFL 5
損人利己,HSK 7,
損傷,HSK 7,TOCFL 5
損壞,HSK 7,TOCFL 5
損失,HSK 5,TOCFL 4
損害,HSK 5,TOCFL 5
搏鬥,HSK 7,TOCFL 5
搓,HSK 7,TOCFL 4
搖,HSK 4,TOCFL 4
搖搖欲墜,HSK 7,
搖擺,HSK 7,TOCFL 4
搖晃,HSK 7,TOCFL 5
搖滾,HSK 7,
搖籃,HSK 7,
搖頭,HSK 5,TOCFL 4
搗亂,HSK 7,
搜,HSK 5,
搜尋,HSK 7,
搜救,HSK 7,
搜查,HSK 7,
搜索,HSK 5,
搜集,HSK 7,TOCFL 5
搞,HSK 5,TOCFL 3
搞好,HSK 5,
搞笑,HSK 7,
搞鬼,HSK 7,
搬,HSK 3,TOCFL 2
搬家,HSK 3,TOCFL 3
搬運,TOCFL 4,
搬遷,HSK 7,
搭,HSK 6,TOCFL 2
搭乘,HSK 7,
搭建,HSK 7,
搭檔,HSK 6,
搭配,HSK 6,TOCFL 5
搶,HSK 5,TOCFL 3
搶劫,HSK 7,
搶奪,HSK 7,
搶救,HSK 5,TOCFL 4
搶眼,HSK 7,
摔,HSK 5,TOCFL 4
摔倒,HSK 5,
摔跤,HSK 7,
摘,HSK 5,TOCFL 3
摟,HSK 7,TOCFL 4
摧殘,TOCFL 5,
摧毀,HSK 7,TOCFL 5
摩托車,TOCFL 3,
摩擦,HSK 5,
摩託,HSK 5,
摳,HSK 7,
摸,HSK 4,TOCFL 3
摸索,HSK 7,
摻,HSK 7,
撇,HSK 7,
撈,HSK 7,TOCFL 4
撐,HSK 6,TOCFL 4
撐腰,TOCFL 5,
撒,HSK 7,TOCFL 5
撒謊,HSK 7,TOCFL 5
撓,HSK 7,
撕,HSK 7,TOCFL 4
撞,HSK 5,TOCFL 4
撞擊,HSK 7,
撤,HSK 7,
撤回,TOCFL 5,
撤換,HSK 7,
撤銷,HSK 6,TOCFL 5
撤離,HSK 6,
撥,HSK 7,TOCFL 4
撥打,HSK 6,
撥款,HSK 7,
撥通,HSK 7,
撫恤,HSK 7,
撫摸,HSK 7,
撫育,TOCFL 5,
撫養,HSK 7,TOCFL 5
撫養費,HSK 7,
撬,HSK 7,
播,HSK 6,TOCFL 3
播出,HSK 3,TOCFL 5
播放,HSK 3,
撮合,TOCFL 5,
撰寫,HSK 7,TOCFL 5
撲,HSK 6,TOCFL 4
撲克,HSK 7,
撲滅,TOCFL 4,
撲面而來,HSK 7,
撿,HSK 6,TOCFL 4
擁抱,HSK 5,TOCFL 4
擁擠,HSK 7,TOCFL 4
擁有,HSK 5,TOCFL 3
擁護,HSK 7,TOCFL 4
擅自,HSK 7,
擅長,HSK 7,TOCFL 5
擊,TOCFL 5,
擊落,TOCFL 5,
擋,HSK 5,TOCFL 4
操作,HSK 4,TOCFL 4
操勞,HSK 7,
操場,HSK 4,TOCFL 2
操心,HSK 7,TOCFL 4
操控,HSK 7,
操縱,HSK 6,TOCFL 5
擔,HSK 7,TOCFL 5
擔任,HSK 4,TOCFL 3
擔保,HSK 4,TOCFL 4
擔子,HSK 7,
擔心,HSK 4,TOCFL 2
擔憂,HSK 6,
擔當,HSK 7,TOCFL 5
擔負,HSK 7,TOCFL 5
據,HSK 6,TOCFL 5
據悉,HSK 7,TOCFL 5
據此,HSK 7,
據說,HSK 3,TOCFL 4
擠,HSK 5,TOCFL 3
擠壓,HSK 7,
擦,HSK 4,TOCFL 3
擬,HSK 7,TOCFL 5
擬定,HSK 7,TOCFL 5
擰,HSK 7,
擱,HSK 7,TOCFL 4
擱淺,HSK 7,
擱置,HSK 7,
擲,TOCFL 4,
擴,HSK 7,
擴大,HSK 4,TOCFL 3
擴展,HSK 4,
擴建,HSK 7,TOCFL 5
擴張,HSK 7,TOCFL 5
擴散,HSK 7,TOCFL 5
擺,HSK 4,TOCFL 3
擺動,HSK 4,
擺平,HSK 7,
擺放,HSK 7,
擺脫,HSK 4,TOCFL 4
擺設,HSK 7,
擾亂,HSK 7,
攀,HSK 7,TOCFL 4
攀昇,HSK 7,
攔,HSK 7,TOCFL 5
攙,HSK 7,
攜帶,HSK 7,
攜手,HSK 7,
攝像,HSK 5,
攝像機,HSK 5,
攝取,TOCFL 5,
攝影,HSK 5,TOCFL 4
攝影師,HSK 5,
攝影機,TOCFL 5,
攝氏,TOCFL 5,
攝氏度,HSK 7,
攢,HSK 7,
攤,HSK 7,
攤位,TOCFL 5,
攤子,TOCFL 4,
攪,HSK 7,
攪和,TOCFL 5,
攪拌,HSK 7,
攬,HSK 7,
支,HSK 3,TOCFL 3
支付,HSK 3,TOCFL 5
支出,HSK 5,TOCFL 4
支應,TOCFL 5,
支持,HSK 3,TOCFL 4
支援,HSK 6,TOCFL 4
支撐,HSK 6,TOCFL 5
支柱,HSK 7,
支票,HSK 7,TOCFL 4
支配,HSK 5,TOCFL 5
收,HSK 2,TOCFL 2
收入,HSK 2,TOCFL 4
收到,HSK 2,
收取,HSK 6,
收回,HSK 4,
收復,HSK 7,
收拾,HSK 5,TOCFL 4
收據,HSK 7,TOCFL 4
收支,HSK 7,
收斂,HSK 7,
收留,HSK 7,
收益,HSK 4,TOCFL 5
收看,HSK 3,TOCFL 4
收視率,HSK 7,
收穫,HSK 4,TOCFL 3
收縮,HSK 7,TOCFL 5
收聽,HSK 3,TOCFL 5
收藏,HSK 6,TOCFL 5
收買,HSK 7,TOCFL 5
收費,HSK 3,TOCFL 5
收購,HSK 5,
收集,HSK 5,TOCFL 5
收音機,HSK 3,TOCFL 3
收養,HSK 6,
改,HSK 2,TOCFL 3
改動,HSK 7,
改名,HSK 7,
改善,HSK 4,TOCFL 3
改天,TOCFL 3,
改日,HSK 7,
改正,HSK 4,TOCFL 4
改為,HSK 7,
改版,HSK 7,
改編,HSK 7,TOCFL 5
改良,HSK 7,TOCFL 5
改裝,HSK 6,
改觀,TOCFL 5,
改變,HSK 2,TOCFL 3
改造,HSK 3,TOCFL 4
改進,HSK 3,TOCFL 3
改選,TOCFL 5,
改邪歸正,HSK 7,
改革,HSK 5,TOCFL 4
改革開放,HSK 7,
攻,HSK 7,TOCFL 5
攻擊,HSK 6,TOCFL 5
攻讀,HSK 7,TOCFL 5
攻關,HSK 7,
放,HSK 1,TOCFL 1
放下,HSK 2,
放任,TOCFL 5,
放假,HSK 1,TOCFL 2
放到,HSK 3,
放大,HSK 5,TOCFL 4
放學,HSK 1,TOCFL 4
放寬,TOCFL 5,
放心,HSK 2,TOCFL 3
放手,TOCFL 4,
放映,HSK 7,TOCFL 5
放棄,HSK 5,TOCFL 4
放款,TOCFL 5,
放水,HSK 7,
放縱,HSK 7,
放置,HSK 7,
放肆,HSK 7,
放蕩,TOCFL 5,
放逐,TOCFL 5,
放過,HSK 7,
放鬆,HSK 4,TOCFL 5
政府,HSK 4,TOCFL 4
政權,HSK 6,TOCFL 5
政治,HSK 4,TOCFL 2
政策,HSK 6,TOCFL 4
政績,TOCFL 5,
政見,TOCFL 5,
政黨,HSK 6,TOCFL 4
故,HSK 7,TOCFL 5
故事,HSK 2,TOCFL 2
故意,HSK 2,TOCFL 3
故鄉,HSK 3,TOCFL 4
故障,HSK 6,
效仿,HSK 7,
效力,HSK 7,TOCFL 5
效勞,TOCFL 5,
效忠,TOCFL 5,
效應,HSK 7,
效果,HSK 3,TOCFL 3
效法,TOCFL 5,
效率,HSK 4,TOCFL 4
效益,HSK 7,
啟,TOCFL 5,
啟事,HSK 5,TOCFL 5
啟動,HSK 5,
啟發,HSK 5,TOCFL 5
啟示,HSK 7,TOCFL 5
啟蒙,HSK 7,
啟迪,HSK 7,
敏感,HSK 5,TOCFL 5
敏捷,HSK 7,TOCFL 5
敏銳,HSK 7,
救,HSK 3,TOCFL 3
救助,HSK 6,
救命,HSK 6,TOCFL 2
救援,HSK 6,TOCFL 5
救治,HSK 7,
救濟,HSK 7,TOCFL 5
救火,TOCFL 4,
救災,HSK 5,
救護車,HSK 7,TOCFL 2
敗,HSK 4,TOCFL 4
敘述,HSK 7,TOCFL 5
教,HSK 1,TOCFL 2
教化,TOCFL 5,
教員,TOCFL 5,
教堂,HSK 6,TOCFL 2
教學,HSK 2,TOCFL 4
教學樓,HSK 1,
教官,TOCFL 5,
教室,HSK 2,TOCFL 1
教導,TOCFL 3,
教師,HSK 2,TOCFL 2
教徒,TOCFL 5,
教授,HSK 4,TOCFL 3
教書,TOCFL 2,
教會,TOCFL 4,
教材,HSK 3,TOCFL 3
教條,HSK 7,
教法,TOCFL 3,
教科書,HSK 7,
教練,HSK 3,TOCFL 3
教育,HSK 2,TOCFL 3
教育部,HSK 6,
教訓,HSK 4,TOCFL 3
教誨,TOCFL 5,
教養,HSK 7,
敝,TOCFL 5,
敞開,HSK 7,
敢,HSK 3,TOCFL 3
敢情,HSK 7,
敢於,HSK 6,
散,HSK 4,TOCFL 4
散布,HSK 7,TOCFL 5
散文,HSK 5,TOCFL 5
散步,HSK 3,TOCFL 2
散發,HSK 7,
敦促,HSK 7,
敦厚,HSK 7,
敬,HSK 7,TOCFL 5
敬佩,HSK 7,TOCFL 5
敬意,HSK 7,
敬愛,HSK 7,TOCFL 4
敬業,HSK 7,
敬禮,HSK 7,TOCFL 4
敬而遠之,HSK 7,
敬請,HSK 7,
敬酒,HSK 7,TOCFL 4
敬重,HSK 7,
敲,HSK 5,TOCFL 4
敲詐,HSK 7,
敲邊鼓,HSK 7,
敲門,HSK 5,
整,HSK 3,TOCFL 3
整個,HSK 3,
整合,HSK 7,
整天,HSK 3,
整整,HSK 3,TOCFL 5
整數,HSK 7,TOCFL 4
整治,HSK 6,
整潔,HSK 7,TOCFL 4
整理,HSK 3,TOCFL 3
整頓,HSK 6,TOCFL 5
整體,HSK 3,TOCFL 5
整齊,HSK 3,TOCFL 3
敵人,HSK 4,TOCFL 3
敷,HSK 7,
敷衍,TOCFL 5,
數,HSK 2,TOCFL 3
數字,HSK 2,TOCFL 3
數學,TOCFL 1,
數據,HSK 4,TOCFL 5
數據庫,HSK 7,
數目,HSK 5,TOCFL 4
數碼,HSK 4,
數量,HSK 3,TOCFL 4
數額,HSK 7,
文,HSK 7,
文人,HSK 7,
文件,HSK 3,TOCFL 3
文具,HSK 7,TOCFL 4
文化,HSK 3,TOCFL 2
文壇,TOCFL 5,
文娛,HSK 6,
文字,HSK 3,TOCFL 3
文學,HSK 3,TOCFL 3
文憑,HSK 7,TOCFL 4
文明,HSK 3,TOCFL 5
文法,TOCFL 4,
文物,HSK 7,TOCFL 4
文獻,HSK 7,TOCFL 5
文盲,HSK 7,
文科,HSK 7,
文藝,HSK 5,TOCFL 4
文雅,HSK 7,
文章,HSK 3,TOCFL 2
斑點,HSK 7,
料,HSK 6,
料到,HSK 7,
料理,HSK 7,
斜,HSK 5,TOCFL 4
斤,HSK 2,TOCFL 3
斧子,HSK 7,
斧頭,TOCFL 5,
斬,HSK 7,
斬草除根,HSK 7,
斯文,TOCFL 5,
新,HSK 1,TOCFL 1
新人,HSK 6,
新型,HSK 4,
新奇,HSK 7,
新娘,HSK 4,TOCFL 4
新年,HSK 1,TOCFL 1
新式,HSK 7,TOCFL 4
新房,HSK 7,
新手,HSK 7,TOCFL 5
新款,HSK 7,
新潮,HSK 7,TOCFL 5
新生,HSK 7,TOCFL 3
新穎,HSK 7,TOCFL 5
新聞,HSK 2,TOCFL 2
新興,HSK 6,TOCFL 4
新郎,HSK 4,TOCFL 4
新陳代謝,HSK 7,
新鮮,HSK 4,TOCFL 2
斷,HSK 3,TOCFL 4
斷定,HSK 7,
斷斷續續,HSK 7,
斷絕,TOCFL 5,
斷裂,HSK 7,
方,HSK 4,TOCFL 4
方位,TOCFL 5,
方便,HSK 2,TOCFL 1
方便麵,HSK 2,
方向,HSK 2,TOCFL 2
方向盤,HSK 7,TOCFL 5
方式,HSK 3,TOCFL 3
方方面面,HSK 7,
方案,HSK 4,TOCFL 4
方正,TOCFL 5,
方法,HSK 2,TOCFL 2
方言,HSK 7,
方針,HSK 4,TOCFL 5
方面,HSK 2,TOCFL 3
於,HSK 6,TOCFL 5
於是,HSK 4,TOCFL 3
施加,HSK 7,
施壓,HSK 7,
施工,HSK 7,TOCFL 4
施肥,TOCFL 5,
施行,HSK 7,TOCFL 5
旁,HSK 5,TOCFL 3
旁人,TOCFL 5,
旁聽,TOCFL 5,
旁觀,HSK 7,
旁邊,HSK 1,TOCFL 1
旅客,HSK 2,TOCFL 3
旅店,HSK 6,
旅程,HSK 7,
旅行,HSK 2,TOCFL 1
旅行社,HSK 3,TOCFL 4
旅費,TOCFL 5,
旅途,HSK 7,TOCFL 5
旅遊,HSK 2,TOCFL 2
旅館,HSK 3,TOCFL 1
旋律,HSK 7,TOCFL 5
旋渦,HSK 7,
旋轉,HSK 6,TOCFL 5
族,HSK 6,
旗子,TOCFL 4,
旗幟,HSK 7,TOCFL 5
旗袍,HSK 7,TOCFL 4
既,HSK 4,TOCFL 3
既然,HSK 4,TOCFL 4
日,HSK 1,TOCFL 1
日光燈,TOCFL 5,
日出,TOCFL 3,
日前,HSK 7,
日報,HSK 2,
日夜,HSK 6,
日子,HSK 2,TOCFL 3
日常,HSK 3,TOCFL 4
日後,HSK 7,TOCFL 4
日復一日,HSK 7,
日新月異,HSK 7,
日曆,HSK 4,
日期,HSK 1,TOCFL 2
日本,TOCFL 1,
日用品,TOCFL 4,
日益,HSK 7,TOCFL 5
日程,HSK 7,TOCFL 5
日記,HSK 4,TOCFL 3
日語,HSK 6,
日趨,HSK 7,
旨在,HSK 7,
早,HSK 1,TOCFL 2
早上,HSK 1,TOCFL 1
早就,HSK 2,
早已,HSK 3,TOCFL 4
早年,HSK 7,
早日,HSK 7,TOCFL 3
早晚,HSK 6,TOCFL 3
早晨,HSK 2,TOCFL 4
早期,HSK 5,
早飯,HSK 1,
早餐,HSK 2,
早點,TOCFL 4,
旭日,HSK 7,
旱,HSK 7,
旱災,HSK 7,
旺,HSK 7,
旺季,HSK 7,TOCFL 5
旺盛,HSK 7,TOCFL 5
昂貴,HSK 7,TOCFL 5
昆蟲,HSK 7,TOCFL 5
昇高,HSK 5,
昌盛,HSK 6,
明亮,HSK 5,TOCFL 4
明信片,TOCFL 2,
明天,HSK 1,TOCFL 1
明媚,HSK 7,
明年,HSK 1,TOCFL 1
明日,HSK 6,TOCFL 5
明明,HSK 5,TOCFL 4
明星,HSK 2,TOCFL 3
明智,HSK 7,TOCFL 5
明朗,HSK 7,
明理,TOCFL 5,
明白,HSK 1,TOCFL 3
明確,HSK 3,TOCFL 4
明顯,HSK 3,TOCFL 3
昏,HSK 6,TOCFL 5
昏倒,TOCFL 4,
昏迷,HSK 7,TOCFL 4
易,TOCFL 4,
易拉罐,HSK 7,
昔日,HSK 7,TOCFL 5
星光,TOCFL 4,
星座,HSK 7,TOCFL 5
星星,HSK 2,TOCFL 2
星期,HSK 1,TOCFL 1
星期天,HSK 1,TOCFL 1
星期日,HSK 1,TOCFL 1
星辰,TOCFL 5,
映,HSK 7,
春,TOCFL 2,
春假,TOCFL 4,
春天,HSK 2,TOCFL 1
春季,HSK 4,TOCFL 4
春節,HSK 2,TOCFL 3
昨天,HSK 1,TOCFL 1
是,HSK 1,TOCFL 1
是不是,HSK 1,
是否,HSK 4,TOCFL 4
是非,HSK 7,TOCFL 4
時,HSK 3,TOCFL 3
時不時,HSK 7,
時事,HSK 5,
時代,HSK 3,TOCFL 3
時候,HSK 1,TOCFL 1
時光,HSK 5,TOCFL 5
時刻,HSK 3,TOCFL 3
時好時壞,HSK 7,
時尚,HSK 7,
時差,TOCFL 5,
時常,HSK 5,TOCFL 4
時效,TOCFL 5,
時時,HSK 6,TOCFL 4
時期,HSK 6,TOCFL 4
時機,HSK 5,TOCFL 4
時段,HSK 7,
時空,HSK 7,
時節,HSK 6,TOCFL 5
時而,HSK 6,
時裝,HSK 6,
時速,HSK 7,
時間,HSK 1,TOCFL 2
時間表,HSK 7,
時隔,HSK 7,
時髦,HSK 7,TOCFL 5
晃,HSK 7,
晃蕩,HSK 7,
晉升,HSK 7,
晉級,TOCFL 5,
晒,TOCFL 3,
晚,HSK 1,TOCFL 2
晚上,HSK 1,TOCFL 1
晚報,HSK 2,
晚安,HSK 2,
晚年,HSK 7,
晚會,HSK 2,TOCFL 1
晚期,HSK 7,
晚輩,TOCFL 4,
晚間,HSK 7,
晚飯,HSK 1,
晚餐,HSK 2,
晚點,HSK 4,
晝夜,HSK 7,
普及,HSK 3,TOCFL 4
普通,HSK 2,TOCFL 4
普通人,HSK 7,
普通話,HSK 2,TOCFL 4
普遍,HSK 3,TOCFL 3
景,HSK 6,
景區,HSK 7,
景氣,TOCFL 5,
景物,TOCFL 5,
景色,HSK 3,TOCFL 4
景觀,HSK 7,TOCFL 5
景象,HSK 5,TOCFL 5
景點,HSK 6,
晴,HSK 2,TOCFL 3
晴天,HSK 2,TOCFL 2
晴朗,HSK 5,
晶瑩,HSK 7,
智力,HSK 4,TOCFL 5
智商,HSK 7,
智慧,HSK 6,TOCFL 3
智能,HSK 4,
暑假,HSK 4,TOCFL 2
暑期,HSK 7,TOCFL 4
暈,HSK 6,TOCFL 4
暈倒,HSK 7,
暈車,HSK 6,
暖,HSK 5,TOCFL 4
暖和,HSK 3,TOCFL 2
暖氣,HSK 4,TOCFL 4
暖烘烘,HSK 7,
暗,HSK 4,TOCFL 4
暗中,HSK 7,TOCFL 4
暗地裡,HSK 7,
暗暗,TOCFL 5,
暗殺,HSK 7,
暗示,HSK 4,
暢談,HSK 7,
暢通,HSK 6,
暢銷,HSK 7,TOCFL 5
暨,TOCFL 5,
暫,HSK 7,
暫停,HSK 5,
暫時,HSK 5,TOCFL 3
暴利,HSK 7,
暴力,HSK 6,TOCFL 4
暴躁,HSK 7,TOCFL 4
暴雨,HSK 6,TOCFL 5
暴露,HSK 6,TOCFL 5
暴風雨,HSK 6,
暴風驟雨,HSK 7,
曉得,HSK 6,TOCFL 4
曙光,HSK 7,
曝光,HSK 7,TOCFL 5
曠課,HSK 7,
曬,HSK 4,
曬太陽,HSK 7,TOCFL 4
曰,HSK 7,
曲,HSK 7,
曲折,HSK 7,TOCFL 4
曲線,HSK 7,
更,HSK 2,TOCFL 2
更加,HSK 3,TOCFL 3
更動,TOCFL 5,
更換,HSK 5,
更改,HSK 7,
更新,HSK 5,
更是,HSK 6,
更衣室,HSK 7,
書,HSK 1,TOCFL 1
書包,HSK 1,TOCFL 3
書寫,HSK 7,TOCFL 5
書店,HSK 1,TOCFL 2
書房,HSK 6,TOCFL 4
書本,TOCFL 5,
書架,HSK 3,TOCFL 3
書桌,HSK 5,TOCFL 2
書櫃,HSK 5,
書櫥,HSK 7,
書法,HSK 5,TOCFL 2
書籍,HSK 7,TOCFL 4
書記,HSK 7,
書面,HSK 7,TOCFL 5
曾,HSK 4,TOCFL 3
曾經,HSK 3,TOCFL 3
替,HSK 4,TOCFL 3
替代,HSK 4,TOCFL 5
替換,HSK 7,
替身,HSK 7,
會,HSK 1,TOCFL 1
會員,HSK 3,TOCFL 4
會場,HSK 7,TOCFL 3
會意,HSK 7,TOCFL 5
會晤,HSK 7,
會聚,HSK 7,
會見,HSK 6,TOCFL 5
會計,HSK 4,TOCFL 4
會診,HSK 7,
會話,TOCFL 3,
會談,HSK 5,TOCFL 5
會議,HSK 3,TOCFL 3
會長,HSK 6,
會面,HSK 7,
月,HSK 1,TOCFL 1
月亮,HSK 2,TOCFL 2
月份,HSK 2,
月光,TOCFL 4,
月分,TOCFL 4,
月初,HSK 7,
月台,TOCFL 5,
月底,HSK 4,
月球,HSK 5,TOCFL 4
月票,HSK 7,
月餅,HSK 5,TOCFL 3
有,HSK 1,TOCFL 1
有一些,HSK 1,
有一點,TOCFL 3,
有一點兒,TOCFL 3,
有事,HSK 6,
有些,TOCFL 4,
有人,HSK 2,
有兩下子,HSK 7,
有利,HSK 3,TOCFL 4
有利於,HSK 5,
有力,HSK 5,TOCFL 4
有助於,HSK 7,
有勁,HSK 4,
有口無心,HSK 7,
有名,HSK 1,TOCFL 3
有害,HSK 5,
有幸,HSK 7,
有序,HSK 7,
有形,TOCFL 5,
有待,HSK 7,
有心人,TOCFL 5,
有意,HSK 7,TOCFL 5
有意思,HSK 2,TOCFL 3
有所,HSK 7,TOCFL 5
有所不同,HSK 7,
有效,HSK 3,TOCFL 3
有效期,HSK 7,
有時候,HSK 1,TOCFL 1
有望,HSK 7,
有朝一日,HSK 7,
有機,HSK 7,TOCFL 5
有毒,HSK 5,
有沒有,HSK 6,
有為,TOCFL 5,
有理,TOCFL 5,
有用,HSK 1,TOCFL 2
有的,HSK 1,TOCFL 3
有的放矢,HSK 7,
有的是,HSK 3,
有益,HSK 7,TOCFL 5
有空,HSK 2,TOCFL 2
有空兒,TOCFL 2,
有緣,TOCFL 5,
有聲有色,HSK 7,
有著,HSK 5,
有趣,HSK 4,TOCFL 1
有錢,TOCFL 3,
有關,HSK 6,TOCFL 4
有限,HSK 4,TOCFL 5
有點,TOCFL 3,
有點兒,HSK 2,TOCFL 3
朋友,HSK 1,TOCFL 1
服,HSK 6,TOCFL 4
服刑,TOCFL 5,
服務,HSK 2,TOCFL 2
服務員,TOCFL 2,
服務器,HSK 7,
服務生,TOCFL 2,
服從,HSK 5,TOCFL 5
服用,HSK 7,
服裝,HSK 3,TOCFL 3
服飾,HSK 7,TOCFL 5
朗誦,HSK 7,TOCFL 5
朗讀,HSK 5,TOCFL 5
望,HSK 7,TOCFL 4
望見,HSK 6,
望遠鏡,HSK 7,
朝,HSK 3,TOCFL 4
朝三暮四,HSK 7,
朝代,HSK 7,
朝夕相處,HSK 7,
朝氣,TOCFL 5,
朝氣蓬勃,HSK 7,
朝著,HSK 7,
期,HSK 3,TOCFL 3
期中,HSK 4,
期待,HSK 4,TOCFL 5
期望,HSK 5,TOCFL 5
期末,HSK 4,
期盼,HSK 7,
期貨,TOCFL 5,
期間,HSK 4,TOCFL 3
期限,HSK 4,TOCFL 4
朦朧,HSK 7,
木,TOCFL 3,
木偶,HSK 7,TOCFL 5
木刻,TOCFL 5,
木匠,HSK 7,
木料,TOCFL 5,
木材,HSK 7,TOCFL 5
木板,HSK 7,
木頭,HSK 3,TOCFL 3
未,HSK 7,TOCFL 4
未來,HSK 4,TOCFL 3
未免,HSK 7,TOCFL 5
未婚,TOCFL 4,
未婚夫,TOCFL 5,
未婚妻,TOCFL 5,
未必,HSK 4,TOCFL 5
未成年人,HSK 7,
未知數,HSK 7,
未經,HSK 7,
末,HSK 4,TOCFL 5
末日,HSK 7,
末期,TOCFL 5,
本,HSK 1,TOCFL 1
本事,HSK 3,TOCFL 5
本人,HSK 5,TOCFL 3
本位,TOCFL 5,
本來,HSK 3,TOCFL 2
本分,HSK 7,
本土,HSK 6,TOCFL 4
本地,HSK 6,
本子,HSK 1,TOCFL 3
本性,HSK 7,TOCFL 5
本意,HSK 7,
本期,HSK 6,
本科,HSK 4,
本能,HSK 7,
本色,HSK 7,
本著,HSK 7,
本質,HSK 6,TOCFL 5
本身,HSK 6,TOCFL 4
本錢,HSK 7,
本領,HSK 3,TOCFL 4
朱紅,HSK 7,
朵,HSK 5,TOCFL 3
杆,HSK 6,
材料,HSK 4,TOCFL 3
村,HSK 3,
村莊,HSK 6,
杜絕,HSK 7,
束,HSK 3,TOCFL 4
束縛,HSK 7,TOCFL 5
杠鈴,HSK 7,
杯,HSK 1,TOCFL 1
杯子,HSK 1,TOCFL 1
東,HSK 1,TOCFL 2
東北,HSK 2,TOCFL 3
東南,HSK 2,TOCFL 3
東奔西走,HSK 7,
東張西望,HSK 7,
東方,HSK 2,TOCFL 3
東西,HSK 1,TOCFL 1
東道主,HSK 7,
東邊,HSK 1,TOCFL 2
東部,HSK 3,TOCFL 2
松,HSK 4,
松樹,HSK 4,TOCFL 5
板,HSK 3,
板塊,HSK 7,
枕頭,HSK 7,TOCFL 4
枚,HSK 7,TOCFL 5
果園,HSK 7,
果實,HSK 4,TOCFL 5
果斷,HSK 7,TOCFL 5
果樹,HSK 6,TOCFL 5
果汁,HSK 3,TOCFL 1
果然,HSK 3,TOCFL 4
果真,HSK 7,TOCFL 5
果醬,HSK 6,
枝,HSK 6,TOCFL 2
枯燥,HSK 7,
架,HSK 3,TOCFL 3
架勢,HSK 7,
架子,HSK 7,TOCFL 5
架構,TOCFL 5,
枷鎖,TOCFL 5,
柄,TOCFL 5,
柏樹,HSK 7,
某,HSK 3,TOCFL 3
某些,TOCFL 5,
染,HSK 5,TOCFL 4
染料,TOCFL 5,
柔和,HSK 7,
柔軟,HSK 7,TOCFL 5
柞,HSK 7,
查,HSK 2,TOCFL 3
查出,HSK 6,
查找,HSK 7,
查明,HSK 7,TOCFL 5
查看,HSK 6,
查處,HSK 7,
查詢,HSK 5,
柱,HSK 7,
柱子,HSK 6,TOCFL 5
柳樹,HSK 7,TOCFL 5
柿子,HSK 7,
校友,TOCFL 4,
校園,HSK 2,TOCFL 2
校車,TOCFL 4,
校長,HSK 2,TOCFL 2
株,HSK 7,TOCFL 5
核,HSK 7,
核准,TOCFL 5,
核子,TOCFL 5,
核定,TOCFL 5,
核實,HSK 7,
核對,HSK 7,TOCFL 5
核心,HSK 6,
核桃,HSK 7,
核武器,HSK 7,
核算,TOCFL 5,
核能,HSK 7,
核電站,HSK 7,
根,HSK 4,TOCFL 3
根基,HSK 7,
根據,HSK 4,TOCFL 3
根本,HSK 3,TOCFL 4
根治,HSK 7,
根深蒂固,HSK 7,
根源,HSK 7,TOCFL 5
格,HSK 7,
格外,HSK 4,TOCFL 5
格局,HSK 7,TOCFL 5
格式,HSK 7,TOCFL 5
格格不入,HSK 7,
栽,HSK 7,TOCFL 5
栽培,HSK 7,
桂花,HSK 7,
桃,HSK 5,
桃子,TOCFL 4,
桃樹,HSK 5,
桃花,HSK 5,
框,HSK 7,
框架,HSK 7,
案件,HSK 7,TOCFL 5
案子,TOCFL 5,
案情,TOCFL 5,
桌,TOCFL 1,
桌子,HSK 1,TOCFL 1
桌球,TOCFL 5,
桑拿,HSK 7,
桶,HSK 7,TOCFL 4
梅花,HSK 6,TOCFL 4
條,HSK 2,TOCFL 2
條件,HSK 2,TOCFL 3
條例,HSK 7,TOCFL 5
條款,HSK 7,
條約,HSK 7,TOCFL 4
梨,HSK 5,TOCFL 4
梨子,TOCFL 4,
梯子,HSK 7,
梳,HSK 7,TOCFL 5
梳子,HSK 7,
梳理,HSK 7,
棄權,TOCFL 5,
棉,HSK 6,TOCFL 4
棉花,HSK 7,TOCFL 4
棉被,TOCFL 4,
棋,HSK 7,TOCFL 4
棋子,HSK 7,
棍,HSK 7,
棍子,HSK 7,TOCFL 5
棒,HSK 5,TOCFL 3
棒子,TOCFL 4,
棒球,HSK 7,TOCFL 1
棗,HSK 7,
棘手,HSK 7,
棟,HSK 7,TOCFL 4
棟梁,HSK 7,
森林,HSK 4,TOCFL 2
棱角,HSK 7,
棵,HSK 4,TOCFL 3
棺材,HSK 7,TOCFL 5
椅子,HSK 2,TOCFL 1
植物,HSK 4,TOCFL 3
椰子,HSK 7,
楊樹,HSK 7,
業,HSK 7,
業務,HSK 5,TOCFL 4
業績,HSK 7,TOCFL 5
業餘,HSK 4,TOCFL 4
極,HSK 4,TOCFL 3
極了,HSK 3,TOCFL 3
極其,HSK 4,TOCFL 4
極力,HSK 7,TOCFL 5
極少數,HSK 7,
極度,HSK 7,
極為,HSK 7,TOCFL 5
極端,HSK 6,TOCFL 5
極限,HSK 7,
楷模,HSK 7,
概,TOCFL 5,
概念,HSK 3,TOCFL 3
概括,HSK 4,TOCFL 5
概況,HSK 7,TOCFL 5
概率,HSK 7,
概論,HSK 7,
榜樣,HSK 7,TOCFL 3
榮幸,HSK 7,TOCFL 4
榮獲,HSK 7,
榮譽,HSK 7,TOCFL 5
構建,HSK 6,
構思,HSK 7,
構想,HSK 7,TOCFL 5
構成,HSK 4,TOCFL 4
構造,HSK 4,TOCFL 4
槍,HSK 5,TOCFL 4
槍斃,HSK 7,
槐樹,HSK 7,
槽,HSK 7,
樁,HSK 7,
樂,HSK 3,TOCFL 3
樂器,HSK 7,TOCFL 2
樂園,HSK 7,
樂團,TOCFL 3,
樂意,HSK 7,TOCFL 4
樂曲,HSK 6,
樂觀,HSK 3,TOCFL 3
樂趣,HSK 4,TOCFL 3
樂隊,HSK 3,TOCFL 5
樓,HSK 1,TOCFL 1
樓上,HSK 1,TOCFL 1
樓下,HSK 1,TOCFL 1
樓房,HSK 6,TOCFL 5
樓梯,HSK 4,TOCFL 2
樓道,HSK 6,
標,HSK 7,
標志,HSK 4,
標本,HSK 7,
標榜,HSK 7,
標準,HSK 3,TOCFL 3
標示,HSK 7,
標簽,HSK 7,
標籤,TOCFL 5,
標致,HSK 7,
標誌,TOCFL 4,
標語,HSK 7,TOCFL 5
標題,HSK 3,TOCFL 4
樞紐,HSK 7,
模仿,HSK 5,TOCFL 4
模具,TOCFL 5,
模型,HSK 4,TOCFL 4
模式,HSK 5,TOCFL 5
模擬,HSK 7,
模樣,HSK 5,TOCFL 4
模特兒,HSK 4,
模範,HSK 5,TOCFL 5
模糊,HSK 5,TOCFL 4
樣,HSK 6,TOCFL 3
樣品,HSK 7,TOCFL 4
樣子,HSK 2,TOCFL 2
樣本,HSK 7,
樣樣,TOCFL 3,
樸實,HSK 7,
樸素,HSK 7,TOCFL 5
樹,HSK 1,TOCFL 1
樹木,HSK 7,TOCFL 3
樹林,HSK 4,TOCFL 4
樹枝,HSK 7,
樹梢,HSK 7,
樹立,HSK 7,
樹苗,TOCFL 5,
樹葉,HSK 4,
樹蔭,HSK 7,
橋,HSK 3,TOCFL 2
橋梁,HSK 6,
橋樑,TOCFL 5,
橘子,HSK 7,TOCFL 3
橙汁,HSK 7,
機制,TOCFL 5,
機動,HSK 7,TOCFL 5
機動車,HSK 6,
機器,HSK 3,TOCFL 3
機器人,HSK 5,TOCFL 5
機場,HSK 1,TOCFL 1
機密,HSK 7,TOCFL 5
機智,HSK 7,
機會,HSK 2,TOCFL 2
機械,HSK 6,TOCFL 4
機構,HSK 4,TOCFL 4
機率,TOCFL 5,
機票,HSK 1,TOCFL 4
機艙,HSK 7,
機製,HSK 5,
機警,TOCFL 5,
機車,TOCFL 3,
機遇,HSK 4,
機關,HSK 6,TOCFL 4
機靈,HSK 7,
橡皮,HSK 7,
橡膠,HSK 7,
橫,HSK 6,TOCFL 4
橫七豎八,HSK 7,
橫向,HSK 7,
檔,HSK 6,
檔案,HSK 6,TOCFL 4
檔次,HSK 7,
檢察,HSK 7,
檢查,HSK 2,TOCFL 2
檢測,HSK 4,
檢討,HSK 7,TOCFL 5
檢驗,HSK 5,TOCFL 4
檯燈,HSK 6,
檯球,HSK 7,
櫃子,HSK 5,TOCFL 3
櫃檯,HSK 7,TOCFL 4
櫻桃,TOCFL 5,
欄,HSK 7,TOCFL 5
欄杆,HSK 7,
欄目,HSK 6,
權,HSK 6,
權利,HSK 4,TOCFL 4
權力,HSK 6,TOCFL 5
權威,HSK 7,TOCFL 5
權益,HSK 7,TOCFL 5
權衡,HSK 7,
欠,HSK 5,TOCFL 4
欠條,HSK 7,
欠缺,HSK 7,
次,HSK 1,TOCFL 1
次數,HSK 6,TOCFL 4
次日,HSK 7,
次要,TOCFL 5,
欣喜,HSK 7,
欣慰,HSK 7,
欣欣向榮,HSK 7,
欣賞,HSK 5,TOCFL 3
欸,TOCFL 5,
欺侮,TOCFL 5,
欺詐,HSK 7,
欺負,HSK 6,TOCFL 3
欺騙,HSK 7,TOCFL 4
欽佩,HSK 7,TOCFL 5
款,TOCFL 5,
款式,HSK 7,TOCFL 5
款待,TOCFL 5,
款項,HSK 7,
歇,HSK 5,TOCFL 4
歉意,HSK 7,TOCFL 4
歌,HSK 1,TOCFL 2
歌劇,HSK 7,TOCFL 4
歌唱,HSK 6,TOCFL 5
歌手,HSK 3,TOCFL 5
歌星,HSK 6,TOCFL 3
歌曲,HSK 5,TOCFL 3
歌聲,HSK 3,
歌舞,HSK 7,
歌詞,HSK 6,
歌詠,HSK 7,
歌迷,HSK 3,
歌頌,HSK 7,TOCFL 5
歐洲,TOCFL 5,
歡呼,HSK 7,TOCFL 4
歡喜,TOCFL 4,
歡快,HSK 7,
歡樂,HSK 3,TOCFL 4
歡聚,HSK 7,
歡聲笑語,HSK 7,
歡迎,HSK 2,TOCFL 1
歡送,TOCFL 5,
止,HSK 6,TOCFL 4
止咳,HSK 7,
止步,HSK 7,
止血,HSK 7,
正,HSK 1,TOCFL 3
正在,HSK 1,TOCFL 2
正好,HSK 2,TOCFL 4
正如,HSK 5,
正宗,HSK 7,
正常,HSK 2,TOCFL 3
正式,HSK 3,TOCFL 3
正方形,TOCFL 4,
正是,HSK 2,
正月,TOCFL 4,
正版,HSK 5,
正當,HSK 6,TOCFL 5
正直,HSK 7,
正確,HSK 2,TOCFL 3
正視,HSK 7,
正統,TOCFL 5,
正經,TOCFL 4,
正義,HSK 5,TOCFL 5
正能量,HSK 7,
正規,HSK 5,TOCFL 4
正面,HSK 7,TOCFL 4
此,HSK 4,TOCFL 3
此事,HSK 6,
此刻,HSK 5,TOCFL 5
此前,HSK 6,
此外,HSK 4,TOCFL 4
此後,HSK 5,
此時,HSK 5,
此次,HSK 6,
此致,HSK 6,
此處,HSK 6,
此起彼伏,HSK 7,
步,HSK 3,TOCFL 4
步伐,HSK 7,
步入,HSK 7,
步行,HSK 4,
步調,TOCFL 5,
步驟,HSK 7,TOCFL 5
武力,HSK 7,TOCFL 5
武器,HSK 3,TOCFL 4
武士,TOCFL 5,
武術,HSK 3,TOCFL 4
武裝,HSK 7,TOCFL 5
歧視,HSK 7,TOCFL 4
歪,HSK 7,TOCFL 4
歪曲,HSK 7,
歲,TOCFL 1,
歲數,HSK 6,TOCFL 4
歲月,HSK 5,TOCFL 5
歷來,HSK 7,TOCFL 5
歷史,HSK 4,TOCFL 1
歷屆,HSK 7,TOCFL 5
歷年,TOCFL 5,
歷時,HSK 7,
歷程,HSK 7,
歷經,HSK 7,
歸,HSK 4,TOCFL 5
歸來,HSK 7,
歸宿,HSK 7,
歸屬,HSK 7,
歸根到底,HSK 7,
歸納,HSK 7,TOCFL 5
歸結,HSK 7,
歸還,HSK 7,TOCFL 5
歹徒,HSK 7,TOCFL 5
死,HSK 3,TOCFL 2
死亡,HSK 6,TOCFL 4
死心,HSK 7,
死心塌地,HSK 7,
殖民,TOCFL 5,
殖民地,TOCFL 3,
殘,HSK 7,
殘忍,HSK 7,
殘暴,TOCFL 5,
殘殺,TOCFL 5,
殘留,HSK 7,
殘疾,HSK 6,
殘疾人,HSK 6,
殘缺,HSK 7,
殘酷,HSK 6,TOCFL 5
殲滅,HSK 7,
段,HSK 2,TOCFL 3
段落,HSK 7,
殷勤,HSK 7,
殺,HSK 5,TOCFL 3
殺價,TOCFL 4,
殺害,HSK 7,
殺手,HSK 7,
殺毒,HSK 5,
殼,HSK 7,TOCFL 5
殿堂,HSK 7,
毀,HSK 6,TOCFL 5
毀壞,HSK 7,
毀損,TOCFL 5,
毀滅,HSK 7,
毅力,HSK 7,TOCFL 5
毅然,HSK 7,
毆打,HSK 7,
母,HSK 6,
母女,HSK 6,
母子,HSK 6,
母親,HSK 3,TOCFL 2
母語,TOCFL 5,
母雞,HSK 6,
每,HSK 3,TOCFL 1
每每,TOCFL 5,
每當,HSK 7,
每逢,HSK 7,
毒,HSK 5,TOCFL 4
毒品,HSK 6,TOCFL 3
比,HSK 1,TOCFL 1
比不上,HSK 7,
比例,HSK 3,TOCFL 4
比分,HSK 4,
比喻,HSK 7,TOCFL 5
比如,HSK 2,TOCFL 3
比如說,HSK 2,TOCFL 3
比擬,TOCFL 5,
比方,HSK 5,TOCFL 4
比比皆是,HSK 7,
比率,TOCFL 5,
比試,HSK 7,
比賽,HSK 3,TOCFL 1
比起,HSK 7,
比較,HSK 3,TOCFL 2
比重,HSK 5,TOCFL 5
毛,HSK 1,TOCFL 2
毛巾,HSK 4,TOCFL 4
毛毯,TOCFL 5,
毛病,HSK 3,TOCFL 3
毛筆,HSK 5,TOCFL 2
毛衣,HSK 4,TOCFL 2
毫不,HSK 7,TOCFL 5
毫不猶豫,HSK 7,
毫升,HSK 4,
毫無,HSK 7,TOCFL 4
毫米,HSK 4,
毯子,HSK 7,TOCFL 4
民主,HSK 6,TOCFL 4
民俗,HSK 7,TOCFL 5
民國,TOCFL 3,
民工,HSK 6,
民意,HSK 6,
民族,HSK 3,TOCFL 3
民歌,HSK 6,
民營,TOCFL 5,
民用,HSK 7,
民眾,HSK 7,TOCFL 4
民謠,TOCFL 4,
民警,HSK 6,
民辦,HSK 7,
民間,HSK 3,TOCFL 4
氛圍,HSK 7,
氣,HSK 2,TOCFL 3
氣候,HSK 3,TOCFL 4
氣勢,HSK 7,TOCFL 5
氣味,HSK 7,TOCFL 4
氣壓,TOCFL 5,
氣息,HSK 7,TOCFL 4
氣憤,HSK 7,TOCFL 4
氣概,TOCFL 5,
氣氛,HSK 6,TOCFL 4
氣泡,HSK 7,
氣派,HSK 7,TOCFL 5
氣溫,HSK 2,TOCFL 3
氣球,HSK 4,
氣管,HSK 7,TOCFL 5
氣象,HSK 5,TOCFL 4
氣質,HSK 7,
氣餒,HSK 7,
氣體,HSK 5,TOCFL 5
氣魄,HSK 7,
氧,HSK 7,
氧氣,HSK 6,TOCFL 4
水,HSK 1,TOCFL 1
水分,HSK 5,TOCFL 4
水利,HSK 7,
水力,TOCFL 5,
水域,HSK 7,
水壺,HSK 7,
水平,HSK 2,TOCFL 3
水庫,HSK 5,TOCFL 5
水手,HSK 7,
水晶,HSK 7,TOCFL 5
水果,HSK 1,TOCFL 1
水槽,HSK 7,
水泥,HSK 6,TOCFL 5
水源,HSK 7,TOCFL 5
水準,HSK 7,TOCFL 3
水溫,HSK 7,
水漲船高,HSK 7,
水災,HSK 5,TOCFL 4
水蒸氣,TOCFL 5,
水產品,HSK 5,
水稻,HSK 7,TOCFL 5
水管,HSK 7,
水落石出,HSK 7,
水貨,HSK 7,
水道,TOCFL 5,
水靈靈,HSK 7,
水面,HSK 7,
水餃,TOCFL 3,
水龍頭,HSK 7,
永不,HSK 7,
永久,HSK 7,
永恆,HSK 7,
永遠,HSK 2,TOCFL 2
汁,HSK 7,
求,HSK 2,TOCFL 3
求助,HSK 7,TOCFL 5
求婚,HSK 7,TOCFL 4
求學,HSK 7,TOCFL 5
求救,HSK 7,
求職,HSK 6,
求證,HSK 7,
求醫,HSK 7,
汗,HSK 5,TOCFL 4
汗水,HSK 7,
汙染,TOCFL 4,
江,HSK 4,TOCFL 4
池,TOCFL 5,
池塘,HSK 7,
池子,HSK 5,TOCFL 5
污染,HSK 5,
污水,HSK 5,
污穢,HSK 7,
汪洋,HSK 7,
汲取,TOCFL 5,
決,TOCFL 4,
決不,HSK 5,
決定,HSK 3,TOCFL 1
決心,HSK 3,TOCFL 4
決策,HSK 6,
決議,HSK 7,TOCFL 5
決賽,HSK 3,TOCFL 5
汽水,HSK 4,TOCFL 3
汽油,HSK 4,TOCFL 4
汽車,HSK 1,TOCFL 2
沉,HSK 4,TOCFL 4
沉思,HSK 7,TOCFL 5
沉悶,HSK 7,
沉浸,HSK 7,
沉澱,HSK 7,
沉甸甸,HSK 7,
沉穩,HSK 7,
沉著,HSK 7,
沉迷,HSK 7,
沉重,HSK 4,TOCFL 5
沉默,HSK 4,TOCFL 5
沏,HSK 7,
沐浴,TOCFL 5,
沐浴露,HSK 7,
沒,HSK 1,TOCFL 1
沒事兒,HSK 1,
沒什麼,HSK 1,TOCFL 3
沒勁,HSK 7,
沒完沒了,HSK 7,
沒想到,HSK 4,TOCFL 3
沒意思,HSK 7,
沒收,HSK 6,TOCFL 5
沒有,HSK 1,TOCFL 2
沒法,HSK 4,
沒準兒,HSK 7,
沒用,HSK 3,
沒落,HSK 7,TOCFL 5
沒說的,HSK 7,
沒轍,HSK 7,
沒錯,HSK 4,
沒關係,HSK 1,TOCFL 1
沖,HSK 4,TOCFL 4
沖天,TOCFL 5,
沖洗,HSK 7,
沖淡,TOCFL 5,
沙,TOCFL 4,
沙啞,TOCFL 5,
沙子,HSK 3,TOCFL 4
沙拉,TOCFL 5,
沙漠,HSK 5,TOCFL 4
沙灘,HSK 7,TOCFL 4
沙發,HSK 3,TOCFL 1
沙龍,HSK 7,
沮喪,HSK 7,TOCFL 5
河,HSK 2,TOCFL 1
河流,HSK 7,TOCFL 4
河畔,HSK 7,
沸沸揚揚,HSK 7,
沸騰,HSK 7,TOCFL 5
油,HSK 2,TOCFL 2
油條,TOCFL 5,
油田,TOCFL 5,
油畫,HSK 7,
油膩,TOCFL 4,
治,HSK 4,TOCFL 4
治學,HSK 7,
治安,HSK 5,TOCFL 5
治本,TOCFL 5,
治標,TOCFL 5,
治理,HSK 5,TOCFL 5
治病,HSK 6,
治療,HSK 4,TOCFL 5
治癒,HSK 7,
沼澤,HSK 7,TOCFL 5
沽名釣譽,HSK 7,
沾,HSK 7,TOCFL 5
沾光,HSK 7,
沿,HSK 6,TOCFL 4
沿岸,HSK 7,
沿海,HSK 6,TOCFL 5
沿用,TOCFL 5,
沿線,HSK 7,
沿著,HSK 6,
沿襲,TOCFL 5,
沿途,HSK 7,TOCFL 5
況且,HSK 7,TOCFL 3
泄,HSK 7,
泄密,HSK 7,
泄氣,HSK 7,
泄漏,HSK 7,
泄露,HSK 7,
泉,HSK 5,
泉源,TOCFL 5,
法,HSK 4,
法人,TOCFL 5,
法令,TOCFL 5,
法制,HSK 5,TOCFL 5
法則,TOCFL 5,
法子,TOCFL 4,
法官,HSK 4,TOCFL 5
法定,TOCFL 5,
法庭,HSK 6,
法律,HSK 4,TOCFL 3
法治,TOCFL 5,
法規,HSK 5,
法語,HSK 6,
法院,HSK 4,TOCFL 4
泛濫,HSK 7,
泡,HSK 6,TOCFL 4
泡沫,HSK 7,TOCFL 5
波,TOCFL 5,
波動,HSK 6,TOCFL 4
波及,HSK 7,TOCFL 5
波折,HSK 7,
波浪,HSK 6,TOCFL 5
波濤,HSK 7,
波瀾,HSK 7,
泥,HSK 6,TOCFL 4
泥土,HSK 7,TOCFL 4
泥潭,HSK 7,
注,HSK 7,
注入,HSK 7,
注定,TOCFL 5,
注射,HSK 5,TOCFL 4
注意,HSK 3,TOCFL 1
注目,TOCFL 5,
注視,HSK 5,TOCFL 5
注重,HSK 5,TOCFL 5
泰斗,HSK 7,
洋,HSK 6,
洋溢,HSK 7,
洗,HSK 1,TOCFL 1
洗手間,HSK 1,TOCFL 1
洗滌劑,HSK 7,
洗澡,HSK 2,TOCFL 1
洗禮,HSK 7,TOCFL 5
洗衣機,HSK 2,TOCFL 2
洗衣粉,HSK 6,
洞,HSK 3,TOCFL 4
洞穴,TOCFL 5,
津津有味,HSK 7,
津貼,HSK 7,TOCFL 5
洩氣,TOCFL 5,
洪亮,HSK 7,
洪水,HSK 6,TOCFL 5
洶涌,HSK 7,
活,HSK 3,TOCFL 3
活兒,HSK 7,TOCFL 5
活力,HSK 5,TOCFL 4
活動,HSK 2,TOCFL 2
活期,HSK 7,TOCFL 5
活潑,HSK 5,TOCFL 4
活該,HSK 7,TOCFL 4
活躍,HSK 6,TOCFL 4
洽商,TOCFL 5,
洽談,HSK 7,TOCFL 5
派,HSK 3,TOCFL 4
派出,HSK 6,
派出所,TOCFL 5,
派別,HSK 7,
派對,TOCFL 5,
派遣,HSK 7,TOCFL 5
派頭,TOCFL 5,
流,HSK 2,TOCFL 3
流傳,HSK 4,TOCFL 5
流入,HSK 7,
流利,HSK 2,TOCFL 4
流動,HSK 5,TOCFL 4
流向,HSK 7,
流域,HSK 7,TOCFL 5
流失,HSK 7,TOCFL 5
流感,HSK 6,
流星,TOCFL 5,
流暢,HSK 7,
流氓,HSK 7,TOCFL 5
流水,HSK 7,TOCFL 5
流汗,TOCFL 3,
流浪,HSK 7,
流淌,HSK 7,
流淚,HSK 7,
流程,HSK 7,TOCFL 5
流落,TOCFL 5,
流血,HSK 7,TOCFL 3
流行,HSK 2,TOCFL 2
流轉,HSK 7,
流通,HSK 5,TOCFL 5
流量,HSK 7,
流露,HSK 7,
浩劫,HSK 7,
浪,HSK 7,TOCFL 4
浪漫,HSK 5,TOCFL 3
浪費,HSK 3,TOCFL 4
浮,HSK 6,TOCFL 4
浮力,HSK 7,
浮動,TOCFL 5,
浮現,HSK 7,
浮躁,HSK 7,
浴室,HSK 7,TOCFL 2
海,HSK 2,TOCFL 1
海內外,HSK 7,
海嘯,HSK 7,TOCFL 5
海域,HSK 7,
海報,HSK 6,TOCFL 3
海外,HSK 6,TOCFL 4
海岸,HSK 7,
海峽,HSK 7,TOCFL 4
海底,HSK 6,
海拔,HSK 7,TOCFL 5
海水,HSK 4,
海洋,HSK 6,TOCFL 3
海浪,HSK 6,
海濱,HSK 7,
海灘,HSK 7,TOCFL 3
海灣,HSK 6,
海盜,HSK 7,
海綿,HSK 7,
海藻,HSK 7,
海軍,HSK 6,TOCFL 4
海運,HSK 7,TOCFL 5
海邊,HSK 2,TOCFL 1
海量,HSK 7,
海關,HSK 3,TOCFL 4
海面,HSK 7,TOCFL 5
海鮮,HSK 4,TOCFL 4
浸,TOCFL 4,
浸泡,HSK 7,
消,HSK 7,TOCFL 4
消化,HSK 4,TOCFL 4
消夜,TOCFL 4,
消失,HSK 3,TOCFL 4
消息,HSK 3,TOCFL 2
消極,HSK 5,TOCFL 4
消毒,HSK 5,TOCFL 5
消沉,HSK 7,
消滅,HSK 6,TOCFL 4
消耗,HSK 6,TOCFL 5
消費,HSK 3,TOCFL 4
消費者,HSK 5,
消遣,HSK 7,TOCFL 5
消防,HSK 5,TOCFL 5
消除,HSK 5,TOCFL 4
涉及,HSK 6,TOCFL 5
涉嫌,HSK 7,TOCFL 5
涌,HSK 7,
涌現,HSK 7,
涮,HSK 7,
液晶,HSK 7,
液體,HSK 7,TOCFL 5
涵義,HSK 7,
涵蓋,HSK 7,
涼,HSK 2,TOCFL 3
涼快,HSK 2,TOCFL 2
涼水,HSK 3,
涼爽,HSK 7,
涼鞋,HSK 6,
淋,HSK 7,TOCFL 4
淌,HSK 7,
淒涼,TOCFL 5,
淘,HSK 7,
淘氣,HSK 7,TOCFL 4
淘汰,HSK 7,TOCFL 5
淚,HSK 4,TOCFL 3
淚水,HSK 4,
淡,HSK 4,TOCFL 3
淡化,HSK 7,
淡季,HSK 7,TOCFL 5
淡水,TOCFL 5,
淨,HSK 6,TOCFL 5
淨化,HSK 7,TOCFL 4
淪陷,TOCFL 5,
深,HSK 3,TOCFL 3
深信,HSK 7,
深入,HSK 3,TOCFL 3
深入人心,HSK 7,
深切,HSK 7,TOCFL 5
深刻,HSK 3,TOCFL 4
深化,HSK 6,
深厚,HSK 4,TOCFL 5
深受,HSK 7,
深夜,HSK 7,TOCFL 4
深奧,HSK 7,TOCFL 5
深度,HSK 5,TOCFL 5
深思,HSK 7,
深情,HSK 7,
深沉,TOCFL 5,
深深,HSK 6,
深淺,TOCFL 4,
深處,HSK 5,
深造,TOCFL 5,
深遠,HSK 7,
淵源,HSK 7,
混,HSK 6,TOCFL 4
混亂,HSK 6,TOCFL 3
混凝土,HSK 7,
混合,HSK 6,TOCFL 4
混淆,HSK 7,TOCFL 5
混濁,HSK 7,TOCFL 5
淹,HSK 7,TOCFL 5
淺,HSK 4,TOCFL 3
淺薄,TOCFL 5,
淺顯,TOCFL 5,
添,HSK 6,TOCFL 5
添加,HSK 7,
清,HSK 6,TOCFL 3
清單,HSK 7,
清幽,TOCFL 5,
清廉,TOCFL 5,
清掃,TOCFL 5,
清新,HSK 7,
清明,HSK 7,
清明節,HSK 6,
清晨,HSK 5,TOCFL 4
清晰,HSK 7,TOCFL 4
清楚,HSK 2,TOCFL 2
清洗,HSK 6,
清涼,HSK 7,
清淡,HSK 7,TOCFL 4
清潔,HSK 6,TOCFL 5
清潔工,HSK 6,
清澈,TOCFL 5,
清理,HSK 5,
清真寺,HSK 7,
清脆,HSK 7,
清醒,HSK 4,TOCFL 4
清除,HSK 7,TOCFL 4
清靜,HSK 7,TOCFL 5
減,HSK 4,TOCFL 3
減免,HSK 7,
減壓,HSK 7,
減少,HSK 4,TOCFL 3
減弱,HSK 7,
減肥,HSK 4,
減輕,HSK 5,TOCFL 3
減速,HSK 7,
渠道,HSK 6,TOCFL 5
渡,HSK 6,TOCFL 5
渡過,HSK 7,
渣子,HSK 7,
測,HSK 4,TOCFL 5
測定,HSK 6,
測算,HSK 7,
測試,HSK 4,TOCFL 4
測量,HSK 4,TOCFL 4
測驗,HSK 7,TOCFL 4
港,HSK 7,
港口,HSK 6,TOCFL 4
港幣,TOCFL 4,
渴,HSK 1,TOCFL 1
渴望,HSK 5,TOCFL 3
游,HSK 3,TOCFL 4
游泳,HSK 3,TOCFL 1
游泳池,HSK 5,TOCFL 3
渺小,HSK 7,
渾身,HSK 7,TOCFL 5
湊,HSK 7,TOCFL 4
湊合,HSK 7,
湊巧,HSK 7,TOCFL 5
湖,HSK 2,TOCFL 1
湖泊,HSK 7,
湧,TOCFL 5,
湧入,HSK 7,
湯,HSK 3,TOCFL 1
湯匙,TOCFL 2,
湯圓,HSK 7,TOCFL 5
滋味,HSK 7,TOCFL 5
滋潤,HSK 7,
源於,HSK 7,
源泉,HSK 7,
源源不斷,HSK 7,
源頭,HSK 7,
準,HSK 3,TOCFL 5
準備,HSK 1,TOCFL 1
準則,HSK 7,TOCFL 5
準時,HSK 4,TOCFL 3
準確,HSK 2,TOCFL 4
準許,HSK 7,
溜,HSK 7,TOCFL 4
溜冰,TOCFL 5,
溜達,HSK 7,
溝,HSK 5,TOCFL 5
溝通,HSK 5,TOCFL 3
溢,HSK 7,
溪流,TOCFL 5,
溫,TOCFL 5,
溫和,HSK 5,TOCFL 4
溫室,HSK 7,
溫帶,TOCFL 5,
溫度,HSK 2,TOCFL 2
溫度計,HSK 7,
溫暖,HSK 3,TOCFL 2
溫柔,HSK 7,TOCFL 3
溫泉,HSK 7,TOCFL 5
溫習,HSK 7,TOCFL 5
溫馨,HSK 7,
溫馴,TOCFL 5,
溶,TOCFL 5,
溶化,TOCFL 5,
溶解,HSK 7,
溼,TOCFL 4,
滄桑,HSK 7,
滅,HSK 6,TOCFL 5
滅亡,HSK 7,TOCFL 4
滅絕,HSK 7,
滑,HSK 5,TOCFL 4
滑冰,HSK 7,
滑梯,HSK 7,
滑稽,HSK 7,
滑雪,HSK 7,TOCFL 3
滔滔不絕,HSK 7,
滯後,HSK 7,
滯留,HSK 7,TOCFL 5
滲,HSK 7,
滲入,TOCFL 5,
滲透,HSK 7,
滴,HSK 6,TOCFL 4
滾,HSK 5,TOCFL 4
滾動,HSK 7,
滿,HSK 2,TOCFL 2
滿意,HSK 2,TOCFL 2
滿懷,HSK 7,TOCFL 5
滿足,HSK 3,TOCFL 3
漁民,HSK 7,TOCFL 5
漁船,HSK 7,
漂,HSK 7,
漂亮,HSK 2,TOCFL 1
漆,HSK 7,TOCFL 5
漏,HSK 5,TOCFL 5
漏洞,HSK 5,
演,HSK 3,TOCFL 3
演出,HSK 3,TOCFL 3
演員,HSK 3,TOCFL 3
演唱,HSK 3,TOCFL 4
演唱會,HSK 3,
演奏,HSK 6,TOCFL 4
演戲,HSK 7,
演技,HSK 7,
演播室,HSK 7,
演示,HSK 7,
演練,HSK 7,
演繹,HSK 7,
演習,HSK 7,TOCFL 5
演藝圈,HSK 7,
演說,HSK 7,TOCFL 5
演講,HSK 4,TOCFL 3
演變,HSK 7,TOCFL 5
漠然,HSK 7,
漠視,TOCFL 5,
漢堡,TOCFL 2,
漢字,HSK 1,TOCFL 2
漢語,HSK 1,TOCFL 2
漫,HSK 7,
漫畫,HSK 5,TOCFL 4
漫遊,HSK 7,
漫長,HSK 5,TOCFL 5
漲,HSK 5,TOCFL 4
漲價,HSK 5,TOCFL 4
漸,TOCFL 5,
漸漸,HSK 4,TOCFL 4
潑,HSK 5,TOCFL 5
潑冷水,HSK 7,
潔淨,HSK 7,
潔白,TOCFL 5,
潛力,HSK 6,TOCFL 5
潛在,HSK 7,
潛水,HSK 7,
潛移默化,HSK 7,
潛能,HSK 7,
潛艇,HSK 7,
潛藏,TOCFL 5,
潤,HSK 7,
潦草,HSK 7,
潮,HSK 4,
潮流,HSK 4,TOCFL 4
潮濕,HSK 4,TOCFL 4
潺潺,TOCFL 5,
澄清,HSK 7,
澆,HSK 7,TOCFL 4
澇,HSK 7,
澈底,TOCFL 4,
澱粉,HSK 7,
激光,HSK 7,
激動,HSK 4,TOCFL 3
激勵,HSK 7,
激化,HSK 7,
激增,TOCFL 5,
激情,HSK 6,
激活,HSK 7,
激烈,HSK 4,TOCFL 3
激發,HSK 7,
激素,HSK 7,
激起,HSK 7,
濃,HSK 4,TOCFL 4
濃厚,HSK 7,TOCFL 4
濃縮,HSK 7,
濃郁,HSK 7,
濃重,HSK 7,
濕,HSK 4,TOCFL 3
濕度,HSK 7,
濕潤,HSK 7,
濫用,HSK 7,TOCFL 4
濱海,HSK 7,
濺,HSK 7,TOCFL 5
瀉,HSK 7,
瀏覽,HSK 7,
瀏覽器,HSK 7,
瀑布,HSK 7,TOCFL 4
瀟灑,HSK 7,TOCFL 5
灌,HSK 7,TOCFL 5
灌溉,HSK 7,TOCFL 5
灌輸,HSK 7,TOCFL 5
灑,HSK 5,TOCFL 5
火,HSK 3,TOCFL 2
火候,HSK 7,
火力,TOCFL 5,
火山,HSK 7,
火暴,HSK 7,
火柴,HSK 5,TOCFL 4
火災,HSK 5,TOCFL 4
火炬,HSK 7,
火焰,HSK 7,TOCFL 5
火熱,HSK 7,
火箭,HSK 6,TOCFL 5
火腿,HSK 5,TOCFL 4
火花,HSK 7,
火藥,HSK 7,TOCFL 5
火車,HSK 1,TOCFL 1
火辣辣,HSK 7,
火速,HSK 7,
火鍋,HSK 7,
灰,HSK 7,TOCFL 4
灰塵,HSK 7,TOCFL 5
灰心,HSK 7,TOCFL 4
灰色,HSK 5,TOCFL 4
灼熱,HSK 7,
災,HSK 5,
災區,HSK 5,
災害,HSK 5,TOCFL 4
災情,TOCFL 5,
災禍,TOCFL 5,
災難,HSK 5,TOCFL 4
炎熱,HSK 7,
炎癥,HSK 7,
炒,HSK 6,TOCFL 3
炒作,HSK 6,
炒股,HSK 6,
炖,HSK 7,
炫耀,HSK 7,
炭,HSK 7,
炮,HSK 6,TOCFL 4
炸,HSK 6,TOCFL 3
炸彈,HSK 6,
炸藥,HSK 6,TOCFL 5
為,HSK 2,TOCFL 3
為主,HSK 5,TOCFL 3
為了,HSK 3,TOCFL 2
為人,HSK 7,TOCFL 5
為什麼,HSK 2,TOCFL 1
為何,HSK 6,TOCFL 4
為期,HSK 5,
為止,HSK 5,TOCFL 5
為此,HSK 6,
為生,TOCFL 5,
為難,HSK 5,TOCFL 4
為首,TOCFL 5,
烈士,HSK 7,TOCFL 5
烏雲,HSK 6,
烏鴉,TOCFL 5,
烏龍茶,TOCFL 5,
烏龜,TOCFL 5,
烘乾,HSK 7,
烘托,HSK 7,
烤,HSK 7,TOCFL 2
烤肉,HSK 5,TOCFL 5
烤鴨,HSK 5,
烹調,HSK 7,
焊,HSK 7,
焚燒,HSK 7,
無,HSK 4,TOCFL 3
無不,HSK 7,
無償,HSK 7,
無力,HSK 7,
無可厚非,HSK 7,
無可奈何,HSK 7,TOCFL 4
無可奉告,HSK 7,
無奈,HSK 5,
無家可歸,HSK 7,
無形,HSK 7,TOCFL 5
無形中,HSK 7,
無微不至,HSK 7,
無情,HSK 7,TOCFL 4
無情無義,HSK 7,
無惡不作,HSK 7,
無意,HSK 7,TOCFL 4
無憂無慮,HSK 7,
無所事事,HSK 7,
無所作為,HSK 7,
無所謂,HSK 4,TOCFL 3
無故,HSK 7,
無效,HSK 6,
無敵,HSK 7,
無數,HSK 4,TOCFL 4
無條件,HSK 7,
無比,HSK 7,TOCFL 5
無法,HSK 4,TOCFL 3
無濟於事,HSK 7,
無理,HSK 7,
無疑,HSK 5,TOCFL 5
無知,HSK 7,
無私,HSK 7,
無窮,HSK 7,TOCFL 3
無精打採,HSK 7,
無線,HSK 7,
無線電,HSK 7,TOCFL 5
無緣,HSK 7,
無聊,HSK 4,TOCFL 2
無能,HSK 7,
無能為力,HSK 7,
無話可說,HSK 7,
無論,HSK 4,TOCFL 4
無論如何,HSK 7,TOCFL 3
無足輕重,HSK 7,
無辜,HSK 7,
無邊,HSK 6,
無關,HSK 6,
無關緊要,HSK 7,
無限,HSK 4,TOCFL 4
無非,HSK 7,
無須,HSK 7,
焦,HSK 7,
焦急,HSK 7,TOCFL 5
焦慮,HSK 7,
焦距,HSK 7,
焦躁,HSK 7,
焦點,HSK 6,
焰火,HSK 7,
然後,HSK 2,TOCFL 2
然而,HSK 4,TOCFL 4
煮,HSK 6,TOCFL 2
煉,HSK 7,
煎,HSK 7,TOCFL 5
煙,HSK 3,TOCFL 4
煙囪,HSK 7,
煙火,HSK 7,TOCFL 3
煙花,HSK 6,
煞車,TOCFL 5,
煤,HSK 5,TOCFL 4
煤氣,HSK 5,
煤炭,HSK 7,
煤礦,HSK 7,
煥發,HSK 7,
照,HSK 3,TOCFL 3
照例,HSK 7,TOCFL 5
照常,HSK 7,TOCFL 4
照料,HSK 7,
照明,HSK 7,
照樣,HSK 6,
照片,HSK 2,TOCFL 1
照相,HSK 2,TOCFL 1
照相機,TOCFL 1,
照耀,HSK 6,TOCFL 5
照辦,HSK 7,
照顧,HSK 2,TOCFL 2
煩,HSK 4,TOCFL 4
煩悶,HSK 7,
煩惱,HSK 7,TOCFL 3
煩躁,HSK 7,
煲,HSK 7,
煽動,HSK 7,
熄火,HSK 7,
熊,HSK 5,
熊貓,TOCFL 3,
熏,HSK 7,
熒光,HSK 7,
熙熙攘攘,HSK 7,
蒸,HSK 7,TOCFL 5
蒸氣,TOCFL 5,
蒸發,TOCFL 5,
熟,HSK 2,TOCFL 3
熟人,HSK 3,TOCFL 4
熟悉,HSK 5,TOCFL 3
熟練,HSK 4,TOCFL 4
熬,HSK 7,TOCFL 4
熬夜,HSK 7,
熱,HSK 1,TOCFL 1
熱帶,HSK 7,TOCFL 5
熱心,HSK 4,TOCFL 4
熱情,HSK 2,TOCFL 4
熱愛,HSK 3,TOCFL 4
熱氣,HSK 7,
熱氣球,HSK 7,
熱水,HSK 6,TOCFL 3
熱水器,HSK 6,
熱水瓶,TOCFL 5,
熱潮,HSK 7,TOCFL 5
熱烈,HSK 3,TOCFL 4
熱狗,TOCFL 3,
熱線,HSK 6,
熱衷,HSK 7,
熱量,HSK 5,TOCFL 5
熱門,HSK 5,TOCFL 4
熱騰騰,HSK 7,
熱鬧,HSK 4,TOCFL 2
熱點,HSK 6,
燃放,HSK 7,
燃料,HSK 4,TOCFL 4
燃氣,HSK 7,
燃油,HSK 7,
燃燒,HSK 4,TOCFL 4
燈,HSK 2,TOCFL 2
燈光,HSK 4,TOCFL 3
燈泡,HSK 7,
燈火,TOCFL 5,
燈籠,HSK 7,TOCFL 5
燒,HSK 4,TOCFL 3
燒毀,HSK 7,
燒烤,HSK 7,
燒香,TOCFL 5,
燕子,HSK 7,TOCFL 5
燕窩,TOCFL 5,
燙,HSK 7,TOCFL 4
營地,TOCFL 5,
營救,HSK 7,
營業,HSK 4,TOCFL 4
營造,HSK 7,TOCFL 5
營養,HSK 3,TOCFL 3
燦爛,HSK 7,TOCFL 5
爆,HSK 6,
爆冷門,HSK 7,
爆滿,HSK 7,
爆炸,HSK 6,TOCFL 4
爆發,HSK 6,TOCFL 5
爆竹,HSK 7,
爐子,HSK 7,TOCFL 5
爐灶,HSK 7,
爛,HSK 5,TOCFL 4
爪子,HSK 7,
爬,HSK 2,TOCFL 2
爬山,HSK 2,
爭,HSK 3,TOCFL 4
爭先恐後,HSK 7,
爭光,HSK 7,
爭分奪秒,HSK 7,
爭取,HSK 3,TOCFL 4
爭吵,HSK 7,
爭執,HSK 7,
爭奪,HSK 6,TOCFL 5
爭氣,HSK 7,TOCFL 5
爭端,HSK 7,
爭論,HSK 4,TOCFL 4
爭議,HSK 5,TOCFL 5
爭辯,TOCFL 5,
爵士,HSK 7,
父女,HSK 6,
父子,HSK 6,
父母,HSK 3,TOCFL 2
父親,HSK 3,TOCFL 2
爸爸,HSK 1,TOCFL 1
爹,HSK 7,
爺爺,HSK 1,TOCFL 2
爽,HSK 6,
爽快,HSK 7,TOCFL 5
牆,TOCFL 2,
牆壁,HSK 5,TOCFL 4
牆角,TOCFL 5,
片,HSK 2,TOCFL 1
片刻,TOCFL 5,
片子,HSK 7,TOCFL 4
片段,HSK 7,
片面,HSK 4,TOCFL 4
版,HSK 5,
牌,HSK 4,
牌子,HSK 3,TOCFL 3
牌照,HSK 7,
牙,HSK 4,TOCFL 3
牙刷,HSK 4,TOCFL 2
牙科,TOCFL 5,
牙膏,HSK 7,TOCFL 4
牙齒,HSK 7,TOCFL 3
牛,HSK 3,TOCFL 2
牛仔褲,HSK 5,TOCFL 2
牛奶,HSK 1,TOCFL 1
牛排,TOCFL 2,
牠,TOCFL 5,
牡丹,HSK 7,
牢,HSK 6,TOCFL 4
牢固,HSK 7,
牢牢,HSK 7,
牢記,HSK 7,
牢騷,TOCFL 4,
牧場,HSK 7,TOCFL 5
牧民,HSK 7,
物價,HSK 5,TOCFL 3
物品,HSK 6,TOCFL 5
物業,HSK 5,
物流,HSK 7,
物理,TOCFL 4,
物產,TOCFL 5,
物證,HSK 7,
物資,HSK 7,TOCFL 5
物質,HSK 5,TOCFL 4
物體,HSK 7,TOCFL 5
牲畜,HSK 7,
特,HSK 6,
特例,HSK 7,
特價,HSK 4,
特別,HSK 2,TOCFL 2
特區,TOCFL 5,
特地,HSK 6,TOCFL 3
特大,HSK 6,
特定,HSK 5,
特徵,HSK 4,TOCFL 5
特快,HSK 6,
特性,HSK 5,
特意,HSK 6,
特有,HSK 5,
特權,HSK 7,TOCFL 5
特此,TOCFL 5,
特殊,HSK 4,TOCFL 3
特產,HSK 7,
特約,TOCFL 5,
特色,HSK 3,TOCFL 3
特製,HSK 7,
特質,HSK 7,
特邀,HSK 7,
特長,HSK 7,
特點,HSK 2,TOCFL 4
牽,HSK 6,TOCFL 4
牽制,HSK 7,
牽扯,HSK 7,
牽掛,HSK 7,
牽涉,HSK 7,
牽連,TOCFL 5,
牽頭,HSK 7,
犧牲,HSK 6,TOCFL 3
犯,HSK 6,TOCFL 3
犯人,TOCFL 4,
犯愁,HSK 7,
犯法,TOCFL 4,
犯罪,HSK 6,TOCFL 4
犯規,HSK 6,TOCFL 5
犯錯,TOCFL 4,
狀元,HSK 7,TOCFL 5
狀態,HSK 3,TOCFL 3
狀況,HSK 3,TOCFL 4
狂,HSK 5,
狂妄,TOCFL 5,
狂歡,HSK 7,
狂歡節,HSK 7,
狂熱,HSK 7,
狂風,TOCFL 5,
狐疑,TOCFL 5,
狗,HSK 2,TOCFL 1
狠,HSK 6,TOCFL 5
狠心,TOCFL 5,
狡猾,HSK 7,
狩獵,TOCFL 5,
狹小,HSK 7,TOCFL 5
狹窄,HSK 7,TOCFL 5
狹隘,HSK 7,
狼,HSK 7,TOCFL 4
狼狽,HSK 7,
猖狂,HSK 7,
猖獗,TOCFL 5,
猛,HSK 6,TOCFL 4
猛烈,HSK 7,TOCFL 5
猛然,HSK 7,
猜,HSK 5,TOCFL 3
猜忌,TOCFL 5,
猜想,HSK 7,TOCFL 5
猜測,HSK 5,TOCFL 5
猜謎,HSK 7,
猩猩,HSK 7,
猴,HSK 5,
猴子,TOCFL 4,
猶如,HSK 7,
猶豫,HSK 5,TOCFL 4
猶豫不決,HSK 7,
獅子,HSK 7,TOCFL 3
獎,HSK 4,
獎勵,HSK 5,TOCFL 5
獎品,HSK 7,TOCFL 4
獎學金,HSK 4,TOCFL 3
獎杯,HSK 7,
獎牌,HSK 7,
獎狀,TOCFL 5,
獎賞,TOCFL 5,
獎金,HSK 4,TOCFL 4
獎項,HSK 7,
獨,HSK 7,
獨一無二,HSK 7,
獨佔,TOCFL 5,
獨到,TOCFL 5,
獨創,TOCFL 5,
獨唱,HSK 7,
獨家,HSK 7,
獨特,HSK 4,TOCFL 3
獨立,HSK 4,TOCFL 4
獨立自主,HSK 7,
獨自,HSK 4,TOCFL 4
獨身,HSK 7,
獲,HSK 4,TOCFL 5
獲勝,HSK 7,
獲取,HSK 4,
獲得,HSK 4,TOCFL 4
獲悉,HSK 7,
獲獎,HSK 4,
獵人,HSK 7,TOCFL 5
獵犬,HSK 7,
獻,HSK 5,
獻血,HSK 7,
獻身,TOCFL 5,
玄,HSK 7,
玄機,HSK 7,
率,HSK 7,TOCFL 5
率先,HSK 4,
率領,HSK 5,TOCFL 4
玉,HSK 4,TOCFL 3
玉器,TOCFL 5,
玉米,HSK 4,TOCFL 3
王,HSK 4,
王后,HSK 6,
王國,HSK 7,
王牌,HSK 7,
玩,HSK 1,TOCFL 1
玩具,HSK 3,TOCFL 3
玩弄,TOCFL 5,
玩意兒,HSK 7,
玩笑,TOCFL 4,
玩耍,HSK 7,
玫瑰,HSK 7,TOCFL 3
玻璃,HSK 5,TOCFL 4
珍惜,HSK 5,TOCFL 4
珍珠,HSK 5,TOCFL 4
珍視,HSK 7,
珍藏,HSK 7,
珍貴,HSK 5,TOCFL 3
珍重,HSK 7,
珠寶,HSK 6,
班,HSK 1,TOCFL 2
班機,TOCFL 3,
班級,HSK 3,
班長,HSK 2,TOCFL 4
現,TOCFL 4,
現今,TOCFL 5,
現代,HSK 3,TOCFL 3
現任,HSK 7,
現在,HSK 1,TOCFL 1
現場,HSK 3,TOCFL 4
現實,HSK 3,TOCFL 3
現成,HSK 7,TOCFL 4
現有,HSK 5,
現狀,HSK 5,TOCFL 5
現行,HSK 7,TOCFL 5
現象,HSK 3,TOCFL 3
現金,HSK 3,TOCFL 4
球,HSK 1,TOCFL 3
球員,HSK 6,TOCFL 3
球場,HSK 2,TOCFL 3
球拍,HSK 6,
球星,HSK 6,
球賽,TOCFL 3,
球迷,HSK 3,
球隊,HSK 2,TOCFL 4
球鞋,HSK 2,TOCFL 4
理,HSK 6,TOCFL 4
理事,HSK 7,
理學,TOCFL 5,
理念,HSK 7,
理性,HSK 7,TOCFL 5
理想,HSK 2,TOCFL 3
理所當然,HSK 7,TOCFL 5
理智,HSK 6,TOCFL 5
理會,HSK 7,
理由,HSK 3,TOCFL 4
理直氣壯,HSK 7,
理睬,HSK 7,
理科,HSK 7,
理解,HSK 3,TOCFL 3
理論,HSK 3,TOCFL 3
理財,HSK 6,TOCFL 5
理髮,HSK 3,
琢磨,HSK 7,
琴,HSK 5,TOCFL 5
瑕疵,TOCFL 5,
瑞雪,HSK 7,
瑣碎,TOCFL 5,
瑰寶,HSK 7,
環,HSK 3,
環保,HSK 3,TOCFL 3
環境,HSK 3,TOCFL 2
環球,HSK 7,
環節,HSK 5,
環繞,HSK 7,
瓜,HSK 4,TOCFL 4
瓜分,HSK 7,
瓜子,HSK 7,TOCFL 4
瓦,HSK 7,
瓦斯,TOCFL 5,
瓶,HSK 2,TOCFL 1
瓶子,HSK 2,TOCFL 3
瓶頸,HSK 7,
瓷,HSK 7,
瓷器,HSK 7,
甘心,HSK 7,
甚,TOCFL 5,
甚至,HSK 4,TOCFL 3
甚至於,HSK 7,
甜,HSK 3,TOCFL 1
甜美,HSK 7,TOCFL 5
甜蜜,HSK 7,
甜頭,HSK 7,
甜點,TOCFL 3,
生,HSK 2,TOCFL 3
生人,TOCFL 5,
生前,HSK 7,TOCFL 5
生動,HSK 3,TOCFL 3
生命,HSK 3,TOCFL 3
生命線,HSK 7,
生字,TOCFL 3,
生存,HSK 3,TOCFL 4
生平,HSK 7,TOCFL 5
生怕,HSK 7,
生意,HSK 3,TOCFL 3
生態,HSK 7,TOCFL 5
生成,HSK 5,
生效,HSK 7,TOCFL 5
生日,HSK 1,TOCFL 1
生機,HSK 7,
生死,HSK 7,TOCFL 5
生殖,TOCFL 5,
生氣,HSK 1,TOCFL 2
生活,HSK 2,TOCFL 1
生活費,HSK 6,
生涯,HSK 7,
生火,TOCFL 5,
生物,HSK 7,TOCFL 5
生理,HSK 7,TOCFL 5
生產,HSK 3,TOCFL 3
生病,HSK 1,TOCFL 1
生硬,HSK 7,TOCFL 5
生肖,TOCFL 4,
生育,HSK 7,TOCFL 5
生詞,HSK 2,TOCFL 5
生長,HSK 3,TOCFL 4
產,HSK 7,TOCFL 4
產值,HSK 7,TOCFL 5
產品,HSK 4,TOCFL 3
產地,HSK 7,
產業,HSK 5,TOCFL 4
產物,HSK 7,TOCFL 5
產生,HSK 3,TOCFL 3
產量,HSK 6,TOCFL 4
用,HSK 1,TOCFL 1
用不著,HSK 5,TOCFL 4
用于,HSK 5,
用人,HSK 7,
用來,HSK 5,
用具,TOCFL 4,
用力,HSK 7,TOCFL 4
用功,HSK 7,TOCFL 3
用品,HSK 6,TOCFL 3
用得著,HSK 6,TOCFL 4
用心,HSK 6,TOCFL 4
用意,HSK 7,
用戶,HSK 5,TOCFL 5
用法,HSK 6,TOCFL 3
用處,HSK 6,TOCFL 4
用途,HSK 4,TOCFL 5
用餐,HSK 7,
甩,HSK 7,TOCFL 4
甭,TOCFL 5,
田,HSK 6,TOCFL 3
田地,TOCFL 5,
田徑,HSK 6,TOCFL 5
田野,TOCFL 4,
由,HSK 3,TOCFL 4
由來,HSK 7,TOCFL 5
由於,HSK 3,TOCFL 3
由此,HSK 5,
由此可見,HSK 7,
由此看來,HSK 7,
由衷,HSK 7,
甲,HSK 5,TOCFL 4
申報,HSK 7,
申請,HSK 4,TOCFL 4
申辦,HSK 7,
申領,HSK 7,
男,HSK 1,TOCFL 1
男人,HSK 1,TOCFL 2
男士,HSK 4,
男女,HSK 4,
男子,HSK 3,
男孩兒,HSK 1,
男性,HSK 5,TOCFL 4
男方,TOCFL 5,
男朋友,HSK 1,
男生,HSK 1,TOCFL 1
界,HSK 6,
界定,HSK 7,
界線,HSK 7,TOCFL 4
界限,HSK 7,
畏懼,HSK 7,
畏縮,HSK 7,
留,HSK 2,TOCFL 5
留下,HSK 2,
留學,HSK 3,TOCFL 3
留學生,HSK 2,TOCFL 3
留心,HSK 7,
留念,HSK 7,TOCFL 4
留意,HSK 7,
留戀,HSK 7,
留神,HSK 7,
留言,HSK 6,TOCFL 2
畝,HSK 7,TOCFL 5
畢業,HSK 4,TOCFL 2
畢業生,HSK 4,
畢生,TOCFL 5,
畢竟,HSK 5,TOCFL 3
略,HSK 7,TOCFL 4
略微,HSK 7,
異口同聲,HSK 7,
異常,HSK 6,TOCFL 5
異性,HSK 7,
異想天開,HSK 7,
異議,HSK 7,
異鄉,TOCFL 5,
番,HSK 6,TOCFL 4
番茄,HSK 6,
畫,HSK 2,TOCFL 1
畫兒,HSK 2,TOCFL 1
畫冊,HSK 7,
畫家,HSK 2,TOCFL 3
畫展,HSK 7,TOCFL 5
畫蛇添足,HSK 7,
畫面,HSK 5,TOCFL 5
畫龍點睛,HSK 7,
當,HSK 2,TOCFL 2
當下,HSK 7,
當中,HSK 3,TOCFL 3
當之無愧,HSK 7,
當事人,HSK 7,
當今,HSK 7,
當代,HSK 5,TOCFL 5
當作,HSK 6,TOCFL 3
當做,TOCFL 3,
當兵,TOCFL 5,
當初,HSK 3,TOCFL 4
當前,HSK 5,TOCFL 5
當務之急,HSK 7,
當即,HSK 7,
當地,HSK 3,TOCFL 3
當場,HSK 5,TOCFL 3
當天,HSK 6,TOCFL 3
當局,TOCFL 5,
當年,HSK 5,TOCFL 3
當心,HSK 7,TOCFL 5
當成,HSK 6,
當日,HSK 7,
當時,HSK 2,TOCFL 4
當晚,HSK 7,
當然,HSK 3,TOCFL 2
當真,HSK 7,
當眾,HSK 7,
當著,HSK 7,
當選,HSK 5,TOCFL 4
當面,HSK 7,TOCFL 3
畸形,HSK 7,TOCFL 5
疊,HSK 7,TOCFL 5
疏導,HSK 7,TOCFL 5
疏忽,HSK 7,TOCFL 4
疏散,HSK 7,TOCFL 5
疏通,HSK 7,
疑問,HSK 4,TOCFL 4
疑惑,HSK 7,
疑慮,HSK 7,TOCFL 5
疑點,HSK 7,
疙瘩,TOCFL 5,
疫苗,HSK 7,
疲倦,HSK 7,TOCFL 4
疲勞,HSK 7,TOCFL 4
疲憊,HSK 7,TOCFL 5
疲憊不堪,HSK 7,
疼,HSK 2,TOCFL 2
疼愛,TOCFL 5,
疼痛,HSK 6,
疾病,HSK 6,TOCFL 4
病,HSK 1,TOCFL 2
病人,HSK 1,TOCFL 2
病床,HSK 7,TOCFL 5
病情,HSK 6,TOCFL 5
病房,HSK 6,TOCFL 4
病毒,HSK 5,TOCFL 4
病癥,HSK 7,
病菌,TOCFL 5,
症狀,TOCFL 4,
痕跡,HSK 7,TOCFL 4
痛,HSK 3,TOCFL 1
痛心,HSK 7,
痛快,HSK 4,TOCFL 4
痛恨,TOCFL 5,
痛苦,HSK 3,TOCFL 3
痰,HSK 7,TOCFL 5
痴呆,HSK 7,
痴心,HSK 7,
痴迷,HSK 7,
瘋,HSK 5,TOCFL 4
瘋子,HSK 7,TOCFL 4
瘋狂,HSK 5,TOCFL 4
瘟疫,HSK 7,TOCFL 5
瘦,HSK 5,TOCFL 1
療效,HSK 7,
療法,HSK 7,
療養,HSK 4,
癌,HSK 7,
癌症,TOCFL 4,
癌癥,HSK 7,
癒合,HSK 7,
癢,HSK 7,TOCFL 4
癥狀,HSK 6,
癥結,HSK 7,
癮,HSK 7,
癱,HSK 7,
癱瘓,HSK 7,
登,HSK 4,TOCFL 4
登場,TOCFL 5,
登山,HSK 4,TOCFL 4
登機,HSK 7,
登記,HSK 4,TOCFL 4
登錄,HSK 4,
登陸,HSK 7,TOCFL 5
發,HSK 2,TOCFL 3
發佈會,HSK 7,
發作,HSK 7,TOCFL 5
發光,HSK 7,
發出,HSK 3,TOCFL 3
發動,HSK 3,TOCFL 4
發射,HSK 5,TOCFL 4
發展,HSK 3,TOCFL 4
發布,HSK 5,
發怒,HSK 6,
發愁,HSK 7,
發愣,HSK 7,
發憤圖強,HSK 7,
發抖,HSK 7,TOCFL 4
發掘,HSK 7,TOCFL 5
發揚,HSK 7,TOCFL 4
發揚光大,HSK 7,
發揮,HSK 4,TOCFL 3
發放,HSK 6,
發明,HSK 3,TOCFL 3
發泄,HSK 7,
發源地,HSK 7,
發火,HSK 7,
發炎,HSK 6,TOCFL 5
發熱,HSK 7,
發燒,HSK 4,TOCFL 2
發現,HSK 2,TOCFL 2
發生,HSK 3,TOCFL 2
發病,HSK 6,
發瘋,TOCFL 5,
發票,HSK 4,TOCFL 3
發育,HSK 7,TOCFL 5
發脾氣,HSK 7,TOCFL 3
發行,HSK 5,TOCFL 4
發表,HSK 3,TOCFL 3
發覺,HSK 5,TOCFL 3
發言,HSK 3,TOCFL 4
發言人,HSK 6,
發誓,HSK 7,TOCFL 5
發財,HSK 7,TOCFL 3
發起,HSK 6,TOCFL 4
發起人,HSK 7,
發送,HSK 3,
發達,HSK 3,TOCFL 3
發酵,HSK 7,
發電,HSK 6,TOCFL 5
發電機,HSK 7,
發音,TOCFL 4,
白,HSK 1,TOCFL 3
白天,HSK 1,TOCFL 3
白白,HSK 7,TOCFL 3
白皮書,TOCFL 5,
白色,HSK 2,TOCFL 1
白菜,HSK 3,TOCFL 3
白酒,HSK 5,
白領,HSK 6,
百,HSK 1,TOCFL 1
百分比,HSK 7,
百分點,HSK 6,
百合,HSK 7,
百科全書,HSK 7,
百貨,HSK 4,
百貨公司,TOCFL 3,
的,HSK 1,TOCFL 1
的確,HSK 4,TOCFL 4
的話,HSK 2,TOCFL 3
皆,HSK 7,TOCFL 5
皇上,HSK 7,
皇后,HSK 7,
皇室,HSK 7,
皇宮,HSK 7,
皇帝,HSK 6,TOCFL 4
皮,HSK 3,TOCFL 3
皮包,HSK 3,TOCFL 2
皮帶,HSK 7,TOCFL 3
皮球,HSK 6,
皮膚,HSK 5,TOCFL 3
皮鞋,HSK 5,TOCFL 3
皺,HSK 7,TOCFL 5
皺紋,TOCFL 5,
盆,HSK 5,TOCFL 4
盆地,TOCFL 5,
盈利,HSK 7,
益處,HSK 7,
盒,HSK 5,TOCFL 3
盒子,HSK 5,TOCFL 2
盒飯,HSK 5,
盛,HSK 7,TOCFL 5
盛大,HSK 7,
盛情,TOCFL 5,
盛會,HSK 7,
盛氣凌人,HSK 7,
盛行,HSK 6,TOCFL 5
盛裝,TOCFL 5,
盛開,HSK 7,
盜,HSK 7,
盜版,HSK 6,
盜竊,HSK 7,
盞,HSK 7,TOCFL 5
盟友,HSK 7,
盡,TOCFL 3,
盡力,HSK 4,TOCFL 4
盡情,HSK 7,
盡早,HSK 7,
盡量,HSK 3,TOCFL 5
盡頭,HSK 7,
監察,HSK 7,
監控,HSK 7,
監測,HSK 6,
監獄,HSK 7,TOCFL 4
監督,HSK 6,TOCFL 5
監視,HSK 7,TOCFL 4
監管,HSK 7,
監護,HSK 7,
盤,HSK 4,TOCFL 2
盤子,HSK 4,TOCFL 1
盤算,HSK 7,
目不轉睛,HSK 7,
目中無人,HSK 7,
目光,HSK 5,TOCFL 5
目前,HSK 3,TOCFL 3
目擊,TOCFL 5,
目標,HSK 3,TOCFL 4
目的,HSK 2,TOCFL 3
目的地,HSK 7,TOCFL 4
目睹,HSK 7,TOCFL 5
目瞪口呆,HSK 7,
目錄,HSK 7,TOCFL 4
盯,HSK 7,TOCFL 4
盲人,HSK 6,TOCFL 5
盲從,TOCFL 5,
盲目,HSK 7,TOCFL 4
直,HSK 3,TOCFL 3
直到,HSK 3,TOCFL 3
直升機,HSK 6,
直奔,HSK 7,
直徑,HSK 7,TOCFL 5
直接,HSK 2,TOCFL 4
直播,HSK 3,
直視,HSK 7,
直線,HSK 5,TOCFL 4
直至,HSK 7,
直覺,HSK 7,
直觀,HSK 7,
直達,HSK 7,
相,TOCFL 4,
相互,HSK 3,TOCFL 4
相仿,TOCFL 5,
相伴,HSK 7,
相似,HSK 3,TOCFL 4
相依為命,HSK 7,
相信,HSK 2,TOCFL 2
相傳,HSK 7,TOCFL 5
相反,HSK 4,TOCFL 3
相同,HSK 2,TOCFL 3
相對,HSK 7,TOCFL 3
相對而言,HSK 7,
相差,HSK 7,
相應,HSK 5,
相提並論,HSK 7,
相機,HSK 2,TOCFL 1
相比,HSK 3,
相比之下,HSK 7,
相片,HSK 4,TOCFL 4
相片兒,TOCFL 4,
相當,HSK 3,TOCFL 3
相當於,HSK 7,
相符,TOCFL 5,
相等,HSK 5,
相約,HSK 7,
相繼,HSK 7,TOCFL 5
相聲,HSK 5,TOCFL 3
相處,HSK 4,TOCFL 4
相親,TOCFL 4,
相親相愛,TOCFL 4,
相識,HSK 7,
相輔相成,HSK 7,
相通,HSK 7,
相連,HSK 7,
相遇,HSK 7,
相配,TOCFL 5,
相關,HSK 3,TOCFL 3
盼,HSK 7,TOCFL 5
盼望,HSK 6,TOCFL 3
省,HSK 2,TOCFL 3
省事,HSK 7,TOCFL 5
省得,TOCFL 4,
省略,HSK 7,
省錢,HSK 6,TOCFL 3
眉毛,HSK 7,TOCFL 5
眉開眼笑,HSK 7,
眉頭,TOCFL 5,
看,HSK 1,TOCFL 1
看上去,HSK 3,
看不起,HSK 4,TOCFL 3
看中,HSK 7,
看似,HSK 7,
看作,HSK 6,
看來,HSK 4,TOCFL 4
看出,HSK 5,
看到,HSK 1,
看好,HSK 6,
看守,TOCFL 5,
看家,TOCFL 4,
看待,HSK 5,
看得出,HSK 7,
看得見,HSK 6,
看得起,HSK 6,TOCFL 4
看成,HSK 5,
看望,HSK 4,
看樣子,HSK 7,TOCFL 4
看法,HSK 2,TOCFL 3
看熱鬧,HSK 7,
看病,HSK 1,TOCFL 2
看看,TOCFL 4,
看管,HSK 6,
看臺,HSK 7,
看見,HSK 1,TOCFL 2
看護,HSK 7,
看起來,HSK 3,TOCFL 3
看重,HSK 7,
真,HSK 1,TOCFL 1
真假,HSK 7,
真實,HSK 3,TOCFL 3
真心,HSK 7,TOCFL 3
真情,HSK 7,TOCFL 5
真摯,HSK 7,
真是,TOCFL 3,
真是的,HSK 7,
真正,HSK 2,TOCFL 3
真理,HSK 5,TOCFL 3
真的,HSK 1,TOCFL 3
真相,HSK 5,
真空,HSK 7,
真誠,HSK 5,
眨眼,HSK 7,
眼,HSK 2,
眼下,HSK 7,
眼光,HSK 5,TOCFL 3
眼前,HSK 3,
眼淚,HSK 4,TOCFL 3
眼界,HSK 7,TOCFL 5
眼看,HSK 6,TOCFL 5
眼睛,HSK 2,TOCFL 1
眼神,HSK 7,
眼紅,HSK 7,
眼色,HSK 7,
眼裡,HSK 4,
眼鏡,HSK 4,TOCFL 1
眾人,HSK 7,
眾多,HSK 5,
眾志成城,HSK 7,
眾所週知,HSK 7,
睜,HSK 7,TOCFL 4
督促,HSK 7,TOCFL 5
睡,HSK 1,TOCFL 2
睡眠,HSK 5,TOCFL 5
睡著,HSK 4,TOCFL 3
睡袋,HSK 7,
睡覺,HSK 1,TOCFL 1
瞄準,HSK 7,
瞅,HSK 7,
瞎,HSK 7,TOCFL 4
瞞,HSK 7,TOCFL 5
瞧,HSK 5,TOCFL 4
瞧不起,HSK 7,TOCFL 5
瞪,HSK 7,TOCFL 5
瞬間,HSK 7,TOCFL 5
瞻仰,HSK 7,
矚目,HSK 7,TOCFL 5
矛盾,HSK 5,TOCFL 4
矛頭,HSK 7,
矣,HSK 7,
知,TOCFL 3,
知名,HSK 6,
知己,HSK 7,
知覺,HSK 7,
知識,HSK 1,TOCFL 3
知識分子,HSK 7,
知足,HSK 7,TOCFL 5
知道,HSK 1,TOCFL 1
短,HSK 2,TOCFL 1
短信,HSK 2,
短暫,HSK 7,TOCFL 5
短期,HSK 3,
短片,HSK 6,
短缺,HSK 7,TOCFL 5
短處,HSK 3,
短褲,HSK 3,
矮,HSK 4,TOCFL 1
矮小,HSK 4,
矯正,HSK 7,
石油,HSK 3,TOCFL 3
石膏,TOCFL 5,
石頭,HSK 3,TOCFL 3
砂糖,HSK 7,
砍,HSK 7,TOCFL 4
研發,HSK 6,
研究,HSK 4,TOCFL 3
研究所,HSK 5,TOCFL 5
研究生,HSK 4,
研製,HSK 4,
研討,HSK 7,
砲,TOCFL 4,
破,HSK 3,TOCFL 3
破例,TOCFL 5,
破壞,HSK 3,TOCFL 3
破案,HSK 7,TOCFL 5
破滅,HSK 7,
破爛,TOCFL 4,
破獲,TOCFL 5,
破產,HSK 4,TOCFL 5
破碎,HSK 7,TOCFL 5
破舊,HSK 7,
破裂,HSK 7,TOCFL 4
破解,HSK 7,
破除,HSK 7,TOCFL 5
砸,HSK 7,TOCFL 4
硬,HSK 5,TOCFL 4
硬件,HSK 5,
硬幣,HSK 7,
硬朗,HSK 7,
硬盤,HSK 7,
硬體,TOCFL 5,
碎,HSK 5,TOCFL 4
碑,HSK 7,TOCFL 5
碗,HSK 2,TOCFL 1
碰,HSK 2,TOCFL 3
碰上,HSK 7,TOCFL 3
碰到,HSK 2,TOCFL 3
碰巧,HSK 7,
碰撞,HSK 7,
碰見,HSK 2,TOCFL 4
碰釘子,HSK 7,
碧綠,HSK 7,
碩士,HSK 5,TOCFL 4
碩果,HSK 7,
碳,HSK 7,
磁卡,HSK 7,
磁帶,HSK 7,TOCFL 4
磁盤,HSK 7,
確保,HSK 3,TOCFL 5
確信,HSK 7,
確切,HSK 7,TOCFL 5
確定,HSK 3,TOCFL 3
確實,HSK 3,TOCFL 4
確立,HSK 5,
確診,HSK 7,
確認,HSK 4,TOCFL 3
確鑿,HSK 7,
碼,HSK 7,
碼頭,HSK 5,TOCFL 3
磅,HSK 7,TOCFL 4
磋商,HSK 7,TOCFL 5
磕,HSK 7,
磚,HSK 7,TOCFL 5
磨,HSK 6,TOCFL 4
磨合,HSK 7,
磨損,HSK 7,
磨難,HSK 7,
礁石,HSK 7,
礙事,HSK 7,
礦,HSK 6,
礦工,TOCFL 5,
礦泉水,HSK 4,
礦產,TOCFL 5,
礦藏,HSK 7,
示威,HSK 7,TOCFL 4
示意,HSK 7,
示範,HSK 5,TOCFL 5
社,HSK 5,
社交,HSK 7,TOCFL 4
社區,HSK 5,TOCFL 5
社團,HSK 7,TOCFL 4
社會,HSK 3,TOCFL 4
社會主義,HSK 7,
社論,HSK 7,TOCFL 5
祈禱,HSK 7,
祕密,HSK 4,
祕方,HSK 7,
祕書,HSK 4,TOCFL 4
祕訣,HSK 7,
祖傳,HSK 7,
祖先,HSK 7,TOCFL 3
祖國,HSK 6,TOCFL 4
祖宗,HSK 7,TOCFL 5
祖母,HSK 6,TOCFL 3
祖父,HSK 6,TOCFL 3
祖籍,HSK 7,
祝,HSK 3,TOCFL 3
祝福,HSK 4,TOCFL 3
祝賀,HSK 5,TOCFL 4
祝願,HSK 6,
神,HSK 5,TOCFL 4
神仙,HSK 7,TOCFL 4
神奇,HSK 5,TOCFL 4
神情,HSK 5,TOCFL 5
神態,HSK 7,
神氣,HSK 7,TOCFL 4
神祕,HSK 4,
神秘,TOCFL 4,
神經,HSK 5,TOCFL 4
神聖,HSK 7,TOCFL 4
神話,HSK 4,TOCFL 4
祥和,HSK 7,
票,HSK 1,TOCFL 1
票價,HSK 3,
票房,HSK 7,
祭,HSK 7,
祭奠,HSK 7,
祭祀,HSK 7,TOCFL 5
視,TOCFL 4,
視力,HSK 7,
視察,HSK 7,
視為,HSK 5,TOCFL 5
視線,HSK 7,
視覺,HSK 7,
視角,HSK 7,
視野,HSK 7,TOCFL 4
視頻,HSK 5,
禁不住,HSK 7,
禁令,TOCFL 5,
禁區,HSK 7,
禁忌,HSK 7,
禁止,HSK 4,TOCFL 4
禍,TOCFL 4,
禍害,HSK 7,
福,HSK 3,
福利,HSK 5,TOCFL 3
福氣,HSK 7,TOCFL 5
禪杖,HSK 7,
禮,HSK 5,TOCFL 4
禮儀,HSK 7,
禮品,HSK 7,TOCFL 4
禮堂,HSK 6,TOCFL 3
禮拜,HSK 5,TOCFL 2
禮拜天,TOCFL 2,
禮服,HSK 7,TOCFL 5
禮物,HSK 2,TOCFL 1
禮節,TOCFL 5,
禮貌,HSK 5,TOCFL 2
萬,HSK 2,TOCFL 1
萬一,HSK 4,TOCFL 3
萬事,TOCFL 5,
萬分,HSK 7,TOCFL 5
萬古長青,HSK 7,
萬歲,TOCFL 5,
萬無一失,HSK 7,
萬物,TOCFL 5,
萬萬,HSK 7,TOCFL 5
萬能,HSK 7,
禾苗,HSK 7,
禿,HSK 7,TOCFL 4
秀美,HSK 7,
秀麗,HSK 7,
私下,HSK 7,
私事,HSK 7,
私人,HSK 5,TOCFL 4
私家車,HSK 7,
私心,TOCFL 5,
私房錢,HSK 7,
私有,HSK 7,
私營,HSK 7,
私立,HSK 7,TOCFL 4
私自,HSK 7,
秉承,HSK 7,
秋,TOCFL 2,
秋天,HSK 2,TOCFL 1
秋季,HSK 4,TOCFL 4
科,HSK 2,TOCFL 3
科學,HSK 2,TOCFL 1
科幻,HSK 7,TOCFL 5
科技,HSK 3,TOCFL 3
科普,HSK 7,
科目,HSK 7,TOCFL 4
科研,HSK 6,
秒,HSK 5,TOCFL 3
秘/祕密,TOCFL 3,
租,HSK 2,TOCFL 2
租賃,HSK 7,TOCFL 5
租金,HSK 6,
秤,HSK 7,
秧歌,HSK 7,
秩序,HSK 7,TOCFL 4
移,HSK 4,TOCFL 4
移交,HSK 7,
移動,HSK 4,TOCFL 4
移植,HSK 7,TOCFL 5
移民,HSK 4,TOCFL 4
稀,HSK 7,
稀奇,HSK 7,
稀少,HSK 7,
稀罕,HSK 7,
稅,HSK 6,TOCFL 4
稅務,HSK 7,
稅收,HSK 7,
程序,HSK 4,TOCFL 4
程度,HSK 3,TOCFL 3
程式,TOCFL 5,
稍,HSK 5,TOCFL 4
稍候,HSK 7,
稍後,HSK 7,
稍微,HSK 5,TOCFL 4
稍稍,HSK 7,
稠,HSK 7,
稠密,HSK 7,TOCFL 5
種,HSK 3,TOCFL 2
種子,HSK 3,TOCFL 4
種族,HSK 7,TOCFL 4
種植,HSK 4,TOCFL 5
種種,HSK 6,TOCFL 5
種類,HSK 4,TOCFL 4
稱,HSK 5,TOCFL 4
稱作,HSK 7,
稱呼,HSK 7,TOCFL 5
稱為,HSK 3,
稱號,HSK 5,TOCFL 5
稱贊,HSK 4,
稻草,HSK 7,
稿子,HSK 6,
穆斯林,HSK 7,
積,HSK 7,TOCFL 5
積極,HSK 3,TOCFL 3
積澱,HSK 7,
積累,HSK 4,
積蓄,HSK 7,
穩,HSK 4,TOCFL 4
穩健,HSK 7,TOCFL 5
穩固,HSK 7,
穩妥,HSK 7,
穩定,HSK 4,TOCFL 3
穩重,HSK 7,
穴位,HSK 7,
究竟,HSK 4,TOCFL 4
空,HSK 3,TOCFL 3
空中,HSK 5,TOCFL 4
空兒,HSK 3,TOCFL 4
空前,HSK 7,TOCFL 4
空地,HSK 7,
空想,HSK 7,
空曠,TOCFL 5,
空氣,HSK 2,TOCFL 2
空白,HSK 7,
空蕩蕩,HSK 7,
空虛,HSK 7,
空調,HSK 3,
空談,TOCFL 5,
空軍,HSK 6,TOCFL 3
空運,TOCFL 5,
空間,HSK 4,TOCFL 3
空隙,HSK 7,
空難,HSK 7,TOCFL 5
穿,HSK 1,TOCFL 1
穿上,HSK 4,
穿小鞋,HSK 7,
穿梭,TOCFL 5,
穿著,HSK 7,
穿越,HSK 7,
穿過,HSK 7,
突兀,TOCFL 5,
突出,HSK 3,TOCFL 4
突如其來,HSK 7,
突擊,HSK 7,TOCFL 5
突然,HSK 3,TOCFL 3
突發,HSK 7,
突破,HSK 5,TOCFL 4
突破口,HSK 7,
窄,HSK 7,TOCFL 4
窒息,HSK 7,
窗,TOCFL 1,
窗口,HSK 6,TOCFL 4
窗子,HSK 4,
窗戶,HSK 4,TOCFL 1
窗簾,HSK 5,
窗臺,HSK 4,
窘迫,HSK 7,
窟窿,HSK 7,
窩,HSK 7,
窮,HSK 4,TOCFL 3
窮人,HSK 4,
窯,HSK 7,TOCFL 5
竄,HSK 7,
竅門,HSK 7,
竊取,HSK 7,
竊賊,TOCFL 5,
立,HSK 5,TOCFL 4
立交橋,HSK 7,
立刻,HSK 3,TOCFL 3
立功,HSK 7,
立即,HSK 4,TOCFL 4
立國,TOCFL 5,
立場,HSK 5,TOCFL 4
立方,HSK 7,
立方米,HSK 7,
立足,HSK 7,
立體,HSK 7,TOCFL 5
站,HSK 1,TOCFL 1
站住,HSK 2,TOCFL 4
站立,HSK 7,
站臺,HSK 6,
竣工,HSK 7,
童年,HSK 4,
童話,HSK 4,
竪,HSK 7,
竭力,HSK 7,TOCFL 5
竭盡全力,HSK 7,
端,HSK 6,TOCFL 4
端午節,HSK 6,
端正,HSK 7,TOCFL 5
競技,HSK 7,
競爭,HSK 5,TOCFL 4
競相,HSK 7,
競賽,HSK 5,TOCFL 5
競選,HSK 7,TOCFL 5
竹,TOCFL 4,
竹子,HSK 5,TOCFL 4
竹竿,HSK 7,
笑,HSK 1,TOCFL 1
笑嘻嘻,TOCFL 5,
笑容,HSK 6,TOCFL 4
笑聲,HSK 6,
笑臉,HSK 6,
笑話,HSK 2,TOCFL 3
笛子,HSK 7,
符合,HSK 4,TOCFL 3
符號,HSK 4,TOCFL 4
笨,HSK 4,TOCFL 3
笨蛋,HSK 7,
笨重,HSK 7,TOCFL 4
第,HSK 1,TOCFL 1
第一手,HSK 7,
第一線,HSK 7,
筆,HSK 2,TOCFL 1
筆友,TOCFL 5,
筆記,HSK 2,TOCFL 4
筆記本,HSK 2,
筆試,HSK 6,TOCFL 4
筆錄,TOCFL 5,
等,HSK 1,TOCFL 1
等不及,TOCFL 4,
等候,HSK 5,TOCFL 5
等價,TOCFL 5,
等到,HSK 2,TOCFL 4
等待,HSK 3,TOCFL 3
等於,HSK 2,TOCFL 4
等等,TOCFL 3,
等級,HSK 5,TOCFL 4
筋,HSK 7,
筐,HSK 7,
筒,HSK 7,
答,HSK 5,TOCFL 4
答復,HSK 5,
答應,HSK 2,TOCFL 3
答案,HSK 4,TOCFL 4
答覆,TOCFL 5,
答辯,HSK 7,
策劃,HSK 6,TOCFL 5
策略,HSK 6,TOCFL 4
策畫,TOCFL 5,
筷子,HSK 2,TOCFL 2
節,HSK 2,TOCFL 3
節假日,HSK 6,
節儉,HSK 7,TOCFL 5
節奏,HSK 6,
節慶,TOCFL 5,
節日,HSK 2,TOCFL 3
節氣,HSK 7,
節水,HSK 7,
節目,HSK 2,TOCFL 2
節省,HSK 4,TOCFL 4
節約,HSK 3,TOCFL 4
節能,HSK 6,
節衣縮食,HSK 7,
算,HSK 2,TOCFL 2
算了,HSK 6,TOCFL 3
算命,TOCFL 5,
算帳,TOCFL 4,
算是,HSK 6,TOCFL 4
算盤,HSK 7,
算術,TOCFL 5,
算計,HSK 7,
算賬,HSK 7,
算起來,TOCFL 4,
管,HSK 3,TOCFL 3
管制,TOCFL 4,
管子,HSK 7,TOCFL 5
管家,HSK 7,
管教,HSK 7,TOCFL 5
管理,HSK 3,TOCFL 2
管理費,HSK 7,
管用,HSK 7,
管線,TOCFL 5,
管轄,HSK 7,
管道,HSK 6,TOCFL 4
箭,HSK 6,TOCFL 4
箱,HSK 4,TOCFL 4
箱子,HSK 4,TOCFL 3
範圍,HSK 3,TOCFL 3
範疇,HSK 7,
篇,HSK 2,TOCFL 3
篇幅,HSK 7,
築,HSK 7,
篩,HSK 7,
篩選,HSK 7,
簇擁,HSK 7,TOCFL 5
簡介,HSK 6,
簡便,TOCFL 5,
簡化,HSK 7,TOCFL 5
簡單,HSK 3,TOCFL 2
簡易,HSK 7,
簡歷,HSK 4,
簡潔,HSK 7,
簡直,HSK 3,TOCFL 3
簡短,HSK 7,
簡稱,HSK 7,TOCFL 5
簡要,HSK 7,
簡陋,HSK 7,
簡體,TOCFL 5,
簡體字,HSK 7,
簽,HSK 5,TOCFL 4
簽名,HSK 5,TOCFL 3
簽字,HSK 5,TOCFL 4
簽約,HSK 5,TOCFL 4
簽署,HSK 7,TOCFL 5
簽訂,HSK 5,TOCFL 4
簽證,HSK 5,TOCFL 3
簾子,HSK 7,
籃子,TOCFL 4,
籃球,HSK 2,TOCFL 1
籌,HSK 7,
籌備,HSK 7,
籌劃,HSK 7,
籌措,HSK 7,
籌碼,HSK 7,
籌辦,HSK 7,
籌集,HSK 7,
籍貫,TOCFL 5,
籠子,HSK 7,TOCFL 5
籠統,HSK 7,
籠罩,HSK 7,TOCFL 5
米,HSK 2,TOCFL 2
米粉,TOCFL 3,
米飯,HSK 1,TOCFL 3
粉,HSK 7,
粉刷,TOCFL 5,
粉碎,HSK 7,
粉筆,TOCFL 4,
粉紅,TOCFL 5,
粉絲,HSK 7,
粒,HSK 7,TOCFL 4
粗,HSK 4,TOCFL 4
粗心,HSK 4,TOCFL 4
粗心大意,HSK 7,
粗暴,HSK 7,
粗略,HSK 7,
粗糙,HSK 7,TOCFL 5
粗魯,HSK 7,TOCFL 5
粘,HSK 7,TOCFL 4
粥,HSK 6,TOCFL 4
粽子,HSK 7,
精,HSK 6,TOCFL 5
精光,TOCFL 5,
精力,HSK 4,TOCFL 4
精品,HSK 6,
精妙,HSK 7,
精彩,HSK 3,TOCFL 4
精心,HSK 7,
精打細算,HSK 7,
精明,HSK 7,TOCFL 5
精疲力竭,HSK 7,
精益求精,HSK 7,
精確,HSK 7,
精神,HSK 3,TOCFL 3
精神病,HSK 7,
精簡,HSK 7,
精細,HSK 7,TOCFL 4
精練,HSK 7,
精緻,HSK 7,TOCFL 5
精美,HSK 6,
精英,HSK 7,
精華,HSK 7,TOCFL 5
精通,HSK 7,
精髓,HSK 7,TOCFL 5
糊,HSK 7,
糊塗,HSK 7,TOCFL 3
糖,HSK 3,TOCFL 2
糖尿病,HSK 7,
糖果,HSK 7,
糞,HSK 7,TOCFL 5
糞便,HSK 7,
糟,HSK 5,TOCFL 4
糟糕,HSK 5,TOCFL 4
糧食,HSK 4,TOCFL 4
系,HSK 3,TOCFL 5
系列,HSK 4,TOCFL 4
系統,HSK 4,TOCFL 3
糾正,HSK 6,TOCFL 4
糾紛,HSK 6,TOCFL 5
糾纏,HSK 7,
紀實,HSK 7,
紀律,HSK 4,TOCFL 5
紀念,HSK 3,TOCFL 3
紀念日,HSK 7,
紀念碑,HSK 7,
紀念館,HSK 7,
紀錄,HSK 3,
紀錄片,HSK 7,
約,HSK 3,TOCFL 2
約定,HSK 6,
約定俗成,HSK 7,
約會,HSK 4,TOCFL 3
約束,HSK 5,TOCFL 5
紅,HSK 2,TOCFL 3
紅利,TOCFL 5,
紅包,HSK 4,TOCFL 3
紅撲撲,HSK 7,
紅潤,HSK 7,
紅火,HSK 7,
紅燈,HSK 7,
紅燒,TOCFL 5,
紅眼,HSK 7,
紅綠燈,TOCFL 2,
紅色,HSK 2,TOCFL 2
紅茶,HSK 3,TOCFL 2
紅薯,HSK 7,
紅豆,TOCFL 3,
紅酒,HSK 3,
紊亂,HSK 7,TOCFL 5
納入,HSK 7,TOCFL 5
納悶,TOCFL 5,
納悶兒,HSK 7,
納稅,HSK 7,TOCFL 5
納稅人,HSK 7,
紐帶,HSK 7,
紐扣,HSK 7,
純,HSK 4,TOCFL 4
純樸,HSK 7,
純淨水,HSK 4,
純潔,HSK 7,
純粹,HSK 7,
紗,HSK 7,
紙,HSK 2,TOCFL 1
紙張,TOCFL 4,
級,HSK 2,TOCFL 4
級別,HSK 7,
紛紛,HSK 4,TOCFL 4
素,HSK 7,
素不相識,HSK 7,
素描,HSK 7,
素材,HSK 7,
素質,HSK 6,TOCFL 5
素食,HSK 7,TOCFL 5
素養,HSK 7,
紡織,HSK 7,TOCFL 5
索取,HSK 7,
索性,HSK 7,
索賠,HSK 7,TOCFL 5
紫,HSK 5,TOCFL 4
紫外線,TOCFL 5,
累,HSK 1,TOCFL 1
累積,HSK 7,TOCFL 5
累計,HSK 7,
細,HSK 4,TOCFL 3
細小,TOCFL 4,
細微,HSK 7,
細心,HSK 7,TOCFL 3
細節,HSK 4,TOCFL 4
細緻,HSK 4,
細胞,HSK 6,TOCFL 4
細膩,HSK 7,
細菌,HSK 6,TOCFL 4
紳士,HSK 7,
終場,TOCFL 5,
終於,HSK 3,TOCFL 3
終止,HSK 5,
終生,HSK 7,
終究,HSK 7,TOCFL 5
終結,HSK 7,TOCFL 5
終身,HSK 5,TOCFL 5
終點,HSK 5,
組,HSK 2,TOCFL 3
組合,HSK 3,
組建,HSK 7,
組成,HSK 2,
組織,HSK 5,TOCFL 4
組裝,HSK 7,TOCFL 5
組長,HSK 2,
結,HSK 4,TOCFL 3
結冰,HSK 7,
結合,HSK 3,TOCFL 4
結婚,HSK 3,TOCFL 1
結實,HSK 3,TOCFL 5
結尾,HSK 7,
結局,HSK 7,TOCFL 3
結帳,TOCFL 4,
結晶,HSK 7,
結束,HSK 3,TOCFL 2
結果,HSK 2,TOCFL 3
結業,TOCFL 5,
結構,HSK 4,TOCFL 4
結算,TOCFL 4,
結緣,TOCFL 5,
結論,HSK 4,TOCFL 4
結識,HSK 7,
絕,HSK 6,TOCFL 4
絕不,TOCFL 4,
絕大多數,HSK 6,TOCFL 5
絕大部分,TOCFL 4,
絕對,HSK 3,TOCFL 3
絕技,HSK 7,
絕招,HSK 7,
絕望,HSK 5,
絕緣,HSK 7,
絕跡,TOCFL 5,
絞,HSK 7,
絡繹不絕,HSK 7,
給,HSK 1,TOCFL 1
給予,HSK 6,TOCFL 5
絮叨,HSK 7,
統一,HSK 4,TOCFL 4
統制,TOCFL 5,
統治,HSK 7,TOCFL 4
統籌,HSK 7,
統統,HSK 7,TOCFL 5
統計,HSK 4,TOCFL 4
絲,HSK 7,TOCFL 4
絲毫,HSK 7,TOCFL 5
絲綢,HSK 7,
綁,HSK 7,TOCFL 5
綁架,HSK 7,
經,HSK 7,TOCFL 3
經久不息,HSK 7,
經典,HSK 4,TOCFL 5
經受,HSK 7,
經商,HSK 7,
經常,HSK 2,TOCFL 2
經度,HSK 7,
經書,TOCFL 5,
經歷,HSK 3,TOCFL 4
經濟,HSK 3,TOCFL 4
經營,HSK 3,TOCFL 4
經理,HSK 2,TOCFL 2
經費,HSK 5,TOCFL 3
經貿,HSK 7,
經過,HSK 2,TOCFL 2
經驗,HSK 3,TOCFL 2
綜上所述,HSK 7,
綜合,HSK 4,TOCFL 4
綠,HSK 2,TOCFL 3
綠化,HSK 6,
綠地,HSK 7,
綠燈,HSK 7,
綠色,HSK 2,TOCFL 2
綠茶,HSK 3,
綠豆,TOCFL 4,
維他命,TOCFL 4,
維修,HSK 4,
維持,HSK 4,TOCFL 3
維生素,HSK 6,TOCFL 5
維護,HSK 4,TOCFL 4
綱要,HSK 7,
綱領,HSK 7,TOCFL 5
網,HSK 2,TOCFL 3
網上,HSK 1,
網友,HSK 1,
網吧,HSK 6,
網址,HSK 4,
網民,HSK 7,
網球,HSK 2,TOCFL 1
網站,HSK 2,TOCFL 2
網絡,HSK 4,
網路,TOCFL 3,
網頁,HSK 6,
網點,HSK 7,
綻放,HSK 7,
綽號,HSK 7,
綿延,TOCFL 5,
緊,HSK 3,TOCFL 3
緊密,HSK 4,TOCFL 5
緊張,HSK 3,TOCFL 1
緊急,HSK 3,TOCFL 4
緊接著,HSK 7,
緊湊,HSK 7,TOCFL 5
緊緊,HSK 5,
緊縮,HSK 7,TOCFL 5
緊缺,HSK 7,
緊迫,HSK 7,
緋聞,HSK 7,
線,HSK 3,TOCFL 3
線條,HSK 7,
線索,HSK 5,
線路,HSK 6,TOCFL 5
締結,TOCFL 5,
締造,TOCFL 5,
緣分,HSK 7,
緣故,HSK 6,TOCFL 4
編,HSK 4,TOCFL 4
編制,HSK 6,TOCFL 5
編劇,HSK 7,
編寫,HSK 7,TOCFL 5
編排,HSK 7,
編織,TOCFL 5,
編號,HSK 7,
編製,TOCFL 5,
編輯,HSK 5,TOCFL 5
編造,HSK 7,
緩,HSK 7,
緩和,HSK 7,TOCFL 4
緩慢,HSK 7,TOCFL 4
緩緩,HSK 7,
緩解,HSK 4,
緬懷,HSK 7,
緯度,HSK 7,
練,HSK 2,TOCFL 3
練習,HSK 2,TOCFL 1
縂,HSK 3,
縣,HSK 4,
縫,HSK 7,TOCFL 4
縫合,HSK 7,
縮,HSK 7,TOCFL 4
縮小,HSK 4,TOCFL 5
縮影,HSK 7,
縮水,HSK 7,TOCFL 4
縮短,HSK 4,TOCFL 4
縱使,TOCFL 5,
縱容,HSK 7,TOCFL 5
縱橫交錯,HSK 7,
縱深,HSK 7,
縱火,TOCFL 5,
縱然,HSK 7,
縱觀,HSK 7,
縷,HSK 7,
總,TOCFL 4,
總之,HSK 4,TOCFL 3
總共,HSK 4,TOCFL 4
總和,TOCFL 5,
總得,TOCFL 5,
總數,HSK 5,TOCFL 5
總是,HSK 3,TOCFL 2
總理,HSK 4,TOCFL 4
總的來說,HSK 7,
總監,HSK 6,
總算,HSK 5,TOCFL 3
總結,HSK 3,TOCFL 5
總統,HSK 4,TOCFL 3
總經理,HSK 6,TOCFL 5
總而言之,HSK 7,TOCFL 3
總裁,HSK 5,TOCFL 5
總計,HSK 7,
總部,HSK 6,
總量,HSK 6,
總額,HSK 7,TOCFL 5
總體,HSK 5,
繁多,TOCFL 5,
繁忙,HSK 7,TOCFL 4
繁榮,HSK 5,TOCFL 4
繁殖,HSK 6,TOCFL 4
繁華,HSK 7,
繁重,HSK 7,
繁體,TOCFL 5,
繁體字,HSK 7,
繃,HSK 7,
繃帶,HSK 7,
織,HSK 6,TOCFL 5
繞,HSK 5,TOCFL 4
繞行,HSK 7,
繡,HSK 7,TOCFL 5
繩,TOCFL 4,
繩子,HSK 7,TOCFL 4
繪畫,HSK 6,TOCFL 5
繪聲繪色,HSK 7,
繳,HSK 7,TOCFL 4
繳納,HSK 7,
繳費,HSK 7,
繼,HSK 7,
繼承,HSK 5,TOCFL 5
繼母,HSK 7,
繼父,HSK 7,
繼續,HSK 3,TOCFL 3
繼而,HSK 7,
繽紛,HSK 7,
續,HSK 7,
纏,HSK 7,
纖維,HSK 7,TOCFL 5
纜車,HSK 7,
缸,HSK 7,
缺,HSK 3,TOCFL 4
缺乏,HSK 5,TOCFL 4
缺口,HSK 7,
缺失,HSK 7,
缺少,HSK 3,TOCFL 4
缺席,HSK 7,TOCFL 4
缺陷,HSK 6,TOCFL 5
缺點,HSK 3,TOCFL 3
罈,HSK 7,
罐,HSK 7,TOCFL 3
罐子,TOCFL 4,
罐頭,HSK 7,TOCFL 4
罕見,HSK 7,
罩,HSK 7,
罪,HSK 6,TOCFL 4
罪名,TOCFL 5,
罪惡,HSK 6,TOCFL 5
罪犯,HSK 7,
罪行,TOCFL 5,
罪魁禍首,HSK 7,
置,HSK 7,
罰,HSK 5,TOCFL 4
罰款,HSK 5,
罵,HSK 5,TOCFL 3
罷了,HSK 6,TOCFL 4
罷休,HSK 7,
罷免,HSK 7,
罷工,HSK 6,TOCFL 4
罹難,TOCFL 5,
羅,HSK 7,
羊,HSK 3,TOCFL 2
美,HSK 3,TOCFL 2
美中不足,HSK 7,
美人,HSK 7,
美元,HSK 3,
美化,HSK 7,
美味,HSK 7,
美國,TOCFL 1,
美女,HSK 4,
美好,HSK 3,TOCFL 3
美妙,HSK 7,TOCFL 4
美容,HSK 6,
美容院,TOCFL 5,
美德,HSK 7,
美景,HSK 7,
美洲,TOCFL 5,
美滋滋,HSK 7,
美滿,HSK 7,TOCFL 5
美術,HSK 3,TOCFL 2
美觀,HSK 7,TOCFL 4
美金,HSK 4,
美食,HSK 3,TOCFL 5
美麗,HSK 3,TOCFL 2
羞愧,HSK 7,
群,HSK 3,TOCFL 4
群居,TOCFL 5,
群島,TOCFL 5,
群眾,HSK 5,TOCFL 4
群體,HSK 5,
羨慕,HSK 7,TOCFL 4
義務,HSK 4,TOCFL 4
義工,HSK 7,
羽毛球,HSK 5,
羽絨服,HSK 5,
翅膀,HSK 7,TOCFL 4
翌日,TOCFL 5,
習俗,HSK 7,
習慣,HSK 2,TOCFL 2
習題,TOCFL 5,
翠綠,HSK 7,
翹,HSK 7,TOCFL 5
翹課,TOCFL 5,
翻,HSK 4,TOCFL 3
翻來覆去,HSK 7,
翻天覆地,HSK 7,
翻新,TOCFL 5,
翻番,HSK 7,
翻臉,TOCFL 5,
翻譯,HSK 4,TOCFL 3
翻身,TOCFL 5,
耀眼,HSK 7,
老,HSK 1,TOCFL 1
老人,HSK 1,TOCFL 2
老人家,HSK 7,TOCFL 5
老伴兒,HSK 7,
老公,HSK 4,TOCFL 3
老化,HSK 7,
老大,HSK 7,TOCFL 4
老天爺,TOCFL 5,
老太太,HSK 3,TOCFL 4
老婆,HSK 4,TOCFL 3
老子,TOCFL 5,
老字號,HSK 7,
老家,HSK 4,TOCFL 4
老實,HSK 4,TOCFL 3
老實說,HSK 7,TOCFL 4
老師,HSK 1,TOCFL 1
老年,HSK 2,TOCFL 5
老是,HSK 2,TOCFL 3
老朋友,HSK 2,
老漢,HSK 7,
老百姓,HSK 3,TOCFL 4
老虎,TOCFL 3,
老遠,HSK 7,
老鄉,HSK 6,TOCFL 5
老闆,HSK 3,TOCFL 1
老闆娘,TOCFL 4,
老頭兒,HSK 3,TOCFL 5
老頭子,TOCFL 5,
老鼠,TOCFL 5,
考,HSK 1,TOCFL 3
考卷,TOCFL 4,
考取,TOCFL 4,
考古,TOCFL 5,
考場,HSK 6,TOCFL 5
考察,HSK 4,TOCFL 4
考慮,HSK 4,TOCFL 4
考核,HSK 5,
考生,HSK 2,TOCFL 5
考試,HSK 1,TOCFL 1
考量,HSK 7,TOCFL 5
考題,HSK 6,
考驗,HSK 3,TOCFL 5
者,HSK 3,TOCFL 4
而,HSK 4,TOCFL 3
而且,HSK 2,TOCFL 2
而已,HSK 7,TOCFL 4
而是,HSK 4,TOCFL 5
而言,TOCFL 5,
耍,HSK 7,TOCFL 4
耍賴,HSK 7,
耐,HSK 7,TOCFL 5
耐人尋味,HSK 7,
耐力,TOCFL 5,
耐心,HSK 5,TOCFL 3
耐性,HSK 7,
耐用,TOCFL 4,
耕地,HSK 7,TOCFL 5
耗,HSK 7,TOCFL 4
耗時,HSK 7,
耗費,HSK 7,
耳光,HSK 7,TOCFL 5
耳朵,HSK 5,TOCFL 1
耳機,HSK 4,
耳熟能詳,HSK 7,
耳目一新,HSK 7,
耳聞目睹,HSK 7,
耽擱,HSK 7,
耽誤,HSK 7,TOCFL 4
耿直,HSK 7,
聊,HSK 6,TOCFL 3
聊天,TOCFL 2,
聊天兒,HSK 6,TOCFL 2
聖誕節,HSK 6,
聖賢,HSK 7,TOCFL 5
聘,HSK 7,
聘任,HSK 7,
聘用,HSK 7,
聘請,HSK 6,TOCFL 4
聚,HSK 4,TOCFL 3
聚會,HSK 4,
聚精會神,HSK 7,
聚集,HSK 7,TOCFL 4
聚餐,TOCFL 5,
聞,HSK 2,TOCFL 3
聞名,HSK 7,TOCFL 5
聯,TOCFL 5,
聯合,HSK 3,TOCFL 4
聯合國,HSK 3,TOCFL 4
聯想,HSK 5,TOCFL 5
聯手,HSK 6,
聯歡,HSK 7,
聯盟,HSK 6,TOCFL 5
聯絡,HSK 5,
聯網,HSK 7,
聯繫,HSK 3,TOCFL 5
聯賽,HSK 6,
聯邦,HSK 7,
聰明,HSK 5,TOCFL 2
聲,HSK 5,TOCFL 3
聲勢,TOCFL 5,
聲明,HSK 3,TOCFL 5
聲望,HSK 7,
聲稱,HSK 7,TOCFL 5
聲調,TOCFL 3,
聲譽,HSK 7,
聲音,HSK 2,TOCFL 2
聳立,HSK 7,
職位,HSK 5,TOCFL 4
職務,HSK 5,TOCFL 5
職員,HSK 7,TOCFL 3
職工,HSK 3,
職業,HSK 3,TOCFL 2
職業病,HSK 7,
職權,HSK 7,
職能,HSK 5,
職責,HSK 6,TOCFL 5
聽,HSK 1,TOCFL 1
聽到,HSK 1,
聽力,HSK 3,TOCFL 3
聽取,HSK 6,
聽寫,HSK 1,TOCFL 5
聽從,HSK 7,
聽眾,HSK 3,TOCFL 3
聽見,HSK 1,TOCFL 3
聽話,HSK 7,
聽說,HSK 2,TOCFL 2
聽講,HSK 2,
聽起來,TOCFL 3,
聾,HSK 7,
聾人,HSK 7,
肇事,HSK 7,
肉,HSK 1,TOCFL 1
肉體,TOCFL 5,
肉麻,TOCFL 5,
肌肉,HSK 5,TOCFL 4
肌膚,HSK 7,TOCFL 5
肖像,HSK 7,
肚子,HSK 4,TOCFL 1
肝,HSK 6,TOCFL 4
肝臟,HSK 7,
股,HSK 6,TOCFL 5
股份,HSK 7,
股市,HSK 7,TOCFL 5
股東,HSK 6,
股民,HSK 7,
股票,HSK 6,
肢體,HSK 7,
肥,HSK 4,TOCFL 4
肥料,HSK 7,TOCFL 5
肥沃,HSK 7,
肥皂,HSK 7,TOCFL 4
肥胖,HSK 7,TOCFL 4
肩,HSK 5,TOCFL 4
肩膀,HSK 7,TOCFL 3
肩負,HSK 7,
肯,HSK 6,TOCFL 3
肯定,HSK 5,TOCFL 3
肺,HSK 6,TOCFL 4
肺炎,TOCFL 5,
胃,HSK 5,TOCFL 5
胃口,HSK 7,TOCFL 5
背,HSK 2,TOCFL 2
背包,HSK 5,TOCFL 3
背叛,HSK 7,
背後,HSK 3,TOCFL 3
背心,HSK 6,TOCFL 5
背景,HSK 4,TOCFL 3
背著,HSK 6,
背誦,HSK 7,TOCFL 5
背面,HSK 7,TOCFL 4
胎,HSK 7,
胎兒,HSK 7,
胖,HSK 3,TOCFL 1
胖子,HSK 4,
胚胎,HSK 7,
胡亂,TOCFL 5,
胡思亂想,HSK 7,
胡說,HSK 7,
胡鬧,HSK 7,
胳膊,HSK 7,TOCFL 5
胸,TOCFL 5,
胸口,TOCFL 5,
胸有成竹,HSK 7,
胸膛,HSK 7,
胸部,HSK 4,
能,HSK 1,TOCFL 1
能不能,HSK 3,
能人,HSK 7,
能力,HSK 3,TOCFL 3
能否,HSK 6,
能夠,HSK 2,TOCFL 3
能幹,HSK 4,TOCFL 4
能源,HSK 7,TOCFL 4
能耐,HSK 7,
能耗,HSK 7,
能量,HSK 5,TOCFL 5
脂肪,HSK 7,TOCFL 5
脆,HSK 5,
脆弱,HSK 7,TOCFL 5
脈搏,HSK 7,
脈絡,HSK 7,
脊梁,HSK 7,
脖子,HSK 7,TOCFL 2
脫,HSK 4,TOCFL 3
脫口而出,HSK 7,
脫手,TOCFL 5,
脫穎而出,HSK 7,
脫節,HSK 7,
脫落,HSK 7,
脫身,HSK 7,TOCFL 5
脫離,HSK 5,TOCFL 4
脹,HSK 7,
脾,HSK 7,
脾氣,HSK 5,TOCFL 4
腎,HSK 7,
腐化,HSK 7,
腐敗,HSK 7,TOCFL 3
腐朽,HSK 7,TOCFL 5
腐爛,HSK 7,TOCFL 5
腐蝕,HSK 7,TOCFL 5
腔,HSK 7,
腔調,TOCFL 5,
腥,HSK 7,
腦,TOCFL 3,
腦力,TOCFL 5,
腦子,HSK 5,TOCFL 3
腦海,HSK 7,TOCFL 5
腦筋,HSK 7,TOCFL 4
腦袋,HSK 4,TOCFL 4
腫,HSK 6,TOCFL 4
腫瘤,HSK 7,
腰,HSK 4,TOCFL 4
腳,HSK 2,TOCFL 2
腳印,HSK 6,
腳本,TOCFL 5,
腳步,HSK 5,TOCFL 4
腳踏車,TOCFL 1,
腸,HSK 5,TOCFL 5
腹瀉,HSK 7,
腹部,HSK 7,
腺,HSK 7,
腿,HSK 2,TOCFL 2
膚淺,TOCFL 5,
膜,HSK 6,
膝蓋,HSK 7,
膠囊,HSK 7,
膠帶,HSK 5,
膠水,HSK 5,
膠片,HSK 7,
膨脹,HSK 7,TOCFL 4
膩,TOCFL 5,
膳食,HSK 7,
膽,HSK 5,TOCFL 5
膽固醇,TOCFL 5,
膽子,HSK 7,
膽小,HSK 5,TOCFL 4
膽怯,HSK 7,
膽量,TOCFL 4,
臉,HSK 2,TOCFL 2
臉龐,TOCFL 5,
臉盆,HSK 5,
臉色,HSK 5,TOCFL 4
臉譜,TOCFL 5,
臉頰,HSK 7,
臘月,HSK 7,TOCFL 5
臟,HSK 2,
臥,HSK 7,TOCFL 5
臥室,HSK 5,TOCFL 2
臥房,TOCFL 4,
臥鋪,HSK 6,
臨,HSK 7,TOCFL 4
臨床,HSK 7,TOCFL 5
臨時,HSK 4,TOCFL 4
臨街,HSK 7,
臨近,HSK 7,
自,HSK 4,TOCFL 5
自主,HSK 3,TOCFL 4
自以為是,HSK 7,
自來水,HSK 6,TOCFL 4
自信,HSK 4,TOCFL 3
自信心,HSK 7,
自傳,TOCFL 5,
自制,TOCFL 5,
自力更生,HSK 7,
自助,HSK 7,
自動,HSK 3,TOCFL 3
自卑,HSK 7,
自在,HSK 6,TOCFL 3
自如,HSK 7,
自始至終,HSK 7,
自學,HSK 6,
自尊,HSK 7,
自尊心,HSK 7,
自己,HSK 2,TOCFL 2
自強不息,HSK 7,
自從,HSK 3,TOCFL 3
自我,HSK 6,TOCFL 4
自殺,HSK 5,TOCFL 3
自治,TOCFL 5,
自滿,TOCFL 5,
自然,HSK 3,TOCFL 3
自然界,HSK 7,
自然而然,HSK 7,
自理,HSK 7,
自由,HSK 2,TOCFL 3
自由自在,HSK 7,
自發,HSK 7,
自相矛盾,HSK 7,
自私,HSK 7,TOCFL 4
自私自利,HSK 7,
自稱,HSK 7,TOCFL 5
自立,HSK 7,TOCFL 5
自行,HSK 7,TOCFL 5
自行車,HSK 2,TOCFL 1
自衛,HSK 7,
自覺,HSK 3,TOCFL 5
自言自語,HSK 6,
自豪,HSK 5,TOCFL 5
自負,HSK 7,
自責,HSK 7,
自費,HSK 7,TOCFL 5
自身,HSK 3,TOCFL 5
自願,HSK 5,TOCFL 4
臭,HSK 5,TOCFL 3
至,HSK 5,TOCFL 4
至今,HSK 3,TOCFL 5
至少,HSK 3,TOCFL 3
至於,HSK 6,TOCFL 3
至此,HSK 7,
至關重要,HSK 7,
致,HSK 7,
致使,HSK 7,
致力,TOCFL 5,
致力於,HSK 7,
致命,HSK 7,TOCFL 5
致富,HSK 7,TOCFL 5
致意,TOCFL 5,
致敬,HSK 7,
致詞,TOCFL 5,
致辭,HSK 7,
臺上,HSK 4,
臺階,HSK 4,
舅媽,TOCFL 3,
舅舅,HSK 7,TOCFL 3
與,HSK 6,TOCFL 3
與其,HSK 7,TOCFL 4
與否,HSK 7,
與日俱增,HSK 7,
與時俱進,HSK 7,
與會,TOCFL 5,
與此同時,HSK 7,
與眾不同,HSK 7,
興奮,HSK 4,TOCFL 3
興奮劑,HSK 7,
興建,HSK 7,TOCFL 5
興旺,HSK 6,
興致,HSK 7,TOCFL 5
興起,HSK 7,TOCFL 5
興趣,HSK 4,TOCFL 2
興隆,TOCFL 5,
興高采烈,HSK 7,
舉,HSK 2,TOCFL 3
舉一反三,HSK 7,
舉世無雙,HSK 7,
舉世矚目,HSK 7,
舉世聞名,HSK 7,
舉例,HSK 7,TOCFL 5
舉動,HSK 5,
舉報,HSK 7,
舉手,HSK 2,TOCFL 3
舉措,HSK 7,
舉止,HSK 7,TOCFL 5
舉行,HSK 2,TOCFL 3
舉辦,HSK 3,TOCFL 3
舉重,HSK 7,TOCFL 5
舊,HSK 3,TOCFL 2
舌頭,HSK 6,TOCFL 4
舒展,TOCFL 5,
舒暢,HSK 7,TOCFL 5
舒服,HSK 2,TOCFL 1
舒適,HSK 4,TOCFL 3
舔,HSK 7,
舞,HSK 5,TOCFL 4
舞廳,HSK 7,TOCFL 4
舞會,TOCFL 2,
舞臺,HSK 3,TOCFL 4
舞蹈,HSK 6,TOCFL 4
航天,HSK 7,
航天員,HSK 7,
航海,HSK 7,
航班,HSK 4,
航空,HSK 4,TOCFL 3
航空信,TOCFL 5,
航行,HSK 7,TOCFL 5
航運,HSK 7,
般,TOCFL 4,
舵手,HSK 7,
船,HSK 2,TOCFL 2
船兒,TOCFL 2,
船員,HSK 6,
船槳,HSK 7,
船舶,HSK 7,
船長,HSK 6,
船隻,HSK 6,TOCFL 5
艘,HSK 7,TOCFL 4
艙,HSK 7,
良,HSK 7,
良好,HSK 4,TOCFL 3
良心,HSK 7,
良性,HSK 7,
良機,TOCFL 5,
艱巨,HSK 7,
艱苦,HSK 5,TOCFL 5
艱苦奮鬥,HSK 7,
艱辛,HSK 7,
艱鉅,TOCFL 5,
艱險,HSK 7,
艱難,HSK 5,TOCFL 5
色,HSK 4,
色彩,HSK 4,TOCFL 4
色情,TOCFL 4,
色澤,TOCFL 5,
艷麗,HSK 7,
艾滋病,HSK 7,
芒果,TOCFL 5,
芝士,HSK 7,
芝麻,HSK 7,
芬芳,HSK 7,
芭蕾,HSK 7,
芯片,HSK 7,
花,HSK 1,TOCFL 1
花卉,HSK 7,TOCFL 5
花園,HSK 2,TOCFL 2
花心,TOCFL 3,
花朵,TOCFL 5,
花樣,HSK 7,TOCFL 5
花瓣,HSK 7,TOCFL 5
花瓶,HSK 6,TOCFL 4
花生,HSK 6,TOCFL 4
花盆,TOCFL 4,
花紋,HSK 7,TOCFL 5
花色,TOCFL 4,
花草,TOCFL 4,
花費,HSK 6,TOCFL 4
芽,HSK 7,TOCFL 5
苗,HSK 7,
苗條,HSK 7,
苗頭,HSK 7,
苛刻,HSK 7,
苛責,TOCFL 5,
若,HSK 6,TOCFL 5
若干,HSK 7,TOCFL 5
苦,HSK 4,TOCFL 2
苦力,HSK 7,
苦工,TOCFL 5,
苦心,HSK 7,
苦惱,HSK 7,TOCFL 5
苦笑,HSK 7,
苦練,HSK 7,
苦衷,TOCFL 5,
苦難,HSK 7,TOCFL 5
英俊,HSK 7,TOCFL 3
英勇,HSK 4,TOCFL 5
英文,HSK 2,TOCFL 1
英語,HSK 2,TOCFL 5
英鎊,HSK 7,
英雄,HSK 6,TOCFL 4
茂密,HSK 7,TOCFL 5
茂盛,HSK 7,
茄子,HSK 6,
茅臺,HSK 7,
茫然,HSK 7,TOCFL 5
茲,HSK 7,
茶,HSK 1,TOCFL 1
茶具,TOCFL 5,
茶會,TOCFL 4,
茶葉,HSK 4,TOCFL 4
茶道,HSK 7,
茶館,TOCFL 4,
茶館兒,HSK 7,TOCFL 4
草,HSK 2,TOCFL 2
草原,HSK 5,TOCFL 3
草叢,TOCFL 5,
草地,HSK 2,TOCFL 3
草坪,HSK 7,
草案,HSK 7,TOCFL 5
草率,TOCFL 5,
草藥,TOCFL 5,
荊棘,HSK 7,
荒,HSK 7,
荒唐,TOCFL 5,
荒涼,HSK 7,
荒誕,HSK 7,
荒謬,HSK 7,
荷花,HSK 7,
莊嚴,HSK 7,TOCFL 5
莊園,HSK 7,
莊稼,HSK 7,
莖,HSK 7,
莫名其妙,HSK 7,
莫過於,HSK 7,
莫非,HSK 7,
菊花,HSK 7,
菜,HSK 1,TOCFL 1
菜單,HSK 2,TOCFL 1
菜市場,HSK 7,
菠菜,TOCFL 4,
菩薩,HSK 7,
華人,HSK 3,TOCFL 4
華僑,HSK 7,TOCFL 4
華文,TOCFL 1,
華裔,HSK 7,TOCFL 5
華語,HSK 5,TOCFL 1
華麗,HSK 7,
萌發,HSK 7,
萌芽,HSK 7,
萍水相逢,HSK 7,
萎縮,HSK 7,TOCFL 5
著,HSK 1,TOCFL 1
著作,HSK 4,TOCFL 5
著力,HSK 7,
著名,HSK 4,TOCFL 3
著實,HSK 7,
著急,HSK 4,TOCFL 2
著想,HSK 7,TOCFL 5
著手,HSK 7,TOCFL 5
著火,HSK 4,
著眼,HSK 7,TOCFL 5
著眼於,HSK 7,
著落,HSK 7,
著迷,HSK 7,
著重,HSK 7,TOCFL 5
落,HSK 4,TOCFL 4
落下,HSK 7,
落伍,TOCFL 4,
落地,HSK 7,
落實,HSK 5,TOCFL 4
落差,HSK 7,
落後,HSK 3,TOCFL 4
落得,TOCFL 5,
落戶,HSK 7,
落選,TOCFL 5,
落魄,TOCFL 5,
葉,TOCFL 5,
葉子,HSK 4,TOCFL 4
葡萄,HSK 5,TOCFL 3
葡萄酒,HSK 5,
董事,HSK 7,
董事會,HSK 7,
董事長,HSK 7,
葬,HSK 7,
葬禮,HSK 7,TOCFL 4
蒙,HSK 6,TOCFL 5
蒜,HSK 7,
蒼白,TOCFL 5,
蒼蠅,HSK 7,TOCFL 5
蓋,HSK 4,TOCFL 3
蓋子,HSK 7,TOCFL 4
蓋章,TOCFL 5,
蓬勃,HSK 7,TOCFL 5
蓮子,HSK 7,
蔓延,HSK 7,TOCFL 5
蔥,HSK 7,
蔬菜,HSK 5,TOCFL 3
蕩漾,HSK 7,
蕭條,HSK 7,
薄,HSK 4,TOCFL 4
薄弱,HSK 5,TOCFL 4
薪水,HSK 6,TOCFL 4
薯條,HSK 6,
薯片,HSK 6,
薰陶,HSK 7,
藉口,HSK 7,TOCFL 5
藍,HSK 2,TOCFL 3
藍圖,HSK 7,
藍天,HSK 6,
藍色,HSK 2,TOCFL 2
藍領,HSK 6,
藏,HSK 6,TOCFL 4
藏匿,HSK 7,
藏品,HSK 7,
藏身,HSK 7,
藝人,HSK 6,
藝術,HSK 3,TOCFL 2
藤椅,HSK 7,
藥,HSK 2,TOCFL 1
藥品,HSK 6,TOCFL 5
藥店,HSK 2,
藥房,TOCFL 2,
藥方,HSK 7,TOCFL 4
藥材,HSK 7,
藥水,HSK 2,TOCFL 4
藥片,HSK 2,
藥物,HSK 4,TOCFL 4
藩籬,TOCFL 5,
蘆花,HSK 7,
蘇醒,HSK 7,
蘊涵,HSK 7,
蘊藏,HSK 7,
蘋果,HSK 3,TOCFL 1
蘑菇,HSK 7,
蘿卜,HSK 7,
虎,HSK 5,TOCFL 2
虐待,HSK 7,TOCFL 5
虔誠,HSK 7,TOCFL 5
處,HSK 4,TOCFL 4
處事,TOCFL 5,
處分,HSK 5,TOCFL 5
處在,HSK 5,
處境,HSK 7,TOCFL 5
處女,TOCFL 5,
處方,HSK 7,TOCFL 5
處於,HSK 4,TOCFL 5
處理,HSK 3,TOCFL 3
處置,HSK 7,
處罰,HSK 5,TOCFL 4
處處,HSK 6,TOCFL 4
處長,HSK 6,
虛,HSK 7,
虛假,HSK 7,
虛偽,HSK 7,
虛幻,HSK 7,
虛弱,HSK 7,
虛心,HSK 5,TOCFL 5
虛擬,HSK 7,TOCFL 5
虛構,HSK 7,
號,HSK 1,TOCFL 1
號召,HSK 5,TOCFL 4
號子,TOCFL 5,
號碼,HSK 4,TOCFL 1
號稱,HSK 7,
虧,HSK 5,TOCFL 5
虧損,HSK 7,
虧本,HSK 7,
蚊子,HSK 7,TOCFL 4
蚊帳,HSK 7,
蛇,HSK 5,TOCFL 3
蛋,HSK 2,TOCFL 1
蛋白質,HSK 7,TOCFL 4
蛋糕,HSK 5,TOCFL 1
蜂蜜,HSK 7,TOCFL 4
蜜,HSK 7,TOCFL 5
蜜月,HSK 7,
蜜蜂,HSK 7,TOCFL 4
蝦,HSK 7,TOCFL 4
蝦子,TOCFL 4,
蝦米,TOCFL 4,
蝴蝶,TOCFL 4,
蝸牛,TOCFL 5,
融,HSK 7,
融入,HSK 6,
融化,HSK 7,TOCFL 4
融合,HSK 6,TOCFL 5
融洽,HSK 7,TOCFL 5
螞蟻,TOCFL 3,
螺絲,HSK 7,
蟬,TOCFL 5,
蟲,TOCFL 3,
蟲子,HSK 4,TOCFL 3
蠟,HSK 7,
蠟燭,HSK 7,TOCFL 4
蠢,HSK 7,
蠶,TOCFL 4,
蠻,HSK 7,TOCFL 4
蠻橫,TOCFL 5,
血,HSK 3,TOCFL 3
血型,TOCFL 4,
血壓,HSK 7,TOCFL 5
血栓,HSK 7,
血汗,TOCFL 5,
血液,HSK 6,TOCFL 4
血管,HSK 6,TOCFL 4
血緣,HSK 7,
血脈,HSK 7,
血跡,TOCFL 5,
行,HSK 1,TOCFL 3
行人,HSK 2,TOCFL 4
行使,HSK 7,TOCFL 5
行列,HSK 7,TOCFL 5
行動,HSK 2,TOCFL 3
行善,TOCFL 5,
行家,HSK 7,
行情,HSK 7,
行政,HSK 7,TOCFL 5
行星,TOCFL 5,
行李,HSK 3,TOCFL 2
行業,HSK 4,TOCFL 4
行為,HSK 2,TOCFL 3
行程,HSK 6,TOCFL 4
行號,TOCFL 5,
行走,HSK 7,
行駛,HSK 5,
衍生,HSK 7,TOCFL 5
街,HSK 2,TOCFL 1
街坊,TOCFL 5,
街道,HSK 4,TOCFL 4
街頭,HSK 6,TOCFL 4
衚衕,HSK 5,
衛星,HSK 5,TOCFL 4
衛生,HSK 3,TOCFL 4
衛生紙,TOCFL 4,
衛生間,HSK 3,
衛視,HSK 7,
衝,TOCFL 5,
衝刺,HSK 7,
衝動,HSK 5,TOCFL 5
衝撞,HSK 7,
衝擊,HSK 6,TOCFL 5
衝浪,HSK 7,
衝突,HSK 5,TOCFL 5
衡量,HSK 6,TOCFL 5
衣服,HSK 1,TOCFL 1
衣架,HSK 3,
衣櫃,TOCFL 3,
衣裳,TOCFL 4,
衣食住行,HSK 7,
表,TOCFL 3,
表彰,HSK 7,
表情,HSK 4,TOCFL 4
表態,HSK 7,
表揚,HSK 4,TOCFL 4
表明,HSK 3,TOCFL 5
表格,HSK 3,TOCFL 4
表決,HSK 7,
表演,HSK 3,TOCFL 1
表率,HSK 7,
表現,HSK 3,TOCFL 3
表白,HSK 7,TOCFL 5
表示,HSK 2,TOCFL 3
表述,HSK 7,
表達,HSK 3,TOCFL 3
表面,HSK 3,TOCFL 3
表面上,HSK 6,
衰弱,HSK 7,
衰減,HSK 7,
衰竭,HSK 7,
衰老,HSK 7,
衰退,HSK 7,TOCFL 4
衷心,HSK 7,TOCFL 5
袋,HSK 4,TOCFL 3
袋子,TOCFL 2,
袖手旁觀,HSK 7,
袖珍,HSK 6,
被,HSK 3,TOCFL 2
被動,HSK 5,TOCFL 3
被告,HSK 6,
被子,HSK 3,TOCFL 5
被捕,HSK 7,
被迫,HSK 4,
裁,HSK 7,
裁判,HSK 5,TOCFL 4
裁員,TOCFL 4,
裁定,HSK 7,
裁決,HSK 7,
裁減,TOCFL 5,
裁縫,TOCFL 5,
裂,HSK 6,TOCFL 4
裂痕,HSK 7,
裂縫,HSK 7,
裏,HSK 1,
裏面,TOCFL 3,
裙子,HSK 3,TOCFL 1
補,HSK 3,TOCFL 4
補償,HSK 5,TOCFL 4
補充,HSK 3,TOCFL 4
補助,HSK 6,TOCFL 4
補救,HSK 7,TOCFL 5
補給,HSK 7,TOCFL 5
補習,HSK 6,TOCFL 4
補習班,TOCFL 5,
補考,HSK 6,
補課,HSK 6,TOCFL 4
補貼,HSK 5,
裝,HSK 2,TOCFL 2
裝修,HSK 4,
裝備,HSK 6,TOCFL 5
裝扮,HSK 7,
裝潢,TOCFL 5,
裝置,HSK 4,TOCFL 5
裝運,TOCFL 5,
裝配,TOCFL 5,
裝飾,HSK 5,TOCFL 4
裡,TOCFL 2,
裡邊,HSK 1,TOCFL 3
裡面,HSK 3,TOCFL 1
裡頭,HSK 2,TOCFL 4
裸,HSK 7,
裸露,HSK 7,
裹,HSK 7,TOCFL 4
製,HSK 7,
製作,HSK 3,TOCFL 4
製品,HSK 7,TOCFL 5
製成,HSK 5,
製造,HSK 3,TOCFL 4
複印,HSK 3,
複合,HSK 7,
複習,HSK 2,TOCFL 3
複製,HSK 4,TOCFL 4
複雜,HSK 3,TOCFL 4
褲子,HSK 3,TOCFL 1
襪子,HSK 4,TOCFL 1
襯托,HSK 7,
襯衣,HSK 3,
襯衫,HSK 3,TOCFL 2
襲擊,HSK 7,TOCFL 5
西,HSK 1,TOCFL 2
西北,HSK 2,TOCFL 3
西南,HSK 2,TOCFL 3
西方,HSK 2,TOCFL 3
西服,TOCFL 5,
西洋,TOCFL 5,
西班牙語,HSK 6,
西瓜,HSK 4,TOCFL 2
西紅柿,HSK 5,
西裝,HSK 5,TOCFL 4
西邊,HSK 1,TOCFL 2
西部,HSK 3,TOCFL 2
西醫,HSK 2,TOCFL 5
西餐,HSK 2,TOCFL 3
要,HSK 1,TOCFL 1
要不,HSK 7,TOCFL 4
要不是,HSK 7,TOCFL 3
要不然,HSK 6,TOCFL 3
要命,HSK 7,TOCFL 4
要好,HSK 6,TOCFL 4
要害,HSK 7,
要強,HSK 7,
要是,HSK 3,TOCFL 2
要求,HSK 2,TOCFL 3
要犯,TOCFL 5,
要素,HSK 6,
要緊,HSK 7,TOCFL 3
要領,HSK 7,
要麼,HSK 6,
要點,HSK 7,TOCFL 5
覆蓋,HSK 7,
見,HSK 1,TOCFL 3
見仁見智,HSK 7,
見到,HSK 2,
見外,HSK 7,
見效,HSK 7,
見義勇為,HSK 7,
見解,HSK 7,TOCFL 5
見證,HSK 7,TOCFL 5
見識,HSK 7,TOCFL 5
見過,HSK 2,
見錢眼開,HSK 7,
見面,HSK 1,TOCFL 2
規則,HSK 4,TOCFL 4
規劃,HSK 5,
規定,HSK 3,TOCFL 4
規律,HSK 4,TOCFL 4
規格,HSK 7,TOCFL 5
規模,HSK 4,TOCFL 3
規畫,TOCFL 4,
規矩,HSK 7,TOCFL 3
規範,HSK 3,TOCFL 5
親,HSK 3,TOCFL 3
親人,HSK 3,TOCFL 4
親切,HSK 3,TOCFL 3
親友,HSK 7,
親口,TOCFL 4,
親和力,HSK 7,
親密,HSK 4,
親屬,HSK 6,
親情,HSK 7,
親愛,HSK 4,TOCFL 4
親戚,HSK 7,TOCFL 4
親手,HSK 7,TOCFL 3
親朋好友,HSK 7,
親熱,HSK 7,TOCFL 5
親生,HSK 7,TOCFL 5
親眼,HSK 6,TOCFL 3
親自,HSK 3,TOCFL 3
親身,HSK 7,TOCFL 5
親近,HSK 7,
覺,HSK 6,
覺得,HSK 1,TOCFL 1
覺悟,HSK 6,TOCFL 4
覺醒,HSK 7,
觀,TOCFL 5,
觀光,HSK 6,TOCFL 4
觀察,HSK 3,TOCFL 3
觀念,HSK 3,TOCFL 3
觀感,HSK 7,TOCFL 5
觀摩,HSK 7,TOCFL 5
觀望,HSK 7,TOCFL 5
觀測,HSK 7,TOCFL 5
觀看,HSK 3,TOCFL 5
觀眾,HSK 3,TOCFL 3
觀賞,HSK 7,
觀點,HSK 2,TOCFL 3
角,HSK 2,TOCFL 4
角度,HSK 2,TOCFL 3
角色,HSK 4,TOCFL 3
角落,HSK 7,TOCFL 4
角逐,HSK 7,
解,HSK 6,TOCFL 4
解剖,HSK 7,TOCFL 5
解圍,HSK 7,
解放,HSK 5,TOCFL 5
解救,HSK 7,
解散,HSK 7,
解析,HSK 7,
解決,HSK 3,TOCFL 3
解渴,TOCFL 5,
解答,HSK 7,TOCFL 4
解約,TOCFL 5,
解脫,HSK 7,TOCFL 5
解說,HSK 6,TOCFL 5
解讀,HSK 7,
解釋,HSK 4,TOCFL 2
解開,HSK 3,
解除,HSK 5,TOCFL 4
解雇,HSK 7,
解體,HSK 7,TOCFL 5
觸動,HSK 7,
觸摸,HSK 7,
觸犯,HSK 7,
觸目驚心,HSK 7,
觸覺,HSK 7,
言行,HSK 7,
言語,HSK 5,
言論,HSK 7,TOCFL 5
言辭,HSK 7,
訂,HSK 3,TOCFL 3
訂位,TOCFL 4,
訂單,HSK 7,
訂婚,HSK 7,TOCFL 4
訂立,HSK 7,
訂購,HSK 7,TOCFL 5
計,HSK 7,TOCFL 5
計劃,HSK 2,TOCFL 2
計時,HSK 7,
計畫,TOCFL 2,
計程車,TOCFL 1,
計策,HSK 7,
計算,HSK 3,TOCFL 4
計算機,HSK 2,
計較,HSK 7,TOCFL 4
討,HSK 7,TOCFL 4
討人喜歡,HSK 7,
討價還價,HSK 7,
討厭,HSK 5,TOCFL 3
討好,HSK 7,
討論,HSK 2,TOCFL 2
訓,HSK 7,TOCFL 5
訓練,HSK 3,TOCFL 3
託付,HSK 7,
記,HSK 1,TOCFL 2
記住,HSK 1,TOCFL 4
記得,HSK 1,TOCFL 1
記性,TOCFL 4,
記憶,HSK 5,TOCFL 3
記憶猶新,HSK 7,
記者,HSK 3,TOCFL 2
記號,HSK 7,
記載,HSK 4,TOCFL 4
記錄,HSK 3,TOCFL 3
訛詐,HSK 7,
訣別,HSK 7,
訣竅,HSK 7,
訪問,HSK 3,TOCFL 3
訪談,HSK 7,
設,HSK 7,TOCFL 5
設備,HSK 3,TOCFL 3
設定,HSK 7,
設想,HSK 5,TOCFL 5
設施,HSK 4,TOCFL 5
設法,HSK 7,
設立,HSK 3,TOCFL 4
設置,HSK 4,TOCFL 4
設計,HSK 3,TOCFL 3
設計師,HSK 6,
許,HSK 7,TOCFL 4
許久,TOCFL 5,
許可,HSK 5,TOCFL 5
許可證,HSK 7,
許多,HSK 2,TOCFL 2
許願,TOCFL 4,
訴苦,HSK 7,TOCFL 5
訴訟,HSK 7,
訴說,HSK 7,
診所,HSK 7,TOCFL 5
診斷,HSK 5,TOCFL 5
註冊,HSK 5,TOCFL 4
註定,HSK 7,
詐騙,HSK 7,
評,HSK 6,
評估,HSK 5,TOCFL 5
評價,HSK 3,TOCFL 5
評判,HSK 7,
評委,HSK 7,
評定,HSK 7,
評審,HSK 7,
評論,HSK 5,TOCFL 5
評論員,HSK 7,
評選,HSK 6,
詞,HSK 2,TOCFL 3
詞典,HSK 2,TOCFL 4
詞匯,HSK 4,
詞彙,TOCFL 4,
詞語,HSK 2,
詢問,HSK 5,TOCFL 5
試,HSK 1,TOCFL 2
試卷,HSK 4,TOCFL 5
試圖,HSK 5,TOCFL 5
試探,HSK 7,
試用,HSK 7,
試用期,HSK 7,
試行,HSK 7,
試題,HSK 3,
試驗,HSK 3,TOCFL 4
試點,HSK 6,
詩,HSK 4,TOCFL 4
詩人,HSK 4,TOCFL 4
詩歌,HSK 5,
詫異,HSK 7,
話,HSK 1,
話劇,HSK 3,TOCFL 5
話筒,HSK 7,
話語,HSK 7,
話說回來,TOCFL 3,
話費,HSK 7,
話題,HSK 3,TOCFL 3
該,HSK 2,TOCFL 3
該死,TOCFL 5,
詳盡,HSK 7,
詳細,HSK 5,TOCFL 3
誇,HSK 7,TOCFL 5
誇大,HSK 7,
誇張,HSK 7,TOCFL 3
誇獎,HSK 7,TOCFL 4
誇耀,HSK 7,TOCFL 5
誇誇其談,HSK 7,
誠信,HSK 4,
誠實,HSK 4,TOCFL 3
誠心,TOCFL 5,
誠心誠意,HSK 7,TOCFL 5
誠意,HSK 7,TOCFL 4
誠懇,HSK 7,TOCFL 4
誠摯,HSK 7,TOCFL 5
認,HSK 5,TOCFL 3
認出,HSK 3,
認可,HSK 3,
認同,HSK 6,
認定,HSK 5,TOCFL 5
認得,HSK 3,TOCFL 3
認為,HSK 2,TOCFL 2
認真,HSK 1,TOCFL 2
認知,HSK 7,
認證,HSK 7,
認識,HSK 1,TOCFL 1
認錯,HSK 7,TOCFL 5
誕生,HSK 6,TOCFL 4
誕辰,HSK 7,
誘人,HSK 7,
誘惑,HSK 7,TOCFL 5
誘發,HSK 7,
誘餌,HSK 7,
語文,TOCFL 5,
語氣,HSK 7,TOCFL 4
語法,HSK 4,TOCFL 2
語言,HSK 2,TOCFL 1
語調,TOCFL 4,
語音,HSK 4,TOCFL 4
誤,HSK 6,TOCFL 4
誤區,HSK 7,
誤導,HSK 7,
誤差,HSK 7,TOCFL 5
誤會,HSK 4,TOCFL 3
誤解,HSK 5,TOCFL 5
誤點,TOCFL 4,
說,HSK 1,TOCFL 1
說不上,HSK 7,
說不定,HSK 4,TOCFL 4
說到底,HSK 7,
說實話,HSK 6,
說幹就幹,HSK 7,
說情,HSK 7,
說明,HSK 2,TOCFL 3
說明書,HSK 6,
說服,HSK 4,TOCFL 4
說法,HSK 5,TOCFL 3
說白了,HSK 7,
說真的,HSK 7,
說笑,TOCFL 5,
說老實話,HSK 7,
說話,HSK 1,TOCFL 1
說謊,HSK 7,TOCFL 5
說起來,HSK 7,TOCFL 3
說道,HSK 7,
說閒話,HSK 7,
誰,HSK 1,TOCFL 1
誰知道,HSK 7,
課,HSK 1,TOCFL 2
課堂,HSK 2,TOCFL 3
課外,TOCFL 4,
課文,HSK 1,TOCFL 3
課本,HSK 1,TOCFL 1
課業,TOCFL 5,
課程,HSK 3,TOCFL 3
課題,HSK 5,
誹謗,HSK 7,
調,HSK 3,TOCFL 4
調侃,HSK 7,
調動,HSK 5,
調和,TOCFL 5,
調度,HSK 7,TOCFL 5
調控,HSK 7,
調整,HSK 3,TOCFL 4
調料,HSK 7,
調查,HSK 3,TOCFL 3
調皮,HSK 4,TOCFL 5
調研,HSK 6,
調節,HSK 5,TOCFL 5
調解,HSK 5,
調試,HSK 7,
談,HSK 3,TOCFL 2
談不上,HSK 7,
談判,HSK 3,TOCFL 4
談到,HSK 7,
談話,HSK 3,TOCFL 3
談論,HSK 7,TOCFL 5
談起,HSK 7,
請,HSK 1,TOCFL 1
請假,HSK 1,TOCFL 1
請問,HSK 1,TOCFL 1
請坐,HSK 1,
請客,HSK 2,TOCFL 2
請帖,HSK 7,
請教,HSK 3,TOCFL 3
請柬,HSK 7,
請求,HSK 2,TOCFL 3
請進,HSK 1,
諒解,HSK 7,TOCFL 4
論,TOCFL 4,
論壇,HSK 7,
論文,HSK 4,TOCFL 4
論證,HSK 7,
論述,HSK 7,
論點,TOCFL 5,
諷刺,HSK 7,TOCFL 4
諸位,HSK 6,
諸多,HSK 7,TOCFL 5
諸如此類,HSK 7,
諾言,HSK 7,TOCFL 5
謀害,HSK 7,
謀求,HSK 7,
謀生,HSK 7,TOCFL 5
謊言,HSK 7,
謊話,HSK 7,
謎,HSK 7,TOCFL 5
謎團,HSK 7,
謎底,HSK 7,
謎語,HSK 7,TOCFL 5
謙虛,HSK 6,TOCFL 3
謙遜,HSK 7,TOCFL 5
講,HSK 2,TOCFL 2
講價,TOCFL 3,
講學,HSK 7,
講座,HSK 4,TOCFL 5
講理,TOCFL 5,
講究,HSK 4,TOCFL 3
講義,TOCFL 5,
講習,TOCFL 5,
講解,HSK 7,
講話,HSK 2,TOCFL 2
講課,HSK 6,
講述,HSK 7,
謝,TOCFL 3,
謝謝,HSK 1,TOCFL 1
謠言,HSK 7,TOCFL 5
謹慎,HSK 7,TOCFL 5
證,HSK 3,
證人,HSK 7,TOCFL 5
證件,HSK 3,TOCFL 4
證券,TOCFL 5,
證券行,TOCFL 5,
證實,HSK 5,TOCFL 4
證據,HSK 3,TOCFL 4
證明,HSK 3,TOCFL 3
證書,HSK 5,TOCFL 3
譏笑,HSK 7,
識,HSK 6,
識別,HSK 7,
識字,HSK 6,
譜,HSK 7,
警告,HSK 5,TOCFL 4
警報,TOCFL 5,
警官,HSK 7,
警察,HSK 3,TOCFL 1
警惕,HSK 7,TOCFL 5
警衛,TOCFL 5,
警覺,TOCFL 5,
警車,HSK 7,
警鐘,HSK 7,
譬如,HSK 7,TOCFL 5
譬如說,HSK 7,
譯,HSK 7,
議,HSK 7,
議員,HSK 7,TOCFL 5
議定,TOCFL 5,
議會,HSK 7,TOCFL 4
議程,HSK 7,
議論,HSK 4,TOCFL 5
議題,HSK 6,TOCFL 5
譴責,HSK 7,
護,HSK 6,TOCFL 5
護士,HSK 4,TOCFL 1
護照,HSK 2,TOCFL 2
護理,HSK 7,
讀,HSK 1,TOCFL 1
讀書,HSK 1,TOCFL 1
讀物,TOCFL 5,
讀者,HSK 3,TOCFL 3
讀音,HSK 2,
變,HSK 2,TOCFL 2
變動,HSK 5,TOCFL 4
變化,HSK 3,TOCFL 3
變幻莫測,HSK 7,
變形,HSK 6,TOCFL 5
變成,HSK 2,TOCFL 3
變換,HSK 6,
變更,HSK 6,TOCFL 3
變為,HSK 3,
變異,HSK 7,
變質,HSK 7,
變通,TOCFL 5,
變遷,HSK 7,TOCFL 5
變革,HSK 7,TOCFL 5
讓,HSK 2,TOCFL 2
讓座,HSK 6,
讓步,HSK 7,TOCFL 4
讚嘆,TOCFL 5,
讚美,TOCFL 4,
豁,HSK 7,
豁出去,HSK 7,
豁達,HSK 7,TOCFL 5
豆子,HSK 7,
豆漿,HSK 7,TOCFL 3
豆腐,HSK 4,TOCFL 3
豆製品,HSK 5,
豈有此理,HSK 7,
豐厚,HSK 7,
豐富,HSK 3,TOCFL 3
豐富多彩,HSK 7,
豐收,HSK 5,TOCFL 5
豐滿,HSK 7,
豐盛,HSK 7,TOCFL 5
豐碩,HSK 7,
象,TOCFL 4,
象徵,HSK 5,TOCFL 5
豪華,HSK 7,
豬,HSK 3,TOCFL 2
豹,HSK 7,
貓,HSK 2,TOCFL 1
貝殼,HSK 7,TOCFL 5
負,HSK 6,TOCFL 5
負擔,HSK 4,TOCFL 3
負有,HSK 7,
負責,HSK 3,TOCFL 3
負責人,HSK 5,
負面,HSK 7,TOCFL 5
財力,HSK 7,
財務,HSK 7,
財團,TOCFL 5,
財富,HSK 4,TOCFL 4
財政,HSK 7,TOCFL 5
財物,HSK 7,
財產,HSK 4,TOCFL 4
財經,HSK 7,
貢獻,HSK 6,TOCFL 3
貧困,HSK 6,
貧富,HSK 7,
貧民,TOCFL 5,
貧窮,HSK 7,TOCFL 4
貧苦,TOCFL 5,
貨,HSK 4,
貨品,TOCFL 5,
貨幣,HSK 7,TOCFL 5
貨物,HSK 7,TOCFL 4
貨車,HSK 7,
貨運,HSK 7,
販毒,TOCFL 5,
販賣,HSK 7,TOCFL 5
貪,HSK 7,TOCFL 5
貪婪,HSK 7,
貪心,TOCFL 5,
貪污,HSK 7,
貪玩,HSK 7,
貫徹,HSK 7,TOCFL 5
貫穿,HSK 7,
貫通,HSK 7,
責任,HSK 3,TOCFL 3
責備,HSK 7,TOCFL 5
責怪,HSK 7,
貯藏,HSK 7,
貴,HSK 1,TOCFL 1
貴姓,TOCFL 3,
貴族,HSK 7,TOCFL 4
貴賓,HSK 7,TOCFL 5
貴重,HSK 7,
貶,TOCFL 5,
貶值,HSK 7,TOCFL 5
買,HSK 1,TOCFL 1
買不起,HSK 7,
買主,TOCFL 5,
買單,TOCFL 4,
買賣,HSK 5,TOCFL 4
貸款,HSK 5,TOCFL 4
費,HSK 3,TOCFL 4
費力,TOCFL 5,
費勁,HSK 7,
費用,HSK 3,TOCFL 3
貼,HSK 4,TOCFL 3
貼切,HSK 7,
貼心,TOCFL 4,
貼近,HSK 7,
貿易,HSK 5,TOCFL 3
賀信,HSK 7,
賀卡,HSK 5,
賀電,HSK 7,
賄賂,HSK 7,TOCFL 5
資助,HSK 5,TOCFL 5
資料,HSK 4,TOCFL 3
資本,HSK 5,TOCFL 4
資本主義,HSK 7,
資格,HSK 3,TOCFL 4
資歷,HSK 7,
資深,HSK 7,TOCFL 5
資源,HSK 4,TOCFL 3
資產,HSK 5,
資訊,HSK 7,TOCFL 4
資金,HSK 3,TOCFL 4
賊,HSK 7,
賓館,HSK 5,TOCFL 5
賜,HSK 7,TOCFL 5
賜教,HSK 7,
賞,HSK 4,TOCFL 5
賠,HSK 5,TOCFL 4
賠償,HSK 5,TOCFL 4
賠錢,HSK 7,
賣,HSK 2,TOCFL 1
賣座,TOCFL 5,
賣弄,HSK 7,
賤,HSK 7,TOCFL 5
賦予,HSK 7,TOCFL 5
質問,HSK 7,
質地,HSK 7,
質樸,HSK 7,
質疑,HSK 7,TOCFL 5
質量,HSK 4,TOCFL 5
賬,HSK 6,
賬單,HSK 7,
賬戶,HSK 6,
賬號,HSK 7,
賭,HSK 6,TOCFL 4
賭博,HSK 6,TOCFL 5
賭場,TOCFL 5,
賴,HSK 6,
賺,HSK 6,TOCFL 4
賺錢,HSK 6,
購,HSK 7,TOCFL 5
購物,HSK 4,
購買,HSK 4,TOCFL 3
賽,HSK 6,TOCFL 5
賽場,HSK 6,
賽跑,HSK 7,TOCFL 4
賽車,HSK 7,
贈,HSK 5,TOCFL 5
贈品,TOCFL 4,
贈送,HSK 5,TOCFL 4
贊不絕口,HSK 7,
贊助,HSK 4,TOCFL 5
贊同,HSK 7,TOCFL 4
贊嘆,HSK 7,
贊嘆不已,HSK 7,
贊成,HSK 4,TOCFL 4
贊揚,HSK 7,
贊美,HSK 7,
贊許,HSK 7,
贊賞,HSK 4,
贍養,HSK 7,
贏,HSK 3,TOCFL 1
贏家,HSK 7,
贏得,HSK 4,TOCFL 4
贓物,TOCFL 5,
贖,HSK 7,
赤字,HSK 7,
赫然,HSK 7,
走,HSK 1,TOCFL 1
走廊,HSK 7,TOCFL 5
走彎路,HSK 7,
走後門,HSK 7,
走投無路,HSK 7,
走私,HSK 6,TOCFL 4
走走,TOCFL 3,
走路,HSK 1,TOCFL 1
走近,HSK 7,
走進,HSK 2,
走過,HSK 2,
走過場,HSK 7,
走道,TOCFL 4,
走開,HSK 2,
赴,HSK 7,TOCFL 4
起,HSK 1,TOCFL 2
起伏,HSK 7,TOCFL 5
起來,HSK 1,TOCFL 2
起初,HSK 7,TOCFL 4
起到,HSK 5,
起勁,HSK 7,
起床,HSK 1,TOCFL 1
起步,HSK 7,TOCFL 5
起源,HSK 7,TOCFL 5
起火,TOCFL 4,
起碼,HSK 5,TOCFL 5
起程,HSK 7,
起草,HSK 7,
起訴,HSK 6,
起跑線,HSK 7,
起飛,HSK 2,TOCFL 2
起點,HSK 6,
趁,HSK 7,TOCFL 3
趁早,HSK 7,
趁機,HSK 7,
趁著,HSK 7,
超,HSK 6,
超人,TOCFL 4,
超出,HSK 6,TOCFL 4
超前,HSK 7,
超市,HSK 2,TOCFL 2
超標,HSK 7,
超級,HSK 3,TOCFL 3
超級市場,TOCFL 2,
超脫,TOCFL 5,
超越,HSK 5,TOCFL 4
超車,HSK 7,
超速,HSK 7,TOCFL 5
超過,HSK 2,TOCFL 3
超重,TOCFL 4,
越,HSK 2,TOCFL 3
越來越,HSK 2,
越發,HSK 7,
越過,HSK 7,
趕,HSK 3,TOCFL 3
趕上,HSK 6,TOCFL 3
趕不上,HSK 6,
趕到,HSK 3,
趕往,HSK 7,
趕忙,HSK 6,TOCFL 5
趕快,HSK 3,TOCFL 3
趕緊,HSK 3,TOCFL 4
趕赴,HSK 7,
趟,HSK 6,TOCFL 4
趣味,HSK 7,TOCFL 5
趨勢,HSK 4,TOCFL 5
趨於,HSK 7,
足,HSK 6,TOCFL 4
足以,HSK 6,TOCFL 4
足夠,HSK 3,TOCFL 5
足智多謀,HSK 7,
足球,HSK 3,TOCFL 1
足跡,HSK 7,
趴,HSK 7,TOCFL 5
跌,HSK 6,TOCFL 4
跌倒,TOCFL 4,
跑,HSK 1,TOCFL 1
跑步,HSK 3,TOCFL 1
跑車,HSK 7,
跑道,HSK 7,TOCFL 5
跑龍套,HSK 7,
距,HSK 7,TOCFL 5
距離,HSK 4,TOCFL 3
跟,HSK 1,TOCFL 1
跟上,HSK 7,
跟不上,HSK 7,
跟前,HSK 5,TOCFL 5
跟蹤,HSK 7,
跟進,TOCFL 5,
跟隨,HSK 5,
跡象,HSK 7,
跨,HSK 6,TOCFL 4
跨國,HSK 7,
跨越,HSK 7,TOCFL 5
跪,HSK 6,TOCFL 4
路,HSK 1,TOCFL 1
路上,HSK 1,
路人,HSK 7,
路口,HSK 1,TOCFL 2
路子,HSK 7,
路段,HSK 7,
路況,HSK 7,
路燈,HSK 7,TOCFL 4
路程,HSK 7,
路線,HSK 3,TOCFL 4
路途,HSK 7,
路過,HSK 6,TOCFL 5
路邊,HSK 2,
路面,HSK 7,
跳,HSK 3,TOCFL 2
跳傘,HSK 7,
跳動,HSK 7,
跳槽,HSK 7,
跳水,HSK 6,
跳舞,HSK 3,TOCFL 2
跳躍,HSK 7,
跳遠,HSK 3,TOCFL 4
跳高,HSK 3,TOCFL 4
踏,HSK 6,TOCFL 4
踏上,HSK 7,
踏實,HSK 6,TOCFL 5
踢,HSK 6,TOCFL 1
踩,HSK 6,TOCFL 4
踴躍,HSK 7,TOCFL 5
踹,HSK 7,
蹦,HSK 7,
蹬,HSK 7,
蹭,HSK 7,
蹲,HSK 6,TOCFL 4
躍,TOCFL 5,
身上,HSK 1,TOCFL 3
身不由己,HSK 7,
身份,HSK 4,
身份證,HSK 3,
身價,HSK 7,
身分,TOCFL 4,
身分證,TOCFL 4,
身子,HSK 7,TOCFL 5
身影,HSK 7,
身心,HSK 7,
身教,TOCFL 5,
身材,HSK 4,TOCFL 4
身段,TOCFL 5,
身為,TOCFL 5,
身軀,HSK 7,
身邊,HSK 2,TOCFL 3
身體,HSK 1,TOCFL 1
身高,HSK 4,TOCFL 3
躲,HSK 5,TOCFL 4
躲藏,HSK 7,
躲避,HSK 7,TOCFL 5
躺,HSK 4,TOCFL 2
車,HSK 1,TOCFL 1
車主,HSK 5,
車位,HSK 7,
車型,HSK 7,
車子,TOCFL 1,
車展,HSK 6,
車廂,HSK 7,TOCFL 5
車牌,HSK 6,
車票,HSK 1,TOCFL 4
車禍,HSK 7,TOCFL 3
車站,HSK 1,TOCFL 1
車號,HSK 6,
車軸,HSK 7,
車輛,HSK 2,TOCFL 5
車輪,HSK 7,
車速,HSK 7,
車道,HSK 7,
車間,HSK 7,
軌跡,HSK 7,
軌道,HSK 6,TOCFL 5
軍,TOCFL 4,
軍事,HSK 6,TOCFL 4
軍人,HSK 5,TOCFL 3
軍備,TOCFL 5,
軍官,HSK 7,TOCFL 5
軍艦,HSK 6,TOCFL 5
軍閥,TOCFL 5,
軍隊,HSK 6,TOCFL 3
軟,HSK 5,TOCFL 4
軟件,HSK 5,
軟實力,HSK 7,
軟弱,HSK 7,TOCFL 5
軟體,TOCFL 5,
較,HSK 3,TOCFL 3
較勁,HSK 7,
較量,HSK 7,TOCFL 5
載,TOCFL 4,
載體,HSK 7,
輔助,HSK 5,
輔導,HSK 7,TOCFL 4
輕,HSK 2,TOCFL 2
輕傷,TOCFL 4,
輕型,HSK 7,
輕微,HSK 7,
輕易,HSK 4,TOCFL 5
輕視,TOCFL 4,
輕而易舉,HSK 7,
輕蔑,HSK 7,TOCFL 5
輕薄,TOCFL 5,
輕鬆,HSK 4,TOCFL 3
輛,HSK 2,TOCFL 2
輝煌,HSK 7,TOCFL 5
輩,HSK 5,
輩子,TOCFL 3,
輪,HSK 4,
輪子,HSK 4,TOCFL 4
輪廓,HSK 7,TOCFL 5
輪換,HSK 7,
輪椅,HSK 4,
輪流,HSK 7,TOCFL 4
輪胎,HSK 7,TOCFL 3
輪船,HSK 4,TOCFL 4
輸,HSK 3,TOCFL 1
輸入,HSK 3,TOCFL 4
輸出,HSK 5,TOCFL 4
輸家,HSK 7,
輸液,HSK 7,
輸血,HSK 7,TOCFL 5
輸送,HSK 7,
輻射,HSK 7,TOCFL 5
輿論,HSK 7,TOCFL 5
轉,HSK 3,TOCFL 2
轉交,HSK 7,
轉動,HSK 4,TOCFL 5
轉化,HSK 5,TOCFL 5
轉向,HSK 5,TOCFL 4
轉告,HSK 4,TOCFL 4
轉型,HSK 7,
轉學,HSK 7,
轉帳,TOCFL 5,
轉彎,HSK 4,
轉悠,HSK 7,
轉手,TOCFL 5,
轉折,HSK 7,
轉折點,HSK 7,
轉換,HSK 5,
轉播,HSK 7,TOCFL 4
轉機,HSK 7,TOCFL 4
轉眼,HSK 7,TOCFL 5
轉移,HSK 4,TOCFL 5
轉變,HSK 3,TOCFL 4
轉讓,HSK 5,
轉身,HSK 4,TOCFL 4
轉載,HSK 7,
轉達,HSK 7,TOCFL 4
轎車,HSK 7,TOCFL 5
轟,HSK 7,
轟動,HSK 7,TOCFL 5
轟炸,HSK 7,
轟轟烈烈,TOCFL 5,
车上,HSK 1,
辛勤,HSK 7,TOCFL 5
辛苦,HSK 5,TOCFL 2
辛酸,HSK 7,TOCFL 5
辜負,HSK 7,TOCFL 5
辣,HSK 4,TOCFL 2
辣椒,HSK 7,TOCFL 4
辦,HSK 2,TOCFL 3
辦不到,HSK 7,
辦事,HSK 4,TOCFL 4
辦事處,HSK 6,
辦公,HSK 6,TOCFL 4
辦公室,HSK 2,TOCFL 1
辦學,HSK 6,
辦案,TOCFL 5,
辦法,HSK 2,TOCFL 2
辦理,HSK 3,TOCFL 3
辨別,HSK 7,
辨認,HSK 7,TOCFL 5
辨識,TOCFL 5,
辭,HSK 7,TOCFL 5
辭典,HSK 5,TOCFL 5
辭去,HSK 7,
辭呈,HSK 7,
辭職,HSK 5,TOCFL 4
辭行,TOCFL 5,
辭退,HSK 7,
辮子,HSK 7,
辯,HSK 7,TOCFL 5
辯解,HSK 7,
辯論,HSK 4,TOCFL 5
辯護,HSK 7,TOCFL 5
農作物,HSK 7,TOCFL 5
農具,TOCFL 5,
農場,HSK 7,TOCFL 4
農夫,TOCFL 4,
農曆,HSK 7,
農村,HSK 3,TOCFL 4
農業,HSK 3,TOCFL 3
農民,HSK 3,TOCFL 4
農民工,HSK 7,
農產品,HSK 5,TOCFL 4
農田,TOCFL 5,
農藥,TOCFL 4,
巡視,TOCFL 5,
巡邏,HSK 7,TOCFL 5
迄今,HSK 7,
迄今為止,HSK 7,
迅速,HSK 4,TOCFL 4
迎,HSK 7,TOCFL 5
迎來,HSK 6,
迎合,HSK 7,TOCFL 5
迎接,HSK 3,TOCFL 4
近,HSK 2,TOCFL 1
近代,HSK 4,
近來,HSK 5,TOCFL 4
近年來,HSK 7,
近日,HSK 6,
近期,HSK 3,
近視,HSK 6,TOCFL 4
返,TOCFL 5,
返回,HSK 5,TOCFL 4
返還,HSK 7,
迫不及待,HSK 7,
迫使,HSK 7,
迫切,HSK 4,TOCFL 4
迫害,HSK 7,TOCFL 5
迭起,HSK 7,
迴憶,HSK 5,
迴避,HSK 5,
迴響,TOCFL 5,
迴首,HSK 7,
迷,HSK 3,TOCFL 4
迷人,HSK 5,TOCFL 3
迷信,HSK 5,TOCFL 4
迷失,HSK 7,TOCFL 4
迷宮,TOCFL 5,
迷惑,HSK 7,TOCFL 5
迷惑不解,HSK 7,
迷戀,HSK 7,TOCFL 5
迷糊,TOCFL 4,
迷路,HSK 7,TOCFL 3
追,HSK 3,TOCFL 4
追問,HSK 7,
追尾,HSK 7,
追悼會,HSK 7,
追捕,TOCFL 5,
追查,TOCFL 5,
追求,HSK 4,TOCFL 3
追溯,HSK 7,
追究,HSK 6,TOCFL 5
追趕,HSK 7,
追蹤,HSK 7,
追逐,HSK 7,
追隨,HSK 7,
退,HSK 3,TOCFL 4
退休,HSK 3,TOCFL 3
退休金,HSK 7,
退出,HSK 3,TOCFL 4
退化,TOCFL 5,
退卻,HSK 7,
退回,HSK 7,TOCFL 4
退學,HSK 7,
退役,HSK 7,
退步,TOCFL 3,
退票,HSK 6,
退縮,HSK 7,
退讓,HSK 7,
送,HSK 1,TOCFL 1
送別,HSK 7,
送到,HSK 2,
送禮,HSK 6,
送給,HSK 2,
送行,HSK 6,TOCFL 4
逃,HSK 5,TOCFL 4
逃亡,HSK 7,
逃生,HSK 7,TOCFL 5
逃稅,TOCFL 5,
逃走,HSK 5,TOCFL 4
逃跑,HSK 5,
逃避,HSK 7,TOCFL 4
逆,HSK 7,
逍遙,TOCFL 5,
透,HSK 4,TOCFL 4
透徹,HSK 7,
透支,HSK 7,
透明,HSK 4,TOCFL 5
透氣,HSK 7,
透過,HSK 7,TOCFL 4
透露,HSK 6,
逐,TOCFL 5,
逐年,HSK 7,
逐步,HSK 4,TOCFL 5
逐漸,HSK 4,TOCFL 4
途中,HSK 4,
途徑,HSK 6,TOCFL 4
逗,HSK 7,TOCFL 3
逗留,TOCFL 5,
這,HSK 1,TOCFL 1
這下子,TOCFL 3,
這些,HSK 1,TOCFL 2
這兒,HSK 1,TOCFL 1
這就是說,HSK 6,
這時候,HSK 2,
這會兒,HSK 7,
這樣,HSK 2,TOCFL 3
這樣一來,HSK 7,
這樣子,TOCFL 3,
這裏,TOCFL 3,
這裡,HSK 1,TOCFL 1
這邊,HSK 1,TOCFL 2
這麼,HSK 2,TOCFL 2
通,HSK 2,TOCFL 3
通俗,HSK 7,
通信,HSK 3,TOCFL 4
通告,HSK 7,
通報,HSK 6,TOCFL 5
通宵,HSK 7,
通常,HSK 3,TOCFL 4
通往,HSK 7,
通暢,HSK 7,
通用,HSK 5,TOCFL 5
通知,HSK 2,TOCFL 2
通知書,HSK 4,
通稱,TOCFL 5,
通紅,HSK 6,
通緝,HSK 7,TOCFL 5
通行,HSK 6,TOCFL 5
通行證,HSK 7,
通訊,HSK 6,TOCFL 4
通話,HSK 6,
通貨膨脹,TOCFL 5,
通車,HSK 7,TOCFL 5
通通,HSK 7,
通過,HSK 2,TOCFL 3
通道,HSK 6,
通順,HSK 7,
通風,HSK 7,
逛,HSK 4,TOCFL 3
逛街,TOCFL 3,
逝世,HSK 7,TOCFL 5
逞強,HSK 7,
逞能,HSK 7,
速度,HSK 3,TOCFL 3
造,HSK 3,TOCFL 4
造假,HSK 7,
造價,HSK 7,
造化,TOCFL 5,
造反,TOCFL 5,
造句,TOCFL 4,
造型,HSK 4,TOCFL 5
造就,HSK 7,
造成,HSK 3,TOCFL 3
造物主,TOCFL 5,
造福,HSK 7,
造紙術,HSK 7,
逢,HSK 7,TOCFL 4
連,HSK 3,TOCFL 3
連/聯絡,TOCFL 3,
連任,HSK 7,TOCFL 5
連夜,HSK 7,
連帶,TOCFL 5,
連忙,HSK 3,TOCFL 4
連接,HSK 5,TOCFL 4
連滾帶爬,HSK 7,
連結,TOCFL 5,
連綿,HSK 7,
連線,TOCFL 5,
連續,HSK 3,TOCFL 4
連續劇,HSK 3,TOCFL 3
連鎖,HSK 7,
連鎖店,HSK 7,
逮,HSK 7,
逮捕,HSK 7,TOCFL 5
週,TOCFL 4,
週到,HSK 7,
週圍,HSK 3,
週年,HSK 2,
週期,HSK 5,
週末,HSK 2,TOCFL 1
進,HSK 1,TOCFL 2
進一步,HSK 3,TOCFL 3
進來,HSK 1,TOCFL 1
進修,HSK 7,TOCFL 5
進入,HSK 2,TOCFL 4
進出,HSK 7,
進出口,HSK 7,
進化,HSK 5,TOCFL 5
進去,HSK 1,TOCFL 2
進口,HSK 4,TOCFL 4
進場,HSK 7,TOCFL 5
進展,HSK 3,TOCFL 5
進度,HSK 7,TOCFL 5
進攻,HSK 6,TOCFL 5
進步,HSK 3,TOCFL 2
進程,HSK 7,
進而,HSK 7,TOCFL 5
進行,HSK 2,TOCFL 3
進軍,TOCFL 5,
逼,HSK 6,TOCFL 3
逼真,HSK 7,
逼近,HSK 7,
逼迫,HSK 7,
逾,TOCFL 5,
逾期,HSK 7,
遂心,HSK 7,
遇,HSK 4,TOCFL 4
遇上,HSK 7,
遇到,HSK 4,TOCFL 3
遇見,HSK 4,TOCFL 4
遇險,HSK 7,
遇難,HSK 7,
遊人,HSK 6,
遊客,HSK 2,TOCFL 3
遊戲,HSK 3,TOCFL 4
遊戲機,HSK 6,
遊玩,HSK 6,
遊船,HSK 7,
遊行,HSK 6,TOCFL 4
遊覽,HSK 7,TOCFL 5
運,HSK 5,TOCFL 5
運作,HSK 6,
運動,HSK 2,TOCFL 1
運動員,HSK 4,
運動會,HSK 4,
運氣,HSK 4,TOCFL 3
運河,HSK 7,
運營,HSK 7,
運用,HSK 4,TOCFL 4
運行,HSK 5,TOCFL 5
運輸,HSK 3,TOCFL 4
運轉,HSK 7,TOCFL 4
運送,HSK 7,TOCFL 4
遍,HSK 2,TOCFL 2
遍地,HSK 6,
遍布,HSK 7,
過,HSK 1,TOCFL 1
過不去,HSK 7,
過世,TOCFL 4,
過人,TOCFL 5,
過來,HSK 2,
過分,HSK 4,
過剩,HSK 7,
過半,HSK 7,
過去,HSK 2,TOCFL 2
過境,HSK 7,
過失,HSK 7,TOCFL 5
過年,HSK 2,TOCFL 2
過度,HSK 5,TOCFL 4
過往,HSK 7,
過後,HSK 6,
過意不去,HSK 7,
過敏,HSK 5,TOCFL 5
過於,HSK 5,
過日子,HSK 7,TOCFL 3
過早,HSK 7,
過時,HSK 6,
過期,HSK 7,TOCFL 4
過渡,HSK 6,TOCFL 4
過濾,HSK 7,TOCFL 4
過獎,HSK 7,
過癮,HSK 7,TOCFL 5
過目,TOCFL 5,
過硬,HSK 7,
過程,HSK 3,TOCFL 4
過節,HSK 7,TOCFL 4
過道,HSK 7,
過重,TOCFL 5,
過量,TOCFL 5,
過錯,HSK 7,
過關,HSK 7,TOCFL 5
過頭,HSK 7,
遏制,HSK 7,
道,HSK 2,TOCFL 4
道具,HSK 7,
道別,TOCFL 5,
道地,TOCFL 5,
道士,TOCFL 5,
道德,HSK 5,TOCFL 3
道教,HSK 6,TOCFL 3
道歉,HSK 6,TOCFL 3
道理,HSK 2,TOCFL 3
道義,TOCFL 5,
道路,HSK 2,TOCFL 4
達,TOCFL 5,
達到,HSK 3,TOCFL 4
達成,HSK 5,TOCFL 3
達標,HSK 7,
違反,HSK 5,TOCFL 4
違法,HSK 5,
違約,HSK 7,TOCFL 5
違背,HSK 7,TOCFL 5
違規,HSK 5,
違章,HSK 7,
遙控,HSK 7,
遙遠,HSK 7,TOCFL 5
遛,HSK 7,
遜色,HSK 7,
遞,HSK 5,TOCFL 4
遞交,HSK 7,
遞給,HSK 5,
遠,HSK 1,TOCFL 1
遠大,TOCFL 4,
遠方,HSK 6,
遠景,TOCFL 5,
遠程,HSK 7,
遠處,HSK 5,
遠見,HSK 7,
遠近聞名,HSK 7,
遠遠,HSK 6,
遠離,HSK 6,
適中,TOCFL 5,
適合,HSK 3,TOCFL 4
適宜,HSK 7,TOCFL 5
適度,HSK 7,
適應,HSK 3,TOCFL 3
適時,HSK 7,
適用,HSK 3,TOCFL 4
適當,HSK 6,TOCFL 4
適量,HSK 7,
遭,TOCFL 5,
遭到,HSK 6,TOCFL 4
遭受,HSK 6,TOCFL 4
遭殃,HSK 7,
遭遇,HSK 6,TOCFL 4
遮,HSK 7,TOCFL 5
遮蓋,HSK 7,
遮蔽,TOCFL 5,
遲,HSK 5,TOCFL 4
遲到,HSK 4,TOCFL 2
遲早,HSK 7,TOCFL 4
遲疑,HSK 7,
遲遲,HSK 7,
遲鈍,TOCFL 5,
遵守,HSK 5,TOCFL 4
遵循,HSK 7,TOCFL 5
遵照,HSK 7,
遷,HSK 7,TOCFL 4
遷就,HSK 7,
遷移,HSK 7,
選,HSK 2,TOCFL 3
選修,HSK 5,TOCFL 5
選手,HSK 3,TOCFL 4
選拔,HSK 6,TOCFL 5
選擇,HSK 4,TOCFL 3
選民,HSK 7,TOCFL 5
選用,HSK 7,
選票,TOCFL 5,
選舉,HSK 6,TOCFL 3
選購,TOCFL 5,
選項,HSK 7,
遺傳,HSK 4,TOCFL 5
遺囑,HSK 7,
遺址,HSK 7,TOCFL 5
遺志,TOCFL 5,
遺忘,HSK 7,TOCFL 5
遺憾,HSK 6,TOCFL 5
遺棄,HSK 7,TOCFL 5
遺物,HSK 7,
遺產,HSK 4,TOCFL 5
遺留,HSK 7,TOCFL 5
遺願,HSK 7,
遺體,HSK 7,TOCFL 5
遼闊,HSK 7,TOCFL 5
避,HSK 4,
避免,HSK 4,TOCFL 3
避孕,TOCFL 5,
避暑,HSK 7,
避難,HSK 7,TOCFL 5
邀,HSK 7,TOCFL 5
邀請,HSK 5,TOCFL 3
邁,HSK 7,TOCFL 5
邁進,HSK 7,TOCFL 5
還,HSK 1,TOCFL 2
還不如,TOCFL 4,
還原,HSK 7,
還好,TOCFL 3,
還是,HSK 1,TOCFL 1
還有,HSK 1,TOCFL 4
還款,HSK 7,
還要,TOCFL 3,
邊,HSK 2,TOCFL 2
邊兒,TOCFL 2,
邊境,HSK 5,
邊界,HSK 7,TOCFL 5
邊疆,HSK 7,
邊緣,HSK 6,TOCFL 5
邊遠,HSK 7,
邏輯,HSK 5,TOCFL 5
那,HSK 1,TOCFL 1
那些,HSK 1,TOCFL 2
那兒,HSK 1,TOCFL 1
那時候,HSK 2,
那會兒,HSK 2,
那樣,HSK 2,TOCFL 3
那裡,HSK 1,TOCFL 1
那邊,HSK 1,TOCFL 2
那麼,HSK 2,TOCFL 2
邪,HSK 7,
邪惡,HSK 7,
郊區,HSK 5,TOCFL 3
郊外,HSK 7,TOCFL 4
郊遊,HSK 7,
部,HSK 3,TOCFL 3
部件,HSK 7,
部位,HSK 5,
部分,HSK 2,TOCFL 3
部署,HSK 7,TOCFL 5
部落,TOCFL 5,
部長,HSK 3,TOCFL 4
部門,HSK 3,TOCFL 3
部隊,HSK 6,TOCFL 4
郵件,HSK 3,TOCFL 4
郵局,HSK 4,TOCFL 1
郵差,TOCFL 4,
郵政,HSK 7,
郵票,HSK 3,TOCFL 3
郵箱,HSK 3,
郵編,HSK 7,
都,HSK 1,TOCFL 1
都市,HSK 6,TOCFL 3
都會,HSK 7,
鄉,HSK 5,
鄉下,HSK 7,TOCFL 2
鄉土,TOCFL 5,
鄉村,HSK 5,TOCFL 4
鄉親,HSK 7,
鄙視,HSK 7,
鄭重,HSK 7,
鄰國,HSK 7,
鄰居,HSK 5,TOCFL 2
鄰里,TOCFL 5,
酌情,HSK 7,
酌量,TOCFL 5,
配,HSK 3,TOCFL 3
配件,HSK 7,
配偶,HSK 7,
配備,HSK 5,
配合,HSK 3,TOCFL 3
配套,HSK 5,
配給,TOCFL 5,
配置,HSK 6,
配送,HSK 7,
配音,HSK 7,TOCFL 5
酒,HSK 2,TOCFL 1
酒吧,HSK 4,TOCFL 3
酒店,HSK 2,TOCFL 5
酒會,TOCFL 4,
酒樓,HSK 7,
酒水,HSK 6,
酒精,HSK 7,TOCFL 5
酒館,TOCFL 5,
酒鬼,HSK 5,
酗酒,HSK 7,TOCFL 5
酣暢,HSK 7,
酣睡,HSK 7,
酥,HSK 7,
酷,HSK 6,
酷似,HSK 7,
酸,HSK 4,TOCFL 2
酸奶,HSK 4,
酸甜苦辣,HSK 5,
醇厚,HSK 7,
醉,HSK 5,TOCFL 3
醋,HSK 6,TOCFL 3
醒,HSK 4,TOCFL 3
醒來,HSK 7,TOCFL 3
醒悟,HSK 7,
醒目,HSK 7,
醜,HSK 5,TOCFL 3
醜惡,HSK 7,
醜聞,HSK 7,
醜陋,HSK 7,
醞釀,HSK 7,TOCFL 5
醫,TOCFL 4,
醫務,HSK 7,
醫學,HSK 4,TOCFL 4
醫師,TOCFL 4,
醫生,HSK 1,TOCFL 1
醫療,HSK 4,TOCFL 5
醫藥,HSK 6,TOCFL 5
醫術,TOCFL 5,
醫院,HSK 1,TOCFL 1
醬,HSK 6,
醬油,HSK 6,TOCFL 3
醮,HSK 7,
釀造,HSK 7,
釋放,HSK 7,TOCFL 5
里,TOCFL 3,
里程,TOCFL 5,
里程碑,HSK 7,
重,HSK 1,TOCFL 2
重中之重,HSK 7,
重任,HSK 7,
重傷,HSK 7,TOCFL 4
重創,HSK 7,
重合,HSK 7,
重型,HSK 7,
重大,HSK 3,TOCFL 4
重建,HSK 6,
重心,HSK 7,TOCFL 4
重播,HSK 7,
重新,HSK 2,TOCFL 3
重現,HSK 7,
重用,TOCFL 5,
重申,HSK 7,
重疊,HSK 7,TOCFL 5
重視,HSK 2,TOCFL 3
重組,HSK 6,
重複,HSK 2,
重要,HSK 1,TOCFL 1
重返,HSK 7,
重量,HSK 4,TOCFL 4
重量級,HSK 7,
重鎮,TOCFL 5,
重點,HSK 2,TOCFL 3
野,HSK 6,TOCFL 4
野外,HSK 7,
野心,HSK 7,TOCFL 4
野炊,HSK 7,
野營,HSK 7,
野獸,HSK 7,TOCFL 4
野生,HSK 6,
野蠻,HSK 7,
野餐,HSK 7,TOCFL 3
量,HSK 4,TOCFL 4
釐米,HSK 4,
金,HSK 3,TOCFL 3
金子,HSK 7,TOCFL 3
金字塔,HSK 7,
金屬,HSK 7,TOCFL 4
金牌,HSK 3,
金融,HSK 6,TOCFL 4
金錢,HSK 6,TOCFL 5
金額,HSK 6,TOCFL 4
金魚,TOCFL 5,
釘,HSK 7,TOCFL 5
釘子,HSK 7,
針,HSK 4,TOCFL 4
針對,HSK 4,TOCFL 4
針灸,HSK 7,TOCFL 5
針鋒相對,HSK 7,
釣,TOCFL 4,
釣魚,HSK 7,TOCFL 5
鈔票,HSK 7,TOCFL 4
鈕扣,TOCFL 4,
鈣,HSK 7,TOCFL 5
鈴,HSK 5,TOCFL 5
鈴聲,HSK 5,
鈾,TOCFL 5,
鉗子,HSK 7,
鉛,HSK 7,TOCFL 5
鉛筆,HSK 6,TOCFL 2
鉤,HSK 7,
鉤子,HSK 7,
銀,HSK 3,TOCFL 4
銀子,TOCFL 5,
銀幕,HSK 7,TOCFL 5
銀牌,HSK 3,
銀色,TOCFL 5,
銀行,HSK 2,TOCFL 1
銀行卡,HSK 2,
銅,HSK 7,TOCFL 4
銅牌,HSK 6,
銘記,HSK 7,
銜接,HSK 7,
銷,HSK 7,
銷售,HSK 4,TOCFL 4
銷毀,HSK 7,
銷路,TOCFL 4,
銷量,HSK 7,
鋁,HSK 7,TOCFL 5
鋒面,TOCFL 5,
鋤頭,TOCFL 5,
鋪,HSK 6,TOCFL 4
鋪路,HSK 7,
鋸,HSK 7,
鋼,HSK 7,TOCFL 4
鋼琴,HSK 5,TOCFL 2
鋼筆,HSK 5,TOCFL 4
鋼鐵,TOCFL 5,
錄,HSK 3,TOCFL 3
錄像,HSK 6,
錄取,HSK 4,TOCFL 3
錄影,TOCFL 5,
錄影機,TOCFL 5,
錄用,TOCFL 4,
錄製,HSK 7,
錄音,HSK 3,TOCFL 3
錄音機,HSK 6,
錘子,HSK 7,
錢,HSK 1,TOCFL 1
錢包,HSK 1,TOCFL 2
錢財,HSK 7,
錦旗,HSK 7,
錫,HSK 7,TOCFL 5
錯,HSK 1,TOCFL 2
錯位,HSK 7,
錯別字,HSK 7,
錯字,TOCFL 4,
錯綜複雜,HSK 7,
錯覺,HSK 7,
錯誤,HSK 3,TOCFL 3
錯過,HSK 6,TOCFL 4
錶,HSK 2,
鍋,HSK 5,TOCFL 4
鍋子,TOCFL 4,
鍛煉,HSK 4,
鍛鍊,TOCFL 4,
鍵,HSK 5,
鍵盤,HSK 5,TOCFL 4
鎖,HSK 5,TOCFL 4
鎖定,HSK 7,
鎮,HSK 6,
鎮壓,TOCFL 5,
鎮定,HSK 7,TOCFL 5
鏟子,HSK 7,
鏡,TOCFL 4,
鏡子,HSK 4,TOCFL 4
鏡頭,HSK 4,
鏽,HSK 7,
鐘,HSK 3,TOCFL 3
鐘頭,HSK 6,TOCFL 2
鐵,HSK 3,TOCFL 3
鐵路,HSK 3,TOCFL 3
鑄造,HSK 7,
鑒別,HSK 7,
鑒定,HSK 6,
鑒於,HSK 7,
鑒賞,HSK 7,
鑰匙,HSK 7,TOCFL 2
鑲,HSK 7,TOCFL 5
鑲嵌,HSK 7,
鑼,TOCFL 5,
鑽,HSK 6,TOCFL 4
鑽石,HSK 7,TOCFL 4
鑽研,HSK 7,TOCFL 5
鑽空子,HSK 7,
鑿,HSK 7,
铲,HSK 7,
長,HSK 2,TOCFL 1
長久,HSK 6,TOCFL 4
長假,HSK 6,
長城,HSK 3,
長壽,HSK 5,
長大,HSK 2,TOCFL 3
長子,TOCFL 5,
長度,HSK 5,TOCFL 4
長征,HSK 7,
長效,HSK 7,
長方形,TOCFL 4,
長期,HSK 3,
長期以來,HSK 7,
長相,HSK 7,
長短,HSK 6,
長處,HSK 3,TOCFL 4
長足,HSK 7,
長跑,HSK 6,
長輩,HSK 7,TOCFL 4
長途,HSK 4,TOCFL 4
長達,HSK 7,
長遠,HSK 6,TOCFL 5
門,HSK 1,TOCFL 1
門口,HSK 1,TOCFL 2
門戶,TOCFL 5,
門檻,HSK 7,
門當戶對,HSK 7,
門票,HSK 1,TOCFL 4
門診,HSK 5,TOCFL 4
門路,HSK 7,
門鈴,HSK 7,
閃,HSK 4,TOCFL 4
閃爍,HSK 7,TOCFL 5
閃耀,TOCFL 5,
閃電,HSK 4,TOCFL 5
閉,HSK 6,TOCFL 4
閉塞,TOCFL 5,
閉幕,HSK 5,TOCFL 5
閉幕式,HSK 5,
開,HSK 1,TOCFL 1
開刀,TOCFL 4,
開創,HSK 6,
開動,HSK 7,TOCFL 5
開口,HSK 7,TOCFL 5
開場,HSK 7,
開場白,HSK 7,
開墾,HSK 7,
開夜車,HSK 6,
開天辟地,HSK 7,
開始,HSK 3,TOCFL 1
開學,HSK 2,TOCFL 2
開導,TOCFL 5,
開展,HSK 3,TOCFL 5
開工,HSK 7,
開幕,HSK 5,TOCFL 5
開幕式,HSK 5,
開張,HSK 7,TOCFL 5
開心,HSK 2,TOCFL 2
開戶,TOCFL 4,
開拓,HSK 7,TOCFL 4
開支,HSK 7,
開放,HSK 3,TOCFL 3
開啟,HSK 7,TOCFL 5
開明,TOCFL 4,
開會,HSK 1,TOCFL 2
開朗,HSK 7,TOCFL 3
開業,HSK 3,TOCFL 5
開槍,HSK 7,
開機,HSK 2,
開水,HSK 4,TOCFL 2
開演,TOCFL 4,
開玩笑,HSK 1,TOCFL 3
開發,HSK 3,TOCFL 4
開發區,HSK 7,
開發商,HSK 7,
開盤,TOCFL 5,
開花,HSK 4,TOCFL 3
開設,HSK 6,TOCFL 4
開課,TOCFL 4,
開路,TOCFL 5,
開車,HSK 1,TOCFL 1
開辟,HSK 7,
開辦,HSK 7,TOCFL 5
開通,HSK 6,
開采,HSK 7,
開銷,HSK 7,TOCFL 5
開闊,HSK 7,TOCFL 5
開關,HSK 6,
開闢,TOCFL 5,
開除,HSK 7,TOCFL 4
開頭,HSK 6,TOCFL 5
開頭兒,TOCFL 5,
開飯,TOCFL 5,
閑,HSK 5,
閒,TOCFL 4,
間,HSK 1,TOCFL 2
間接,HSK 5,TOCFL 4
間斷,HSK 7,
間諜,HSK 7,
間隔,HSK 7,
間隙,HSK 7,
閘,HSK 7,
閥門,HSK 7,
閨女,HSK 7,
閱歷,HSK 7,
閱覽室,HSK 5,
閱讀,HSK 4,TOCFL 3
閻王,HSK 7,
闊,HSK 6,
闊綽,HSK 7,
闖,HSK 5,TOCFL 4
關,HSK 1,TOCFL 1
關上,HSK 1,TOCFL 4
關係,HSK 3,TOCFL 2
關切,TOCFL 5,
關心,HSK 2,TOCFL 2
關愛,HSK 6,
關懷,HSK 5,TOCFL 5
關掉,HSK 7,
關於,HSK 4,TOCFL 4
關機,HSK 2,
關注,HSK 3,
關照,HSK 7,TOCFL 5
關稅,HSK 7,TOCFL 5
關節,HSK 7,
關聯,HSK 6,
關鍵,HSK 5,TOCFL 4
關閉,HSK 4,
關頭,HSK 7,TOCFL 5
闡述,HSK 7,
防,HSK 3,TOCFL 4
防備,TOCFL 5,
防守,HSK 6,TOCFL 4
防止,HSK 3,TOCFL 4
防水,TOCFL 5,
防汛,HSK 7,
防治,HSK 5,TOCFL 5
防火牆,HSK 7,
防疫,HSK 7,
防盜,HSK 7,
防盜門,HSK 7,
防禦,HSK 7,TOCFL 5
防範,HSK 6,TOCFL 5
防衛,HSK 7,TOCFL 5
防護,HSK 7,
阻力,HSK 7,TOCFL 5
阻塞,TOCFL 5,
阻撓,HSK 7,TOCFL 5
阻擋,HSK 7,TOCFL 5
阻攔,HSK 7,
阻止,HSK 4,TOCFL 4
阻礙,HSK 5,TOCFL 4
阿姨,HSK 4,TOCFL 3
阿拉伯語,HSK 7,
附,HSK 7,
附上,TOCFL 5,
附件,HSK 5,
附加,HSK 7,TOCFL 4
附和,HSK 7,
附屬,HSK 7,
附帶,HSK 7,
附近,HSK 4,TOCFL 1
陌生,HSK 7,TOCFL 3
降,HSK 4,TOCFL 4
降低,HSK 4,TOCFL 3
降價,HSK 4,TOCFL 4
降溫,HSK 4,
降臨,HSK 7,
降落,HSK 4,
限,HSK 7,TOCFL 5
限制,HSK 4,TOCFL 3
限定,HSK 7,
限度,HSK 7,TOCFL 5
限於,HSK 7,
陡,HSK 7,TOCFL 5
院,HSK 2,
院士,HSK 7,
院子,HSK 2,TOCFL 3
院長,HSK 2,
陣,HSK 4,TOCFL 4
陣子,TOCFL 4,
陣容,HSK 7,
陣營,HSK 7,TOCFL 5
除,HSK 6,TOCFL 4
除了,HSK 3,TOCFL 3
除去,HSK 7,
除夕,HSK 5,TOCFL 3
除外,HSK 7,
除此之外,HSK 7,TOCFL 5
除非,HSK 5,TOCFL 4
陪,HSK 5,TOCFL 3
陪伴,HSK 7,TOCFL 5
陪同,HSK 6,TOCFL 4
陪葬,HSK 7,
陰,HSK 2,TOCFL 3
陰天,HSK 2,
陰影,HSK 6,TOCFL 5
陰性,HSK 7,
陰暗,HSK 7,
陰謀,HSK 6,TOCFL 5
陳列,HSK 7,TOCFL 4
陳舊,HSK 7,
陳述,HSK 7,
陶冶,HSK 7,
陶器,TOCFL 5,
陶瓷,HSK 7,TOCFL 4
陶醉,HSK 7,
陷,HSK 7,
陷入,HSK 6,TOCFL 5
陷阱,HSK 7,
陸地,HSK 4,TOCFL 5
陸續,HSK 4,TOCFL 4
陸軍,HSK 6,TOCFL 4
陽光,HSK 3,TOCFL 3
陽性,HSK 7,
陽臺,HSK 4,
隆重,HSK 7,
隊,HSK 2,TOCFL 4
隊伍,HSK 6,TOCFL 5
隊員,HSK 3,TOCFL 4
隊形,HSK 7,
隊長,HSK 2,
階層,HSK 7,TOCFL 5
階梯,HSK 7,
階段,HSK 4,TOCFL 4
階級,HSK 7,TOCFL 5
隔,HSK 4,TOCFL 4
隔壁,HSK 5,TOCFL 3
隔天,TOCFL 5,
隔開,HSK 4,
隔閡,HSK 7,TOCFL 5
隔離,HSK 7,
隕石,HSK 7,
障礙,HSK 6,TOCFL 3
隧道,HSK 7,TOCFL 5
隨,HSK 3,TOCFL 4
隨便,HSK 2,TOCFL 3
隨即,HSK 7,TOCFL 5
隨同,TOCFL 5,
隨大溜,HSK 7,
隨後,HSK 5,TOCFL 5
隨心所欲,HSK 7,
隨意,HSK 5,TOCFL 4
隨手,HSK 4,TOCFL 4
隨時,HSK 2,TOCFL 3
隨時隨地,HSK 7,
隨機,HSK 7,
隨著,HSK 5,TOCFL 4
隨處可見,HSK 7,
隨身,HSK 7,TOCFL 5
險,HSK 6,
隱士,TOCFL 5,
隱形,HSK 7,
隱性,HSK 7,
隱患,HSK 7,
隱情,HSK 7,
隱瞞,HSK 7,
隱私,HSK 6,
隱約,HSK 7,TOCFL 5
隱蔽,HSK 7,
隱藏,HSK 6,TOCFL 5
隱身,HSK 7,
隻,TOCFL 2,
雄偉,HSK 5,TOCFL 4
雄厚,HSK 7,
集,HSK 6,TOCFL 4
集中,HSK 3,TOCFL 4
集合,HSK 4,TOCFL 4
集團,HSK 5,TOCFL 5
集會,HSK 7,
集權,TOCFL 5,
集結,HSK 7,TOCFL 5
集裝箱,HSK 7,
集資,HSK 7,
集郵,HSK 7,TOCFL 4
集體,HSK 3,TOCFL 5
雇,HSK 7,TOCFL 5
雇主,HSK 7,
雇傭,HSK 7,
雇員,HSK 7,
雇用,TOCFL 5,
雕,HSK 7,
雕刻,HSK 7,TOCFL 4
雕塑,HSK 7,
雖,HSK 6,
雖然,HSK 2,TOCFL 2
雖說,HSK 7,TOCFL 5
雙,HSK 3,TOCFL 1
雙向,HSK 7,
雙手,HSK 5,
雙打,HSK 6,TOCFL 5
雙方,HSK 3,TOCFL 4
雙胞胎,HSK 7,TOCFL 4
雙贏,HSK 7,
雙邊,HSK 7,
雙重,HSK 7,TOCFL 5
雜,HSK 6,TOCFL 4
雜亂無章,HSK 7,
雜交,HSK 7,
雜技,HSK 7,
雜誌,HSK 3,TOCFL 2
雞,TOCFL 1,
雞蛋,HSK 1,
離,HSK 2,TOCFL 1
離不開,HSK 4,
離奇,HSK 7,
離婚,HSK 3,TOCFL 3
離職,HSK 7,
離譜,HSK 7,
離開,HSK 2,TOCFL 2
難,HSK 1,TOCFL 1
難以,HSK 5,TOCFL 4
難以想象,HSK 7,
難以置信,HSK 7,
難免,HSK 4,TOCFL 5
難受,HSK 2,TOCFL 4
難堪,HSK 7,
難度,HSK 3,TOCFL 5
難得,HSK 5,TOCFL 4
難得一見,HSK 7,
難忘,HSK 6,
難怪,HSK 7,TOCFL 3
難民,TOCFL 5,
難為情,HSK 7,
難看,HSK 2,TOCFL 3
難聽,HSK 2,
難處,HSK 7,
難說,HSK 7,
難過,HSK 2,TOCFL 2
難道,HSK 3,TOCFL 4
難關,HSK 7,TOCFL 5
難題,HSK 2,TOCFL 5
難點,HSK 7,
雨,HSK 1,TOCFL 2
雨季,TOCFL 5,
雨水,HSK 5,
雨衣,HSK 6,TOCFL 2
雪,HSK 2,TOCFL 2
雪上加霜,HSK 7,
雪人,TOCFL 5,
雪山,HSK 7,
雪花,TOCFL 4,
雲,HSK 2,TOCFL 2
零,HSK 1,TOCFL 1
零下,HSK 2,TOCFL 4
零件,HSK 7,TOCFL 4
零售,HSK 7,TOCFL 4
零用錢,TOCFL 3,
零花錢,HSK 7,
零錢,HSK 7,TOCFL 3
零食,HSK 4,
雷,TOCFL 5,
雷同,HSK 7,TOCFL 5
雷達,TOCFL 5,
電,HSK 1,TOCFL 3
電信,HSK 7,
電力,HSK 6,TOCFL 5
電動,HSK 6,TOCFL 4
電動車,HSK 4,
電台,TOCFL 4,
電器,HSK 6,TOCFL 5
電報,HSK 7,TOCFL 4
電壓,TOCFL 5,
電子,TOCFL 4,
電子版,HSK 5,
電子郵件,HSK 3,TOCFL 1
電工,TOCFL 5,
電影,HSK 1,TOCFL 1
電影院,HSK 1,TOCFL 1
電扇,TOCFL 4,
電梯,HSK 4,TOCFL 1
電池,HSK 5,TOCFL 3
電流,TOCFL 5,
電源,HSK 4,
電燈,HSK 4,TOCFL 3
電視,HSK 1,TOCFL 1
電視劇,HSK 3,TOCFL 5
電視台,TOCFL 4,
電視機,HSK 1,TOCFL 1
電視臺,HSK 3,
電網,HSK 7,
電線,HSK 7,TOCFL 4
電腦,HSK 1,TOCFL 1
電臺,HSK 3,
電訊,HSK 7,
電話,HSK 1,TOCFL 1
電車,HSK 6,TOCFL 3
電鈴,HSK 7,
電飯鍋,HSK 5,
需,HSK 7,TOCFL 4
需求,HSK 3,TOCFL 3
需要,HSK 3,TOCFL 2
震,HSK 7,
震動,HSK 7,TOCFL 4
震撼,HSK 7,
震驚,HSK 5,TOCFL 5
霍亂,HSK 7,
霜,HSK 7,TOCFL 5
霧,HSK 7,TOCFL 4
露,HSK 6,TOCFL 4
露天,HSK 7,TOCFL 5
露營,TOCFL 3,
露面,HSK 7,
霸占,HSK 7,
靈,HSK 7,TOCFL 5
靈巧,HSK 7,
靈感,HSK 7,TOCFL 5
靈敏,HSK 7,
靈機一動,HSK 7,
靈活,HSK 6,TOCFL 4
靈通,HSK 7,
靈驗,TOCFL 5,
靈魂,HSK 7,TOCFL 3
青,HSK 5,TOCFL 4
青少年,HSK 2,TOCFL 3
青年,HSK 2,TOCFL 3
青春,HSK 4,TOCFL 5
青春期,HSK 7,
青翠,TOCFL 5,
青菜,TOCFL 2,
青蛙,HSK 7,TOCFL 5
靜,HSK 3,TOCFL 4
靜態,TOCFL 5,
靜止,HSK 7,
靜脈,TOCFL 5,
非,HSK 4,TOCFL 3
非凡,HSK 7,TOCFL 5
非常,HSK 1,TOCFL 1
非得,HSK 7,
非法,HSK 7,TOCFL 4
非洲,TOCFL 5,
靠,HSK 2,TOCFL 4
靠攏,HSK 7,
靠近,HSK 5,TOCFL 4
面,HSK 2,TOCFL 3
面前,HSK 2,TOCFL 3
面嚮,HSK 6,
面子,HSK 5,TOCFL 4
面孔,TOCFL 5,
面對,HSK 3,TOCFL 4
面對面,HSK 6,
面目全非,HSK 7,
面積,HSK 3,TOCFL 3
面紅耳赤,HSK 7,
面臨,HSK 4,TOCFL 4
面試,HSK 4,
面談,TOCFL 5,
面貌,HSK 5,TOCFL 4
面部,HSK 7,
面面俱到,HSK 7,
革命,HSK 7,TOCFL 3
革新,HSK 6,TOCFL 5
靴,TOCFL 4,
靴子,HSK 7,
靶子,HSK 7,
鞋,HSK 2,
鞋子,TOCFL 1,
鞏固,HSK 6,TOCFL 5
鞠躬,HSK 7,TOCFL 4
鞭炮,HSK 7,TOCFL 3
鞭策,HSK 7,
韌性,HSK 7,
音,TOCFL 5,
音像,HSK 6,
音樂,HSK 2,TOCFL 1
音樂會,HSK 2,
音節,HSK 2,
音量,HSK 6,
音響,HSK 7,TOCFL 3
竟,HSK 7,TOCFL 5
竟敢,HSK 7,
竟然,HSK 4,TOCFL 4
章,HSK 6,TOCFL 4
韻味,HSK 7,
響,HSK 2,TOCFL 3
響亮,HSK 7,TOCFL 5
響應,HSK 7,TOCFL 4
響聲,HSK 6,
響起,HSK 7,
頁,HSK 1,TOCFL 3
頂,HSK 4,TOCFL 4
頂多,HSK 7,
頂尖,HSK 7,
頂級,HSK 7,
項,HSK 4,TOCFL 3
項目,HSK 4,TOCFL 4
項鏈,HSK 7,
順,HSK 6,TOCFL 4
順便,HSK 7,TOCFL 3
順其自然,HSK 7,
順利,HSK 2,TOCFL 3
順勢,HSK 7,
順差,HSK 7,
順序,HSK 4,TOCFL 4
順從,HSK 7,TOCFL 5
順心,HSK 7,
順應,HSK 7,TOCFL 5
順手,HSK 7,TOCFL 4
順暢,HSK 7,
順理成章,HSK 7,
順著,HSK 7,
順路,HSK 7,
須,HSK 7,TOCFL 5
須知,TOCFL 4,
預估,TOCFL 5,
預備,HSK 5,TOCFL 3
預兆,HSK 7,
預先,HSK 7,TOCFL 4
預告,HSK 7,TOCFL 5
預售,HSK 7,
預報,HSK 3,TOCFL 4
預定,HSK 7,TOCFL 4
預感,HSK 7,
預料,HSK 7,
預期,HSK 5,
預測,HSK 4,TOCFL 5
預示,HSK 7,
預算,HSK 7,TOCFL 4
預約,HSK 6,TOCFL 5
預習,HSK 3,TOCFL 3
預見,HSK 7,
預言,HSK 7,
預訂,HSK 4,TOCFL 4
預計,HSK 3,TOCFL 4
預賽,HSK 7,TOCFL 5
預防,HSK 3,TOCFL 5
頑固,HSK 7,
頑強,HSK 6,TOCFL 5
頑皮,HSK 6,
頒布,HSK 7,
頒獎,HSK 7,TOCFL 5
頒發,HSK 7,TOCFL 5
頓,HSK 3,TOCFL 3
頓時,HSK 7,TOCFL 5
頗,HSK 7,TOCFL 4
領,HSK 3,TOCFL 3
領事,HSK 7,
領事館,HSK 7,
領先,HSK 3,TOCFL 4
領取,HSK 6,
領土,HSK 7,TOCFL 4
領域,HSK 7,TOCFL 3
領導,HSK 3,TOCFL 3
領帶,HSK 5,TOCFL 4
領悟,HSK 7,TOCFL 5
領會,HSK 7,TOCFL 5
領略,HSK 7,
領袖,HSK 6,TOCFL 4
領軍,HSK 7,
領隊,HSK 7,TOCFL 5
領養,HSK 7,
頭,HSK 2,TOCFL 1
頭暈,HSK 7,
頭條,HSK 7,
頭疼,HSK 6,
頭痛,TOCFL 3,
頭腦,HSK 3,TOCFL 4
頭號,HSK 7,
頭部,HSK 7,
頭銜,HSK 7,
頭頂,HSK 7,
頭頭是道,HSK 7,
頭髮,HSK 2,TOCFL 1
頸部,HSK 7,
頹廢,HSK 7,
頻率,HSK 7,
頻繁,HSK 5,
頻道,HSK 5,
頻頻,HSK 7,
顆,HSK 5,TOCFL 4
題,HSK 2,TOCFL 4
題材,HSK 5,TOCFL 3
題目,HSK 3,TOCFL 3
額外,HSK 7,TOCFL 5
顏色,HSK 2,TOCFL 1
願,HSK 5,TOCFL 4
願意,HSK 2,TOCFL 2
願望,HSK 3,TOCFL 3
顛倒,HSK 7,
顛覆,HSK 7,TOCFL 5
類,HSK 3,TOCFL 3
類似,HSK 3,TOCFL 4
類別,HSK 7,
類型,HSK 4,TOCFL 5
顧,HSK 6,TOCFL 3
顧不上,HSK 7,
顧不得,HSK 7,
顧全,TOCFL 5,
顧全大局,HSK 7,
顧及,HSK 7,
顧問,HSK 5,TOCFL 4
顧客,HSK 2,TOCFL 2
顧慮,HSK 7,
顫抖,HSK 7,TOCFL 5
顯,HSK 5,
顯出,HSK 6,
顯得,HSK 3,TOCFL 4
顯然,HSK 3,TOCFL 4
顯現,HSK 7,TOCFL 5
顯眼,HSK 7,
顯示,HSK 3,TOCFL 4
顯示器,HSK 7,
顯而易見,HSK 7,
顯著,HSK 4,TOCFL 4
顯赫,HSK 7,
風,HSK 1,TOCFL 1
風俗,HSK 4,TOCFL 3
風光,HSK 5,TOCFL 5
風力,HSK 7,TOCFL 5
風化,TOCFL 5,
風味,HSK 7,
風和日麗,HSK 7,
風尚,HSK 7,TOCFL 5
風度,HSK 5,
風情,HSK 7,
風景,HSK 4,TOCFL 1
風暴,HSK 6,TOCFL 5
風格,HSK 4,TOCFL 3
風氣,HSK 7,TOCFL 4
風水,HSK 7,TOCFL 5
風沙,HSK 7,
風波,HSK 7,
風流,HSK 7,
風浪,HSK 7,
風潮,TOCFL 5,
風箏,HSK 7,
風範,HSK 7,
風行,TOCFL 5,
風貌,HSK 7,
風趣,HSK 7,TOCFL 4
風采,HSK 7,
風險,HSK 3,TOCFL 4
風雨,HSK 7,
風雲,HSK 7,
風風雨雨,HSK 7,
風餐露宿,HSK 7,
颱,HSK 3,
颱風,HSK 5,TOCFL 3
颳風,HSK 7,
飄,HSK 7,TOCFL 4
飆升,HSK 7,
飛,HSK 1,TOCFL 3
飛彈,TOCFL 5,
飛往,HSK 7,
飛快,TOCFL 5,
飛機,HSK 1,TOCFL 1
飛機場,TOCFL 1,
飛翔,HSK 7,TOCFL 5
飛船,HSK 6,
飛行,HSK 3,TOCFL 5
飛行員,HSK 6,
飛躍,HSK 7,
飛速,HSK 7,
食品,HSK 3,TOCFL 4
食堂,HSK 4,
食宿,HSK 7,
食慾,HSK 6,
食物,HSK 2,TOCFL 1
食用,HSK 7,
飢餓,HSK 7,TOCFL 5
飯,HSK 1,TOCFL 1
飯店,HSK 1,TOCFL 1
飯碗,HSK 7,
飯館,HSK 2,TOCFL 1
飲,TOCFL 4,
飲料,HSK 5,TOCFL 1
飲水,HSK 7,
飲用水,HSK 7,
飲食,HSK 5,TOCFL 4
飼料,HSK 7,
飼養,HSK 7,TOCFL 4
飽,HSK 2,TOCFL 2
飽和,HSK 7,TOCFL 5
飽滿,HSK 7,TOCFL 5
餃子,HSK 2,TOCFL 1
餅,HSK 5,TOCFL 3
餅乾,HSK 5,TOCFL 2
養,HSK 2,TOCFL 3
養分,TOCFL 5,
養成,HSK 4,
養殖,HSK 7,
養活,HSK 7,
養生,HSK 7,
養老,HSK 6,TOCFL 5
養老金,HSK 7,
養老院,HSK 7,
養育,TOCFL 5,
餐,HSK 6,TOCFL 2
餐具,TOCFL 5,
餐廳,HSK 5,TOCFL 1
餐桌,HSK 7,TOCFL 3
餐飲,HSK 5,
餐館,HSK 5,
餓,HSK 1,TOCFL 1
餘,TOCFL 5,
餘地,HSK 7,
餘額,HSK 7,
餡兒,HSK 7,
饅頭,HSK 6,TOCFL 4
饒,HSK 7,TOCFL 5
饒恕,HSK 7,
饞,HSK 7,TOCFL 5
首,HSK 4,TOCFL 3
首先,HSK 3,TOCFL 4
首創,HSK 7,
首席,HSK 6,TOCFL 5
首府,HSK 7,TOCFL 5
首批,HSK 7,
首次,HSK 6,
首相,HSK 6,
首腦,HSK 6,
首要,HSK 7,
首都,HSK 3,TOCFL 4
首長,TOCFL 5,
首領,TOCFL 5,
首飾,HSK 7,TOCFL 5
香,HSK 3,TOCFL 2
香味,HSK 7,
香料,HSK 7,
香水,HSK 7,TOCFL 3
香油,HSK 7,
香煙,HSK 7,
香皂,TOCFL 5,
香腸,HSK 5,TOCFL 4
香蕉,HSK 3,TOCFL 1
馬,HSK 3,TOCFL 1
馬上,HSK 1,TOCFL 2
馬力,HSK 7,
馬後炮,HSK 7,
馬戲,HSK 7,
馬桶,HSK 7,TOCFL 3
馬虎,HSK 7,TOCFL 4
馬路,HSK 1,TOCFL 1
馬車,HSK 6,
馬鈴薯,TOCFL 5,
馱,HSK 7,
馳名,HSK 7,
馴,HSK 7,
駁回,HSK 7,
駐,HSK 6,TOCFL 5
駕,HSK 7,
駕照,HSK 5,
駕車,HSK 7,
駕馭,HSK 7,
駕駛,HSK 5,TOCFL 4
駭人聽聞,HSK 7,
駱駝,TOCFL 5,
駿馬,HSK 7,
騎,HSK 2,TOCFL 1
騎車,HSK 2,
騙,HSK 5,TOCFL 4
騙人,HSK 7,
騙子,HSK 5,TOCFL 3
騰,HSK 7,
騷亂,HSK 7,
騷動,TOCFL 5,
騷擾,HSK 7,
驅動,HSK 7,
驅逐,HSK 7,
驕傲,HSK 6,TOCFL 3
驗,HSK 7,
驗收,HSK 7,
驗證,HSK 7,
驚,HSK 7,
驚人,HSK 6,TOCFL 4
驚喜,HSK 6,TOCFL 5
驚嘆,HSK 7,
驚天動地,HSK 7,
驚奇,HSK 7,TOCFL 5
驚心動魄,HSK 7,
驚惶,TOCFL 5,
驚慌,HSK 7,
驚慌失措,HSK 7,
驚訝,HSK 7,TOCFL 3
驚詫,HSK 7,
驚醒,HSK 7,
驚險,HSK 7,TOCFL 5
驟然,HSK 7,
驢,TOCFL 5,
骨幹,HSK 7,
骨折,HSK 7,
骨氣,HSK 7,
骨頭,HSK 4,TOCFL 4
骯髒,TOCFL 4,
髒,TOCFL 2,
體制,HSK 7,
體力,HSK 5,TOCFL 3
體操,HSK 4,TOCFL 5
體會,HSK 3,TOCFL 3
體格,TOCFL 5,
體檢,HSK 4,
體溫,HSK 7,TOCFL 4
體現,HSK 3,
體積,HSK 5,TOCFL 5
體系,HSK 7,TOCFL 5
體育,HSK 2,TOCFL 2
體育場,HSK 2,
體育館,HSK 2,
體能,HSK 7,
體諒,HSK 7,TOCFL 5
體貼,HSK 7,TOCFL 3
體質,HSK 7,TOCFL 5
體重,HSK 4,TOCFL 3
體面,HSK 7,TOCFL 5
體驗,HSK 3,TOCFL 4
高,HSK 1,TOCFL 1
高中,HSK 2,TOCFL 3
高低,HSK 7,
高傲,HSK 7,
高價,HSK 4,
高原,HSK 5,TOCFL 4
高壓,HSK 7,TOCFL 5
高大,HSK 5,TOCFL 4
高尚,HSK 4,
高層,HSK 6,
高山,HSK 7,
高峰,HSK 6,TOCFL 4
高峰期,HSK 7,
高度,HSK 5,TOCFL 4
高手,HSK 6,TOCFL 4
高效,HSK 7,
高新技術,HSK 7,
高於,HSK 5,
高昂,HSK 7,
高明,HSK 7,TOCFL 4
高檔,HSK 6,
高溫,HSK 5,
高漲,HSK 7,
高潮,HSK 4,TOCFL 4
高爾夫球,HSK 7,
高科技,HSK 6,
高空,HSK 7,
高等,HSK 6,
高級,HSK 2,TOCFL 4
高考,HSK 6,
高興,HSK 1,TOCFL 1
高血壓,HSK 7,
高見,TOCFL 5,
高調,HSK 7,
高貴,HSK 7,TOCFL 4
高超,HSK 7,
高跟鞋,HSK 5,
高速,HSK 3,TOCFL 3
高速公路,HSK 3,
高鐵,HSK 4,
高雅,HSK 7,
高額,HSK 7,
高齡,HSK 7,
髮型,HSK 7,TOCFL 4
鬆,TOCFL 4,
鬆弛,HSK 7,
鬆綁,HSK 7,
鬍子,HSK 5,TOCFL 4
鬥,HSK 7,
鬥志,HSK 7,TOCFL 5
鬥爭,HSK 6,TOCFL 4
鬧,HSK 4,TOCFL 4
鬧事,HSK 7,
鬧區,TOCFL 4,
鬧著玩兒,HSK 7,
鬧鐘,HSK 4,TOCFL 3
鬼,HSK 5,TOCFL 3
鬼怪,TOCFL 5,
魂,HSK 7,
魄力,HSK 7,TOCFL 5
魅力,HSK 7,TOCFL 4
魔術,HSK 7,TOCFL 5
魔鬼,HSK 7,
魚,HSK 2,TOCFL 1
魯莽,HSK 7,
鮮,HSK 4,TOCFL 4
鮮奶,TOCFL 4,
鮮明,HSK 4,TOCFL 5
鮮活,HSK 7,
鮮美,HSK 7,
鮮艶,TOCFL 5,
鮮艷,HSK 5,
鮮花,HSK 4,TOCFL 4
鮮血,HSK 7,TOCFL 4
鯊魚,HSK 7,
鯨魚,TOCFL 5,
鱷魚,HSK 7,
鳥,HSK 2,TOCFL 1
鳥巢,HSK 7,
鳳凰,HSK 7,
鳴,TOCFL 5,
鴉片,TOCFL 5,
鴉雀無聲,HSK 7,
鴨,TOCFL 3,
鴨子,HSK 5,TOCFL 3
鴿子,HSK 7,TOCFL 5
鵝,HSK 7,TOCFL 4
鵬程萬里,HSK 7,
鶴立雞群,HSK 7,
鷄,HSK 2,
鷹,HSK 7,TOCFL 5
鹵味,HSK 7,
鹹,HSK 4,TOCFL 2
鹽,HSK 4,TOCFL 2
鹽巴,TOCFL 4,
鹿,HSK 7,
麥子,TOCFL 5,
麵,TOCFL 1,
麵包,HSK 1,TOCFL 1
麵條,TOCFL 3,
麵條兒,HSK 1,
麵粉,HSK 7,TOCFL 4
麻,HSK 7,TOCFL 4
麻將,HSK 7,
麻木,HSK 7,
麻煩,HSK 3,TOCFL 2
麻痹,HSK 7,
麻辣,HSK 7,
麻醉,HSK 7,TOCFL 5
麻雀,TOCFL 4,
黃,HSK 2,TOCFL 3
黃昏,HSK 7,TOCFL 4
黃瓜,HSK 4,
黃色,HSK 2,TOCFL 1
黃豆,TOCFL 4,
黃金,HSK 4,
黎明,HSK 7,TOCFL 5
黏,HSK 7,TOCFL 4
黑,HSK 2,TOCFL 3
黑名單,TOCFL 5,
黑夜,HSK 6,TOCFL 4
黑客,HSK 7,
黑心,HSK 7,
黑手,HSK 7,
黑暗,HSK 4,TOCFL 4
黑板,HSK 2,TOCFL 1
黑白,HSK 7,
黑社會,TOCFL 5,
黑色,HSK 2,TOCFL 2
黑馬,HSK 7,
墨,HSK 7,TOCFL 5
墨水,HSK 6,
默契,HSK 7,TOCFL 5
默讀,HSK 7,
默默,HSK 4,TOCFL 5
默默無聞,HSK 7,
點,HSK 1,TOCFL 1
點兒,TOCFL 3,
點名,HSK 4,
點子,HSK 7,TOCFL 5
點心,HSK 7,TOCFL 2
點擊率,HSK 7,
點火,HSK 7,
點燃,HSK 5,TOCFL 4
點綴,HSK 7,
點菜,TOCFL 2,
點評,HSK 7,
點鐘,TOCFL 1,
點頭,HSK 2,TOCFL 4
黨,HSK 6,
黨員,TOCFL 5,
黨派,TOCFL 5,
鼓,HSK 5,TOCFL 4
鼓動,HSK 7,TOCFL 5
鼓勵,HSK 5,TOCFL 4
鼓吹,TOCFL 5,
鼓掌,HSK 5,TOCFL 4
鼓舞,HSK 7,TOCFL 4
鼠,HSK 5,
鼠標,HSK 5,
鼻,TOCFL 2,
鼻子,HSK 5,TOCFL 2
鼻孔,TOCFL 5,
鼻涕,HSK 7,TOCFL 5
齊,HSK 3,TOCFL 4
齊全,HSK 5,TOCFL 4
齊心協力,HSK 7,
齣,HSK 1,
龍,HSK 3,TOCFL 3
龍舟,HSK 7,
龜,HSK 7,