verb,conjugates
받아들이다,받아들이거나
받아들이다,받아들이거늘
받아들이다,받아들이거니
받아들이다,받아들이거든
받아들이다,받아들이건
받아들이다,받아들이것다
받아들이다,받아들이게
받아들이다,받아들이겠
받아들이다,받아들이고
받아들이다,받아들이고말고
받아들이다,받아들이기로
받아들이다,받아들이기로니
받아들이다,받아들이기로서
받아들이다,받아들이기로서니
받아들이다,받아들이기에
받아들이다,받아들이네
받아들이다,받아들이니
받아들이다,받아들이다
받아들이다,받아들이다가
받아들이다,받아들이다가는
받아들이다,받아들이다간
받아들이다,받아들이다니
받아들이다,받아들이다마다
받아들이다,받아들이더니
받아들이다,받아들이더니라
받아들이다,받아들이더라
받아들이다,받아들이더라니까
받아들이다,받아들이더라도
받아들이다,받아들이더라며
받아들이다,받아들이더라면
받아들이다,받아들이더라면서
받아들이다,받아들이더람
받아들이다,받아들이던
받아들이다,받아들이던가
받아들이다,받아들이던데
받아들이다,받아들이던지
받아들이다,받아들이데
받아들이다,받아들이데요
받아들이다,받아들이도다
받아들이다,받아들이되
받아들이다,받아들이든
받아들이다,받아들이든지
받아들이다,받아들이듯
받아들이다,받아들이듯이
받아들이다,받아들이죠
받아들이다,받아들이지마는
받아들이다,받아들이지만
받아들이다,받아들이지요
받아들이다,받아들인걸
받아들이다,받아들인들
받아들이다,받아들이나마
받아들이다,받아들이니까
받아들이다,받아들일
받아들이다,받아들일걸
받아들이다,받아들일까
받아들이다,받아들일는지
받아들이다,받아들일라
받아들이다,받아들일라고
받아들이다,받아들일러니
받아들이다,받아들일러라
받아들이다,받아들일런고
받아들이다,받아들일망정
받아들이다,받아들일밖에
받아들이다,받아들일뿐더러
받아들이다,받아들일수록
받아들이다,받아들일지라도
받아들이다,받아들이며
받아들이다,받아들이면
받아들이다,받아들이면서
받아들이다,받아들이세요
받아들이다,받아들이셔요
받아들이다,받아들이지
받아들이다,받아들이건대
받아들이다,받아들이나니
받아들이다,받아들이느라
받아들이다,받아들이느라고
받아들이다,받아들이는구나
받아들이다,받아들이는군
받아들이다,받아들이도록
받아들이다,받아들이자
받아들이다,받아들이자고
받아들이다,받아들이자꾸나
받아들이다,받아들이자느니
받아들이다,받아들이자니까
받아들이다,받아들이자마자
받아들이다,받아들이자며
받아들이다,받아들이자면
받아들이다,받아들이자면서
받아들이다,받아들인
받아들이다,받아들인다
받아들이다,받아들인다고
받아들이다,받아들인다나
받아들이다,받아들인다네
받아들이다,받아들인다느니
받아들이다,받아들인다니
받아들이다,받아들인다니까
받아들이다,받아들인다더라
받아들이다,받아들인다며
받아들이다,받아들인다면
받아들이다,받아들인다면서
받아들이다,받아들인답니까
받아들이다,받아들인답니다
받아들이다,받아들인답시고
받아들이다,받아들인대
받아들이다,받아들인대요
받아들이다,받아들일거나
받아들이다,받아들일게
받아들이다,받아들일래
받아들이다,받아들이라고
받아들이다,받아들이러
받아들이다,받아들이려
받아들이다,받아들입시다
받아들이다,받아들이세
받아들이다,받아들이시라
받아들이다,받아들이십시다
받아들이다,받아들이십시오
받아들이다,받아들이고자
받아들이다,받아들이느냐
받아들이다,받아들이느냐고
받아들이다,받아들이느니
받아들이다,받아들이느니만
받아들이다,받아들이느니만큼
받아들이다,받아들이는
받아들이다,받아들이는걸
받아들이다,받아들이는데
받아들이다,받아들이는지
고발하다,고발하거나
고발하다,고발하거늘
고발하다,고발하거니
고발하다,고발하거든
고발하다,고발하건
고발하다,고발하것다
고발하다,고발하게
고발하다,고발하겠
고발하다,고발하고
고발하다,고발하고말고
고발하다,고발하기로
고발하다,고발하기로니
고발하다,고발하기로서
고발하다,고발하기로서니
고발하다,고발하기에
고발하다,고발하네
고발하다,고발하니
고발하다,고발하다
고발하다,고발하다가
고발하다,고발하다가는
고발하다,고발하다간
고발하다,고발하다니
고발하다,고발하다마다
고발하다,고발하더니
고발하다,고발하더니라
고발하다,고발하더라
고발하다,고발하더라니까
고발하다,고발하더라도
고발하다,고발하더라며
고발하다,고발하더라면
고발하다,고발하더라면서
고발하다,고발하더람
고발하다,고발하던
고발하다,고발하던가
고발하다,고발하던데
고발하다,고발하던지
고발하다,고발하데
고발하다,고발하데요
고발하다,고발하도다
고발하다,고발하되
고발하다,고발하든
고발하다,고발하든지
고발하다,고발하듯
고발하다,고발하듯이
고발하다,고발하죠
고발하다,고발하지마는
고발하다,고발하지만
고발하다,고발하지요
고발하다,고발한걸
고발하다,고발한들
고발하다,고발하나마
고발하다,고발하니까
고발하다,고발할
고발하다,고발할걸
고발하다,고발할까
고발하다,고발할는지
고발하다,고발할라
고발하다,고발할라고
고발하다,고발할러니
고발하다,고발할러라
고발하다,고발할런고
고발하다,고발할망정
고발하다,고발할밖에
고발하다,고발할뿐더러
고발하다,고발할수록
고발하다,고발할지라도
고발하다,고발하며
고발하다,고발하면
고발하다,고발하면서
고발하다,고발하세요
고발하다,고발하셔요
고발하다,고발하지
고발하다,고발하건대
고발하다,고발하나니
고발하다,고발하느라
고발하다,고발하느라고
고발하다,고발하는구나
고발하다,고발하는군
고발하다,고발하도록
고발하다,고발하자
고발하다,고발하자고
고발하다,고발하자꾸나
고발하다,고발하자느니
고발하다,고발하자니까
고발하다,고발하자마자
고발하다,고발하자며
고발하다,고발하자면
고발하다,고발하자면서
고발하다,고발한
고발하다,고발한다
고발하다,고발한다고
고발하다,고발한다나
고발하다,고발한다네
고발하다,고발한다느니
고발하다,고발한다니
고발하다,고발한다니까
고발하다,고발한다더라
고발하다,고발한다며
고발하다,고발한다면
고발하다,고발한다면서
고발하다,고발한답니까
고발하다,고발한답니다
고발하다,고발한답시고
고발하다,고발한대
고발하다,고발한대요
고발하다,고발할거나
고발하다,고발할게
고발하다,고발할래
고발하다,고발하라고
고발하다,고발하러
고발하다,고발하려
고발하다,고발합시다
고발하다,고발하세
고발하다,고발하시라
고발하다,고발하십시다
고발하다,고발하십시오
고발하다,고발하고자
고발하다,고발하느냐
고발하다,고발하느냐고
고발하다,고발하느니
고발하다,고발하느니만
고발하다,고발하느니만큼
고발하다,고발하는
고발하다,고발하는걸
고발하다,고발하는데
고발하다,고발하는지
달성하다,달성하거나
달성하다,달성하거늘
달성하다,달성하거니
달성하다,달성하거든
달성하다,달성하건
달성하다,달성하것다
달성하다,달성하게
달성하다,달성하겠
달성하다,달성하고
달성하다,달성하고말고
달성하다,달성하기로
달성하다,달성하기로니
달성하다,달성하기로서
달성하다,달성하기로서니
달성하다,달성하기에
달성하다,달성하네
달성하다,달성하니
달성하다,달성하다
달성하다,달성하다가
달성하다,달성하다가는
달성하다,달성하다간
달성하다,달성하다니
달성하다,달성하다마다
달성하다,달성하더니
달성하다,달성하더니라
달성하다,달성하더라
달성하다,달성하더라니까
달성하다,달성하더라도
달성하다,달성하더라며
달성하다,달성하더라면
달성하다,달성하더라면서
달성하다,달성하더람
달성하다,달성하던
달성하다,달성하던가
달성하다,달성하던데
달성하다,달성하던지
달성하다,달성하데
달성하다,달성하데요
달성하다,달성하도다
달성하다,달성하되
달성하다,달성하든
달성하다,달성하든지
달성하다,달성하듯
달성하다,달성하듯이
달성하다,달성하죠
달성하다,달성하지마는
달성하다,달성하지만
달성하다,달성하지요
달성하다,달성한걸
달성하다,달성한들
달성하다,달성하나마
달성하다,달성하니까
달성하다,달성할
달성하다,달성할걸
달성하다,달성할까
달성하다,달성할는지
달성하다,달성할라
달성하다,달성할라고
달성하다,달성할러니
달성하다,달성할러라
달성하다,달성할런고
달성하다,달성할망정
달성하다,달성할밖에
달성하다,달성할뿐더러
달성하다,달성할수록
달성하다,달성할지라도
달성하다,달성하며
달성하다,달성하면
달성하다,달성하면서
달성하다,달성하세요
달성하다,달성하셔요
달성하다,달성하지
달성하다,달성하건대
달성하다,달성하나니
달성하다,달성하느라
달성하다,달성하느라고
달성하다,달성하는구나
달성하다,달성하는군
달성하다,달성하도록
달성하다,달성하자
달성하다,달성하자고
달성하다,달성하자꾸나
달성하다,달성하자느니
달성하다,달성하자니까
달성하다,달성하자마자
달성하다,달성하자며
달성하다,달성하자면
달성하다,달성하자면서
달성하다,달성한
달성하다,달성한다
달성하다,달성한다고
달성하다,달성한다나
달성하다,달성한다네
달성하다,달성한다느니
달성하다,달성한다니
달성하다,달성한다니까
달성하다,달성한다더라
달성하다,달성한다며
달성하다,달성한다면
달성하다,달성한다면서
달성하다,달성한답니까
달성하다,달성한답니다
달성하다,달성한답시고
달성하다,달성한대
달성하다,달성한대요
달성하다,달성할거나
달성하다,달성할게
달성하다,달성할래
달성하다,달성하라고
달성하다,달성하러
달성하다,달성하려
달성하다,달성합시다
달성하다,달성하세
달성하다,달성하시라
달성하다,달성하십시다
달성하다,달성하십시오
달성하다,달성하고자
달성하다,달성하느냐
달성하다,달성하느냐고
달성하다,달성하느니
달성하다,달성하느니만
달성하다,달성하느니만큼
달성하다,달성하는
달성하다,달성하는걸
달성하다,달성하는데
달성하다,달성하는지
성취하다,성취하거나
성취하다,성취하거늘
성취하다,성취하거니
성취하다,성취하거든
성취하다,성취하건
성취하다,성취하것다
성취하다,성취하게
성취하다,성취하겠
성취하다,성취하고
성취하다,성취하고말고
성취하다,성취하기로
성취하다,성취하기로니
성취하다,성취하기로서
성취하다,성취하기로서니
성취하다,성취하기에
성취하다,성취하네
성취하다,성취하니
성취하다,성취하다
성취하다,성취하다가
성취하다,성취하다가는
성취하다,성취하다간
성취하다,성취하다니
성취하다,성취하다마다
성취하다,성취하더니
성취하다,성취하더니라
성취하다,성취하더라
성취하다,성취하더라니까
성취하다,성취하더라도
성취하다,성취하더라며
성취하다,성취하더라면
성취하다,성취하더라면서
성취하다,성취하더람
성취하다,성취하던
성취하다,성취하던가
성취하다,성취하던데
성취하다,성취하던지
성취하다,성취하데
성취하다,성취하데요
성취하다,성취하도다
성취하다,성취하되
성취하다,성취하든
성취하다,성취하든지
성취하다,성취하듯
성취하다,성취하듯이
성취하다,성취하죠
성취하다,성취하지마는
성취하다,성취하지만
성취하다,성취하지요
성취하다,성취한걸
성취하다,성취한들
성취하다,성취하나마
성취하다,성취하니까
성취하다,성취할
성취하다,성취할걸
성취하다,성취할까
성취하다,성취할는지
성취하다,성취할라
성취하다,성취할라고
성취하다,성취할러니
성취하다,성취할러라
성취하다,성취할런고
성취하다,성취할망정
성취하다,성취할밖에
성취하다,성취할뿐더러
성취하다,성취할수록
성취하다,성취할지라도
성취하다,성취하며
성취하다,성취하면
성취하다,성취하면서
성취하다,성취하세요
성취하다,성취하셔요
성취하다,성취하지
성취하다,성취하건대
성취하다,성취하나니
성취하다,성취하느라
성취하다,성취하느라고
성취하다,성취하는구나
성취하다,성취하는군
성취하다,성취하도록
성취하다,성취하자
성취하다,성취하자고
성취하다,성취하자꾸나
성취하다,성취하자느니
성취하다,성취하자니까
성취하다,성취하자마자
성취하다,성취하자며
성취하다,성취하자면
성취하다,성취하자면서
성취하다,성취한
성취하다,성취한다
성취하다,성취한다고
성취하다,성취한다나
성취하다,성취한다네
성취하다,성취한다느니
성취하다,성취한다니
성취하다,성취한다니까
성취하다,성취한다더라
성취하다,성취한다며
성취하다,성취한다면
성취하다,성취한다면서
성취하다,성취한답니까
성취하다,성취한답니다
성취하다,성취한답시고
성취하다,성취한대
성취하다,성취한대요
성취하다,성취할거나
성취하다,성취할게
성취하다,성취할래
성취하다,성취하라고
성취하다,성취하러
성취하다,성취하려
성취하다,성취합시다
성취하다,성취하세
성취하다,성취하시라
성취하다,성취하십시다
성취하다,성취하십시오
성취하다,성취하고자
성취하다,성취하느냐
성취하다,성취하느냐고
성취하다,성취하느니
성취하다,성취하느니만
성취하다,성취하느니만큼
성취하다,성취하는
성취하다,성취하는걸
성취하다,성취하는데
성취하다,성취하는지
인정하다,인정하거나
인정하다,인정하거늘
인정하다,인정하거니
인정하다,인정하거든
인정하다,인정하건
인정하다,인정하것다
인정하다,인정하게
인정하다,인정하겠
인정하다,인정하고
인정하다,인정하고말고
인정하다,인정하기로
인정하다,인정하기로니
인정하다,인정하기로서
인정하다,인정하기로서니
인정하다,인정하기에
인정하다,인정하네
인정하다,인정하니
인정하다,인정하다
인정하다,인정하다가
인정하다,인정하다가는
인정하다,인정하다간
인정하다,인정하다니
인정하다,인정하다마다
인정하다,인정하더니
인정하다,인정하더니라
인정하다,인정하더라
인정하다,인정하더라니까
인정하다,인정하더라도
인정하다,인정하더라며
인정하다,인정하더라면
인정하다,인정하더라면서
인정하다,인정하더람
인정하다,인정하던
인정하다,인정하던가
인정하다,인정하던데
인정하다,인정하던지
인정하다,인정하데
인정하다,인정하데요
인정하다,인정하도다
인정하다,인정하되
인정하다,인정하든
인정하다,인정하든지
인정하다,인정하듯
인정하다,인정하듯이
인정하다,인정하죠
인정하다,인정하지마는
인정하다,인정하지만
인정하다,인정하지요
인정하다,인정한걸
인정하다,인정한들
인정하다,인정하나마
인정하다,인정하니까
인정하다,인정할
인정하다,인정할걸
인정하다,인정할까
인정하다,인정할는지
인정하다,인정할라
인정하다,인정할라고
인정하다,인정할러니
인정하다,인정할러라
인정하다,인정할런고
인정하다,인정할망정
인정하다,인정할밖에
인정하다,인정할뿐더러
인정하다,인정할수록
인정하다,인정할지라도
인정하다,인정하며
인정하다,인정하면
인정하다,인정하면서
인정하다,인정하세요
인정하다,인정하셔요
인정하다,인정하지
인정하다,인정하건대
인정하다,인정하나니
인정하다,인정하느라
인정하다,인정하느라고
인정하다,인정하는구나
인정하다,인정하는군
인정하다,인정하도록
인정하다,인정하자
인정하다,인정하자고
인정하다,인정하자꾸나
인정하다,인정하자느니
인정하다,인정하자니까
인정하다,인정하자마자
인정하다,인정하자며
인정하다,인정하자면
인정하다,인정하자면서
인정하다,인정한
인정하다,인정한다
인정하다,인정한다고
인정하다,인정한다나
인정하다,인정한다네
인정하다,인정한다느니
인정하다,인정한다니
인정하다,인정한다니까
인정하다,인정한다더라
인정하다,인정한다며
인정하다,인정한다면
인정하다,인정한다면서
인정하다,인정한답니까
인정하다,인정한답니다
인정하다,인정한답시고
인정하다,인정한대
인정하다,인정한대요
인정하다,인정할거나
인정하다,인정할게
인정하다,인정할래
인정하다,인정하라고
인정하다,인정하러
인정하다,인정하려
인정하다,인정합시다
인정하다,인정하세
인정하다,인정하시라
인정하다,인정하십시다
인정하다,인정하십시오
인정하다,인정하고자
인정하다,인정하느냐
인정하다,인정하느냐고
인정하다,인정하느니
인정하다,인정하느니만
인정하다,인정하느니만큼
인정하다,인정하는
인정하다,인정하는걸
인정하다,인정하는데
인정하다,인정하는지
습득하다,습득하거나
습득하다,습득하거늘
습득하다,습득하거니
습득하다,습득하거든
습득하다,습득하건
습득하다,습득하것다
습득하다,습득하게
습득하다,습득하겠
습득하다,습득하고
습득하다,습득하고말고
습득하다,습득하기로
습득하다,습득하기로니
습득하다,습득하기로서
습득하다,습득하기로서니
습득하다,습득하기에
습득하다,습득하네
습득하다,습득하니
습득하다,습득하다
습득하다,습득하다가
습득하다,습득하다가는
습득하다,습득하다간
습득하다,습득하다니
습득하다,습득하다마다
습득하다,습득하더니
습득하다,습득하더니라
습득하다,습득하더라
습득하다,습득하더라니까
습득하다,습득하더라도
습득하다,습득하더라며
습득하다,습득하더라면
습득하다,습득하더라면서
습득하다,습득하더람
습득하다,습득하던
습득하다,습득하던가
습득하다,습득하던데
습득하다,습득하던지
습득하다,습득하데
습득하다,습득하데요
습득하다,습득하도다
습득하다,습득하되
습득하다,습득하든
습득하다,습득하든지
습득하다,습득하듯
습득하다,습득하듯이
습득하다,습득하죠
습득하다,습득하지마는
습득하다,습득하지만
습득하다,습득하지요
습득하다,습득한걸
습득하다,습득한들
습득하다,습득하나마
습득하다,습득하니까
습득하다,습득할
습득하다,습득할걸
습득하다,습득할까
습득하다,습득할는지
습득하다,습득할라
습득하다,습득할라고
습득하다,습득할러니
습득하다,습득할러라
습득하다,습득할런고
습득하다,습득할망정
습득하다,습득할밖에
습득하다,습득할뿐더러
습득하다,습득할수록
습득하다,습득할지라도
습득하다,습득하며
습득하다,습득하면
습득하다,습득하면서
습득하다,습득하세요
습득하다,습득하셔요
습득하다,습득하지
습득하다,습득하건대
습득하다,습득하나니
습득하다,습득하느라
습득하다,습득하느라고
습득하다,습득하는구나
습득하다,습득하는군
습득하다,습득하도록
습득하다,습득하자
습득하다,습득하자고
습득하다,습득하자꾸나
습득하다,습득하자느니
습득하다,습득하자니까
습득하다,습득하자마자
습득하다,습득하자며
습득하다,습득하자면
습득하다,습득하자면서
습득하다,습득한
습득하다,습득한다
습득하다,습득한다고
습득하다,습득한다나
습득하다,습득한다네
습득하다,습득한다느니
습득하다,습득한다니
습득하다,습득한다니까
습득하다,습득한다더라
습득하다,습득한다며
습득하다,습득한다면
습득하다,습득한다면서
습득하다,습득한답니까
습득하다,습득한답니다
습득하다,습득한답시고
습득하다,습득한대
습득하다,습득한대요
습득하다,습득할거나
습득하다,습득할게
습득하다,습득할래
습득하다,습득하라고
습득하다,습득하러
습득하다,습득하려
습득하다,습득합시다
습득하다,습득하세
습득하다,습득하시라
습득하다,습득하십시다
습득하다,습득하십시오
습득하다,습득하고자
습득하다,습득하느냐
습득하다,습득하느냐고
습득하다,습득하느니
습득하다,습득하느니만
습득하다,습득하느니만큼
습득하다,습득하는
습득하다,습득하는걸
습득하다,습득하는데
습득하다,습득하는지
얻다,얻거나
얻다,얻거늘
얻다,얻거니
얻다,얻거든
얻다,얻건
얻다,얻것다
얻다,얻게
얻다,얻겠
얻다,얻고
얻다,얻고말고
얻다,얻기로
얻다,얻기로니
얻다,얻기로서
얻다,얻기로서니
얻다,얻기에
얻다,얻네
얻다,얻니
얻다,얻다
얻다,얻다가
얻다,얻다가는
얻다,얻다간
얻다,얻다니
얻다,얻다마다
얻다,얻더니
얻다,얻더니라
얻다,얻더라
얻다,얻더라니까
얻다,얻더라도
얻다,얻더라며
얻다,얻더라면
얻다,얻더라면서
얻다,얻더람
얻다,얻던
얻다,얻던가
얻다,얻던데
얻다,얻던지
얻다,얻데
얻다,얻데요
얻다,얻도다
얻다,얻되
얻다,얻든
얻다,얻든지
얻다,얻듯
얻다,얻듯이
얻다,얻죠
얻다,얻지마는
얻다,얻지만
얻다,얻지요
얻다,얻지
얻다,얻을
얻다,얻을걸
얻다,얻을밖에
얻다,얻을수록
얻다,얻을지
얻다,얻을지며
얻다,얻음
얻다,얻음에도
얻다,얻읍시오
얻다,얻건대
얻다,얻나니
얻다,얻느라
얻다,얻느라고
얻다,얻는구나
얻다,얻는군
얻다,얻도록
얻다,얻자
얻다,얻자고
얻다,얻자꾸나
얻다,얻자느니
얻다,얻자니까
얻다,얻자마자
얻다,얻자며
얻다,얻자면
얻다,얻자면서
얻다,얻고자
얻다,얻느냐
얻다,얻느냐고
얻다,얻느니
얻다,얻느니만
얻다,얻느니만큼
얻다,얻는
얻다,얻는걸
얻다,얻는데
얻다,얻는지
얻다,얻으러
얻다,얻읍시다
맞추다,맞추거나
맞추다,맞추거늘
맞추다,맞추거니
맞추다,맞추거든
맞추다,맞추건
맞추다,맞추것다
맞추다,맞추게
맞추다,맞추겠
맞추다,맞추고
맞추다,맞추고말고
맞추다,맞추기로
맞추다,맞추기로니
맞추다,맞추기로서
맞추다,맞추기로서니
맞추다,맞추기에
맞추다,맞추네
맞추다,맞추니
맞추다,맞추다
맞추다,맞추다가
맞추다,맞추다가는
맞추다,맞추다간
맞추다,맞추다니
맞추다,맞추다마다
맞추다,맞추더니
맞추다,맞추더니라
맞추다,맞추더라
맞추다,맞추더라니까
맞추다,맞추더라도
맞추다,맞추더라며
맞추다,맞추더라면
맞추다,맞추더라면서
맞추다,맞추더람
맞추다,맞추던
맞추다,맞추던가
맞추다,맞추던데
맞추다,맞추던지
맞추다,맞추데
맞추다,맞추데요
맞추다,맞추도다
맞추다,맞추되
맞추다,맞추든
맞추다,맞추든지
맞추다,맞추듯
맞추다,맞추듯이
맞추다,맞추죠
맞추다,맞추지마는
맞추다,맞추지만
맞추다,맞추지요
맞추다,맞춘걸
맞추다,맞춘들
맞추다,맞추나마
맞추다,맞추니까
맞추다,맞출
맞추다,맞출걸
맞추다,맞출까
맞추다,맞출는지
맞추다,맞출라
맞추다,맞출라고
맞추다,맞출러니
맞추다,맞출러라
맞추다,맞출런고
맞추다,맞출망정
맞추다,맞출밖에
맞추다,맞출뿐더러
맞추다,맞출수록
맞추다,맞출지라도
맞추다,맞추며
맞추다,맞추면
맞추다,맞추면서
맞추다,맞추세요
맞추다,맞추셔요
맞추다,맞추지
맞추다,맞추건대
맞추다,맞추나니
맞추다,맞추느라
맞추다,맞추느라고
맞추다,맞추는구나
맞추다,맞추는군
맞추다,맞추도록
맞추다,맞추자
맞추다,맞추자고
맞추다,맞추자꾸나
맞추다,맞추자느니
맞추다,맞추자니까
맞추다,맞추자마자
맞추다,맞추자며
맞추다,맞추자면
맞추다,맞추자면서
맞추다,맞춘
맞추다,맞춘다
맞추다,맞춘다고
맞추다,맞춘다나
맞추다,맞춘다네
맞추다,맞춘다느니
맞추다,맞춘다니
맞추다,맞춘다니까
맞추다,맞춘다더라
맞추다,맞춘다며
맞추다,맞춘다면
맞추다,맞춘다면서
맞추다,맞춘답니까
맞추다,맞춘답니다
맞추다,맞춘답시고
맞추다,맞춘대
맞추다,맞춘대요
맞추다,맞출거나
맞추다,맞출게
맞추다,맞출래
맞추다,맞추라고
맞추다,맞추러
맞추다,맞추려
맞추다,맞춥시다
맞추다,맞추세
맞추다,맞추시라
맞추다,맞추십시다
맞추다,맞추십시오
맞추다,맞추고자
맞추다,맞추느냐
맞추다,맞추느냐고
맞추다,맞추느니
맞추다,맞추느니만
맞추다,맞추느니만큼
맞추다,맞추는
맞추다,맞추는걸
맞추다,맞추는데
맞추다,맞추는지
조정하다,조정하거나
조정하다,조정하거늘
조정하다,조정하거니
조정하다,조정하거든
조정하다,조정하건
조정하다,조정하것다
조정하다,조정하게
조정하다,조정하겠
조정하다,조정하고
조정하다,조정하고말고
조정하다,조정하기로
조정하다,조정하기로니
조정하다,조정하기로서
조정하다,조정하기로서니
조정하다,조정하기에
조정하다,조정하네
조정하다,조정하니
조정하다,조정하다
조정하다,조정하다가
조정하다,조정하다가는
조정하다,조정하다간
조정하다,조정하다니
조정하다,조정하다마다
조정하다,조정하더니
조정하다,조정하더니라
조정하다,조정하더라
조정하다,조정하더라니까
조정하다,조정하더라도
조정하다,조정하더라며
조정하다,조정하더라면
조정하다,조정하더라면서
조정하다,조정하더람
조정하다,조정하던
조정하다,조정하던가
조정하다,조정하던데
조정하다,조정하던지
조정하다,조정하데
조정하다,조정하데요
조정하다,조정하도다
조정하다,조정하되
조정하다,조정하든
조정하다,조정하든지
조정하다,조정하듯
조정하다,조정하듯이
조정하다,조정하죠
조정하다,조정하지마는
조정하다,조정하지만
조정하다,조정하지요
조정하다,조정한걸
조정하다,조정한들
조정하다,조정하나마
조정하다,조정하니까
조정하다,조정할
조정하다,조정할걸
조정하다,조정할까
조정하다,조정할는지
조정하다,조정할라
조정하다,조정할라고
조정하다,조정할러니
조정하다,조정할러라
조정하다,조정할런고
조정하다,조정할망정
조정하다,조정할밖에
조정하다,조정할뿐더러
조정하다,조정할수록
조정하다,조정할지라도
조정하다,조정하며
조정하다,조정하면
조정하다,조정하면서
조정하다,조정하세요
조정하다,조정하셔요
조정하다,조정하지
조정하다,조정하건대
조정하다,조정하나니
조정하다,조정하느라
조정하다,조정하느라고
조정하다,조정하는구나
조정하다,조정하는군
조정하다,조정하도록
조정하다,조정하자
조정하다,조정하자고
조정하다,조정하자꾸나
조정하다,조정하자느니
조정하다,조정하자니까
조정하다,조정하자마자
조정하다,조정하자며
조정하다,조정하자면
조정하다,조정하자면서
조정하다,조정한
조정하다,조정한다
조정하다,조정한다고
조정하다,조정한다나
조정하다,조정한다네
조정하다,조정한다느니
조정하다,조정한다니
조정하다,조정한다니까
조정하다,조정한다더라
조정하다,조정한다며
조정하다,조정한다면
조정하다,조정한다면서
조정하다,조정한답니까
조정하다,조정한답니다
조정하다,조정한답시고
조정하다,조정한대
조정하다,조정한대요
조정하다,조정할거나
조정하다,조정할게
조정하다,조정할래
조정하다,조정하라고
조정하다,조정하러
조정하다,조정하려
조정하다,조정합시다
조정하다,조정하세
조정하다,조정하시라
조정하다,조정하십시다
조정하다,조정하십시오
조정하다,조정하고자
조정하다,조정하느냐
조정하다,조정하느냐고
조정하다,조정하느니
조정하다,조정하느니만
조정하다,조정하느니만큼
조정하다,조정하는
조정하다,조정하는걸
조정하다,조정하는데
조정하다,조정하는지
더하다,더하거나
더하다,더하거늘
더하다,더하거니
더하다,더하거든
더하다,더하건
더하다,더하것다
더하다,더하게
더하다,더하겠
더하다,더하고
더하다,더하고말고
더하다,더하기로
더하다,더하기로니
더하다,더하기로서
더하다,더하기로서니
더하다,더하기에
더하다,더하네
더하다,더하니
더하다,더하다
더하다,더하다가
더하다,더하다가는
더하다,더하다간
더하다,더하다니
더하다,더하다마다
더하다,더하더니
더하다,더하더니라
더하다,더하더라
더하다,더하더라니까
더하다,더하더라도
더하다,더하더라며
더하다,더하더라면
더하다,더하더라면서
더하다,더하더람
더하다,더하던
더하다,더하던가
더하다,더하던데
더하다,더하던지
더하다,더하데
더하다,더하데요
더하다,더하도다
더하다,더하되
더하다,더하든
더하다,더하든지
더하다,더하듯
더하다,더하듯이
더하다,더하죠
더하다,더하지마는
더하다,더하지만
더하다,더하지요
더하다,더한걸
더하다,더한들
더하다,더하나마
더하다,더하니까
더하다,더할
더하다,더할걸
더하다,더할까
더하다,더할는지
더하다,더할라
더하다,더할라고
더하다,더할러니
더하다,더할러라
더하다,더할런고
더하다,더할망정
더하다,더할밖에
더하다,더할뿐더러
더하다,더할수록
더하다,더할지라도
더하다,더하며
더하다,더하면
더하다,더하면서
더하다,더하세요
더하다,더하셔요
더하다,더하지
더하다,더하건대
더하다,더하나니
더하다,더하느라
더하다,더하느라고
더하다,더하는구나
더하다,더하는군
더하다,더하도록
더하다,더하자
더하다,더하자고
더하다,더하자꾸나
더하다,더하자느니
더하다,더하자니까
더하다,더하자마자
더하다,더하자며
더하다,더하자면
더하다,더하자면서
더하다,더한
더하다,더한다
더하다,더한다고
더하다,더한다나
더하다,더한다네
더하다,더한다느니
더하다,더한다니
더하다,더한다니까
더하다,더한다더라
더하다,더한다며
더하다,더한다면
더하다,더한다면서
더하다,더한답니까
더하다,더한답니다
더하다,더한답시고
더하다,더한대
더하다,더한대요
더하다,더할거나
더하다,더할게
더하다,더할래
더하다,더하라고
더하다,더하러
더하다,더하려
더하다,더합시다
더하다,더하세
더하다,더하시라
더하다,더하십시다
더하다,더하십시오
더하다,더하고자
더하다,더하느냐
더하다,더하느냐고
더하다,더하느니
더하다,더하느니만
더하다,더하느니만큼
더하다,더하는
더하다,더하는걸
더하다,더하는데
더하다,더하는지
조절하다,조절하거나
조절하다,조절하거늘
조절하다,조절하거니
조절하다,조절하거든
조절하다,조절하건
조절하다,조절하것다
조절하다,조절하게
조절하다,조절하겠
조절하다,조절하고
조절하다,조절하고말고
조절하다,조절하기로
조절하다,조절하기로니
조절하다,조절하기로서
조절하다,조절하기로서니
조절하다,조절하기에
조절하다,조절하네
조절하다,조절하니
조절하다,조절하다
조절하다,조절하다가
조절하다,조절하다가는
조절하다,조절하다간
조절하다,조절하다니
조절하다,조절하다마다
조절하다,조절하더니
조절하다,조절하더니라
조절하다,조절하더라
조절하다,조절하더라니까
조절하다,조절하더라도
조절하다,조절하더라며
조절하다,조절하더라면
조절하다,조절하더라면서
조절하다,조절하더람
조절하다,조절하던
조절하다,조절하던가
조절하다,조절하던데
조절하다,조절하던지
조절하다,조절하데
조절하다,조절하데요
조절하다,조절하도다
조절하다,조절하되
조절하다,조절하든
조절하다,조절하든지
조절하다,조절하듯
조절하다,조절하듯이
조절하다,조절하죠
조절하다,조절하지마는
조절하다,조절하지만
조절하다,조절하지요
조절하다,조절한걸
조절하다,조절한들
조절하다,조절하나마
조절하다,조절하니까
조절하다,조절할
조절하다,조절할걸
조절하다,조절할까
조절하다,조절할는지
조절하다,조절할라
조절하다,조절할라고
조절하다,조절할러니
조절하다,조절할러라
조절하다,조절할런고
조절하다,조절할망정
조절하다,조절할밖에
조절하다,조절할뿐더러
조절하다,조절할수록
조절하다,조절할지라도
조절하다,조절하며
조절하다,조절하면
조절하다,조절하면서
조절하다,조절하세요
조절하다,조절하셔요
조절하다,조절하지
조절하다,조절하건대
조절하다,조절하나니
조절하다,조절하느라
조절하다,조절하느라고
조절하다,조절하는구나
조절하다,조절하는군
조절하다,조절하도록
조절하다,조절하자
조절하다,조절하자고
조절하다,조절하자꾸나
조절하다,조절하자느니
조절하다,조절하자니까
조절하다,조절하자마자
조절하다,조절하자며
조절하다,조절하자면
조절하다,조절하자면서
조절하다,조절한
조절하다,조절한다
조절하다,조절한다고
조절하다,조절한다나
조절하다,조절한다네
조절하다,조절한다느니
조절하다,조절한다니
조절하다,조절한다니까
조절하다,조절한다더라
조절하다,조절한다며
조절하다,조절한다면
조절하다,조절한다면서
조절하다,조절한답니까
조절하다,조절한답니다
조절하다,조절한답시고
조절하다,조절한대
조절하다,조절한대요
조절하다,조절할거나
조절하다,조절할게
조절하다,조절할래
조절하다,조절하라고
조절하다,조절하러
조절하다,조절하려
조절하다,조절합시다
조절하다,조절하세
조절하다,조절하시라
조절하다,조절하십시다
조절하다,조절하십시오
조절하다,조절하고자
조절하다,조절하느냐
조절하다,조절하느냐고
조절하다,조절하느니
조절하다,조절하느니만
조절하다,조절하느니만큼
조절하다,조절하는
조절하다,조절하는걸
조절하다,조절하는데
조절하다,조절하는지
존경하다,존경하거나
존경하다,존경하거늘
존경하다,존경하거니
존경하다,존경하거든
존경하다,존경하건
존경하다,존경하것다
존경하다,존경하게
존경하다,존경하겠
존경하다,존경하고
존경하다,존경하고말고
존경하다,존경하기로
존경하다,존경하기로니
존경하다,존경하기로서
존경하다,존경하기로서니
존경하다,존경하기에
존경하다,존경하네
존경하다,존경하니
존경하다,존경하다
존경하다,존경하다가
존경하다,존경하다가는
존경하다,존경하다간
존경하다,존경하다니
존경하다,존경하다마다
존경하다,존경하더니
존경하다,존경하더니라
존경하다,존경하더라
존경하다,존경하더라니까
존경하다,존경하더라도
존경하다,존경하더라며
존경하다,존경하더라면
존경하다,존경하더라면서
존경하다,존경하더람
존경하다,존경하던
존경하다,존경하던가
존경하다,존경하던데
존경하다,존경하던지
존경하다,존경하데
존경하다,존경하데요
존경하다,존경하도다
존경하다,존경하되
존경하다,존경하든
존경하다,존경하든지
존경하다,존경하듯
존경하다,존경하듯이
존경하다,존경하죠
존경하다,존경하지마는
존경하다,존경하지만
존경하다,존경하지요
존경하다,존경한걸
존경하다,존경한들
존경하다,존경하나마
존경하다,존경하니까
존경하다,존경할
존경하다,존경할걸
존경하다,존경할까
존경하다,존경할는지
존경하다,존경할라
존경하다,존경할라고
존경하다,존경할러니
존경하다,존경할러라
존경하다,존경할런고
존경하다,존경할망정
존경하다,존경할밖에
존경하다,존경할뿐더러
존경하다,존경할수록
존경하다,존경할지라도
존경하다,존경하며
존경하다,존경하면
존경하다,존경하면서
존경하다,존경하세요
존경하다,존경하셔요
존경하다,존경하지
존경하다,존경하건대
존경하다,존경하나니
존경하다,존경하느라
존경하다,존경하느라고
존경하다,존경하는구나
존경하다,존경하는군
존경하다,존경하도록
존경하다,존경하자
존경하다,존경하자고
존경하다,존경하자꾸나
존경하다,존경하자느니
존경하다,존경하자니까
존경하다,존경하자마자
존경하다,존경하자며
존경하다,존경하자면
존경하다,존경하자면서
존경하다,존경한
존경하다,존경한다
존경하다,존경한다고
존경하다,존경한다나
존경하다,존경한다네
존경하다,존경한다느니
존경하다,존경한다니
존경하다,존경한다니까
존경하다,존경한다더라
존경하다,존경한다며
존경하다,존경한다면
존경하다,존경한다면서
존경하다,존경한답니까
존경하다,존경한답니다
존경하다,존경한답시고
존경하다,존경한대
존경하다,존경한대요
존경하다,존경할거나
존경하다,존경할게
존경하다,존경할래
존경하다,존경하라고
존경하다,존경하러
존경하다,존경하려
존경하다,존경합시다
존경하다,존경하세
존경하다,존경하시라
존경하다,존경하십시다
존경하다,존경하십시오
존경하다,존경하고자
존경하다,존경하느냐
존경하다,존경하느냐고
존경하다,존경하느니
존경하다,존경하느니만
존경하다,존경하느니만큼
존경하다,존경하는
존경하다,존경하는걸
존경하다,존경하는데
존경하다,존경하는지
칭찬하다,칭찬하거나
칭찬하다,칭찬하거늘
칭찬하다,칭찬하거니
칭찬하다,칭찬하거든
칭찬하다,칭찬하건
칭찬하다,칭찬하것다
칭찬하다,칭찬하게
칭찬하다,칭찬하겠
칭찬하다,칭찬하고
칭찬하다,칭찬하고말고
칭찬하다,칭찬하기로
칭찬하다,칭찬하기로니
칭찬하다,칭찬하기로서
칭찬하다,칭찬하기로서니
칭찬하다,칭찬하기에
칭찬하다,칭찬하네
칭찬하다,칭찬하니
칭찬하다,칭찬하다
칭찬하다,칭찬하다가
칭찬하다,칭찬하다가는
칭찬하다,칭찬하다간
칭찬하다,칭찬하다니
칭찬하다,칭찬하다마다
칭찬하다,칭찬하더니
칭찬하다,칭찬하더니라
칭찬하다,칭찬하더라
칭찬하다,칭찬하더라니까
칭찬하다,칭찬하더라도
칭찬하다,칭찬하더라며
칭찬하다,칭찬하더라면
칭찬하다,칭찬하더라면서
칭찬하다,칭찬하더람
칭찬하다,칭찬하던
칭찬하다,칭찬하던가
칭찬하다,칭찬하던데
칭찬하다,칭찬하던지
칭찬하다,칭찬하데
칭찬하다,칭찬하데요
칭찬하다,칭찬하도다
칭찬하다,칭찬하되
칭찬하다,칭찬하든
칭찬하다,칭찬하든지
칭찬하다,칭찬하듯
칭찬하다,칭찬하듯이
칭찬하다,칭찬하죠
칭찬하다,칭찬하지마는
칭찬하다,칭찬하지만
칭찬하다,칭찬하지요
칭찬하다,칭찬한걸
칭찬하다,칭찬한들
칭찬하다,칭찬하나마
칭찬하다,칭찬하니까
칭찬하다,칭찬할
칭찬하다,칭찬할걸
칭찬하다,칭찬할까
칭찬하다,칭찬할는지
칭찬하다,칭찬할라
칭찬하다,칭찬할라고
칭찬하다,칭찬할러니
칭찬하다,칭찬할러라
칭찬하다,칭찬할런고
칭찬하다,칭찬할망정
칭찬하다,칭찬할밖에
칭찬하다,칭찬할뿐더러
칭찬하다,칭찬할수록
칭찬하다,칭찬할지라도
칭찬하다,칭찬하며
칭찬하다,칭찬하면
칭찬하다,칭찬하면서
칭찬하다,칭찬하세요
칭찬하다,칭찬하셔요
칭찬하다,칭찬하지
칭찬하다,칭찬하건대
칭찬하다,칭찬하나니
칭찬하다,칭찬하느라
칭찬하다,칭찬하느라고
칭찬하다,칭찬하는구나
칭찬하다,칭찬하는군
칭찬하다,칭찬하도록
칭찬하다,칭찬하자
칭찬하다,칭찬하자고
칭찬하다,칭찬하자꾸나
칭찬하다,칭찬하자느니
칭찬하다,칭찬하자니까
칭찬하다,칭찬하자마자
칭찬하다,칭찬하자며
칭찬하다,칭찬하자면
칭찬하다,칭찬하자면서
칭찬하다,칭찬한
칭찬하다,칭찬한다
칭찬하다,칭찬한다고
칭찬하다,칭찬한다나
칭찬하다,칭찬한다네
칭찬하다,칭찬한다느니
칭찬하다,칭찬한다니
칭찬하다,칭찬한다니까
칭찬하다,칭찬한다더라
칭찬하다,칭찬한다며
칭찬하다,칭찬한다면
칭찬하다,칭찬한다면서
칭찬하다,칭찬한답니까
칭찬하다,칭찬한답니다
칭찬하다,칭찬한답시고
칭찬하다,칭찬한대
칭찬하다,칭찬한대요
칭찬하다,칭찬할거나
칭찬하다,칭찬할게
칭찬하다,칭찬할래
칭찬하다,칭찬하라고
칭찬하다,칭찬하러
칭찬하다,칭찬하려
칭찬하다,칭찬합시다
칭찬하다,칭찬하세
칭찬하다,칭찬하시라
칭찬하다,칭찬하십시다
칭찬하다,칭찬하십시오
칭찬하다,칭찬하고자
칭찬하다,칭찬하느냐
칭찬하다,칭찬하느냐고
칭찬하다,칭찬하느니
칭찬하다,칭찬하느니만
칭찬하다,칭찬하느니만큼
칭찬하다,칭찬하는
칭찬하다,칭찬하는걸
칭찬하다,칭찬하는데
칭찬하다,칭찬하는지
시인하다,시인하거나
시인하다,시인하거늘
시인하다,시인하거니
시인하다,시인하거든
시인하다,시인하건
시인하다,시인하것다
시인하다,시인하게
시인하다,시인하겠
시인하다,시인하고
시인하다,시인하고말고
시인하다,시인하기로
시인하다,시인하기로니
시인하다,시인하기로서
시인하다,시인하기로서니
시인하다,시인하기에
시인하다,시인하네
시인하다,시인하니
시인하다,시인하다
시인하다,시인하다가
시인하다,시인하다가는
시인하다,시인하다간
시인하다,시인하다니
시인하다,시인하다마다
시인하다,시인하더니
시인하다,시인하더니라
시인하다,시인하더라
시인하다,시인하더라니까
시인하다,시인하더라도
시인하다,시인하더라며
시인하다,시인하더라면
시인하다,시인하더라면서
시인하다,시인하더람
시인하다,시인하던
시인하다,시인하던가
시인하다,시인하던데
시인하다,시인하던지
시인하다,시인하데
시인하다,시인하데요
시인하다,시인하도다
시인하다,시인하되
시인하다,시인하든
시인하다,시인하든지
시인하다,시인하듯
시인하다,시인하듯이
시인하다,시인하죠
시인하다,시인하지마는
시인하다,시인하지만
시인하다,시인하지요
시인하다,시인한걸
시인하다,시인한들
시인하다,시인하나마
시인하다,시인하니까
시인하다,시인할
시인하다,시인할걸
시인하다,시인할까
시인하다,시인할는지
시인하다,시인할라
시인하다,시인할라고
시인하다,시인할러니
시인하다,시인할러라
시인하다,시인할런고
시인하다,시인할망정
시인하다,시인할밖에
시인하다,시인할뿐더러
시인하다,시인할수록
시인하다,시인할지라도
시인하다,시인하며
시인하다,시인하면
시인하다,시인하면서
시인하다,시인하세요
시인하다,시인하셔요
시인하다,시인하지
시인하다,시인하건대
시인하다,시인하나니
시인하다,시인하느라
시인하다,시인하느라고
시인하다,시인하는구나
시인하다,시인하는군
시인하다,시인하도록
시인하다,시인하자
시인하다,시인하자고
시인하다,시인하자꾸나
시인하다,시인하자느니
시인하다,시인하자니까
시인하다,시인하자마자
시인하다,시인하자며
시인하다,시인하자면
시인하다,시인하자면서
시인하다,시인한
시인하다,시인한다
시인하다,시인한다고
시인하다,시인한다나
시인하다,시인한다네
시인하다,시인한다느니
시인하다,시인한다니
시인하다,시인한다니까
시인하다,시인한다더라
시인하다,시인한다며
시인하다,시인한다면
시인하다,시인한다면서
시인하다,시인한답니까
시인하다,시인한답니다
시인하다,시인한답시고
시인하다,시인한대
시인하다,시인한대요
시인하다,시인할거나
시인하다,시인할게
시인하다,시인할래
시인하다,시인하라고
시인하다,시인하러
시인하다,시인하려
시인하다,시인합시다
시인하다,시인하세
시인하다,시인하시라
시인하다,시인하십시다
시인하다,시인하십시오
시인하다,시인하고자
시인하다,시인하느냐
시인하다,시인하느냐고
시인하다,시인하느니
시인하다,시인하느니만
시인하다,시인하느니만큼
시인하다,시인하는
시인하다,시인하는걸
시인하다,시인하는데
시인하다,시인하는지
조언하다,조언하거나
조언하다,조언하거늘
조언하다,조언하거니
조언하다,조언하거든
조언하다,조언하건
조언하다,조언하것다
조언하다,조언하게
조언하다,조언하겠
조언하다,조언하고
조언하다,조언하고말고
조언하다,조언하기로
조언하다,조언하기로니
조언하다,조언하기로서
조언하다,조언하기로서니
조언하다,조언하기에
조언하다,조언하네
조언하다,조언하니
조언하다,조언하다
조언하다,조언하다가
조언하다,조언하다가는
조언하다,조언하다간
조언하다,조언하다니
조언하다,조언하다마다
조언하다,조언하더니
조언하다,조언하더니라
조언하다,조언하더라
조언하다,조언하더라니까
조언하다,조언하더라도
조언하다,조언하더라며
조언하다,조언하더라면
조언하다,조언하더라면서
조언하다,조언하더람
조언하다,조언하던
조언하다,조언하던가
조언하다,조언하던데
조언하다,조언하던지
조언하다,조언하데
조언하다,조언하데요
조언하다,조언하도다
조언하다,조언하되
조언하다,조언하든
조언하다,조언하든지
조언하다,조언하듯
조언하다,조언하듯이
조언하다,조언하죠
조언하다,조언하지마는
조언하다,조언하지만
조언하다,조언하지요
조언하다,조언한걸
조언하다,조언한들
조언하다,조언하나마
조언하다,조언하니까
조언하다,조언할
조언하다,조언할걸
조언하다,조언할까
조언하다,조언할는지
조언하다,조언할라
조언하다,조언할라고
조언하다,조언할러니
조언하다,조언할러라
조언하다,조언할런고
조언하다,조언할망정
조언하다,조언할밖에
조언하다,조언할뿐더러
조언하다,조언할수록
조언하다,조언할지라도
조언하다,조언하며
조언하다,조언하면
조언하다,조언하면서
조언하다,조언하세요
조언하다,조언하셔요
조언하다,조언하지
조언하다,조언하건대
조언하다,조언하나니
조언하다,조언하느라
조언하다,조언하느라고
조언하다,조언하는구나
조언하다,조언하는군
조언하다,조언하도록
조언하다,조언하자
조언하다,조언하자고
조언하다,조언하자꾸나
조언하다,조언하자느니
조언하다,조언하자니까
조언하다,조언하자마자
조언하다,조언하자며
조언하다,조언하자면
조언하다,조언하자면서
조언하다,조언한
조언하다,조언한다
조언하다,조언한다고
조언하다,조언한다나
조언하다,조언한다네
조언하다,조언한다느니
조언하다,조언한다니
조언하다,조언한다니까
조언하다,조언한다더라
조언하다,조언한다며
조언하다,조언한다면
조언하다,조언한다면서
조언하다,조언한답니까
조언하다,조언한답니다
조언하다,조언한답시고
조언하다,조언한대
조언하다,조언한대요
조언하다,조언할거나
조언하다,조언할게
조언하다,조언할래
조언하다,조언하라고
조언하다,조언하러
조언하다,조언하려
조언하다,조언합시다
조언하다,조언하세
조언하다,조언하시라
조언하다,조언하십시다
조언하다,조언하십시오
조언하다,조언하고자
조언하다,조언하느냐
조언하다,조언하느냐고
조언하다,조언하느니
조언하다,조언하느니만
조언하다,조언하느니만큼
조언하다,조언하는
조언하다,조언하는걸
조언하다,조언하는데
조언하다,조언하는지
충고하다,충고하거나
충고하다,충고하거늘
충고하다,충고하거니
충고하다,충고하거든
충고하다,충고하건
충고하다,충고하것다
충고하다,충고하게
충고하다,충고하겠
충고하다,충고하고
충고하다,충고하고말고
충고하다,충고하기로
충고하다,충고하기로니
충고하다,충고하기로서
충고하다,충고하기로서니
충고하다,충고하기에
충고하다,충고하네
충고하다,충고하니
충고하다,충고하다
충고하다,충고하다가
충고하다,충고하다가는
충고하다,충고하다간
충고하다,충고하다니
충고하다,충고하다마다
충고하다,충고하더니
충고하다,충고하더니라
충고하다,충고하더라
충고하다,충고하더라니까
충고하다,충고하더라도
충고하다,충고하더라며
충고하다,충고하더라면
충고하다,충고하더라면서
충고하다,충고하더람
충고하다,충고하던
충고하다,충고하던가
충고하다,충고하던데
충고하다,충고하던지
충고하다,충고하데
충고하다,충고하데요
충고하다,충고하도다
충고하다,충고하되
충고하다,충고하든
충고하다,충고하든지
충고하다,충고하듯
충고하다,충고하듯이
충고하다,충고하죠
충고하다,충고하지마는
충고하다,충고하지만
충고하다,충고하지요
충고하다,충고한걸
충고하다,충고한들
충고하다,충고하나마
충고하다,충고하니까
충고하다,충고할
충고하다,충고할걸
충고하다,충고할까
충고하다,충고할는지
충고하다,충고할라
충고하다,충고할라고
충고하다,충고할러니
충고하다,충고할러라
충고하다,충고할런고
충고하다,충고할망정
충고하다,충고할밖에
충고하다,충고할뿐더러
충고하다,충고할수록
충고하다,충고할지라도
충고하다,충고하며
충고하다,충고하면
충고하다,충고하면서
충고하다,충고하세요
충고하다,충고하셔요
충고하다,충고하지
충고하다,충고하건대
충고하다,충고하나니
충고하다,충고하느라
충고하다,충고하느라고
충고하다,충고하는구나
충고하다,충고하는군
충고하다,충고하도록
충고하다,충고하자
충고하다,충고하자고
충고하다,충고하자꾸나
충고하다,충고하자느니
충고하다,충고하자니까
충고하다,충고하자마자
충고하다,충고하자며
충고하다,충고하자면
충고하다,충고하자면서
충고하다,충고한
충고하다,충고한다
충고하다,충고한다고
충고하다,충고한다나
충고하다,충고한다네
충고하다,충고한다느니
충고하다,충고한다니
충고하다,충고한다니까
충고하다,충고한다더라
충고하다,충고한다며
충고하다,충고한다면
충고하다,충고한다면서
충고하다,충고한답니까
충고하다,충고한답니다
충고하다,충고한답시고
충고하다,충고한대
충고하다,충고한대요
충고하다,충고할거나
충고하다,충고할게
충고하다,충고할래
충고하다,충고하라고
충고하다,충고하러
충고하다,충고하려
충고하다,충고합시다
충고하다,충고하세
충고하다,충고하시라
충고하다,충고하십시다
충고하다,충고하십시오
충고하다,충고하고자
충고하다,충고하느냐
충고하다,충고하느냐고
충고하다,충고하느니
충고하다,충고하느니만
충고하다,충고하느니만큼
충고하다,충고하는
충고하다,충고하는걸
충고하다,충고하는데
충고하다,충고하는지
제공하다,제공하거나
제공하다,제공하거늘
제공하다,제공하거니
제공하다,제공하거든
제공하다,제공하건
제공하다,제공하것다
제공하다,제공하게
제공하다,제공하겠
제공하다,제공하고
제공하다,제공하고말고
제공하다,제공하기로
제공하다,제공하기로니
제공하다,제공하기로서
제공하다,제공하기로서니
제공하다,제공하기에
제공하다,제공하네
제공하다,제공하니
제공하다,제공하다
제공하다,제공하다가
제공하다,제공하다가는
제공하다,제공하다간
제공하다,제공하다니
제공하다,제공하다마다
제공하다,제공하더니
제공하다,제공하더니라
제공하다,제공하더라
제공하다,제공하더라니까
제공하다,제공하더라도
제공하다,제공하더라며
제공하다,제공하더라면
제공하다,제공하더라면서
제공하다,제공하더람
제공하다,제공하던
제공하다,제공하던가
제공하다,제공하던데
제공하다,제공하던지
제공하다,제공하데
제공하다,제공하데요
제공하다,제공하도다
제공하다,제공하되
제공하다,제공하든
제공하다,제공하든지
제공하다,제공하듯
제공하다,제공하듯이
제공하다,제공하죠
제공하다,제공하지마는
제공하다,제공하지만
제공하다,제공하지요
제공하다,제공한걸
제공하다,제공한들
제공하다,제공하나마
제공하다,제공하니까
제공하다,제공할
제공하다,제공할걸
제공하다,제공할까
제공하다,제공할는지
제공하다,제공할라
제공하다,제공할라고
제공하다,제공할러니
제공하다,제공할러라
제공하다,제공할런고
제공하다,제공할망정
제공하다,제공할밖에
제공하다,제공할뿐더러
제공하다,제공할수록
제공하다,제공할지라도
제공하다,제공하며
제공하다,제공하면
제공하다,제공하면서
제공하다,제공하세요
제공하다,제공하셔요
제공하다,제공하지
제공하다,제공하건대
제공하다,제공하나니
제공하다,제공하느라
제공하다,제공하느라고
제공하다,제공하는구나
제공하다,제공하는군
제공하다,제공하도록
제공하다,제공하자
제공하다,제공하자고
제공하다,제공하자꾸나
제공하다,제공하자느니
제공하다,제공하자니까
제공하다,제공하자마자
제공하다,제공하자며
제공하다,제공하자면
제공하다,제공하자면서
제공하다,제공한
제공하다,제공한다
제공하다,제공한다고
제공하다,제공한다나
제공하다,제공한다네
제공하다,제공한다느니
제공하다,제공한다니
제공하다,제공한다니까
제공하다,제공한다더라
제공하다,제공한다며
제공하다,제공한다면
제공하다,제공한다면서
제공하다,제공한답니까
제공하다,제공한답니다
제공하다,제공한답시고
제공하다,제공한대
제공하다,제공한대요
제공하다,제공할거나
제공하다,제공할게
제공하다,제공할래
제공하다,제공하라고
제공하다,제공하러
제공하다,제공하려
제공하다,제공합시다
제공하다,제공하세
제공하다,제공하시라
제공하다,제공하십시다
제공하다,제공하십시오
제공하다,제공하고자
제공하다,제공하느냐
제공하다,제공하느냐고
제공하다,제공하느니
제공하다,제공하느니만
제공하다,제공하느니만큼
제공하다,제공하는
제공하다,제공하는걸
제공하다,제공하는데
제공하다,제공하는지
동의하다,동의하거나
동의하다,동의하거늘
동의하다,동의하거니
동의하다,동의하거든
동의하다,동의하건
동의하다,동의하것다
동의하다,동의하게
동의하다,동의하겠
동의하다,동의하고
동의하다,동의하고말고
동의하다,동의하기로
동의하다,동의하기로니
동의하다,동의하기로서
동의하다,동의하기로서니
동의하다,동의하기에
동의하다,동의하네
동의하다,동의하니
동의하다,동의하다
동의하다,동의하다가
동의하다,동의하다가는
동의하다,동의하다간
동의하다,동의하다니
동의하다,동의하다마다
동의하다,동의하더니
동의하다,동의하더니라
동의하다,동의하더라
동의하다,동의하더라니까
동의하다,동의하더라도
동의하다,동의하더라며
동의하다,동의하더라면
동의하다,동의하더라면서
동의하다,동의하더람
동의하다,동의하던
동의하다,동의하던가
동의하다,동의하던데
동의하다,동의하던지
동의하다,동의하데
동의하다,동의하데요
동의하다,동의하도다
동의하다,동의하되
동의하다,동의하든
동의하다,동의하든지
동의하다,동의하듯
동의하다,동의하듯이
동의하다,동의하죠
동의하다,동의하지마는
동의하다,동의하지만
동의하다,동의하지요
동의하다,동의한걸
동의하다,동의한들
동의하다,동의하나마
동의하다,동의하니까
동의하다,동의할
동의하다,동의할걸
동의하다,동의할까
동의하다,동의할는지
동의하다,동의할라
동의하다,동의할라고
동의하다,동의할러니
동의하다,동의할러라
동의하다,동의할런고
동의하다,동의할망정
동의하다,동의할밖에
동의하다,동의할뿐더러
동의하다,동의할수록
동의하다,동의할지라도
동의하다,동의하며
동의하다,동의하면
동의하다,동의하면서
동의하다,동의하세요
동의하다,동의하셔요
동의하다,동의하지
동의하다,동의하건대
동의하다,동의하나니
동의하다,동의하느라
동의하다,동의하느라고
동의하다,동의하는구나
동의하다,동의하는군
동의하다,동의하도록
동의하다,동의하자
동의하다,동의하자고
동의하다,동의하자꾸나
동의하다,동의하자느니
동의하다,동의하자니까
동의하다,동의하자마자
동의하다,동의하자며
동의하다,동의하자면
동의하다,동의하자면서
동의하다,동의한
동의하다,동의한다
동의하다,동의한다고
동의하다,동의한다나
동의하다,동의한다네
동의하다,동의한다느니
동의하다,동의한다니
동의하다,동의한다니까
동의하다,동의한다더라
동의하다,동의한다며
동의하다,동의한다면
동의하다,동의한다면서
동의하다,동의한답니까
동의하다,동의한답니다
동의하다,동의한답시고
동의하다,동의한대
동의하다,동의한대요
동의하다,동의할거나
동의하다,동의할게
동의하다,동의할래
동의하다,동의하라고
동의하다,동의하러
동의하다,동의하려
동의하다,동의합시다
동의하다,동의하세
동의하다,동의하시라
동의하다,동의하십시다
동의하다,동의하십시오
동의하다,동의하고자
동의하다,동의하느냐
동의하다,동의하느냐고
동의하다,동의하느니
동의하다,동의하느니만
동의하다,동의하느니만큼
동의하다,동의하는
동의하다,동의하는걸
동의하다,동의하는데
동의하다,동의하는지
찬성하다,찬성하거나
찬성하다,찬성하거늘
찬성하다,찬성하거니
찬성하다,찬성하거든
찬성하다,찬성하건
찬성하다,찬성하것다
찬성하다,찬성하게
찬성하다,찬성하겠
찬성하다,찬성하고
찬성하다,찬성하고말고
찬성하다,찬성하기로
찬성하다,찬성하기로니
찬성하다,찬성하기로서
찬성하다,찬성하기로서니
찬성하다,찬성하기에
찬성하다,찬성하네
찬성하다,찬성하니
찬성하다,찬성하다
찬성하다,찬성하다가
찬성하다,찬성하다가는
찬성하다,찬성하다간
찬성하다,찬성하다니
찬성하다,찬성하다마다
찬성하다,찬성하더니
찬성하다,찬성하더니라
찬성하다,찬성하더라
찬성하다,찬성하더라니까
찬성하다,찬성하더라도
찬성하다,찬성하더라며
찬성하다,찬성하더라면
찬성하다,찬성하더라면서
찬성하다,찬성하더람
찬성하다,찬성하던
찬성하다,찬성하던가
찬성하다,찬성하던데
찬성하다,찬성하던지
찬성하다,찬성하데
찬성하다,찬성하데요
찬성하다,찬성하도다
찬성하다,찬성하되
찬성하다,찬성하든
찬성하다,찬성하든지
찬성하다,찬성하듯
찬성하다,찬성하듯이
찬성하다,찬성하죠
찬성하다,찬성하지마는
찬성하다,찬성하지만
찬성하다,찬성하지요
찬성하다,찬성한걸
찬성하다,찬성한들
찬성하다,찬성하나마
찬성하다,찬성하니까
찬성하다,찬성할
찬성하다,찬성할걸
찬성하다,찬성할까
찬성하다,찬성할는지
찬성하다,찬성할라
찬성하다,찬성할라고
찬성하다,찬성할러니
찬성하다,찬성할러라
찬성하다,찬성할런고
찬성하다,찬성할망정
찬성하다,찬성할밖에
찬성하다,찬성할뿐더러
찬성하다,찬성할수록
찬성하다,찬성할지라도
찬성하다,찬성하며
찬성하다,찬성하면
찬성하다,찬성하면서
찬성하다,찬성하세요
찬성하다,찬성하셔요
찬성하다,찬성하지
찬성하다,찬성하건대
찬성하다,찬성하나니
찬성하다,찬성하느라
찬성하다,찬성하느라고
찬성하다,찬성하는구나
찬성하다,찬성하는군
찬성하다,찬성하도록
찬성하다,찬성하자
찬성하다,찬성하자고
찬성하다,찬성하자꾸나
찬성하다,찬성하자느니
찬성하다,찬성하자니까
찬성하다,찬성하자마자
찬성하다,찬성하자며
찬성하다,찬성하자면
찬성하다,찬성하자면서
찬성하다,찬성한
찬성하다,찬성한다
찬성하다,찬성한다고
찬성하다,찬성한다나
찬성하다,찬성한다네
찬성하다,찬성한다느니
찬성하다,찬성한다니
찬성하다,찬성한다니까
찬성하다,찬성한다더라
찬성하다,찬성한다며
찬성하다,찬성한다면
찬성하다,찬성한다면서
찬성하다,찬성한답니까
찬성하다,찬성한답니다
찬성하다,찬성한답시고
찬성하다,찬성한대
찬성하다,찬성한대요
찬성하다,찬성할거나
찬성하다,찬성할게
찬성하다,찬성할래
찬성하다,찬성하라고
찬성하다,찬성하러
찬성하다,찬성하려
찬성하다,찬성합시다
찬성하다,찬성하세
찬성하다,찬성하시라
찬성하다,찬성하십시다
찬성하다,찬성하십시오
찬성하다,찬성하고자
찬성하다,찬성하느냐
찬성하다,찬성하느냐고
찬성하다,찬성하느니
찬성하다,찬성하느니만
찬성하다,찬성하느니만큼
찬성하다,찬성하는
찬성하다,찬성하는걸
찬성하다,찬성하는데
찬성하다,찬성하는지
허락하다,허락하거나
허락하다,허락하거늘
허락하다,허락하거니
허락하다,허락하거든
허락하다,허락하건
허락하다,허락하것다
허락하다,허락하게
허락하다,허락하겠
허락하다,허락하고
허락하다,허락하고말고
허락하다,허락하기로
허락하다,허락하기로니
허락하다,허락하기로서
허락하다,허락하기로서니
허락하다,허락하기에
허락하다,허락하네
허락하다,허락하니
허락하다,허락하다
허락하다,허락하다가
허락하다,허락하다가는
허락하다,허락하다간
허락하다,허락하다니
허락하다,허락하다마다
허락하다,허락하더니
허락하다,허락하더니라
허락하다,허락하더라
허락하다,허락하더라니까
허락하다,허락하더라도
허락하다,허락하더라며
허락하다,허락하더라면
허락하다,허락하더라면서
허락하다,허락하더람
허락하다,허락하던
허락하다,허락하던가
허락하다,허락하던데
허락하다,허락하던지
허락하다,허락하데
허락하다,허락하데요
허락하다,허락하도다
허락하다,허락하되
허락하다,허락하든
허락하다,허락하든지
허락하다,허락하듯
허락하다,허락하듯이
허락하다,허락하죠
허락하다,허락하지마는
허락하다,허락하지만
허락하다,허락하지요
허락하다,허락한걸
허락하다,허락한들
허락하다,허락하나마
허락하다,허락하니까
허락하다,허락할
허락하다,허락할걸
허락하다,허락할까
허락하다,허락할는지
허락하다,허락할라
허락하다,허락할라고
허락하다,허락할러니
허락하다,허락할러라
허락하다,허락할런고
허락하다,허락할망정
허락하다,허락할밖에
허락하다,허락할뿐더러
허락하다,허락할수록
허락하다,허락할지라도
허락하다,허락하며
허락하다,허락하면
허락하다,허락하면서
허락하다,허락하세요
허락하다,허락하셔요
허락하다,허락하지
허락하다,허락하건대
허락하다,허락하나니
허락하다,허락하느라
허락하다,허락하느라고
허락하다,허락하는구나
허락하다,허락하는군
허락하다,허락하도록
허락하다,허락하자
허락하다,허락하자고
허락하다,허락하자꾸나
허락하다,허락하자느니
허락하다,허락하자니까
허락하다,허락하자마자
허락하다,허락하자며
허락하다,허락하자면
허락하다,허락하자면서
허락하다,허락한
허락하다,허락한다
허락하다,허락한다고
허락하다,허락한다나
허락하다,허락한다네
허락하다,허락한다느니
허락하다,허락한다니
허락하다,허락한다니까
허락하다,허락한다더라
허락하다,허락한다며
허락하다,허락한다면
허락하다,허락한다면서
허락하다,허락한답니까
허락하다,허락한답니다
허락하다,허락한답시고
허락하다,허락한대
허락하다,허락한대요
허락하다,허락할거나
허락하다,허락할게
허락하다,허락할래
허락하다,허락하라고
허락하다,허락하러
허락하다,허락하려
허락하다,허락합시다
허락하다,허락하세
허락하다,허락하시라
허락하다,허락하십시다
허락하다,허락하십시오
허락하다,허락하고자
허락하다,허락하느냐
허락하다,허락하느냐고
허락하다,허락하느니
허락하다,허락하느니만
허락하다,허락하느니만큼
허락하다,허락하는
허락하다,허락하는걸
허락하다,허락하는데
허락하다,허락하는지
용납하다,용납하거나
용납하다,용납하거늘
용납하다,용납하거니
용납하다,용납하거든
용납하다,용납하건
용납하다,용납하것다
용납하다,용납하게
용납하다,용납하겠
용납하다,용납하고
용납하다,용납하고말고
용납하다,용납하기로
용납하다,용납하기로니
용납하다,용납하기로서
용납하다,용납하기로서니
용납하다,용납하기에
용납하다,용납하네
용납하다,용납하니
용납하다,용납하다
용납하다,용납하다가
용납하다,용납하다가는
용납하다,용납하다간
용납하다,용납하다니
용납하다,용납하다마다
용납하다,용납하더니
용납하다,용납하더니라
용납하다,용납하더라
용납하다,용납하더라니까
용납하다,용납하더라도
용납하다,용납하더라며
용납하다,용납하더라면
용납하다,용납하더라면서
용납하다,용납하더람
용납하다,용납하던
용납하다,용납하던가
용납하다,용납하던데
용납하다,용납하던지
용납하다,용납하데
용납하다,용납하데요
용납하다,용납하도다
용납하다,용납하되
용납하다,용납하든
용납하다,용납하든지
용납하다,용납하듯
용납하다,용납하듯이
용납하다,용납하죠
용납하다,용납하지마는
용납하다,용납하지만
용납하다,용납하지요
용납하다,용납한걸
용납하다,용납한들
용납하다,용납하나마
용납하다,용납하니까
용납하다,용납할
용납하다,용납할걸
용납하다,용납할까
용납하다,용납할는지
용납하다,용납할라
용납하다,용납할라고
용납하다,용납할러니
용납하다,용납할러라
용납하다,용납할런고
용납하다,용납할망정
용납하다,용납할밖에
용납하다,용납할뿐더러
용납하다,용납할수록
용납하다,용납할지라도
용납하다,용납하며
용납하다,용납하면
용납하다,용납하면서
용납하다,용납하세요
용납하다,용납하셔요
용납하다,용납하지
용납하다,용납하건대
용납하다,용납하나니
용납하다,용납하느라
용납하다,용납하느라고
용납하다,용납하는구나
용납하다,용납하는군
용납하다,용납하도록
용납하다,용납하자
용납하다,용납하자고
용납하다,용납하자꾸나
용납하다,용납하자느니
용납하다,용납하자니까
용납하다,용납하자마자
용납하다,용납하자며
용납하다,용납하자면
용납하다,용납하자면서
용납하다,용납한
용납하다,용납한다
용납하다,용납한다고
용납하다,용납한다나
용납하다,용납한다네
용납하다,용납한다느니
용납하다,용납한다니
용납하다,용납한다니까
용납하다,용납한다더라
용납하다,용납한다며
용납하다,용납한다면
용납하다,용납한다면서
용납하다,용납한답니까
용납하다,용납한답니다
용납하다,용납한답시고
용납하다,용납한대
용납하다,용납한대요
용납하다,용납할거나
용납하다,용납할게
용납하다,용납할래
용납하다,용납하라고
용납하다,용납하러
용납하다,용납하려
용납하다,용납합시다
용납하다,용납하세
용납하다,용납하시라
용납하다,용납하십시다
용납하다,용납하십시오
용납하다,용납하고자
용납하다,용납하느냐
용납하다,용납하느냐고
용납하다,용납하느니
용납하다,용납하느니만
용납하다,용납하느니만큼
용납하다,용납하는
용납하다,용납하는걸
용납하다,용납하는데
용납하다,용납하는지
발표하다,발표하거나
발표하다,발표하거늘
발표하다,발표하거니
발표하다,발표하거든
발표하다,발표하건
발표하다,발표하것다
발표하다,발표하게
발표하다,발표하겠
발표하다,발표하고
발표하다,발표하고말고
발표하다,발표하기로
발표하다,발표하기로니
발표하다,발표하기로서
발표하다,발표하기로서니
발표하다,발표하기에
발표하다,발표하네
발표하다,발표하니
발표하다,발표하다
발표하다,발표하다가
발표하다,발표하다가는
발표하다,발표하다간
발표하다,발표하다니
발표하다,발표하다마다
발표하다,발표하더니
발표하다,발표하더니라
발표하다,발표하더라
발표하다,발표하더라니까
발표하다,발표하더라도
발표하다,발표하더라며
발표하다,발표하더라면
발표하다,발표하더라면서
발표하다,발표하더람
발표하다,발표하던
발표하다,발표하던가
발표하다,발표하던데
발표하다,발표하던지
발표하다,발표하데
발표하다,발표하데요
발표하다,발표하도다
발표하다,발표하되
발표하다,발표하든
발표하다,발표하든지
발표하다,발표하듯
발표하다,발표하듯이
발표하다,발표하죠
발표하다,발표하지마는
발표하다,발표하지만
발표하다,발표하지요
발표하다,발표한걸
발표하다,발표한들
발표하다,발표하나마
발표하다,발표하니까
발표하다,발표할
발표하다,발표할걸
발표하다,발표할까
발표하다,발표할는지
발표하다,발표할라
발표하다,발표할라고
발표하다,발표할러니
발표하다,발표할러라
발표하다,발표할런고
발표하다,발표할망정
발표하다,발표할밖에
발표하다,발표할뿐더러
발표하다,발표할수록
발표하다,발표할지라도
발표하다,발표하며
발표하다,발표하면
발표하다,발표하면서
발표하다,발표하세요
발표하다,발표하셔요
발표하다,발표하지
발표하다,발표하건대
발표하다,발표하나니
발표하다,발표하느라
발표하다,발표하느라고
발표하다,발표하는구나
발표하다,발표하는군
발표하다,발표하도록
발표하다,발표하자
발표하다,발표하자고
발표하다,발표하자꾸나
발표하다,발표하자느니
발표하다,발표하자니까
발표하다,발표하자마자
발표하다,발표하자며
발표하다,발표하자면
발표하다,발표하자면서
발표하다,발표한
발표하다,발표한다
발표하다,발표한다고
발표하다,발표한다나
발표하다,발표한다네
발표하다,발표한다느니
발표하다,발표한다니
발표하다,발표한다니까
발표하다,발표한다더라
발표하다,발표한다며
발표하다,발표한다면
발표하다,발표한다면서
발표하다,발표한답니까
발표하다,발표한답니다
발표하다,발표한답시고
발표하다,발표한대
발표하다,발표한대요
발표하다,발표할거나
발표하다,발표할게
발표하다,발표할래
발표하다,발표하라고
발표하다,발표하러
발표하다,발표하려
발표하다,발표합시다
발표하다,발표하세
발표하다,발표하시라
발표하다,발표하십시다
발표하다,발표하십시오
발표하다,발표하고자
발표하다,발표하느냐
발표하다,발표하느냐고
발표하다,발표하느니
발표하다,발표하느니만
발표하다,발표하느니만큼
발표하다,발표하는
발표하다,발표하는걸
발표하다,발표하는데
발표하다,발표하는지
알리다,알리거나
알리다,알리거늘
알리다,알리거니
알리다,알리거든
알리다,알리건
알리다,알리것다
알리다,알리게
알리다,알리겠
알리다,알리고
알리다,알리고말고
알리다,알리기로
알리다,알리기로니
알리다,알리기로서
알리다,알리기로서니
알리다,알리기에
알리다,알리네
알리다,알리니
알리다,알리다
알리다,알리다가
알리다,알리다가는
알리다,알리다간
알리다,알리다니
알리다,알리다마다
알리다,알리더니
알리다,알리더니라
알리다,알리더라
알리다,알리더라니까
알리다,알리더라도
알리다,알리더라며
알리다,알리더라면
알리다,알리더라면서
알리다,알리더람
알리다,알리던
알리다,알리던가
알리다,알리던데
알리다,알리던지
알리다,알리데
알리다,알리데요
알리다,알리도다
알리다,알리되
알리다,알리든
알리다,알리든지
알리다,알리듯
알리다,알리듯이
알리다,알리죠
알리다,알리지마는
알리다,알리지만
알리다,알리지요
알리다,알린걸
알리다,알린들
알리다,알리나마
알리다,알리니까
알리다,알릴
알리다,알릴걸
알리다,알릴까
알리다,알릴는지
알리다,알릴라
알리다,알릴라고
알리다,알릴러니
알리다,알릴러라
알리다,알릴런고
알리다,알릴망정
알리다,알릴밖에
알리다,알릴뿐더러
알리다,알릴수록
알리다,알릴지라도
알리다,알리며
알리다,알리면
알리다,알리면서
알리다,알리세요
알리다,알리셔요
알리다,알리지
알리다,알리건대
알리다,알리나니
알리다,알리느라
알리다,알리느라고
알리다,알리는구나
알리다,알리는군
알리다,알리도록
알리다,알리자
알리다,알리자고
알리다,알리자꾸나
알리다,알리자느니
알리다,알리자니까
알리다,알리자마자
알리다,알리자며
알리다,알리자면
알리다,알리자면서
알리다,알린
알리다,알린다
알리다,알린다고
알리다,알린다나
알리다,알린다네
알리다,알린다느니
알리다,알린다니
알리다,알린다니까
알리다,알린다더라
알리다,알린다며
알리다,알린다면
알리다,알린다면서
알리다,알린답니까
알리다,알린답니다
알리다,알린답시고
알리다,알린대
알리다,알린대요
알리다,알릴거나
알리다,알릴게
알리다,알릴래
알리다,알리라고
알리다,알리러
알리다,알리려
알리다,알립시다
알리다,알리세
알리다,알리시라
알리다,알리십시다
알리다,알리십시오
알리다,알리고자
알리다,알리느냐
알리다,알리느냐고
알리다,알리느니
알리다,알리느니만
알리다,알리느니만큼
알리다,알리는
알리다,알리는걸
알리다,알리는데
알리다,알리는지
예상하다,예상하거나
예상하다,예상하거늘
예상하다,예상하거니
예상하다,예상하거든
예상하다,예상하건
예상하다,예상하것다
예상하다,예상하게
예상하다,예상하겠
예상하다,예상하고
예상하다,예상하고말고
예상하다,예상하기로
예상하다,예상하기로니
예상하다,예상하기로서
예상하다,예상하기로서니
예상하다,예상하기에
예상하다,예상하네
예상하다,예상하니
예상하다,예상하다
예상하다,예상하다가
예상하다,예상하다가는
예상하다,예상하다간
예상하다,예상하다니
예상하다,예상하다마다
예상하다,예상하더니
예상하다,예상하더니라
예상하다,예상하더라
예상하다,예상하더라니까
예상하다,예상하더라도
예상하다,예상하더라며
예상하다,예상하더라면
예상하다,예상하더라면서
예상하다,예상하더람
예상하다,예상하던
예상하다,예상하던가
예상하다,예상하던데
예상하다,예상하던지
예상하다,예상하데
예상하다,예상하데요
예상하다,예상하도다
예상하다,예상하되
예상하다,예상하든
예상하다,예상하든지
예상하다,예상하듯
예상하다,예상하듯이
예상하다,예상하죠
예상하다,예상하지마는
예상하다,예상하지만
예상하다,예상하지요
예상하다,예상한걸
예상하다,예상한들
예상하다,예상하나마
예상하다,예상하니까
예상하다,예상할
예상하다,예상할걸
예상하다,예상할까
예상하다,예상할는지
예상하다,예상할라
예상하다,예상할라고
예상하다,예상할러니
예상하다,예상할러라
예상하다,예상할런고
예상하다,예상할망정
예상하다,예상할밖에
예상하다,예상할뿐더러
예상하다,예상할수록
예상하다,예상할지라도
예상하다,예상하며
예상하다,예상하면
예상하다,예상하면서
예상하다,예상하세요
예상하다,예상하셔요
예상하다,예상하지
예상하다,예상하건대
예상하다,예상하나니
예상하다,예상하느라
예상하다,예상하느라고
예상하다,예상하는구나
예상하다,예상하는군
예상하다,예상하도록
예상하다,예상하자
예상하다,예상하자고
예상하다,예상하자꾸나
예상하다,예상하자느니
예상하다,예상하자니까
예상하다,예상하자마자
예상하다,예상하자며
예상하다,예상하자면
예상하다,예상하자면서
예상하다,예상한
예상하다,예상한다
예상하다,예상한다고
예상하다,예상한다나
예상하다,예상한다네
예상하다,예상한다느니
예상하다,예상한다니
예상하다,예상한다니까
예상하다,예상한다더라
예상하다,예상한다며
예상하다,예상한다면
예상하다,예상한다면서
예상하다,예상한답니까
예상하다,예상한답니다
예상하다,예상한답시고
예상하다,예상한대
예상하다,예상한대요
예상하다,예상할거나
예상하다,예상할게
예상하다,예상할래
예상하다,예상하라고
예상하다,예상하러
예상하다,예상하려
예상하다,예상합시다
예상하다,예상하세
예상하다,예상하시라
예상하다,예상하십시다
예상하다,예상하십시오
예상하다,예상하고자
예상하다,예상하느냐
예상하다,예상하느냐고
예상하다,예상하느니
예상하다,예상하느니만
예상하다,예상하느니만큼
예상하다,예상하는
예상하다,예상하는걸
예상하다,예상하는데
예상하다,예상하는지
예측하다,예측하거나
예측하다,예측하거늘
예측하다,예측하거니
예측하다,예측하거든
예측하다,예측하건
예측하다,예측하것다
예측하다,예측하게
예측하다,예측하겠
예측하다,예측하고
예측하다,예측하고말고
예측하다,예측하기로
예측하다,예측하기로니
예측하다,예측하기로서
예측하다,예측하기로서니
예측하다,예측하기에
예측하다,예측하네
예측하다,예측하니
예측하다,예측하다
예측하다,예측하다가
예측하다,예측하다가는
예측하다,예측하다간
예측하다,예측하다니
예측하다,예측하다마다
예측하다,예측하더니
예측하다,예측하더니라
예측하다,예측하더라
예측하다,예측하더라니까
예측하다,예측하더라도
예측하다,예측하더라며
예측하다,예측하더라면
예측하다,예측하더라면서
예측하다,예측하더람
예측하다,예측하던
예측하다,예측하던가
예측하다,예측하던데
예측하다,예측하던지
예측하다,예측하데
예측하다,예측하데요
예측하다,예측하도다
예측하다,예측하되
예측하다,예측하든
예측하다,예측하든지
예측하다,예측하듯
예측하다,예측하듯이
예측하다,예측하죠
예측하다,예측하지마는
예측하다,예측하지만
예측하다,예측하지요
예측하다,예측한걸
예측하다,예측한들
예측하다,예측하나마
예측하다,예측하니까
예측하다,예측할
예측하다,예측할걸
예측하다,예측할까
예측하다,예측할는지
예측하다,예측할라
예측하다,예측할라고
예측하다,예측할러니
예측하다,예측할러라
예측하다,예측할런고
예측하다,예측할망정
예측하다,예측할밖에
예측하다,예측할뿐더러
예측하다,예측할수록
예측하다,예측할지라도
예측하다,예측하며
예측하다,예측하면
예측하다,예측하면서
예측하다,예측하세요
예측하다,예측하셔요
예측하다,예측하지
예측하다,예측하건대
예측하다,예측하나니
예측하다,예측하느라
예측하다,예측하느라고
예측하다,예측하는구나
예측하다,예측하는군
예측하다,예측하도록
예측하다,예측하자
예측하다,예측하자고
예측하다,예측하자꾸나
예측하다,예측하자느니
예측하다,예측하자니까
예측하다,예측하자마자
예측하다,예측하자며
예측하다,예측하자면
예측하다,예측하자면서
예측하다,예측한
예측하다,예측한다
예측하다,예측한다고
예측하다,예측한다나
예측하다,예측한다네
예측하다,예측한다느니
예측하다,예측한다니
예측하다,예측한다니까
예측하다,예측한다더라
예측하다,예측한다며
예측하다,예측한다면
예측하다,예측한다면서
예측하다,예측한답니까
예측하다,예측한답니다
예측하다,예측한답시고
예측하다,예측한대
예측하다,예측한대요
예측하다,예측할거나
예측하다,예측할게
예측하다,예측할래
예측하다,예측하라고
예측하다,예측하러
예측하다,예측하려
예측하다,예측합시다
예측하다,예측하세
예측하다,예측하시라
예측하다,예측하십시다
예측하다,예측하십시오
예측하다,예측하고자
예측하다,예측하느냐
예측하다,예측하느냐고
예측하다,예측하느니
예측하다,예측하느니만
예측하다,예측하느니만큼
예측하다,예측하는
예측하다,예측하는걸
예측하다,예측하는데
예측하다,예측하는지
기대하다,기대하거나
기대하다,기대하거늘
기대하다,기대하거니
기대하다,기대하거든
기대하다,기대하건
기대하다,기대하것다
기대하다,기대하게
기대하다,기대하겠
기대하다,기대하고
기대하다,기대하고말고
기대하다,기대하기로
기대하다,기대하기로니
기대하다,기대하기로서
기대하다,기대하기로서니
기대하다,기대하기에
기대하다,기대하네
기대하다,기대하니
기대하다,기대하다
기대하다,기대하다가
기대하다,기대하다가는
기대하다,기대하다간
기대하다,기대하다니
기대하다,기대하다마다
기대하다,기대하더니
기대하다,기대하더니라
기대하다,기대하더라
기대하다,기대하더라니까
기대하다,기대하더라도
기대하다,기대하더라며
기대하다,기대하더라면
기대하다,기대하더라면서
기대하다,기대하더람
기대하다,기대하던
기대하다,기대하던가
기대하다,기대하던데
기대하다,기대하던지
기대하다,기대하데
기대하다,기대하데요
기대하다,기대하도다
기대하다,기대하되
기대하다,기대하든
기대하다,기대하든지
기대하다,기대하듯
기대하다,기대하듯이
기대하다,기대하죠
기대하다,기대하지마는
기대하다,기대하지만
기대하다,기대하지요
기대하다,기대한걸
기대하다,기대한들
기대하다,기대하나마
기대하다,기대하니까
기대하다,기대할
기대하다,기대할걸
기대하다,기대할까
기대하다,기대할는지
기대하다,기대할라
기대하다,기대할라고
기대하다,기대할러니
기대하다,기대할러라
기대하다,기대할런고
기대하다,기대할망정
기대하다,기대할밖에
기대하다,기대할뿐더러
기대하다,기대할수록
기대하다,기대할지라도
기대하다,기대하며
기대하다,기대하면
기대하다,기대하면서
기대하다,기대하세요
기대하다,기대하셔요
기대하다,기대하지
기대하다,기대하건대
기대하다,기대하나니
기대하다,기대하느라
기대하다,기대하느라고
기대하다,기대하는구나
기대하다,기대하는군
기대하다,기대하도록
기대하다,기대하자
기대하다,기대하자고
기대하다,기대하자꾸나
기대하다,기대하자느니
기대하다,기대하자니까
기대하다,기대하자마자
기대하다,기대하자며
기대하다,기대하자면
기대하다,기대하자면서
기대하다,기대한
기대하다,기대한다
기대하다,기대한다고
기대하다,기대한다나
기대하다,기대한다네
기대하다,기대한다느니
기대하다,기대한다니
기대하다,기대한다니까
기대하다,기대한다더라
기대하다,기대한다며
기대하다,기대한다면
기대하다,기대한다면서
기대하다,기대한답니까
기대하다,기대한답니다
기대하다,기대한답시고
기대하다,기대한대
기대하다,기대한대요
기대하다,기대할거나
기대하다,기대할게
기대하다,기대할래
기대하다,기대하라고
기대하다,기대하러
기대하다,기대하려
기대하다,기대합시다
기대하다,기대하세
기대하다,기대하시라
기대하다,기대하십시다
기대하다,기대하십시오
기대하다,기대하고자
기대하다,기대하느냐
기대하다,기대하느냐고
기대하다,기대하느니
기대하다,기대하느니만
기대하다,기대하느니만큼
기대하다,기대하는
기대하다,기대하는걸
기대하다,기대하는데
기대하다,기대하는지
사과하다,사과하거나
사과하다,사과하거늘
사과하다,사과하거니
사과하다,사과하거든
사과하다,사과하건
사과하다,사과하것다
사과하다,사과하게
사과하다,사과하겠
사과하다,사과하고
사과하다,사과하고말고
사과하다,사과하기로
사과하다,사과하기로니
사과하다,사과하기로서
사과하다,사과하기로서니
사과하다,사과하기에
사과하다,사과하네
사과하다,사과하니
사과하다,사과하다
사과하다,사과하다가
사과하다,사과하다가는
사과하다,사과하다간
사과하다,사과하다니
사과하다,사과하다마다
사과하다,사과하더니
사과하다,사과하더니라
사과하다,사과하더라
사과하다,사과하더라니까
사과하다,사과하더라도
사과하다,사과하더라며
사과하다,사과하더라면
사과하다,사과하더라면서
사과하다,사과하더람
사과하다,사과하던
사과하다,사과하던가
사과하다,사과하던데
사과하다,사과하던지
사과하다,사과하데
사과하다,사과하데요
사과하다,사과하도다
사과하다,사과하되
사과하다,사과하든
사과하다,사과하든지
사과하다,사과하듯
사과하다,사과하듯이
사과하다,사과하죠
사과하다,사과하지마는
사과하다,사과하지만
사과하다,사과하지요
사과하다,사과한걸
사과하다,사과한들
사과하다,사과하나마
사과하다,사과하니까
사과하다,사과할
사과하다,사과할걸
사과하다,사과할까
사과하다,사과할는지
사과하다,사과할라
사과하다,사과할라고
사과하다,사과할러니
사과하다,사과할러라
사과하다,사과할런고
사과하다,사과할망정
사과하다,사과할밖에
사과하다,사과할뿐더러
사과하다,사과할수록
사과하다,사과할지라도
사과하다,사과하며
사과하다,사과하면
사과하다,사과하면서
사과하다,사과하세요
사과하다,사과하셔요
사과하다,사과하지
사과하다,사과하건대
사과하다,사과하나니
사과하다,사과하느라
사과하다,사과하느라고
사과하다,사과하는구나
사과하다,사과하는군
사과하다,사과하도록
사과하다,사과하자
사과하다,사과하자고
사과하다,사과하자꾸나
사과하다,사과하자느니
사과하다,사과하자니까
사과하다,사과하자마자
사과하다,사과하자며
사과하다,사과하자면
사과하다,사과하자면서
사과하다,사과한
사과하다,사과한다
사과하다,사과한다고
사과하다,사과한다나
사과하다,사과한다네
사과하다,사과한다느니
사과하다,사과한다니
사과하다,사과한다니까
사과하다,사과한다더라
사과하다,사과한다며
사과하다,사과한다면
사과하다,사과한다면서
사과하다,사과한답니까
사과하다,사과한답니다
사과하다,사과한답시고
사과하다,사과한대
사과하다,사과한대요
사과하다,사과할거나
사과하다,사과할게
사과하다,사과할래
사과하다,사과하라고
사과하다,사과하러
사과하다,사과하려
사과하다,사과합시다
사과하다,사과하세
사과하다,사과하시라
사과하다,사과하십시다
사과하다,사과하십시오
사과하다,사과하고자
사과하다,사과하느냐
사과하다,사과하느냐고
사과하다,사과하느니
사과하다,사과하느니만
사과하다,사과하느니만큼
사과하다,사과하는
사과하다,사과하는걸
사과하다,사과하는데
사과하다,사과하는지
나타나다,나타나거나
나타나다,나타나거늘
나타나다,나타나거니
나타나다,나타나거든
나타나다,나타나건
나타나다,나타나것다
나타나다,나타나게
나타나다,나타나겠
나타나다,나타나고
나타나다,나타나고말고
나타나다,나타나기로
나타나다,나타나기로니
나타나다,나타나기로서
나타나다,나타나기로서니
나타나다,나타나기에
나타나다,나타나네
나타나다,나타나니
나타나다,나타나다
나타나다,나타나다가
나타나다,나타나다가는
나타나다,나타나다간
나타나다,나타나다니
나타나다,나타나다마다
나타나다,나타나더니
나타나다,나타나더니라
나타나다,나타나더라
나타나다,나타나더라니까
나타나다,나타나더라도
나타나다,나타나더라며
나타나다,나타나더라면
나타나다,나타나더라면서
나타나다,나타나더람
나타나다,나타나던
나타나다,나타나던가
나타나다,나타나던데
나타나다,나타나던지
나타나다,나타나데
나타나다,나타나데요
나타나다,나타나도다
나타나다,나타나되
나타나다,나타나든
나타나다,나타나든지
나타나다,나타나듯
나타나다,나타나듯이
나타나다,나타나죠
나타나다,나타나지마는
나타나다,나타나지만
나타나다,나타나지요
나타나다,나타난걸
나타나다,나타난들
나타나다,나타나나마
나타나다,나타나니까
나타나다,나타날
나타나다,나타날걸
나타나다,나타날까
나타나다,나타날는지
나타나다,나타날라
나타나다,나타날라고
나타나다,나타날러니
나타나다,나타날러라
나타나다,나타날런고
나타나다,나타날망정
나타나다,나타날밖에
나타나다,나타날뿐더러
나타나다,나타날수록
나타나다,나타날지라도
나타나다,나타나며
나타나다,나타나면
나타나다,나타나면서
나타나다,나타나세요
나타나다,나타나셔요
나타나다,나타나지
나타나다,나타나도
나타나다,나타나서
나타나다,나타나야
나타나다,나타나야만
나타나다,나타나야지
나타나다,나타나요
나타나다,나타나건대
나타나다,나타나나니
나타나다,나타나느라
나타나다,나타나느라고
나타나다,나타나는구나
나타나다,나타나는군
나타나다,나타나도록
나타나다,나타나자
나타나다,나타나자고
나타나다,나타나자꾸나
나타나다,나타나자느니
나타나다,나타나자니까
나타나다,나타나자마자
나타나다,나타나자며
나타나다,나타나자면
나타나다,나타나자면서
나타나다,나타난
나타나다,나타난다
나타나다,나타난다고
나타나다,나타난다나
나타나다,나타난다네
나타나다,나타난다느니
나타나다,나타난다니
나타나다,나타난다니까
나타나다,나타난다더라
나타나다,나타난다며
나타나다,나타난다면
나타나다,나타난다면서
나타나다,나타난답니까
나타나다,나타난답니다
나타나다,나타난답시고
나타나다,나타난대
나타나다,나타난대요
나타나다,나타날거나
나타나다,나타날게
나타나다,나타날래
나타나다,나타나라고
나타나다,나타나러
나타나다,나타나려
나타나다,나타납시다
나타나다,나타나세
나타나다,나타나시라
나타나다,나타나십시다
나타나다,나타나십시오
나타나다,나타나고자
나타나다,나타나느냐
나타나다,나타나느냐고
나타나다,나타나느니
나타나다,나타나느니만
나타나다,나타나느니만큼
나타나다,나타나는
나타나다,나타나는걸
나타나다,나타나는데
나타나다,나타나는지
보이기 시작하다,시작하거나
보이기 시작하다,시작하거늘
보이기 시작하다,시작하거니
보이기 시작하다,시작하거든
보이기 시작하다,시작하건
보이기 시작하다,시작하것다
보이기 시작하다,시작하게
보이기 시작하다,시작하겠
보이기 시작하다,시작하고
보이기 시작하다,시작하고말고
보이기 시작하다,시작하기로
보이기 시작하다,시작하기로니
보이기 시작하다,시작하기로서
보이기 시작하다,시작하기로서니
보이기 시작하다,시작하기에
보이기 시작하다,시작하네
보이기 시작하다,시작하니
보이기 시작하다,시작하다
보이기 시작하다,시작하다가
보이기 시작하다,시작하다가는
보이기 시작하다,시작하다간
보이기 시작하다,시작하다니
보이기 시작하다,시작하다마다
보이기 시작하다,시작하더니
보이기 시작하다,시작하더니라
보이기 시작하다,시작하더라
보이기 시작하다,시작하더라니까
보이기 시작하다,시작하더라도
보이기 시작하다,시작하더라며
보이기 시작하다,시작하더라면
보이기 시작하다,시작하더라면서
보이기 시작하다,시작하더람
보이기 시작하다,시작하던
보이기 시작하다,시작하던가
보이기 시작하다,시작하던데
보이기 시작하다,시작하던지
보이기 시작하다,시작하데
보이기 시작하다,시작하데요
보이기 시작하다,시작하도다
보이기 시작하다,시작하되
보이기 시작하다,시작하든
보이기 시작하다,시작하든지
보이기 시작하다,시작하듯
보이기 시작하다,시작하듯이
보이기 시작하다,시작하죠
보이기 시작하다,시작하지마는
보이기 시작하다,시작하지만
보이기 시작하다,시작하지요
보이기 시작하다,시작한걸
보이기 시작하다,시작한들
보이기 시작하다,시작하나마
보이기 시작하다,시작하니까
보이기 시작하다,시작할
보이기 시작하다,시작할걸
보이기 시작하다,시작할까
보이기 시작하다,시작할는지
보이기 시작하다,시작할라
보이기 시작하다,시작할라고
보이기 시작하다,시작할러니
보이기 시작하다,시작할러라
보이기 시작하다,시작할런고
보이기 시작하다,시작할망정
보이기 시작하다,시작할밖에
보이기 시작하다,시작할뿐더러
보이기 시작하다,시작할수록
보이기 시작하다,시작할지라도
보이기 시작하다,시작하며
보이기 시작하다,시작하면
보이기 시작하다,시작하면서
보이기 시작하다,시작하세요
보이기 시작하다,시작하셔요
보이기 시작하다,시작하지
보이기 시작하다,시작하건대
보이기 시작하다,시작하나니
보이기 시작하다,시작하느라
보이기 시작하다,시작하느라고
보이기 시작하다,시작하는구나
보이기 시작하다,시작하는군
보이기 시작하다,시작하도록
보이기 시작하다,시작하자
보이기 시작하다,시작하자고
보이기 시작하다,시작하자꾸나
보이기 시작하다,시작하자느니
보이기 시작하다,시작하자니까
보이기 시작하다,시작하자마자
보이기 시작하다,시작하자며
보이기 시작하다,시작하자면
보이기 시작하다,시작하자면서
보이기 시작하다,시작한
보이기 시작하다,시작한다
보이기 시작하다,시작한다고
보이기 시작하다,시작한다나
보이기 시작하다,시작한다네
보이기 시작하다,시작한다느니
보이기 시작하다,시작한다니
보이기 시작하다,시작한다니까
보이기 시작하다,시작한다더라
보이기 시작하다,시작한다며
보이기 시작하다,시작한다면
보이기 시작하다,시작한다면서
보이기 시작하다,시작한답니까
보이기 시작하다,시작한답니다
보이기 시작하다,시작한답시고
보이기 시작하다,시작한대
보이기 시작하다,시작한대요
보이기 시작하다,시작할거나
보이기 시작하다,시작할게
보이기 시작하다,시작할래
보이기 시작하다,시작하라고
보이기 시작하다,시작하러
보이기 시작하다,시작하려
보이기 시작하다,시작합시다
보이기 시작하다,시작하세
보이기 시작하다,시작하시라
보이기 시작하다,시작하십시다
보이기 시작하다,시작하십시오
보이기 시작하다,시작하고자
보이기 시작하다,시작하느냐
보이기 시작하다,시작하느냐고
보이기 시작하다,시작하느니
보이기 시작하다,시작하느니만
보이기 시작하다,시작하느니만큼
보이기 시작하다,시작하는
보이기 시작하다,시작하는걸
보이기 시작하다,시작하는데
보이기 시작하다,시작하는지
생기다,생기거나
생기다,생기거늘
생기다,생기거니
생기다,생기거든
생기다,생기건
생기다,생기것다
생기다,생기게
생기다,생기겠
생기다,생기고
생기다,생기고말고
생기다,생기기로
생기다,생기기로니
생기다,생기기로서
생기다,생기기로서니
생기다,생기기에
생기다,생기네
생기다,생기니
생기다,생기다
생기다,생기다가
생기다,생기다가는
생기다,생기다간
생기다,생기다니
생기다,생기다마다
생기다,생기더니
생기다,생기더니라
생기다,생기더라
생기다,생기더라니까
생기다,생기더라도
생기다,생기더라며
생기다,생기더라면
생기다,생기더라면서
생기다,생기더람
생기다,생기던
생기다,생기던가
생기다,생기던데
생기다,생기던지
생기다,생기데
생기다,생기데요
생기다,생기도다
생기다,생기되
생기다,생기든
생기다,생기든지
생기다,생기듯
생기다,생기듯이
생기다,생기죠
생기다,생기지마는
생기다,생기지만
생기다,생기지요
생기다,생긴걸
생기다,생긴들
생기다,생기나마
생기다,생기니까
생기다,생길
생기다,생길걸
생기다,생길까
생기다,생길는지
생기다,생길라
생기다,생길라고
생기다,생길러니
생기다,생길러라
생기다,생길런고
생기다,생길망정
생기다,생길밖에
생기다,생길뿐더러
생기다,생길수록
생기다,생길지라도
생기다,생기며
생기다,생기면
생기다,생기면서
생기다,생기세요
생기다,생기셔요
생기다,생기지
생기다,생기건대
생기다,생기나니
생기다,생기느라
생기다,생기느라고
생기다,생기는구나
생기다,생기는군
생기다,생기도록
생기다,생기자
생기다,생기자고
생기다,생기자꾸나
생기다,생기자느니
생기다,생기자니까
생기다,생기자마자
생기다,생기자며
생기다,생기자면
생기다,생기자면서
생기다,생긴
생기다,생긴다
생기다,생긴다고
생기다,생긴다나
생기다,생긴다네
생기다,생긴다느니
생기다,생긴다니
생기다,생긴다니까
생기다,생긴다더라
생기다,생긴다며
생기다,생긴다면
생기다,생긴다면서
생기다,생긴답니까
생기다,생긴답니다
생기다,생긴답시고
생기다,생긴대
생기다,생긴대요
생기다,생길거나
생기다,생길게
생기다,생길래
생기다,생기라고
생기다,생기러
생기다,생기려
생기다,생깁시다
생기다,생기세
생기다,생기시라
생기다,생기십시다
생기다,생기십시오
생기다,생기고자
생기다,생기느냐
생기다,생기느냐고
생기다,생기느니
생기다,생기느니만
생기다,생기느니만큼
생기다,생기는
생기다,생기는걸
생기다,생기는데
생기다,생기는지
발생하다,발생하거나
발생하다,발생하거늘
발생하다,발생하거니
발생하다,발생하거든
발생하다,발생하건
발생하다,발생하것다
발생하다,발생하게
발생하다,발생하겠
발생하다,발생하고
발생하다,발생하고말고
발생하다,발생하기로
발생하다,발생하기로니
발생하다,발생하기로서
발생하다,발생하기로서니
발생하다,발생하기에
발생하다,발생하네
발생하다,발생하니
발생하다,발생하다
발생하다,발생하다가
발생하다,발생하다가는
발생하다,발생하다간
발생하다,발생하다니
발생하다,발생하다마다
발생하다,발생하더니
발생하다,발생하더니라
발생하다,발생하더라
발생하다,발생하더라니까
발생하다,발생하더라도
발생하다,발생하더라며
발생하다,발생하더라면
발생하다,발생하더라면서
발생하다,발생하더람
발생하다,발생하던
발생하다,발생하던가
발생하다,발생하던데
발생하다,발생하던지
발생하다,발생하데
발생하다,발생하데요
발생하다,발생하도다
발생하다,발생하되
발생하다,발생하든
발생하다,발생하든지
발생하다,발생하듯
발생하다,발생하듯이
발생하다,발생하죠
발생하다,발생하지마는
발생하다,발생하지만
발생하다,발생하지요
발생하다,발생한걸
발생하다,발생한들
발생하다,발생하나마
발생하다,발생하니까
발생하다,발생할
발생하다,발생할걸
발생하다,발생할까
발생하다,발생할는지
발생하다,발생할라
발생하다,발생할라고
발생하다,발생할러니
발생하다,발생할러라
발생하다,발생할런고
발생하다,발생할망정
발생하다,발생할밖에
발생하다,발생할뿐더러
발생하다,발생할수록
발생하다,발생할지라도
발생하다,발생하며
발생하다,발생하면
발생하다,발생하면서
발생하다,발생하세요
발생하다,발생하셔요
발생하다,발생하지
발생하다,발생하건대
발생하다,발생하나니
발생하다,발생하느라
발생하다,발생하느라고
발생하다,발생하는구나
발생하다,발생하는군
발생하다,발생하도록
발생하다,발생하자
발생하다,발생하자고
발생하다,발생하자꾸나
발생하다,발생하자느니
발생하다,발생하자니까
발생하다,발생하자마자
발생하다,발생하자며
발생하다,발생하자면
발생하다,발생하자면서
발생하다,발생한
발생하다,발생한다
발생하다,발생한다고
발생하다,발생한다나
발생하다,발생한다네
발생하다,발생한다느니
발생하다,발생한다니
발생하다,발생한다니까
발생하다,발생한다더라
발생하다,발생한다며
발생하다,발생한다면
발생하다,발생한다면서
발생하다,발생한답니까
발생하다,발생한답니다
발생하다,발생한답시고
발생하다,발생한대
발생하다,발생한대요
발생하다,발생할거나
발생하다,발생할게
발생하다,발생할래
발생하다,발생하라고
발생하다,발생하러
발생하다,발생하려
발생하다,발생합시다
발생하다,발생하세
발생하다,발생하시라
발생하다,발생하십시다
발생하다,발생하십시오
발생하다,발생하고자
발생하다,발생하느냐
발생하다,발생하느냐고
발생하다,발생하느니
발생하다,발생하느니만
발생하다,발생하느니만큼
발생하다,발생하는
발생하다,발생하는걸
발생하다,발생하는데
발생하다,발생하는지
신청하다,신청하거나
신청하다,신청하거늘
신청하다,신청하거니
신청하다,신청하거든
신청하다,신청하건
신청하다,신청하것다
신청하다,신청하게
신청하다,신청하겠
신청하다,신청하고
신청하다,신청하고말고
신청하다,신청하기로
신청하다,신청하기로니
신청하다,신청하기로서
신청하다,신청하기로서니
신청하다,신청하기에
신청하다,신청하네
신청하다,신청하니
신청하다,신청하다
신청하다,신청하다가
신청하다,신청하다가는
신청하다,신청하다간
신청하다,신청하다니
신청하다,신청하다마다
신청하다,신청하더니
신청하다,신청하더니라
신청하다,신청하더라
신청하다,신청하더라니까
신청하다,신청하더라도
신청하다,신청하더라며
신청하다,신청하더라면
신청하다,신청하더라면서
신청하다,신청하더람
신청하다,신청하던
신청하다,신청하던가
신청하다,신청하던데
신청하다,신청하던지
신청하다,신청하데
신청하다,신청하데요
신청하다,신청하도다
신청하다,신청하되
신청하다,신청하든
신청하다,신청하든지
신청하다,신청하듯
신청하다,신청하듯이
신청하다,신청하죠
신청하다,신청하지마는
신청하다,신청하지만
신청하다,신청하지요
신청하다,신청한걸
신청하다,신청한들
신청하다,신청하나마
신청하다,신청하니까
신청하다,신청할
신청하다,신청할걸
신청하다,신청할까
신청하다,신청할는지
신청하다,신청할라
신청하다,신청할라고
신청하다,신청할러니
신청하다,신청할러라
신청하다,신청할런고
신청하다,신청할망정
신청하다,신청할밖에
신청하다,신청할뿐더러
신청하다,신청할수록
신청하다,신청할지라도
신청하다,신청하며
신청하다,신청하면
신청하다,신청하면서
신청하다,신청하세요
신청하다,신청하셔요
신청하다,신청하지
신청하다,신청하건대
신청하다,신청하나니
신청하다,신청하느라
신청하다,신청하느라고
신청하다,신청하는구나
신청하다,신청하는군
신청하다,신청하도록
신청하다,신청하자
신청하다,신청하자고
신청하다,신청하자꾸나
신청하다,신청하자느니
신청하다,신청하자니까
신청하다,신청하자마자
신청하다,신청하자며
신청하다,신청하자면
신청하다,신청하자면서
신청하다,신청한
신청하다,신청한다
신청하다,신청한다고
신청하다,신청한다나
신청하다,신청한다네
신청하다,신청한다느니
신청하다,신청한다니
신청하다,신청한다니까
신청하다,신청한다더라
신청하다,신청한다며
신청하다,신청한다면
신청하다,신청한다면서
신청하다,신청한답니까
신청하다,신청한답니다
신청하다,신청한답시고
신청하다,신청한대
신청하다,신청한대요
신청하다,신청할거나
신청하다,신청할게
신청하다,신청할래
신청하다,신청하라고
신청하다,신청하러
신청하다,신청하려
신청하다,신청합시다
신청하다,신청하세
신청하다,신청하시라
신청하다,신청하십시다
신청하다,신청하십시오
신청하다,신청하고자
신청하다,신청하느냐
신청하다,신청하느냐고
신청하다,신청하느니
신청하다,신청하느니만
신청하다,신청하느니만큼
신청하다,신청하는
신청하다,신청하는걸
신청하다,신청하는데
신청하다,신청하는지
지원하다,지원하거나
지원하다,지원하거늘
지원하다,지원하거니
지원하다,지원하거든
지원하다,지원하건
지원하다,지원하것다
지원하다,지원하게
지원하다,지원하겠
지원하다,지원하고
지원하다,지원하고말고
지원하다,지원하기로
지원하다,지원하기로니
지원하다,지원하기로서
지원하다,지원하기로서니
지원하다,지원하기에
지원하다,지원하네
지원하다,지원하니
지원하다,지원하다
지원하다,지원하다가
지원하다,지원하다가는
지원하다,지원하다간
지원하다,지원하다니
지원하다,지원하다마다
지원하다,지원하더니
지원하다,지원하더니라
지원하다,지원하더라
지원하다,지원하더라니까
지원하다,지원하더라도
지원하다,지원하더라며
지원하다,지원하더라면
지원하다,지원하더라면서
지원하다,지원하더람
지원하다,지원하던
지원하다,지원하던가
지원하다,지원하던데
지원하다,지원하던지
지원하다,지원하데
지원하다,지원하데요
지원하다,지원하도다
지원하다,지원하되
지원하다,지원하든
지원하다,지원하든지
지원하다,지원하듯
지원하다,지원하듯이
지원하다,지원하죠
지원하다,지원하지마는
지원하다,지원하지만
지원하다,지원하지요
지원하다,지원한걸
지원하다,지원한들
지원하다,지원하나마
지원하다,지원하니까
지원하다,지원할
지원하다,지원할걸
지원하다,지원할까
지원하다,지원할는지
지원하다,지원할라
지원하다,지원할라고
지원하다,지원할러니
지원하다,지원할러라
지원하다,지원할런고
지원하다,지원할망정
지원하다,지원할밖에
지원하다,지원할뿐더러
지원하다,지원할수록
지원하다,지원할지라도
지원하다,지원하며
지원하다,지원하면
지원하다,지원하면서
지원하다,지원하세요
지원하다,지원하셔요
지원하다,지원하지
지원하다,지원하건대
지원하다,지원하나니
지원하다,지원하느라
지원하다,지원하느라고
지원하다,지원하는구나
지원하다,지원하는군
지원하다,지원하도록
지원하다,지원하자
지원하다,지원하자고
지원하다,지원하자꾸나
지원하다,지원하자느니
지원하다,지원하자니까
지원하다,지원하자마자
지원하다,지원하자며
지원하다,지원하자면
지원하다,지원하자면서
지원하다,지원한
지원하다,지원한다
지원하다,지원한다고
지원하다,지원한다나
지원하다,지원한다네
지원하다,지원한다느니
지원하다,지원한다니
지원하다,지원한다니까
지원하다,지원한다더라
지원하다,지원한다며
지원하다,지원한다면
지원하다,지원한다면서
지원하다,지원한답니까
지원하다,지원한답니다
지원하다,지원한답시고
지원하다,지원한대
지원하다,지원한대요
지원하다,지원할거나
지원하다,지원할게
지원하다,지원할래
지원하다,지원하라고
지원하다,지원하러
지원하다,지원하려
지원하다,지원합시다
지원하다,지원하세
지원하다,지원하시라
지원하다,지원하십시다
지원하다,지원하십시오
지원하다,지원하고자
지원하다,지원하느냐
지원하다,지원하느냐고
지원하다,지원하느니
지원하다,지원하느니만
지원하다,지원하느니만큼
지원하다,지원하는
지원하다,지원하는걸
지원하다,지원하는데
지원하다,지원하는지
적용하다,적용하거나
적용하다,적용하거늘
적용하다,적용하거니
적용하다,적용하거든
적용하다,적용하건
적용하다,적용하것다
적용하다,적용하게
적용하다,적용하겠
적용하다,적용하고
적용하다,적용하고말고
적용하다,적용하기로
적용하다,적용하기로니
적용하다,적용하기로서
적용하다,적용하기로서니
적용하다,적용하기에
적용하다,적용하네
적용하다,적용하니
적용하다,적용하다
적용하다,적용하다가
적용하다,적용하다가는
적용하다,적용하다간
적용하다,적용하다니
적용하다,적용하다마다
적용하다,적용하더니
적용하다,적용하더니라
적용하다,적용하더라
적용하다,적용하더라니까
적용하다,적용하더라도
적용하다,적용하더라며
적용하다,적용하더라면
적용하다,적용하더라면서
적용하다,적용하더람
적용하다,적용하던
적용하다,적용하던가
적용하다,적용하던데
적용하다,적용하던지
적용하다,적용하데
적용하다,적용하데요
적용하다,적용하도다
적용하다,적용하되
적용하다,적용하든
적용하다,적용하든지
적용하다,적용하듯
적용하다,적용하듯이
적용하다,적용하죠
적용하다,적용하지마는
적용하다,적용하지만
적용하다,적용하지요
적용하다,적용한걸
적용하다,적용한들
적용하다,적용하나마
적용하다,적용하니까
적용하다,적용할
적용하다,적용할걸
적용하다,적용할까
적용하다,적용할는지
적용하다,적용할라
적용하다,적용할라고
적용하다,적용할러니
적용하다,적용할러라
적용하다,적용할런고
적용하다,적용할망정
적용하다,적용할밖에
적용하다,적용할뿐더러
적용하다,적용할수록
적용하다,적용할지라도
적용하다,적용하며
적용하다,적용하면
적용하다,적용하면서
적용하다,적용하세요
적용하다,적용하셔요
적용하다,적용하지
적용하다,적용하건대
적용하다,적용하나니
적용하다,적용하느라
적용하다,적용하느라고
적용하다,적용하는구나
적용하다,적용하는군
적용하다,적용하도록
적용하다,적용하자
적용하다,적용하자고
적용하다,적용하자꾸나
적용하다,적용하자느니
적용하다,적용하자니까
적용하다,적용하자마자
적용하다,적용하자며
적용하다,적용하자면
적용하다,적용하자면서
적용하다,적용한
적용하다,적용한다
적용하다,적용한다고
적용하다,적용한다나
적용하다,적용한다네
적용하다,적용한다느니
적용하다,적용한다니
적용하다,적용한다니까
적용하다,적용한다더라
적용하다,적용한다며
적용하다,적용한다면
적용하다,적용한다면서
적용하다,적용한답니까
적용하다,적용한답니다
적용하다,적용한답시고
적용하다,적용한대
적용하다,적용한대요
적용하다,적용할거나
적용하다,적용할게
적용하다,적용할래
적용하다,적용하라고
적용하다,적용하러
적용하다,적용하려
적용하다,적용합시다
적용하다,적용하세
적용하다,적용하시라
적용하다,적용하십시다
적용하다,적용하십시오
적용하다,적용하고자
적용하다,적용하느냐
적용하다,적용하느냐고
적용하다,적용하느니
적용하다,적용하느니만
적용하다,적용하느니만큼
적용하다,적용하는
적용하다,적용하는걸
적용하다,적용하는데
적용하다,적용하는지
바르다,바르거나
바르다,바르거늘
바르다,바르거니
바르다,바르거든
바르다,바르건
바르다,바르것다
바르다,바르게
바르다,바르겠
바르다,바르고
바르다,바르고말고
바르다,바르기로
바르다,바르기로니
바르다,바르기로서
바르다,바르기로서니
바르다,바르기에
바르다,바르네
바르다,바르니
바르다,바르다
바르다,바르다가
바르다,바르다가는
바르다,바르다간
바르다,바르다니
바르다,바르다마다
바르다,바르더니
바르다,바르더니라
바르다,바르더라
바르다,바르더라니까
바르다,바르더라도
바르다,바르더라며
바르다,바르더라면
바르다,바르더라면서
바르다,바르더람
바르다,바르던
바르다,바르던가
바르다,바르던데
바르다,바르던지
바르다,바르데
바르다,바르데요
바르다,바르도다
바르다,바르되
바르다,바르든
바르다,바르든지
바르다,바르듯
바르다,바르듯이
바르다,바르죠
바르다,바르지마는
바르다,바르지만
바르다,바르지요
바르다,바른걸
바르다,바른들
바르다,바르나마
바르다,바르니까
바르다,바를
바르다,바를걸
바르다,바를까
바르다,바를는지
바르다,바를라
바르다,바를라고
바르다,바를러니
바르다,바를러라
바르다,바를런고
바르다,바를망정
바르다,바를밖에
바르다,바를뿐더러
바르다,바를수록
바르다,바를지라도
바르다,바르며
바르다,바르면
바르다,바르면서
바르다,바르세요
바르다,바르셔요
바르다,바르지
바르다,바르건대
바르다,바르나니
바르다,바르느라
바르다,바르느라고
바르다,바르는구나
바르다,바르는군
바르다,바르도록
바르다,바르자
바르다,바르자고
바르다,바르자꾸나
바르다,바르자느니
바르다,바르자니까
바르다,바르자마자
바르다,바르자며
바르다,바르자면
바르다,바르자면서
바르다,바른
바르다,바른다
바르다,바른다고
바르다,바른다나
바르다,바른다네
바르다,바른다느니
바르다,바른다니
바르다,바른다니까
바르다,바른다더라
바르다,바른다며
바르다,바른다면
바르다,바른다면서
바르다,바른답니까
바르다,바른답니다
바르다,바른답시고
바르다,바른대
바르다,바른대요
바르다,바를거나
바르다,바를게
바르다,바를래
바르다,바르라고
바르다,바르러
바르다,바르려
바르다,바릅시다
바르다,바르세
바르다,바르시라
바르다,바르십시다
바르다,바르십시오
바르다,바르고자
바르다,바르느냐
바르다,바르느냐고
바르다,바르느니
바르다,바르느니만
바르다,바르느니만큼
바르다,바르는
바르다,바르는걸
바르다,바르는데
바르다,바르는지
접촉하다,접촉하거나
접촉하다,접촉하거늘
접촉하다,접촉하거니
접촉하다,접촉하거든
접촉하다,접촉하건
접촉하다,접촉하것다
접촉하다,접촉하게
접촉하다,접촉하겠
접촉하다,접촉하고
접촉하다,접촉하고말고
접촉하다,접촉하기로
접촉하다,접촉하기로니
접촉하다,접촉하기로서
접촉하다,접촉하기로서니
접촉하다,접촉하기에
접촉하다,접촉하네
접촉하다,접촉하니
접촉하다,접촉하다
접촉하다,접촉하다가
접촉하다,접촉하다가는
접촉하다,접촉하다간
접촉하다,접촉하다니
접촉하다,접촉하다마다
접촉하다,접촉하더니
접촉하다,접촉하더니라
접촉하다,접촉하더라
접촉하다,접촉하더라니까
접촉하다,접촉하더라도
접촉하다,접촉하더라며
접촉하다,접촉하더라면
접촉하다,접촉하더라면서
접촉하다,접촉하더람
접촉하다,접촉하던
접촉하다,접촉하던가
접촉하다,접촉하던데
접촉하다,접촉하던지
접촉하다,접촉하데
접촉하다,접촉하데요
접촉하다,접촉하도다
접촉하다,접촉하되
접촉하다,접촉하든
접촉하다,접촉하든지
접촉하다,접촉하듯
접촉하다,접촉하듯이
접촉하다,접촉하죠
접촉하다,접촉하지마는
접촉하다,접촉하지만
접촉하다,접촉하지요
접촉하다,접촉한걸
접촉하다,접촉한들
접촉하다,접촉하나마
접촉하다,접촉하니까
접촉하다,접촉할
접촉하다,접촉할걸
접촉하다,접촉할까
접촉하다,접촉할는지
접촉하다,접촉할라
접촉하다,접촉할라고
접촉하다,접촉할러니
접촉하다,접촉할러라
접촉하다,접촉할런고
접촉하다,접촉할망정
접촉하다,접촉할밖에
접촉하다,접촉할뿐더러
접촉하다,접촉할수록
접촉하다,접촉할지라도
접촉하다,접촉하며
접촉하다,접촉하면
접촉하다,접촉하면서
접촉하다,접촉하세요
접촉하다,접촉하셔요
접촉하다,접촉하지
접촉하다,접촉하건대
접촉하다,접촉하나니
접촉하다,접촉하느라
접촉하다,접촉하느라고
접촉하다,접촉하는구나
접촉하다,접촉하는군
접촉하다,접촉하도록
접촉하다,접촉하자
접촉하다,접촉하자고
접촉하다,접촉하자꾸나
접촉하다,접촉하자느니
접촉하다,접촉하자니까
접촉하다,접촉하자마자
접촉하다,접촉하자며
접촉하다,접촉하자면
접촉하다,접촉하자면서
접촉하다,접촉한
접촉하다,접촉한다
접촉하다,접촉한다고
접촉하다,접촉한다나
접촉하다,접촉한다네
접촉하다,접촉한다느니
접촉하다,접촉한다니
접촉하다,접촉한다니까
접촉하다,접촉한다더라
접촉하다,접촉한다며
접촉하다,접촉한다면
접촉하다,접촉한다면서
접촉하다,접촉한답니까
접촉하다,접촉한답니다
접촉하다,접촉한답시고
접촉하다,접촉한대
접촉하다,접촉한대요
접촉하다,접촉할거나
접촉하다,접촉할게
접촉하다,접촉할래
접촉하다,접촉하라고
접촉하다,접촉하러
접촉하다,접촉하려
접촉하다,접촉합시다
접촉하다,접촉하세
접촉하다,접촉하시라
접촉하다,접촉하십시다
접촉하다,접촉하십시오
접촉하다,접촉하고자
접촉하다,접촉하느냐
접촉하다,접촉하느냐고
접촉하다,접촉하느니
접촉하다,접촉하느니만
접촉하다,접촉하느니만큼
접촉하다,접촉하는
접촉하다,접촉하는걸
접촉하다,접촉하는데
접촉하다,접촉하는지
인가하다,인가하거나
인가하다,인가하거늘
인가하다,인가하거니
인가하다,인가하거든
인가하다,인가하건
인가하다,인가하것다
인가하다,인가하게
인가하다,인가하겠
인가하다,인가하고
인가하다,인가하고말고
인가하다,인가하기로
인가하다,인가하기로니
인가하다,인가하기로서
인가하다,인가하기로서니
인가하다,인가하기에
인가하다,인가하네
인가하다,인가하니
인가하다,인가하다
인가하다,인가하다가
인가하다,인가하다가는
인가하다,인가하다간
인가하다,인가하다니
인가하다,인가하다마다
인가하다,인가하더니
인가하다,인가하더니라
인가하다,인가하더라
인가하다,인가하더라니까
인가하다,인가하더라도
인가하다,인가하더라며
인가하다,인가하더라면
인가하다,인가하더라면서
인가하다,인가하더람
인가하다,인가하던
인가하다,인가하던가
인가하다,인가하던데
인가하다,인가하던지
인가하다,인가하데
인가하다,인가하데요
인가하다,인가하도다
인가하다,인가하되
인가하다,인가하든
인가하다,인가하든지
인가하다,인가하듯
인가하다,인가하듯이
인가하다,인가하죠
인가하다,인가하지마는
인가하다,인가하지만
인가하다,인가하지요
인가하다,인가한걸
인가하다,인가한들
인가하다,인가하나마
인가하다,인가하니까
인가하다,인가할
인가하다,인가할걸
인가하다,인가할까
인가하다,인가할는지
인가하다,인가할라
인가하다,인가할라고
인가하다,인가할러니
인가하다,인가할러라
인가하다,인가할런고
인가하다,인가할망정
인가하다,인가할밖에
인가하다,인가할뿐더러
인가하다,인가할수록
인가하다,인가할지라도
인가하다,인가하며
인가하다,인가하면
인가하다,인가하면서
인가하다,인가하세요
인가하다,인가하셔요
인가하다,인가하지
인가하다,인가하건대
인가하다,인가하나니
인가하다,인가하느라
인가하다,인가하느라고
인가하다,인가하는구나
인가하다,인가하는군
인가하다,인가하도록
인가하다,인가하자
인가하다,인가하자고
인가하다,인가하자꾸나
인가하다,인가하자느니
인가하다,인가하자니까
인가하다,인가하자마자
인가하다,인가하자며
인가하다,인가하자면
인가하다,인가하자면서
인가하다,인가한
인가하다,인가한다
인가하다,인가한다고
인가하다,인가한다나
인가하다,인가한다네
인가하다,인가한다느니
인가하다,인가한다니
인가하다,인가한다니까
인가하다,인가한다더라
인가하다,인가한다며
인가하다,인가한다면
인가하다,인가한다면서
인가하다,인가한답니까
인가하다,인가한답니다
인가하다,인가한답시고
인가하다,인가한대
인가하다,인가한대요
인가하다,인가할거나
인가하다,인가할게
인가하다,인가할래
인가하다,인가하라고
인가하다,인가하러
인가하다,인가하려
인가하다,인가합시다
인가하다,인가하세
인가하다,인가하시라
인가하다,인가하십시다
인가하다,인가하십시오
인가하다,인가하고자
인가하다,인가하느냐
인가하다,인가하느냐고
인가하다,인가하느니
인가하다,인가하느니만
인가하다,인가하느니만큼
인가하다,인가하는
인가하다,인가하는걸
인가하다,인가하는데
인가하다,인가하는지
논증하다,논증하거나
논증하다,논증하거늘
논증하다,논증하거니
논증하다,논증하거든
논증하다,논증하건
논증하다,논증하것다
논증하다,논증하게
논증하다,논증하겠
논증하다,논증하고
논증하다,논증하고말고
논증하다,논증하기로
논증하다,논증하기로니
논증하다,논증하기로서
논증하다,논증하기로서니
논증하다,논증하기에
논증하다,논증하네
논증하다,논증하니
논증하다,논증하다
논증하다,논증하다가
논증하다,논증하다가는
논증하다,논증하다간
논증하다,논증하다니
논증하다,논증하다마다
논증하다,논증하더니
논증하다,논증하더니라
논증하다,논증하더라
논증하다,논증하더라니까
논증하다,논증하더라도
논증하다,논증하더라며
논증하다,논증하더라면
논증하다,논증하더라면서
논증하다,논증하더람
논증하다,논증하던
논증하다,논증하던가
논증하다,논증하던데
논증하다,논증하던지
논증하다,논증하데
논증하다,논증하데요
논증하다,논증하도다
논증하다,논증하되
논증하다,논증하든
논증하다,논증하든지
논증하다,논증하듯
논증하다,논증하듯이
논증하다,논증하죠
논증하다,논증하지마는
논증하다,논증하지만
논증하다,논증하지요
논증하다,논증한걸
논증하다,논증한들
논증하다,논증하나마
논증하다,논증하니까
논증하다,논증할
논증하다,논증할걸
논증하다,논증할까
논증하다,논증할는지
논증하다,논증할라
논증하다,논증할라고
논증하다,논증할러니
논증하다,논증할러라
논증하다,논증할런고
논증하다,논증할망정
논증하다,논증할밖에
논증하다,논증할뿐더러
논증하다,논증할수록
논증하다,논증할지라도
논증하다,논증하며
논증하다,논증하면
논증하다,논증하면서
논증하다,논증하세요
논증하다,논증하셔요
논증하다,논증하지
논증하다,논증하건대
논증하다,논증하나니
논증하다,논증하느라
논증하다,논증하느라고
논증하다,논증하는구나
논증하다,논증하는군
논증하다,논증하도록
논증하다,논증하자
논증하다,논증하자고
논증하다,논증하자꾸나
논증하다,논증하자느니
논증하다,논증하자니까
논증하다,논증하자마자
논증하다,논증하자며
논증하다,논증하자면
논증하다,논증하자면서
논증하다,논증한
논증하다,논증한다
논증하다,논증한다고
논증하다,논증한다나
논증하다,논증한다네
논증하다,논증한다느니
논증하다,논증한다니
논증하다,논증한다니까
논증하다,논증한다더라
논증하다,논증한다며
논증하다,논증한다면
논증하다,논증한다면서
논증하다,논증한답니까
논증하다,논증한답니다
논증하다,논증한답시고
논증하다,논증한대
논증하다,논증한대요
논증하다,논증할거나
논증하다,논증할게
논증하다,논증할래
논증하다,논증하라고
논증하다,논증하러
논증하다,논증하려
논증하다,논증합시다
논증하다,논증하세
논증하다,논증하시라
논증하다,논증하십시다
논증하다,논증하십시오
논증하다,논증하고자
논증하다,논증하느냐
논증하다,논증하느냐고
논증하다,논증하느니
논증하다,논증하느니만
논증하다,논증하느니만큼
논증하다,논증하는
논증하다,논증하는걸
논증하다,논증하는데
논증하다,논증하는지
정리하다,정리하거나
정리하다,정리하거늘
정리하다,정리하거니
정리하다,정리하거든
정리하다,정리하건
정리하다,정리하것다
정리하다,정리하게
정리하다,정리하겠
정리하다,정리하고
정리하다,정리하고말고
정리하다,정리하기로
정리하다,정리하기로니
정리하다,정리하기로서
정리하다,정리하기로서니
정리하다,정리하기에
정리하다,정리하네
정리하다,정리하니
정리하다,정리하다
정리하다,정리하다가
정리하다,정리하다가는
정리하다,정리하다간
정리하다,정리하다니
정리하다,정리하다마다
정리하다,정리하더니
정리하다,정리하더니라
정리하다,정리하더라
정리하다,정리하더라니까
정리하다,정리하더라도
정리하다,정리하더라며
정리하다,정리하더라면
정리하다,정리하더라면서
정리하다,정리하더람
정리하다,정리하던
정리하다,정리하던가
정리하다,정리하던데
정리하다,정리하던지
정리하다,정리하데
정리하다,정리하데요
정리하다,정리하도다
정리하다,정리하되
정리하다,정리하든
정리하다,정리하든지
정리하다,정리하듯
정리하다,정리하듯이
정리하다,정리하죠
정리하다,정리하지마는
정리하다,정리하지만
정리하다,정리하지요
정리하다,정리한걸
정리하다,정리한들
정리하다,정리하나마
정리하다,정리하니까
정리하다,정리할
정리하다,정리할걸
정리하다,정리할까
정리하다,정리할는지
정리하다,정리할라
정리하다,정리할라고
정리하다,정리할러니
정리하다,정리할러라
정리하다,정리할런고
정리하다,정리할망정
정리하다,정리할밖에
정리하다,정리할뿐더러
정리하다,정리할수록
정리하다,정리할지라도
정리하다,정리하며
정리하다,정리하면
정리하다,정리하면서
정리하다,정리하세요
정리하다,정리하셔요
정리하다,정리하지
정리하다,정리하건대
정리하다,정리하나니
정리하다,정리하느라
정리하다,정리하느라고
정리하다,정리하는구나
정리하다,정리하는군
정리하다,정리하도록
정리하다,정리하자
정리하다,정리하자고
정리하다,정리하자꾸나
정리하다,정리하자느니
정리하다,정리하자니까
정리하다,정리하자마자
정리하다,정리하자며
정리하다,정리하자면
정리하다,정리하자면서
정리하다,정리한
정리하다,정리한다
정리하다,정리한다고
정리하다,정리한다나
정리하다,정리한다네
정리하다,정리한다느니
정리하다,정리한다니
정리하다,정리한다니까
정리하다,정리한다더라
정리하다,정리한다며
정리하다,정리한다면
정리하다,정리한다면서
정리하다,정리한답니까
정리하다,정리한답니다
정리하다,정리한답시고
정리하다,정리한대
정리하다,정리한대요
정리하다,정리할거나
정리하다,정리할게
정리하다,정리할래
정리하다,정리하라고
정리하다,정리하러
정리하다,정리하려
정리하다,정리합시다
정리하다,정리하세
정리하다,정리하시라
정리하다,정리하십시다
정리하다,정리하십시오
정리하다,정리하고자
정리하다,정리하느냐
정리하다,정리하느냐고
정리하다,정리하느니
정리하다,정리하느니만
정리하다,정리하느니만큼
정리하다,정리하는
정리하다,정리하는걸
정리하다,정리하는데
정리하다,정리하는지
배열하다,배열하거나
배열하다,배열하거늘
배열하다,배열하거니
배열하다,배열하거든
배열하다,배열하건
배열하다,배열하것다
배열하다,배열하게
배열하다,배열하겠
배열하다,배열하고
배열하다,배열하고말고
배열하다,배열하기로
배열하다,배열하기로니
배열하다,배열하기로서
배열하다,배열하기로서니
배열하다,배열하기에
배열하다,배열하네
배열하다,배열하니
배열하다,배열하다
배열하다,배열하다가
배열하다,배열하다가는
배열하다,배열하다간
배열하다,배열하다니
배열하다,배열하다마다
배열하다,배열하더니
배열하다,배열하더니라
배열하다,배열하더라
배열하다,배열하더라니까
배열하다,배열하더라도
배열하다,배열하더라며
배열하다,배열하더라면
배열하다,배열하더라면서
배열하다,배열하더람
배열하다,배열하던
배열하다,배열하던가
배열하다,배열하던데
배열하다,배열하던지
배열하다,배열하데
배열하다,배열하데요
배열하다,배열하도다
배열하다,배열하되
배열하다,배열하든
배열하다,배열하든지
배열하다,배열하듯
배열하다,배열하듯이
배열하다,배열하죠
배열하다,배열하지마는
배열하다,배열하지만
배열하다,배열하지요
배열하다,배열한걸
배열하다,배열한들
배열하다,배열하나마
배열하다,배열하니까
배열하다,배열할
배열하다,배열할걸
배열하다,배열할까
배열하다,배열할는지
배열하다,배열할라
배열하다,배열할라고
배열하다,배열할러니
배열하다,배열할러라
배열하다,배열할런고
배열하다,배열할망정
배열하다,배열할밖에
배열하다,배열할뿐더러
배열하다,배열할수록
배열하다,배열할지라도
배열하다,배열하며
배열하다,배열하면
배열하다,배열하면서
배열하다,배열하세요
배열하다,배열하셔요
배열하다,배열하지
배열하다,배열하건대
배열하다,배열하나니
배열하다,배열하느라
배열하다,배열하느라고
배열하다,배열하는구나
배열하다,배열하는군
배열하다,배열하도록
배열하다,배열하자
배열하다,배열하자고
배열하다,배열하자꾸나
배열하다,배열하자느니
배열하다,배열하자니까
배열하다,배열하자마자
배열하다,배열하자며
배열하다,배열하자면
배열하다,배열하자면서
배열하다,배열한
배열하다,배열한다
배열하다,배열한다고
배열하다,배열한다나
배열하다,배열한다네
배열하다,배열한다느니
배열하다,배열한다니
배열하다,배열한다니까
배열하다,배열한다더라
배열하다,배열한다며
배열하다,배열한다면
배열하다,배열한다면서
배열하다,배열한답니까
배열하다,배열한답니다
배열하다,배열한답시고
배열하다,배열한대
배열하다,배열한대요
배열하다,배열할거나
배열하다,배열할게
배열하다,배열할래
배열하다,배열하라고
배열하다,배열하러
배열하다,배열하려
배열하다,배열합시다
배열하다,배열하세
배열하다,배열하시라
배열하다,배열하십시다
배열하다,배열하십시오
배열하다,배열하고자
배열하다,배열하느냐
배열하다,배열하느냐고
배열하다,배열하느니
배열하다,배열하느니만
배열하다,배열하느니만큼
배열하다,배열하는
배열하다,배열하는걸
배열하다,배열하는데
배열하다,배열하는지
편곡하다,편곡하거나
편곡하다,편곡하거늘
편곡하다,편곡하거니
편곡하다,편곡하거든
편곡하다,편곡하건
편곡하다,편곡하것다
편곡하다,편곡하게
편곡하다,편곡하겠
편곡하다,편곡하고
편곡하다,편곡하고말고
편곡하다,편곡하기로
편곡하다,편곡하기로니
편곡하다,편곡하기로서
편곡하다,편곡하기로서니
편곡하다,편곡하기에
편곡하다,편곡하네
편곡하다,편곡하니
편곡하다,편곡하다
편곡하다,편곡하다가
편곡하다,편곡하다가는
편곡하다,편곡하다간
편곡하다,편곡하다니
편곡하다,편곡하다마다
편곡하다,편곡하더니
편곡하다,편곡하더니라
편곡하다,편곡하더라
편곡하다,편곡하더라니까
편곡하다,편곡하더라도
편곡하다,편곡하더라며
편곡하다,편곡하더라면
편곡하다,편곡하더라면서
편곡하다,편곡하더람
편곡하다,편곡하던
편곡하다,편곡하던가
편곡하다,편곡하던데
편곡하다,편곡하던지
편곡하다,편곡하데
편곡하다,편곡하데요
편곡하다,편곡하도다
편곡하다,편곡하되
편곡하다,편곡하든
편곡하다,편곡하든지
편곡하다,편곡하듯
편곡하다,편곡하듯이
편곡하다,편곡하죠
편곡하다,편곡하지마는
편곡하다,편곡하지만
편곡하다,편곡하지요
편곡하다,편곡한걸
편곡하다,편곡한들
편곡하다,편곡하나마
편곡하다,편곡하니까
편곡하다,편곡할
편곡하다,편곡할걸
편곡하다,편곡할까
편곡하다,편곡할는지
편곡하다,편곡할라
편곡하다,편곡할라고
편곡하다,편곡할러니
편곡하다,편곡할러라
편곡하다,편곡할런고
편곡하다,편곡할망정
편곡하다,편곡할밖에
편곡하다,편곡할뿐더러
편곡하다,편곡할수록
편곡하다,편곡할지라도
편곡하다,편곡하며
편곡하다,편곡하면
편곡하다,편곡하면서
편곡하다,편곡하세요
편곡하다,편곡하셔요
편곡하다,편곡하지
편곡하다,편곡하건대
편곡하다,편곡하나니
편곡하다,편곡하느라
편곡하다,편곡하느라고
편곡하다,편곡하는구나
편곡하다,편곡하는군
편곡하다,편곡하도록
편곡하다,편곡하자
편곡하다,편곡하자고
편곡하다,편곡하자꾸나
편곡하다,편곡하자느니
편곡하다,편곡하자니까
편곡하다,편곡하자마자
편곡하다,편곡하자며
편곡하다,편곡하자면
편곡하다,편곡하자면서
편곡하다,편곡한
편곡하다,편곡한다
편곡하다,편곡한다고
편곡하다,편곡한다나
편곡하다,편곡한다네
편곡하다,편곡한다느니
편곡하다,편곡한다니
편곡하다,편곡한다니까
편곡하다,편곡한다더라
편곡하다,편곡한다며
편곡하다,편곡한다면
편곡하다,편곡한다면서
편곡하다,편곡한답니까
편곡하다,편곡한답니다
편곡하다,편곡한답시고
편곡하다,편곡한대
편곡하다,편곡한대요
편곡하다,편곡할거나
편곡하다,편곡할게
편곡하다,편곡할래
편곡하다,편곡하라고
편곡하다,편곡하러
편곡하다,편곡하려
편곡하다,편곡합시다
편곡하다,편곡하세
편곡하다,편곡하시라
편곡하다,편곡하십시다
편곡하다,편곡하십시오
편곡하다,편곡하고자
편곡하다,편곡하느냐
편곡하다,편곡하느냐고
편곡하다,편곡하느니
편곡하다,편곡하느니만
편곡하다,편곡하느니만큼
편곡하다,편곡하는
편곡하다,편곡하는걸
편곡하다,편곡하는데
편곡하다,편곡하는지
도착하다,도착하거나
도착하다,도착하거늘
도착하다,도착하거니
도착하다,도착하거든
도착하다,도착하건
도착하다,도착하것다
도착하다,도착하게
도착하다,도착하겠
도착하다,도착하고
도착하다,도착하고말고
도착하다,도착하기로
도착하다,도착하기로니
도착하다,도착하기로서
도착하다,도착하기로서니
도착하다,도착하기에
도착하다,도착하네
도착하다,도착하니
도착하다,도착하다
도착하다,도착하다가
도착하다,도착하다가는
도착하다,도착하다간
도착하다,도착하다니
도착하다,도착하다마다
도착하다,도착하더니
도착하다,도착하더니라
도착하다,도착하더라
도착하다,도착하더라니까
도착하다,도착하더라도
도착하다,도착하더라며
도착하다,도착하더라면
도착하다,도착하더라면서
도착하다,도착하더람
도착하다,도착하던
도착하다,도착하던가
도착하다,도착하던데
도착하다,도착하던지
도착하다,도착하데
도착하다,도착하데요
도착하다,도착하도다
도착하다,도착하되
도착하다,도착하든
도착하다,도착하든지
도착하다,도착하듯
도착하다,도착하듯이
도착하다,도착하죠
도착하다,도착하지마는
도착하다,도착하지만
도착하다,도착하지요
도착하다,도착한걸
도착하다,도착한들
도착하다,도착하나마
도착하다,도착하니까
도착하다,도착할
도착하다,도착할걸
도착하다,도착할까
도착하다,도착할는지
도착하다,도착할라
도착하다,도착할라고
도착하다,도착할러니
도착하다,도착할러라
도착하다,도착할런고
도착하다,도착할망정
도착하다,도착할밖에
도착하다,도착할뿐더러
도착하다,도착할수록
도착하다,도착할지라도
도착하다,도착하며
도착하다,도착하면
도착하다,도착하면서
도착하다,도착하세요
도착하다,도착하셔요
도착하다,도착하지
도착하다,도착하건대
도착하다,도착하나니
도착하다,도착하느라
도착하다,도착하느라고
도착하다,도착하는구나
도착하다,도착하는군
도착하다,도착하도록
도착하다,도착하자
도착하다,도착하자고
도착하다,도착하자꾸나
도착하다,도착하자느니
도착하다,도착하자니까
도착하다,도착하자마자
도착하다,도착하자며
도착하다,도착하자면
도착하다,도착하자면서
도착하다,도착한
도착하다,도착한다
도착하다,도착한다고
도착하다,도착한다나
도착하다,도착한다네
도착하다,도착한다느니
도착하다,도착한다니
도착하다,도착한다니까
도착하다,도착한다더라
도착하다,도착한다며
도착하다,도착한다면
도착하다,도착한다면서
도착하다,도착한답니까
도착하다,도착한답니다
도착하다,도착한답시고
도착하다,도착한대
도착하다,도착한대요
도착하다,도착할거나
도착하다,도착할게
도착하다,도착할래
도착하다,도착하라고
도착하다,도착하러
도착하다,도착하려
도착하다,도착합시다
도착하다,도착하세
도착하다,도착하시라
도착하다,도착하십시다
도착하다,도착하십시오
도착하다,도착하고자
도착하다,도착하느냐
도착하다,도착하느냐고
도착하다,도착하느니
도착하다,도착하느니만
도착하다,도착하느니만큼
도착하다,도착하는
도착하다,도착하는걸
도착하다,도착하는데
도착하다,도착하는지
맡다,맡거나
맡다,맡거늘
맡다,맡거니
맡다,맡거든
맡다,맡건
맡다,맡것다
맡다,맡게
맡다,맡겠
맡다,맡고
맡다,맡고말고
맡다,맡기로
맡다,맡기로니
맡다,맡기로서
맡다,맡기로서니
맡다,맡기에
맡다,맡네
맡다,맡니
맡다,맡다
맡다,맡다가
맡다,맡다가는
맡다,맡다간
맡다,맡다니
맡다,맡다마다
맡다,맡더니
맡다,맡더니라
맡다,맡더라
맡다,맡더라니까
맡다,맡더라도
맡다,맡더라며
맡다,맡더라면
맡다,맡더라면서
맡다,맡더람
맡다,맡던
맡다,맡던가
맡다,맡던데
맡다,맡던지
맡다,맡데
맡다,맡데요
맡다,맡도다
맡다,맡되
맡다,맡든
맡다,맡든지
맡다,맡듯
맡다,맡듯이
맡다,맡죠
맡다,맡지마는
맡다,맡지만
맡다,맡지요
맡다,맡지
맡다,맡아도
맡다,맡아서
맡다,맡아야
맡다,맡아야만
맡다,맡아야지
맡다,맡아요
맡다,맡을
맡다,맡을걸
맡다,맡을밖에
맡다,맡을수록
맡다,맡을지
맡다,맡을지며
맡다,맡음
맡다,맡음에도
맡다,맡읍시오
맡다,맡건대
맡다,맡나니
맡다,맡느라
맡다,맡느라고
맡다,맡는구나
맡다,맡는군
맡다,맡도록
맡다,맡자
맡다,맡자고
맡다,맡자꾸나
맡다,맡자느니
맡다,맡자니까
맡다,맡자마자
맡다,맡자며
맡다,맡자면
맡다,맡자면서
맡다,맡아다
맡다,맡아다가
맡다,맡고자
맡다,맡느냐
맡다,맡느냐고
맡다,맡느니
맡다,맡느니만
맡다,맡느니만큼
맡다,맡는
맡다,맡는걸
맡다,맡는데
맡다,맡는지
맡다,맡으러
맡다,맡읍시다
상정하다,상정하거나
상정하다,상정하거늘
상정하다,상정하거니
상정하다,상정하거든
상정하다,상정하건
상정하다,상정하것다
상정하다,상정하게
상정하다,상정하겠
상정하다,상정하고
상정하다,상정하고말고
상정하다,상정하기로
상정하다,상정하기로니
상정하다,상정하기로서
상정하다,상정하기로서니
상정하다,상정하기에
상정하다,상정하네
상정하다,상정하니
상정하다,상정하다
상정하다,상정하다가
상정하다,상정하다가는
상정하다,상정하다간
상정하다,상정하다니
상정하다,상정하다마다
상정하다,상정하더니
상정하다,상정하더니라
상정하다,상정하더라
상정하다,상정하더라니까
상정하다,상정하더라도
상정하다,상정하더라며
상정하다,상정하더라면
상정하다,상정하더라면서
상정하다,상정하더람
상정하다,상정하던
상정하다,상정하던가
상정하다,상정하던데
상정하다,상정하던지
상정하다,상정하데
상정하다,상정하데요
상정하다,상정하도다
상정하다,상정하되
상정하다,상정하든
상정하다,상정하든지
상정하다,상정하듯
상정하다,상정하듯이
상정하다,상정하죠
상정하다,상정하지마는
상정하다,상정하지만
상정하다,상정하지요
상정하다,상정한걸
상정하다,상정한들
상정하다,상정하나마
상정하다,상정하니까
상정하다,상정할
상정하다,상정할걸
상정하다,상정할까
상정하다,상정할는지
상정하다,상정할라
상정하다,상정할라고
상정하다,상정할러니
상정하다,상정할러라
상정하다,상정할런고
상정하다,상정할망정
상정하다,상정할밖에
상정하다,상정할뿐더러
상정하다,상정할수록
상정하다,상정할지라도
상정하다,상정하며
상정하다,상정하면
상정하다,상정하면서
상정하다,상정하세요
상정하다,상정하셔요
상정하다,상정하지
상정하다,상정하건대
상정하다,상정하나니
상정하다,상정하느라
상정하다,상정하느라고
상정하다,상정하는구나
상정하다,상정하는군
상정하다,상정하도록
상정하다,상정하자
상정하다,상정하자고
상정하다,상정하자꾸나
상정하다,상정하자느니
상정하다,상정하자니까
상정하다,상정하자마자
상정하다,상정하자며
상정하다,상정하자면
상정하다,상정하자면서
상정하다,상정한
상정하다,상정한다
상정하다,상정한다고
상정하다,상정한다나
상정하다,상정한다네
상정하다,상정한다느니
상정하다,상정한다니
상정하다,상정한다니까
상정하다,상정한다더라
상정하다,상정한다며
상정하다,상정한다면
상정하다,상정한다면서
상정하다,상정한답니까
상정하다,상정한답니다
상정하다,상정한답시고
상정하다,상정한대
상정하다,상정한대요
상정하다,상정할거나
상정하다,상정할게
상정하다,상정할래
상정하다,상정하라고
상정하다,상정하러
상정하다,상정하려
상정하다,상정합시다
상정하다,상정하세
상정하다,상정하시라
상정하다,상정하십시다
상정하다,상정하십시오
상정하다,상정하고자
상정하다,상정하느냐
상정하다,상정하느냐고
상정하다,상정하느니
상정하다,상정하느니만
상정하다,상정하느니만큼
상정하다,상정하는
상정하다,상정하는걸
상정하다,상정하는데
상정하다,상정하는지
장담하다,장담하거나
장담하다,장담하거늘
장담하다,장담하거니
장담하다,장담하거든
장담하다,장담하건
장담하다,장담하것다
장담하다,장담하게
장담하다,장담하겠
장담하다,장담하고
장담하다,장담하고말고
장담하다,장담하기로
장담하다,장담하기로니
장담하다,장담하기로서
장담하다,장담하기로서니
장담하다,장담하기에
장담하다,장담하네
장담하다,장담하니
장담하다,장담하다
장담하다,장담하다가
장담하다,장담하다가는
장담하다,장담하다간
장담하다,장담하다니
장담하다,장담하다마다
장담하다,장담하더니
장담하다,장담하더니라
장담하다,장담하더라
장담하다,장담하더라니까
장담하다,장담하더라도
장담하다,장담하더라며
장담하다,장담하더라면
장담하다,장담하더라면서
장담하다,장담하더람
장담하다,장담하던
장담하다,장담하던가
장담하다,장담하던데
장담하다,장담하던지
장담하다,장담하데
장담하다,장담하데요
장담하다,장담하도다
장담하다,장담하되
장담하다,장담하든
장담하다,장담하든지
장담하다,장담하듯
장담하다,장담하듯이
장담하다,장담하죠
장담하다,장담하지마는
장담하다,장담하지만
장담하다,장담하지요
장담하다,장담한걸
장담하다,장담한들
장담하다,장담하나마
장담하다,장담하니까
장담하다,장담할
장담하다,장담할걸
장담하다,장담할까
장담하다,장담할는지
장담하다,장담할라
장담하다,장담할라고
장담하다,장담할러니
장담하다,장담할러라
장담하다,장담할런고
장담하다,장담할망정
장담하다,장담할밖에
장담하다,장담할뿐더러
장담하다,장담할수록
장담하다,장담할지라도
장담하다,장담하며
장담하다,장담하면
장담하다,장담하면서
장담하다,장담하세요
장담하다,장담하셔요
장담하다,장담하지
장담하다,장담하건대
장담하다,장담하나니
장담하다,장담하느라
장담하다,장담하느라고
장담하다,장담하는구나
장담하다,장담하는군
장담하다,장담하도록
장담하다,장담하자
장담하다,장담하자고
장담하다,장담하자꾸나
장담하다,장담하자느니
장담하다,장담하자니까
장담하다,장담하자마자
장담하다,장담하자며
장담하다,장담하자면
장담하다,장담하자면서
장담하다,장담한
장담하다,장담한다
장담하다,장담한다고
장담하다,장담한다나
장담하다,장담한다네
장담하다,장담한다느니
장담하다,장담한다니
장담하다,장담한다니까
장담하다,장담한다더라
장담하다,장담한다며
장담하다,장담한다면
장담하다,장담한다면서
장담하다,장담한답니까
장담하다,장담한답니다
장담하다,장담한답시고
장담하다,장담한대
장담하다,장담한대요
장담하다,장담할거나
장담하다,장담할게
장담하다,장담할래
장담하다,장담하라고
장담하다,장담하러
장담하다,장담하려
장담하다,장담합시다
장담하다,장담하세
장담하다,장담하시라
장담하다,장담하십시다
장담하다,장담하십시오
장담하다,장담하고자
장담하다,장담하느냐
장담하다,장담하느냐고
장담하다,장담하느니
장담하다,장담하느니만
장담하다,장담하느니만큼
장담하다,장담하는
장담하다,장담하는걸
장담하다,장담하는데
장담하다,장담하는지
붙이다,붙이거나
붙이다,붙이거늘
붙이다,붙이거니
붙이다,붙이거든
붙이다,붙이건
붙이다,붙이것다
붙이다,붙이게
붙이다,붙이겠
붙이다,붙이고
붙이다,붙이고말고
붙이다,붙이기로
붙이다,붙이기로니
붙이다,붙이기로서
붙이다,붙이기로서니
붙이다,붙이기에
붙이다,붙이네
붙이다,붙이니
붙이다,붙이다
붙이다,붙이다가
붙이다,붙이다가는
붙이다,붙이다간
붙이다,붙이다니
붙이다,붙이다마다
붙이다,붙이더니
붙이다,붙이더니라
붙이다,붙이더라
붙이다,붙이더라니까
붙이다,붙이더라도
붙이다,붙이더라며
붙이다,붙이더라면
붙이다,붙이더라면서
붙이다,붙이더람
붙이다,붙이던
붙이다,붙이던가
붙이다,붙이던데
붙이다,붙이던지
붙이다,붙이데
붙이다,붙이데요
붙이다,붙이도다
붙이다,붙이되
붙이다,붙이든
붙이다,붙이든지
붙이다,붙이듯
붙이다,붙이듯이
붙이다,붙이죠
붙이다,붙이지마는
붙이다,붙이지만
붙이다,붙이지요
붙이다,붙인걸
붙이다,붙인들
붙이다,붙이나마
붙이다,붙이니까
붙이다,붙일
붙이다,붙일걸
붙이다,붙일까
붙이다,붙일는지
붙이다,붙일라
붙이다,붙일라고
붙이다,붙일러니
붙이다,붙일러라
붙이다,붙일런고
붙이다,붙일망정
붙이다,붙일밖에
붙이다,붙일뿐더러
붙이다,붙일수록
붙이다,붙일지라도
붙이다,붙이며
붙이다,붙이면
붙이다,붙이면서
붙이다,붙이세요
붙이다,붙이셔요
붙이다,붙이지
붙이다,붙이건대
붙이다,붙이나니
붙이다,붙이느라
붙이다,붙이느라고
붙이다,붙이는구나
붙이다,붙이는군
붙이다,붙이도록
붙이다,붙이자
붙이다,붙이자고
붙이다,붙이자꾸나
붙이다,붙이자느니
붙이다,붙이자니까
붙이다,붙이자마자
붙이다,붙이자며
붙이다,붙이자면
붙이다,붙이자면서
붙이다,붙인
붙이다,붙인다
붙이다,붙인다고
붙이다,붙인다나
붙이다,붙인다네
붙이다,붙인다느니
붙이다,붙인다니
붙이다,붙인다니까
붙이다,붙인다더라
붙이다,붙인다며
붙이다,붙인다면
붙이다,붙인다면서
붙이다,붙인답니까
붙이다,붙인답니다
붙이다,붙인답시고
붙이다,붙인대
붙이다,붙인대요
붙이다,붙일거나
붙이다,붙일게
붙이다,붙일래
붙이다,붙이라고
붙이다,붙이러
붙이다,붙이려
붙이다,붙입시다
붙이다,붙이세
붙이다,붙이시라
붙이다,붙이십시다
붙이다,붙이십시오
붙이다,붙이고자
붙이다,붙이느냐
붙이다,붙이느냐고
붙이다,붙이느니
붙이다,붙이느니만
붙이다,붙이느니만큼
붙이다,붙이는
붙이다,붙이는걸
붙이다,붙이는데
붙이다,붙이는지
첨부하다,첨부하거나
첨부하다,첨부하거늘
첨부하다,첨부하거니
첨부하다,첨부하거든
첨부하다,첨부하건
첨부하다,첨부하것다
첨부하다,첨부하게
첨부하다,첨부하겠
첨부하다,첨부하고
첨부하다,첨부하고말고
첨부하다,첨부하기로
첨부하다,첨부하기로니
첨부하다,첨부하기로서
첨부하다,첨부하기로서니
첨부하다,첨부하기에
첨부하다,첨부하네
첨부하다,첨부하니
첨부하다,첨부하다
첨부하다,첨부하다가
첨부하다,첨부하다가는
첨부하다,첨부하다간
첨부하다,첨부하다니
첨부하다,첨부하다마다
첨부하다,첨부하더니
첨부하다,첨부하더니라
첨부하다,첨부하더라
첨부하다,첨부하더라니까
첨부하다,첨부하더라도
첨부하다,첨부하더라며
첨부하다,첨부하더라면
첨부하다,첨부하더라면서
첨부하다,첨부하더람
첨부하다,첨부하던
첨부하다,첨부하던가
첨부하다,첨부하던데
첨부하다,첨부하던지
첨부하다,첨부하데
첨부하다,첨부하데요
첨부하다,첨부하도다
첨부하다,첨부하되
첨부하다,첨부하든
첨부하다,첨부하든지
첨부하다,첨부하듯
첨부하다,첨부하듯이
첨부하다,첨부하죠
첨부하다,첨부하지마는
첨부하다,첨부하지만
첨부하다,첨부하지요
첨부하다,첨부한걸
첨부하다,첨부한들
첨부하다,첨부하나마
첨부하다,첨부하니까
첨부하다,첨부할
첨부하다,첨부할걸
첨부하다,첨부할까
첨부하다,첨부할는지
첨부하다,첨부할라
첨부하다,첨부할라고
첨부하다,첨부할러니
첨부하다,첨부할러라
첨부하다,첨부할런고
첨부하다,첨부할망정
첨부하다,첨부할밖에
첨부하다,첨부할뿐더러
첨부하다,첨부할수록
첨부하다,첨부할지라도
첨부하다,첨부하며
첨부하다,첨부하면
첨부하다,첨부하면서
첨부하다,첨부하세요
첨부하다,첨부하셔요
첨부하다,첨부하지
첨부하다,첨부하건대
첨부하다,첨부하나니
첨부하다,첨부하느라
첨부하다,첨부하느라고
첨부하다,첨부하는구나
첨부하다,첨부하는군
첨부하다,첨부하도록
첨부하다,첨부하자
첨부하다,첨부하자고
첨부하다,첨부하자꾸나
첨부하다,첨부하자느니
첨부하다,첨부하자니까
첨부하다,첨부하자마자
첨부하다,첨부하자며
첨부하다,첨부하자면
첨부하다,첨부하자면서
첨부하다,첨부한
첨부하다,첨부한다
첨부하다,첨부한다고
첨부하다,첨부한다나
첨부하다,첨부한다네
첨부하다,첨부한다느니
첨부하다,첨부한다니
첨부하다,첨부한다니까
첨부하다,첨부한다더라
첨부하다,첨부한다며
첨부하다,첨부한다면
첨부하다,첨부한다면서
첨부하다,첨부한답니까
첨부하다,첨부한답니다
첨부하다,첨부한답시고
첨부하다,첨부한대
첨부하다,첨부한대요
첨부하다,첨부할거나
첨부하다,첨부할게
첨부하다,첨부할래
첨부하다,첨부하라고
첨부하다,첨부하러
첨부하다,첨부하려
첨부하다,첨부합시다
첨부하다,첨부하세
첨부하다,첨부하시라
첨부하다,첨부하십시다
첨부하다,첨부하십시오
첨부하다,첨부하고자
첨부하다,첨부하느냐
첨부하다,첨부하느냐고
첨부하다,첨부하느니
첨부하다,첨부하느니만
첨부하다,첨부하느니만큼
첨부하다,첨부하는
첨부하다,첨부하는걸
첨부하다,첨부하는데
첨부하다,첨부하는지
시도하다,시도하거나
시도하다,시도하거늘
시도하다,시도하거니
시도하다,시도하거든
시도하다,시도하건
시도하다,시도하것다
시도하다,시도하게
시도하다,시도하겠
시도하다,시도하고
시도하다,시도하고말고
시도하다,시도하기로
시도하다,시도하기로니
시도하다,시도하기로서
시도하다,시도하기로서니
시도하다,시도하기에
시도하다,시도하네
시도하다,시도하니
시도하다,시도하다
시도하다,시도하다가
시도하다,시도하다가는
시도하다,시도하다간
시도하다,시도하다니
시도하다,시도하다마다
시도하다,시도하더니
시도하다,시도하더니라
시도하다,시도하더라
시도하다,시도하더라니까
시도하다,시도하더라도
시도하다,시도하더라며
시도하다,시도하더라면
시도하다,시도하더라면서
시도하다,시도하더람
시도하다,시도하던
시도하다,시도하던가
시도하다,시도하던데
시도하다,시도하던지
시도하다,시도하데
시도하다,시도하데요
시도하다,시도하도다
시도하다,시도하되
시도하다,시도하든
시도하다,시도하든지
시도하다,시도하듯
시도하다,시도하듯이
시도하다,시도하죠
시도하다,시도하지마는
시도하다,시도하지만
시도하다,시도하지요
시도하다,시도한걸
시도하다,시도한들
시도하다,시도하나마
시도하다,시도하니까
시도하다,시도할
시도하다,시도할걸
시도하다,시도할까
시도하다,시도할는지
시도하다,시도할라
시도하다,시도할라고
시도하다,시도할러니
시도하다,시도할러라
시도하다,시도할런고
시도하다,시도할망정
시도하다,시도할밖에
시도하다,시도할뿐더러
시도하다,시도할수록
시도하다,시도할지라도
시도하다,시도하며
시도하다,시도하면
시도하다,시도하면서
시도하다,시도하세요
시도하다,시도하셔요
시도하다,시도하지
시도하다,시도하건대
시도하다,시도하나니
시도하다,시도하느라
시도하다,시도하느라고
시도하다,시도하는구나
시도하다,시도하는군
시도하다,시도하도록
시도하다,시도하자
시도하다,시도하자고
시도하다,시도하자꾸나
시도하다,시도하자느니
시도하다,시도하자니까
시도하다,시도하자마자
시도하다,시도하자며
시도하다,시도하자면
시도하다,시도하자면서
시도하다,시도한
시도하다,시도한다
시도하다,시도한다고
시도하다,시도한다나
시도하다,시도한다네
시도하다,시도한다느니
시도하다,시도한다니
시도하다,시도한다니까
시도하다,시도한다더라
시도하다,시도한다며
시도하다,시도한다면
시도하다,시도한다면서
시도하다,시도한답니까
시도하다,시도한답니다
시도하다,시도한답시고
시도하다,시도한대
시도하다,시도한대요
시도하다,시도할거나
시도하다,시도할게
시도하다,시도할래
시도하다,시도하라고
시도하다,시도하러
시도하다,시도하려
시도하다,시도합시다
시도하다,시도하세
시도하다,시도하시라
시도하다,시도하십시다
시도하다,시도하십시오
시도하다,시도하고자
시도하다,시도하느냐
시도하다,시도하느냐고
시도하다,시도하느니
시도하다,시도하느니만
시도하다,시도하느니만큼
시도하다,시도하는
시도하다,시도하는걸
시도하다,시도하는데
시도하다,시도하는지
참석하다,참석하거나
참석하다,참석하거늘
참석하다,참석하거니
참석하다,참석하거든
참석하다,참석하건
참석하다,참석하것다
참석하다,참석하게
참석하다,참석하겠
참석하다,참석하고
참석하다,참석하고말고
참석하다,참석하기로
참석하다,참석하기로니
참석하다,참석하기로서
참석하다,참석하기로서니
참석하다,참석하기에
참석하다,참석하네
참석하다,참석하니
참석하다,참석하다
참석하다,참석하다가
참석하다,참석하다가는
참석하다,참석하다간
참석하다,참석하다니
참석하다,참석하다마다
참석하다,참석하더니
참석하다,참석하더니라
참석하다,참석하더라
참석하다,참석하더라니까
참석하다,참석하더라도
참석하다,참석하더라며
참석하다,참석하더라면
참석하다,참석하더라면서
참석하다,참석하더람
참석하다,참석하던
참석하다,참석하던가
참석하다,참석하던데
참석하다,참석하던지
참석하다,참석하데
참석하다,참석하데요
참석하다,참석하도다
참석하다,참석하되
참석하다,참석하든
참석하다,참석하든지
참석하다,참석하듯
참석하다,참석하듯이
참석하다,참석하죠
참석하다,참석하지마는
참석하다,참석하지만
참석하다,참석하지요
참석하다,참석한걸
참석하다,참석한들
참석하다,참석하나마
참석하다,참석하니까
참석하다,참석할
참석하다,참석할걸
참석하다,참석할까
참석하다,참석할는지
참석하다,참석할라
참석하다,참석할라고
참석하다,참석할러니
참석하다,참석할러라
참석하다,참석할런고
참석하다,참석할망정
참석하다,참석할밖에
참석하다,참석할뿐더러
참석하다,참석할수록
참석하다,참석할지라도
참석하다,참석하며
참석하다,참석하면
참석하다,참석하면서
참석하다,참석하세요
참석하다,참석하셔요
참석하다,참석하지
참석하다,참석하건대
참석하다,참석하나니
참석하다,참석하느라
참석하다,참석하느라고
참석하다,참석하는구나
참석하다,참석하는군
참석하다,참석하도록
참석하다,참석하자
참석하다,참석하자고
참석하다,참석하자꾸나
참석하다,참석하자느니
참석하다,참석하자니까
참석하다,참석하자마자
참석하다,참석하자며
참석하다,참석하자면
참석하다,참석하자면서
참석하다,참석한
참석하다,참석한다
참석하다,참석한다고
참석하다,참석한다나
참석하다,참석한다네
참석하다,참석한다느니
참석하다,참석한다니
참석하다,참석한다니까
참석하다,참석한다더라
참석하다,참석한다며
참석하다,참석한다면
참석하다,참석한다면서
참석하다,참석한답니까
참석하다,참석한답니다
참석하다,참석한답시고
참석하다,참석한대
참석하다,참석한대요
참석하다,참석할거나
참석하다,참석할게
참석하다,참석할래
참석하다,참석하라고
참석하다,참석하러
참석하다,참석하려
참석하다,참석합시다
참석하다,참석하세
참석하다,참석하시라
참석하다,참석하십시다
참석하다,참석하십시오
참석하다,참석하고자
참석하다,참석하느냐
참석하다,참석하느냐고
참석하다,참석하느니
참석하다,참석하느니만
참석하다,참석하느니만큼
참석하다,참석하는
참석하다,참석하는걸
참석하다,참석하는데
참석하다,참석하는지
마음을 끌다,끌거나
마음을 끌다,끌거늘
마음을 끌다,끌거니
마음을 끌다,끌거든
마음을 끌다,끌건
마음을 끌다,끌것다
마음을 끌다,끌게
마음을 끌다,끌겠
마음을 끌다,끌고
마음을 끌다,끌고말고
마음을 끌다,끌기로
마음을 끌다,끌기로니
마음을 끌다,끌기로서
마음을 끌다,끌기로서니
마음을 끌다,끌기에
마음을 끌다,끌네
마음을 끌다,끌니
마음을 끌다,끌다
마음을 끌다,끌다가
마음을 끌다,끌다가는
마음을 끌다,끌다간
마음을 끌다,끌다니
마음을 끌다,끌다마다
마음을 끌다,끌더니
마음을 끌다,끌더니라
마음을 끌다,끌더라
마음을 끌다,끌더라니까
마음을 끌다,끌더라도
마음을 끌다,끌더라며
마음을 끌다,끌더라면
마음을 끌다,끌더라면서
마음을 끌다,끌더람
마음을 끌다,끌던
마음을 끌다,끌던가
마음을 끌다,끌던데
마음을 끌다,끌던지
마음을 끌다,끌데
마음을 끌다,끌데요
마음을 끌다,끌도다
마음을 끌다,끌되
마음을 끌다,끌든
마음을 끌다,끌든지
마음을 끌다,끌듯
마음을 끌다,끌듯이
마음을 끌다,끌죠
마음을 끌다,끌지마는
마음을 끌다,끌지만
마음을 끌다,끌지요
마음을 끌다,끈걸
마음을 끌다,끈들
마음을 끌다,끄나마
마음을 끌다,끄니
마음을 끌다,끄니까
마음을 끌다,끌
마음을 끌다,끌걸
마음을 끌다,끌까
마음을 끌다,끌는지
마음을 끌다,끌라
마음을 끌다,끌라고
마음을 끌다,끌러니
마음을 끌다,끌러라
마음을 끌다,끌런고
마음을 끌다,끌망정
마음을 끌다,끌밖에
마음을 끌다,끌뿐더러
마음을 끌다,끌수록
마음을 끌다,끌지라도
마음을 끌다,끄며
마음을 끌다,끄면
마음을 끌다,끄면서
마음을 끌다,끄세요
마음을 끌다,끄셔요
마음을 끌다,끌지
마음을 끌다,끌건대
마음을 끌다,끌나니
마음을 끌다,끌느라
마음을 끌다,끌느라고
마음을 끌다,끌는구나
마음을 끌다,끌는군
마음을 끌다,끌도록
마음을 끌다,끌자
마음을 끌다,끌자고
마음을 끌다,끌자꾸나
마음을 끌다,끌자느니
마음을 끌다,끌자니까
마음을 끌다,끌자마자
마음을 끌다,끌자며
마음을 끌다,끌자면
마음을 끌다,끌자면서
마음을 끌다,끈
마음을 끌다,끈다
마음을 끌다,끈다고
마음을 끌다,끈다나
마음을 끌다,끈다네
마음을 끌다,끈다느니
마음을 끌다,끈다니
마음을 끌다,끈다니까
마음을 끌다,끈다더라
마음을 끌다,끈다며
마음을 끌다,끈다면
마음을 끌다,끈다면서
마음을 끌다,끈답니까
마음을 끌다,끈답니다
마음을 끌다,끈답시고
마음을 끌다,끈대
마음을 끌다,끈대요
마음을 끌다,끌래
마음을 끌다,끄라고
마음을 끌다,끄러
마음을 끌다,끄려
마음을 끌다,끕시다
마음을 끌다,끄세
마음을 끌다,끄시라
마음을 끌다,끄십시다
마음을 끌다,끄십시오
마음을 끌다,끌고자
마음을 끌다,끌느냐
마음을 끌다,끌느냐고
마음을 끌다,끌느니
마음을 끌다,끌느니만
마음을 끌다,끌느니만큼
마음을 끌다,끌는
마음을 끌다,끌는걸
마음을 끌다,끌는데
방지하다,방지하거나
방지하다,방지하거늘
방지하다,방지하거니
방지하다,방지하거든
방지하다,방지하건
방지하다,방지하것다
방지하다,방지하게
방지하다,방지하겠
방지하다,방지하고
방지하다,방지하고말고
방지하다,방지하기로
방지하다,방지하기로니
방지하다,방지하기로서
방지하다,방지하기로서니
방지하다,방지하기에
방지하다,방지하네
방지하다,방지하니
방지하다,방지하다
방지하다,방지하다가
방지하다,방지하다가는
방지하다,방지하다간
방지하다,방지하다니
방지하다,방지하다마다
방지하다,방지하더니
방지하다,방지하더니라
방지하다,방지하더라
방지하다,방지하더라니까
방지하다,방지하더라도
방지하다,방지하더라며
방지하다,방지하더라면
방지하다,방지하더라면서
방지하다,방지하더람
방지하다,방지하던
방지하다,방지하던가
방지하다,방지하던데
방지하다,방지하던지
방지하다,방지하데
방지하다,방지하데요
방지하다,방지하도다
방지하다,방지하되
방지하다,방지하든
방지하다,방지하든지
방지하다,방지하듯
방지하다,방지하듯이
방지하다,방지하죠
방지하다,방지하지마는
방지하다,방지하지만
방지하다,방지하지요
방지하다,방지한걸
방지하다,방지한들
방지하다,방지하나마
방지하다,방지하니까
방지하다,방지할
방지하다,방지할걸
방지하다,방지할까
방지하다,방지할는지
방지하다,방지할라
방지하다,방지할라고
방지하다,방지할러니
방지하다,방지할러라
방지하다,방지할런고
방지하다,방지할망정
방지하다,방지할밖에
방지하다,방지할뿐더러
방지하다,방지할수록
방지하다,방지할지라도
방지하다,방지하며
방지하다,방지하면
방지하다,방지하면서
방지하다,방지하세요
방지하다,방지하셔요
방지하다,방지하지
방지하다,방지하건대
방지하다,방지하나니
방지하다,방지하느라
방지하다,방지하느라고
방지하다,방지하는구나
방지하다,방지하는군
방지하다,방지하도록
방지하다,방지하자
방지하다,방지하자고
방지하다,방지하자꾸나
방지하다,방지하자느니
방지하다,방지하자니까
방지하다,방지하자마자
방지하다,방지하자며
방지하다,방지하자면
방지하다,방지하자면서
방지하다,방지한
방지하다,방지한다
방지하다,방지한다고
방지하다,방지한다나
방지하다,방지한다네
방지하다,방지한다느니
방지하다,방지한다니
방지하다,방지한다니까
방지하다,방지한다더라
방지하다,방지한다며
방지하다,방지한다면
방지하다,방지한다면서
방지하다,방지한답니까
방지하다,방지한답니다
방지하다,방지한답시고
방지하다,방지한대
방지하다,방지한대요
방지하다,방지할거나
방지하다,방지할게
방지하다,방지할래
방지하다,방지하라고
방지하다,방지하러
방지하다,방지하려
방지하다,방지합시다
방지하다,방지하세
방지하다,방지하시라
방지하다,방지하십시다
방지하다,방지하십시오
방지하다,방지하고자
방지하다,방지하느냐
방지하다,방지하느냐고
방지하다,방지하느니
방지하다,방지하느니만
방지하다,방지하느니만큼
방지하다,방지하는
방지하다,방지하는걸
방지하다,방지하는데
방지하다,방지하는지
깨우다,깨우거나
깨우다,깨우거늘
깨우다,깨우거니
깨우다,깨우거든
깨우다,깨우건
깨우다,깨우것다
깨우다,깨우게
깨우다,깨우겠
깨우다,깨우고
깨우다,깨우고말고
깨우다,깨우기로
깨우다,깨우기로니
깨우다,깨우기로서
깨우다,깨우기로서니
깨우다,깨우기에
깨우다,깨우네
깨우다,깨우니
깨우다,깨우다
깨우다,깨우다가
깨우다,깨우다가는
깨우다,깨우다간
깨우다,깨우다니
깨우다,깨우다마다
깨우다,깨우더니
깨우다,깨우더니라
깨우다,깨우더라
깨우다,깨우더라니까
깨우다,깨우더라도
깨우다,깨우더라며
깨우다,깨우더라면
깨우다,깨우더라면서
깨우다,깨우더람
깨우다,깨우던
깨우다,깨우던가
깨우다,깨우던데
깨우다,깨우던지
깨우다,깨우데
깨우다,깨우데요
깨우다,깨우도다
깨우다,깨우되
깨우다,깨우든
깨우다,깨우든지
깨우다,깨우듯
깨우다,깨우듯이
깨우다,깨우죠
깨우다,깨우지마는
깨우다,깨우지만
깨우다,깨우지요
깨우다,깨운걸
깨우다,깨운들
깨우다,깨우나마
깨우다,깨우니까
깨우다,깨울
깨우다,깨울걸
깨우다,깨울까
깨우다,깨울는지
깨우다,깨울라
깨우다,깨울라고
깨우다,깨울러니
깨우다,깨울러라
깨우다,깨울런고
깨우다,깨울망정
깨우다,깨울밖에
깨우다,깨울뿐더러
깨우다,깨울수록
깨우다,깨울지라도
깨우다,깨우며
깨우다,깨우면
깨우다,깨우면서
깨우다,깨우세요
깨우다,깨우셔요
깨우다,깨우지
깨우다,깨우건대
깨우다,깨우나니
깨우다,깨우느라
깨우다,깨우느라고
깨우다,깨우는구나
깨우다,깨우는군
깨우다,깨우도록
깨우다,깨우자
깨우다,깨우자고
깨우다,깨우자꾸나
깨우다,깨우자느니
깨우다,깨우자니까
깨우다,깨우자마자
깨우다,깨우자며
깨우다,깨우자면
깨우다,깨우자면서
깨우다,깨운
깨우다,깨운다
깨우다,깨운다고
깨우다,깨운다나
깨우다,깨운다네
깨우다,깨운다느니
깨우다,깨운다니
깨우다,깨운다니까
깨우다,깨운다더라
깨우다,깨운다며
깨우다,깨운다면
깨우다,깨운다면서
깨우다,깨운답니까
깨우다,깨운답니다
깨우다,깨운답시고
깨우다,깨운대
깨우다,깨운대요
깨우다,깨울거나
깨우다,깨울게
깨우다,깨울래
깨우다,깨우라고
깨우다,깨우러
깨우다,깨우려
깨우다,깨웁시다
깨우다,깨우세
깨우다,깨우시라
깨우다,깨우십시다
깨우다,깨우십시오
깨우다,깨우고자
깨우다,깨우느냐
깨우다,깨우느냐고
깨우다,깨우느니
깨우다,깨우느니만
깨우다,깨우느니만큼
깨우다,깨우는
깨우다,깨우는걸
깨우다,깨우는데
깨우다,깨우는지
굳어지다,굳어지거나
굳어지다,굳어지거늘
굳어지다,굳어지거니
굳어지다,굳어지거든
굳어지다,굳어지건
굳어지다,굳어지것다
굳어지다,굳어지게
굳어지다,굳어지겠
굳어지다,굳어지고
굳어지다,굳어지고말고
굳어지다,굳어지기로
굳어지다,굳어지기로니
굳어지다,굳어지기로서
굳어지다,굳어지기로서니
굳어지다,굳어지기에
굳어지다,굳어지네
굳어지다,굳어지니
굳어지다,굳어지다
굳어지다,굳어지다가
굳어지다,굳어지다가는
굳어지다,굳어지다간
굳어지다,굳어지다니
굳어지다,굳어지다마다
굳어지다,굳어지더니
굳어지다,굳어지더니라
굳어지다,굳어지더라
굳어지다,굳어지더라니까
굳어지다,굳어지더라도
굳어지다,굳어지더라며
굳어지다,굳어지더라면
굳어지다,굳어지더라면서
굳어지다,굳어지더람
굳어지다,굳어지던
굳어지다,굳어지던가
굳어지다,굳어지던데
굳어지다,굳어지던지
굳어지다,굳어지데
굳어지다,굳어지데요
굳어지다,굳어지도다
굳어지다,굳어지되
굳어지다,굳어지든
굳어지다,굳어지든지
굳어지다,굳어지듯
굳어지다,굳어지듯이
굳어지다,굳어지죠
굳어지다,굳어지지마는
굳어지다,굳어지지만
굳어지다,굳어지지요
굳어지다,굳어진걸
굳어지다,굳어진들
굳어지다,굳어지나마
굳어지다,굳어지니까
굳어지다,굳어질
굳어지다,굳어질걸
굳어지다,굳어질까
굳어지다,굳어질는지
굳어지다,굳어질라
굳어지다,굳어질라고
굳어지다,굳어질러니
굳어지다,굳어질러라
굳어지다,굳어질런고
굳어지다,굳어질망정
굳어지다,굳어질밖에
굳어지다,굳어질뿐더러
굳어지다,굳어질수록
굳어지다,굳어질지라도
굳어지다,굳어지며
굳어지다,굳어지면
굳어지다,굳어지면서
굳어지다,굳어지세요
굳어지다,굳어지셔요
굳어지다,굳어지지
굳어지다,굳어지건대
굳어지다,굳어지나니
굳어지다,굳어지느라
굳어지다,굳어지느라고
굳어지다,굳어지는구나
굳어지다,굳어지는군
굳어지다,굳어지도록
굳어지다,굳어지자
굳어지다,굳어지자고
굳어지다,굳어지자꾸나
굳어지다,굳어지자느니
굳어지다,굳어지자니까
굳어지다,굳어지자마자
굳어지다,굳어지자며
굳어지다,굳어지자면
굳어지다,굳어지자면서
굳어지다,굳어진
굳어지다,굳어진다
굳어지다,굳어진다고
굳어지다,굳어진다나
굳어지다,굳어진다네
굳어지다,굳어진다느니
굳어지다,굳어진다니
굳어지다,굳어진다니까
굳어지다,굳어진다더라
굳어지다,굳어진다며
굳어지다,굳어진다면
굳어지다,굳어진다면서
굳어지다,굳어진답니까
굳어지다,굳어진답니다
굳어지다,굳어진답시고
굳어지다,굳어진대
굳어지다,굳어진대요
굳어지다,굳어질거나
굳어지다,굳어질게
굳어지다,굳어질래
굳어지다,굳어지라고
굳어지다,굳어지러
굳어지다,굳어지려
굳어지다,굳어집시다
굳어지다,굳어지세
굳어지다,굳어지시라
굳어지다,굳어지십시다
굳어지다,굳어지십시오
굳어지다,굳어지고자
굳어지다,굳어지느냐
굳어지다,굳어지느냐고
굳어지다,굳어지느니
굳어지다,굳어지느니만
굳어지다,굳어지느니만큼
굳어지다,굳어지는
굳어지다,굳어지는걸
굳어지다,굳어지는데
굳어지다,굳어지는지
세척하다,세척하거나
세척하다,세척하거늘
세척하다,세척하거니
세척하다,세척하거든
세척하다,세척하건
세척하다,세척하것다
세척하다,세척하게
세척하다,세척하겠
세척하다,세척하고
세척하다,세척하고말고
세척하다,세척하기로
세척하다,세척하기로니
세척하다,세척하기로서
세척하다,세척하기로서니
세척하다,세척하기에
세척하다,세척하네
세척하다,세척하니
세척하다,세척하다
세척하다,세척하다가
세척하다,세척하다가는
세척하다,세척하다간
세척하다,세척하다니
세척하다,세척하다마다
세척하다,세척하더니
세척하다,세척하더니라
세척하다,세척하더라
세척하다,세척하더라니까
세척하다,세척하더라도
세척하다,세척하더라며
세척하다,세척하더라면
세척하다,세척하더라면서
세척하다,세척하더람
세척하다,세척하던
세척하다,세척하던가
세척하다,세척하던데
세척하다,세척하던지
세척하다,세척하데
세척하다,세척하데요
세척하다,세척하도다
세척하다,세척하되
세척하다,세척하든
세척하다,세척하든지
세척하다,세척하듯
세척하다,세척하듯이
세척하다,세척하죠
세척하다,세척하지마는
세척하다,세척하지만
세척하다,세척하지요
세척하다,세척한걸
세척하다,세척한들
세척하다,세척하나마
세척하다,세척하니까
세척하다,세척할
세척하다,세척할걸
세척하다,세척할까
세척하다,세척할는지
세척하다,세척할라
세척하다,세척할라고
세척하다,세척할러니
세척하다,세척할러라
세척하다,세척할런고
세척하다,세척할망정
세척하다,세척할밖에
세척하다,세척할뿐더러
세척하다,세척할수록
세척하다,세척할지라도
세척하다,세척하며
세척하다,세척하면
세척하다,세척하면서
세척하다,세척하세요
세척하다,세척하셔요
세척하다,세척하지
세척하다,세척하건대
세척하다,세척하나니
세척하다,세척하느라
세척하다,세척하느라고
세척하다,세척하는구나
세척하다,세척하는군
세척하다,세척하도록
세척하다,세척하자
세척하다,세척하자고
세척하다,세척하자꾸나
세척하다,세척하자느니
세척하다,세척하자니까
세척하다,세척하자마자
세척하다,세척하자며
세척하다,세척하자면
세척하다,세척하자면서
세척하다,세척한
세척하다,세척한다
세척하다,세척한다고
세척하다,세척한다나
세척하다,세척한다네
세척하다,세척한다느니
세척하다,세척한다니
세척하다,세척한다니까
세척하다,세척한다더라
세척하다,세척한다며
세척하다,세척한다면
세척하다,세척한다면서
세척하다,세척한답니까
세척하다,세척한답니다
세척하다,세척한답시고
세척하다,세척한대
세척하다,세척한대요
세척하다,세척할거나
세척하다,세척할게
세척하다,세척할래
세척하다,세척하라고
세척하다,세척하러
세척하다,세척하려
세척하다,세척합시다
세척하다,세척하세
세척하다,세척하시라
세척하다,세척하십시다
세척하다,세척하십시오
세척하다,세척하고자
세척하다,세척하느냐
세척하다,세척하느냐고
세척하다,세척하느니
세척하다,세척하느니만
세척하다,세척하느니만큼
세척하다,세척하는
세척하다,세척하는걸
세척하다,세척하는데
세척하다,세척하는지
씻다,씻거나
씻다,씻거늘
씻다,씻거니
씻다,씻거든
씻다,씻건
씻다,씻것다
씻다,씻게
씻다,씻겠
씻다,씻고
씻다,씻고말고
씻다,씻기로
씻다,씻기로니
씻다,씻기로서
씻다,씻기로서니
씻다,씻기에
씻다,씻네
씻다,씻니
씻다,씻다
씻다,씻다가
씻다,씻다가는
씻다,씻다간
씻다,씻다니
씻다,씻다마다
씻다,씻더니
씻다,씻더니라
씻다,씻더라
씻다,씻더라니까
씻다,씻더라도
씻다,씻더라며
씻다,씻더라면
씻다,씻더라면서
씻다,씻더람
씻다,씻던
씻다,씻던가
씻다,씻던데
씻다,씻던지
씻다,씻데
씻다,씻데요
씻다,씻도다
씻다,씻되
씻다,씻든
씻다,씻든지
씻다,씻듯
씻다,씻듯이
씻다,씻죠
씻다,씻지마는
씻다,씻지만
씻다,씻지요
씻다,씻지
씻다,씻을
씻다,씻을걸
씻다,씻을밖에
씻다,씻을수록
씻다,씻을지
씻다,씻을지며
씻다,씻음
씻다,씻음에도
씻다,씻읍시오
씻다,씻건대
씻다,씻나니
씻다,씻느라
씻다,씻느라고
씻다,씻는구나
씻다,씻는군
씻다,씻도록
씻다,씻자
씻다,씻자고
씻다,씻자꾸나
씻다,씻자느니
씻다,씻자니까
씻다,씻자마자
씻다,씻자며
씻다,씻자면
씻다,씻자면서
씻다,씻고자
씻다,씻느냐
씻다,씻느냐고
씻다,씻느니
씻다,씻느니만
씻다,씻느니만큼
씻다,씻는
씻다,씻는걸
씻다,씻는데
씻다,씻는지
씻다,씻으러
씻다,씻읍시다
있다,있거나
있다,있거늘
있다,있거니
있다,있거든
있다,있건
있다,있것다
있다,있게
있다,있겠
있다,있고
있다,있고말고
있다,있기로
있다,있기로니
있다,있기로서
있다,있기로서니
있다,있기에
있다,있네
있다,있니
있다,있다
있다,있다가
있다,있다가는
있다,있다간
있다,있다니
있다,있다마다
있다,있더니
있다,있더니라
있다,있더라
있다,있더라니까
있다,있더라도
있다,있더라며
있다,있더라면
있다,있더라면서
있다,있더람
있다,있던
있다,있던가
있다,있던데
있다,있던지
있다,있데
있다,있데요
있다,있도다
있다,있되
있다,있든
있다,있든지
있다,있듯
있다,있듯이
있다,있죠
있다,있지마는
있다,있지만
있다,있지요
있다,있지
있다,있을
있다,있을걸
있다,있을밖에
있다,있을수록
있다,있을지
있다,있을지며
있다,있음
있다,있음에도
있다,있읍시오
있다,있건대
있다,있나니
있다,있느라
있다,있느라고
있다,있는구나
있다,있는군
있다,있도록
있다,있자
있다,있자고
있다,있자꾸나
있다,있자느니
있다,있자니까
있다,있자마자
있다,있자며
있다,있자면
있다,있자면서
있다,있고자
있다,있느냐
있다,있느냐고
있다,있느니
있다,있느니만
있다,있느니만큼
있다,있는
있다,있는걸
있다,있는데
있다,있는지
있다,있으러
있다,있읍시다
존재하다,존재하거나
존재하다,존재하거늘
존재하다,존재하거니
존재하다,존재하거든
존재하다,존재하건
존재하다,존재하것다
존재하다,존재하게
존재하다,존재하겠
존재하다,존재하고
존재하다,존재하고말고
존재하다,존재하기로
존재하다,존재하기로니
존재하다,존재하기로서
존재하다,존재하기로서니
존재하다,존재하기에
존재하다,존재하네
존재하다,존재하니
존재하다,존재하다
존재하다,존재하다가
존재하다,존재하다가는
존재하다,존재하다간
존재하다,존재하다니
존재하다,존재하다마다
존재하다,존재하더니
존재하다,존재하더니라
존재하다,존재하더라
존재하다,존재하더라니까
존재하다,존재하더라도
존재하다,존재하더라며
존재하다,존재하더라면
존재하다,존재하더라면서
존재하다,존재하더람
존재하다,존재하던
존재하다,존재하던가
존재하다,존재하던데
존재하다,존재하던지
존재하다,존재하데
존재하다,존재하데요
존재하다,존재하도다
존재하다,존재하되
존재하다,존재하든
존재하다,존재하든지
존재하다,존재하듯
존재하다,존재하듯이
존재하다,존재하죠
존재하다,존재하지마는
존재하다,존재하지만
존재하다,존재하지요
존재하다,존재한걸
존재하다,존재한들
존재하다,존재하나마
존재하다,존재하니까
존재하다,존재할
존재하다,존재할걸
존재하다,존재할까
존재하다,존재할는지
존재하다,존재할라
존재하다,존재할라고
존재하다,존재할러니
존재하다,존재할러라
존재하다,존재할런고
존재하다,존재할망정
존재하다,존재할밖에
존재하다,존재할뿐더러
존재하다,존재할수록
존재하다,존재할지라도
존재하다,존재하며
존재하다,존재하면
존재하다,존재하면서
존재하다,존재하세요
존재하다,존재하셔요
존재하다,존재하지
존재하다,존재하건대
존재하다,존재하나니
존재하다,존재하느라
존재하다,존재하느라고
존재하다,존재하는구나
존재하다,존재하는군
존재하다,존재하도록
존재하다,존재하자
존재하다,존재하자고
존재하다,존재하자꾸나
존재하다,존재하자느니
존재하다,존재하자니까
존재하다,존재하자마자
존재하다,존재하자며
존재하다,존재하자면
존재하다,존재하자면서
존재하다,존재한
존재하다,존재한다
존재하다,존재한다고
존재하다,존재한다나
존재하다,존재한다네
존재하다,존재한다느니
존재하다,존재한다니
존재하다,존재한다니까
존재하다,존재한다더라
존재하다,존재한다며
존재하다,존재한다면
존재하다,존재한다면서
존재하다,존재한답니까
존재하다,존재한답니다
존재하다,존재한답시고
존재하다,존재한대
존재하다,존재한대요
존재하다,존재할거나
존재하다,존재할게
존재하다,존재할래
존재하다,존재하라고
존재하다,존재하러
존재하다,존재하려
존재하다,존재합시다
존재하다,존재하세
존재하다,존재하시라
존재하다,존재하십시다
존재하다,존재하십시오
존재하다,존재하고자
존재하다,존재하느냐
존재하다,존재하느냐고
존재하다,존재하느니
존재하다,존재하느니만
존재하다,존재하느니만큼
존재하다,존재하는
존재하다,존재하는걸
존재하다,존재하는데
존재하다,존재하는지
참다,참거나
참다,참거늘
참다,참거니
참다,참거든
참다,참건
참다,참것다
참다,참게
참다,참겠
참다,참고
참다,참고말고
참다,참기로
참다,참기로니
참다,참기로서
참다,참기로서니
참다,참기에
참다,참네
참다,참니
참다,참다
참다,참다가
참다,참다가는
참다,참다간
참다,참다니
참다,참다마다
참다,참더니
참다,참더니라
참다,참더라
참다,참더라니까
참다,참더라도
참다,참더라며
참다,참더라면
참다,참더라면서
참다,참더람
참다,참던
참다,참던가
참다,참던데
참다,참던지
참다,참데
참다,참데요
참다,참도다
참다,참되
참다,참든
참다,참든지
참다,참듯
참다,참듯이
참다,참죠
참다,참지마는
참다,참지만
참다,참지요
참다,참지
참다,참아도
참다,참아서
참다,참아야
참다,참아야만
참다,참아야지
참다,참아요
참다,참을
참다,참을걸
참다,참을밖에
참다,참을수록
참다,참을지
참다,참을지며
참다,참음
참다,참음에도
참다,참읍시오
참다,참건대
참다,참나니
참다,참느라
참다,참느라고
참다,참는구나
참다,참는군
참다,참도록
참다,참자
참다,참자고
참다,참자꾸나
참다,참자느니
참다,참자니까
참다,참자마자
참다,참자며
참다,참자면
참다,참자면서
참다,참아다
참다,참아다가
참다,참고자
참다,참느냐
참다,참느냐고
참다,참느니
참다,참느니만
참다,참느니만큼
참다,참는
참다,참는걸
참다,참는데
참다,참는지
참다,참으러
참다,참읍시다
견디다,견디거나
견디다,견디거늘
견디다,견디거니
견디다,견디거든
견디다,견디건
견디다,견디것다
견디다,견디게
견디다,견디겠
견디다,견디고
견디다,견디고말고
견디다,견디기로
견디다,견디기로니
견디다,견디기로서
견디다,견디기로서니
견디다,견디기에
견디다,견디네
견디다,견디니
견디다,견디다
견디다,견디다가
견디다,견디다가는
견디다,견디다간
견디다,견디다니
견디다,견디다마다
견디다,견디더니
견디다,견디더니라
견디다,견디더라
견디다,견디더라니까
견디다,견디더라도
견디다,견디더라며
견디다,견디더라면
견디다,견디더라면서
견디다,견디더람
견디다,견디던
견디다,견디던가
견디다,견디던데
견디다,견디던지
견디다,견디데
견디다,견디데요
견디다,견디도다
견디다,견디되
견디다,견디든
견디다,견디든지
견디다,견디듯
견디다,견디듯이
견디다,견디죠
견디다,견디지마는
견디다,견디지만
견디다,견디지요
견디다,견딘걸
견디다,견딘들
견디다,견디나마
견디다,견디니까
견디다,견딜
견디다,견딜걸
견디다,견딜까
견디다,견딜는지
견디다,견딜라
견디다,견딜라고
견디다,견딜러니
견디다,견딜러라
견디다,견딜런고
견디다,견딜망정
견디다,견딜밖에
견디다,견딜뿐더러
견디다,견딜수록
견디다,견딜지라도
견디다,견디며
견디다,견디면
견디다,견디면서
견디다,견디세요
견디다,견디셔요
견디다,견디지
견디다,견디건대
견디다,견디나니
견디다,견디느라
견디다,견디느라고
견디다,견디는구나
견디다,견디는군
견디다,견디도록
견디다,견디자
견디다,견디자고
견디다,견디자꾸나
견디다,견디자느니
견디다,견디자니까
견디다,견디자마자
견디다,견디자며
견디다,견디자면
견디다,견디자면서
견디다,견딘
견디다,견딘다
견디다,견딘다고
견디다,견딘다나
견디다,견딘다네
견디다,견딘다느니
견디다,견딘다니
견디다,견딘다니까
견디다,견딘다더라
견디다,견딘다며
견디다,견딘다면
견디다,견딘다면서
견디다,견딘답니까
견디다,견딘답니다
견디다,견딘답시고
견디다,견딘대
견디다,견딘대요
견디다,견딜거나
견디다,견딜게
견디다,견딜래
견디다,견디라고
견디다,견디러
견디다,견디려
견디다,견딥시다
견디다,견디세
견디다,견디시라
견디다,견디십시다
견디다,견디십시오
견디다,견디고자
견디다,견디느냐
견디다,견디느냐고
견디다,견디느니
견디다,견디느니만
견디다,견디느니만큼
견디다,견디는
견디다,견디는걸
견디다,견디는데
견디다,견디는지
이기다,이기거나
이기다,이기거늘
이기다,이기거니
이기다,이기거든
이기다,이기건
이기다,이기것다
이기다,이기게
이기다,이기겠
이기다,이기고
이기다,이기고말고
이기다,이기기로
이기다,이기기로니
이기다,이기기로서
이기다,이기기로서니
이기다,이기기에
이기다,이기네
이기다,이기니
이기다,이기다
이기다,이기다가
이기다,이기다가는
이기다,이기다간
이기다,이기다니
이기다,이기다마다
이기다,이기더니
이기다,이기더니라
이기다,이기더라
이기다,이기더라니까
이기다,이기더라도
이기다,이기더라며
이기다,이기더라면
이기다,이기더라면서
이기다,이기더람
이기다,이기던
이기다,이기던가
이기다,이기던데
이기다,이기던지
이기다,이기데
이기다,이기데요
이기다,이기도다
이기다,이기되
이기다,이기든
이기다,이기든지
이기다,이기듯
이기다,이기듯이
이기다,이기죠
이기다,이기지마는
이기다,이기지만
이기다,이기지요
이기다,이긴걸
이기다,이긴들
이기다,이기나마
이기다,이기니까
이기다,이길
이기다,이길걸
이기다,이길까
이기다,이길는지
이기다,이길라
이기다,이길라고
이기다,이길러니
이기다,이길러라
이기다,이길런고
이기다,이길망정
이기다,이길밖에
이기다,이길뿐더러
이기다,이길수록
이기다,이길지라도
이기다,이기며
이기다,이기면
이기다,이기면서
이기다,이기세요
이기다,이기셔요
이기다,이기지
이기다,이기건대
이기다,이기나니
이기다,이기느라
이기다,이기느라고
이기다,이기는구나
이기다,이기는군
이기다,이기도록
이기다,이기자
이기다,이기자고
이기다,이기자꾸나
이기다,이기자느니
이기다,이기자니까
이기다,이기자마자
이기다,이기자며
이기다,이기자면
이기다,이기자면서
이기다,이긴
이기다,이긴다
이기다,이긴다고
이기다,이긴다나
이기다,이긴다네
이기다,이긴다느니
이기다,이긴다니
이기다,이긴다니까
이기다,이긴다더라
이기다,이긴다며
이기다,이긴다면
이기다,이긴다면서
이기다,이긴답니까
이기다,이긴답니다
이기다,이긴답시고
이기다,이긴대
이기다,이긴대요
이기다,이길거나
이기다,이길게
이기다,이길래
이기다,이기라고
이기다,이기러
이기다,이기려
이기다,이깁시다
이기다,이기세
이기다,이기시라
이기다,이기십시다
이기다,이기십시오
이기다,이기고자
이기다,이기느냐
이기다,이기느냐고
이기다,이기느니
이기다,이기느니만
이기다,이기느니만큼
이기다,이기는
이기다,이기는걸
이기다,이기는데
이기다,이기는지
알맞다,알맞거나
알맞다,알맞거늘
알맞다,알맞거니
알맞다,알맞거든
알맞다,알맞건
알맞다,알맞것다
알맞다,알맞게
알맞다,알맞겠
알맞다,알맞고
알맞다,알맞고말고
알맞다,알맞기로
알맞다,알맞기로니
알맞다,알맞기로서
알맞다,알맞기로서니
알맞다,알맞기에
알맞다,알맞네
알맞다,알맞니
알맞다,알맞다
알맞다,알맞다가
알맞다,알맞다가는
알맞다,알맞다간
알맞다,알맞다니
알맞다,알맞다마다
알맞다,알맞더니
알맞다,알맞더니라
알맞다,알맞더라
알맞다,알맞더라니까
알맞다,알맞더라도
알맞다,알맞더라며
알맞다,알맞더라면
알맞다,알맞더라면서
알맞다,알맞더람
알맞다,알맞던
알맞다,알맞던가
알맞다,알맞던데
알맞다,알맞던지
알맞다,알맞데
알맞다,알맞데요
알맞다,알맞도다
알맞다,알맞되
알맞다,알맞든
알맞다,알맞든지
알맞다,알맞듯
알맞다,알맞듯이
알맞다,알맞죠
알맞다,알맞지마는
알맞다,알맞지만
알맞다,알맞지요
알맞다,알맞지
알맞다,알맞아도
알맞다,알맞아서
알맞다,알맞아야
알맞다,알맞아야만
알맞다,알맞아야지
알맞다,알맞아요
알맞다,알맞을
알맞다,알맞을걸
알맞다,알맞을밖에
알맞다,알맞을수록
알맞다,알맞을지
알맞다,알맞을지며
알맞다,알맞음
알맞다,알맞음에도
알맞다,알맞읍시오
알맞다,알맞은데
알맞다,알맞은지
적절하다,적절하거나
적절하다,적절하거늘
적절하다,적절하거니
적절하다,적절하거든
적절하다,적절하건
적절하다,적절하것다
적절하다,적절하게
적절하다,적절하겠
적절하다,적절하고
적절하다,적절하고말고
적절하다,적절하기로
적절하다,적절하기로니
적절하다,적절하기로서
적절하다,적절하기로서니
적절하다,적절하기에
적절하다,적절하네
적절하다,적절하니
적절하다,적절하다
적절하다,적절하다가
적절하다,적절하다가는
적절하다,적절하다간
적절하다,적절하다니
적절하다,적절하다마다
적절하다,적절하더니
적절하다,적절하더니라
적절하다,적절하더라
적절하다,적절하더라니까
적절하다,적절하더라도
적절하다,적절하더라며
적절하다,적절하더라면
적절하다,적절하더라면서
적절하다,적절하더람
적절하다,적절하던
적절하다,적절하던가
적절하다,적절하던데
적절하다,적절하던지
적절하다,적절하데
적절하다,적절하데요
적절하다,적절하도다
적절하다,적절하되
적절하다,적절하든
적절하다,적절하든지
적절하다,적절하듯
적절하다,적절하듯이
적절하다,적절하죠
적절하다,적절하지마는
적절하다,적절하지만
적절하다,적절하지요
적절하다,적절한걸
적절하다,적절한들
적절하다,적절하나마
적절하다,적절하니까
적절하다,적절할
적절하다,적절할걸
적절하다,적절할까
적절하다,적절할는지
적절하다,적절할라
적절하다,적절할라고
적절하다,적절할러니
적절하다,적절할러라
적절하다,적절할런고
적절하다,적절할망정
적절하다,적절할밖에
적절하다,적절할뿐더러
적절하다,적절할수록
적절하다,적절할지라도
적절하다,적절하며
적절하다,적절하면
적절하다,적절하면서
적절하다,적절하세요
적절하다,적절하셔요
적절하다,적절하지
애원하다,애원하거나
애원하다,애원하거늘
애원하다,애원하거니
애원하다,애원하거든
애원하다,애원하건
애원하다,애원하것다
애원하다,애원하게
애원하다,애원하겠
애원하다,애원하고
애원하다,애원하고말고
애원하다,애원하기로
애원하다,애원하기로니
애원하다,애원하기로서
애원하다,애원하기로서니
애원하다,애원하기에
애원하다,애원하네
애원하다,애원하니
애원하다,애원하다
애원하다,애원하다가
애원하다,애원하다가는
애원하다,애원하다간
애원하다,애원하다니
애원하다,애원하다마다
애원하다,애원하더니
애원하다,애원하더니라
애원하다,애원하더라
애원하다,애원하더라니까
애원하다,애원하더라도
애원하다,애원하더라며
애원하다,애원하더라면
애원하다,애원하더라면서
애원하다,애원하더람
애원하다,애원하던
애원하다,애원하던가
애원하다,애원하던데
애원하다,애원하던지
애원하다,애원하데
애원하다,애원하데요
애원하다,애원하도다
애원하다,애원하되
애원하다,애원하든
애원하다,애원하든지
애원하다,애원하듯
애원하다,애원하듯이
애원하다,애원하죠
애원하다,애원하지마는
애원하다,애원하지만
애원하다,애원하지요
애원하다,애원한걸
애원하다,애원한들
애원하다,애원하나마
애원하다,애원하니까
애원하다,애원할
애원하다,애원할걸
애원하다,애원할까
애원하다,애원할는지
애원하다,애원할라
애원하다,애원할라고
애원하다,애원할러니
애원하다,애원할러라
애원하다,애원할런고
애원하다,애원할망정
애원하다,애원할밖에
애원하다,애원할뿐더러
애원하다,애원할수록
애원하다,애원할지라도
애원하다,애원하며
애원하다,애원하면
애원하다,애원하면서
애원하다,애원하세요
애원하다,애원하셔요
애원하다,애원하지
애원하다,애원하건대
애원하다,애원하나니
애원하다,애원하느라
애원하다,애원하느라고
애원하다,애원하는구나
애원하다,애원하는군
애원하다,애원하도록
애원하다,애원하자
애원하다,애원하자고
애원하다,애원하자꾸나
애원하다,애원하자느니
애원하다,애원하자니까
애원하다,애원하자마자
애원하다,애원하자며
애원하다,애원하자면
애원하다,애원하자면서
애원하다,애원한
애원하다,애원한다
애원하다,애원한다고
애원하다,애원한다나
애원하다,애원한다네
애원하다,애원한다느니
애원하다,애원한다니
애원하다,애원한다니까
애원하다,애원한다더라
애원하다,애원한다며
애원하다,애원한다면
애원하다,애원한다면서
애원하다,애원한답니까
애원하다,애원한답니다
애원하다,애원한답시고
애원하다,애원한대
애원하다,애원한대요
애원하다,애원할거나
애원하다,애원할게
애원하다,애원할래
애원하다,애원하라고
애원하다,애원하러
애원하다,애원하려
애원하다,애원합시다
애원하다,애원하세
애원하다,애원하시라
애원하다,애원하십시다
애원하다,애원하십시오
애원하다,애원하고자
애원하다,애원하느냐
애원하다,애원하느냐고
애원하다,애원하느니
애원하다,애원하느니만
애원하다,애원하느니만큼
애원하다,애원하는
애원하다,애원하는걸
애원하다,애원하는데
애원하다,애원하는지
시작하다,시작하거나
시작하다,시작하거늘
시작하다,시작하거니
시작하다,시작하거든
시작하다,시작하건
시작하다,시작하것다
시작하다,시작하게
시작하다,시작하겠
시작하다,시작하고
시작하다,시작하고말고
시작하다,시작하기로
시작하다,시작하기로니
시작하다,시작하기로서
시작하다,시작하기로서니
시작하다,시작하기에
시작하다,시작하네
시작하다,시작하니
시작하다,시작하다
시작하다,시작하다가
시작하다,시작하다가는
시작하다,시작하다간
시작하다,시작하다니
시작하다,시작하다마다
시작하다,시작하더니
시작하다,시작하더니라
시작하다,시작하더라
시작하다,시작하더라니까
시작하다,시작하더라도
시작하다,시작하더라며
시작하다,시작하더라면
시작하다,시작하더라면서
시작하다,시작하더람
시작하다,시작하던
시작하다,시작하던가
시작하다,시작하던데
시작하다,시작하던지
시작하다,시작하데
시작하다,시작하데요
시작하다,시작하도다
시작하다,시작하되
시작하다,시작하든
시작하다,시작하든지
시작하다,시작하듯
시작하다,시작하듯이
시작하다,시작하죠
시작하다,시작하지마는
시작하다,시작하지만
시작하다,시작하지요
시작하다,시작한걸
시작하다,시작한들
시작하다,시작하나마
시작하다,시작하니까
시작하다,시작할
시작하다,시작할걸
시작하다,시작할까
시작하다,시작할는지
시작하다,시작할라
시작하다,시작할라고
시작하다,시작할러니
시작하다,시작할러라
시작하다,시작할런고
시작하다,시작할망정
시작하다,시작할밖에
시작하다,시작할뿐더러
시작하다,시작할수록
시작하다,시작할지라도
시작하다,시작하며
시작하다,시작하면
시작하다,시작하면서
시작하다,시작하세요
시작하다,시작하셔요
시작하다,시작하지
시작하다,시작하건대
시작하다,시작하나니
시작하다,시작하느라
시작하다,시작하느라고
시작하다,시작하는구나
시작하다,시작하는군
시작하다,시작하도록
시작하다,시작하자
시작하다,시작하자고
시작하다,시작하자꾸나
시작하다,시작하자느니
시작하다,시작하자니까
시작하다,시작하자마자
시작하다,시작하자며
시작하다,시작하자면
시작하다,시작하자면서
시작하다,시작한
시작하다,시작한다
시작하다,시작한다고
시작하다,시작한다나
시작하다,시작한다네
시작하다,시작한다느니
시작하다,시작한다니
시작하다,시작한다니까
시작하다,시작한다더라
시작하다,시작한다며
시작하다,시작한다면
시작하다,시작한다면서
시작하다,시작한답니까
시작하다,시작한답니다
시작하다,시작한답시고
시작하다,시작한대
시작하다,시작한대요
시작하다,시작할거나
시작하다,시작할게
시작하다,시작할래
시작하다,시작하라고
시작하다,시작하러
시작하다,시작하려
시작하다,시작합시다
시작하다,시작하세
시작하다,시작하시라
시작하다,시작하십시다
시작하다,시작하십시오
시작하다,시작하고자
시작하다,시작하느냐
시작하다,시작하느냐고
시작하다,시작하느니
시작하다,시작하느니만
시작하다,시작하느니만큼
시작하다,시작하는
시작하다,시작하는걸
시작하다,시작하는데
시작하다,시작하는지
행동하다,행동하거나
행동하다,행동하거늘
행동하다,행동하거니
행동하다,행동하거든
행동하다,행동하건
행동하다,행동하것다
행동하다,행동하게
행동하다,행동하겠
행동하다,행동하고
행동하다,행동하고말고
행동하다,행동하기로
행동하다,행동하기로니
행동하다,행동하기로서
행동하다,행동하기로서니
행동하다,행동하기에
행동하다,행동하네
행동하다,행동하니
행동하다,행동하다
행동하다,행동하다가
행동하다,행동하다가는
행동하다,행동하다간
행동하다,행동하다니
행동하다,행동하다마다
행동하다,행동하더니
행동하다,행동하더니라
행동하다,행동하더라
행동하다,행동하더라니까
행동하다,행동하더라도
행동하다,행동하더라며
행동하다,행동하더라면
행동하다,행동하더라면서
행동하다,행동하더람
행동하다,행동하던
행동하다,행동하던가
행동하다,행동하던데
행동하다,행동하던지
행동하다,행동하데
행동하다,행동하데요
행동하다,행동하도다
행동하다,행동하되
행동하다,행동하든
행동하다,행동하든지
행동하다,행동하듯
행동하다,행동하듯이
행동하다,행동하죠
행동하다,행동하지마는
행동하다,행동하지만
행동하다,행동하지요
행동하다,행동한걸
행동하다,행동한들
행동하다,행동하나마
행동하다,행동하니까
행동하다,행동할
행동하다,행동할걸
행동하다,행동할까
행동하다,행동할는지
행동하다,행동할라
행동하다,행동할라고
행동하다,행동할러니
행동하다,행동할러라
행동하다,행동할런고
행동하다,행동할망정
행동하다,행동할밖에
행동하다,행동할뿐더러
행동하다,행동할수록
행동하다,행동할지라도
행동하다,행동하며
행동하다,행동하면
행동하다,행동하면서
행동하다,행동하세요
행동하다,행동하셔요
행동하다,행동하지
행동하다,행동하건대
행동하다,행동하나니
행동하다,행동하느라
행동하다,행동하느라고
행동하다,행동하는구나
행동하다,행동하는군
행동하다,행동하도록
행동하다,행동하자
행동하다,행동하자고
행동하다,행동하자꾸나
행동하다,행동하자느니
행동하다,행동하자니까
행동하다,행동하자마자
행동하다,행동하자며
행동하다,행동하자면
행동하다,행동하자면서
행동하다,행동한
행동하다,행동한다
행동하다,행동한다고
행동하다,행동한다나
행동하다,행동한다네
행동하다,행동한다느니
행동하다,행동한다니
행동하다,행동한다니까
행동하다,행동한다더라
행동하다,행동한다며
행동하다,행동한다면
행동하다,행동한다면서
행동하다,행동한답니까
행동하다,행동한답니다
행동하다,행동한답시고
행동하다,행동한대
행동하다,행동한대요
행동하다,행동할거나
행동하다,행동할게
행동하다,행동할래
행동하다,행동하라고
행동하다,행동하러
행동하다,행동하려
행동하다,행동합시다
행동하다,행동하세
행동하다,행동하시라
행동하다,행동하십시다
행동하다,행동하십시오
행동하다,행동하고자
행동하다,행동하느냐
행동하다,행동하느냐고
행동하다,행동하느니
행동하다,행동하느니만
행동하다,행동하느니만큼
행동하다,행동하는
행동하다,행동하는걸
행동하다,행동하는데
행동하다,행동하는지
믿다,믿거나
믿다,믿거늘
믿다,믿거니
믿다,믿거든
믿다,믿건
믿다,믿것다
믿다,믿게
믿다,믿겠
믿다,믿고
믿다,믿고말고
믿다,믿기로
믿다,믿기로니
믿다,믿기로서
믿다,믿기로서니
믿다,믿기에
믿다,믿네
믿다,믿니
믿다,믿다
믿다,믿다가
믿다,믿다가는
믿다,믿다간
믿다,믿다니
믿다,믿다마다
믿다,믿더니
믿다,믿더니라
믿다,믿더라
믿다,믿더라니까
믿다,믿더라도
믿다,믿더라며
믿다,믿더라면
믿다,믿더라면서
믿다,믿더람
믿다,믿던
믿다,믿던가
믿다,믿던데
믿다,믿던지
믿다,믿데
믿다,믿데요
믿다,믿도다
믿다,믿되
믿다,믿든
믿다,믿든지
믿다,믿듯
믿다,믿듯이
믿다,믿죠
믿다,믿지마는
믿다,믿지만
믿다,믿지요
믿다,믿지
믿다,믿을
믿다,믿을걸
믿다,믿을밖에
믿다,믿을수록
믿다,믿을지
믿다,믿을지며
믿다,믿음
믿다,믿음에도
믿다,믿읍시오
믿다,믿건대
믿다,믿나니
믿다,믿느라
믿다,믿느라고
믿다,믿는구나
믿다,믿는군
믿다,믿도록
믿다,믿자
믿다,믿자고
믿다,믿자꾸나
믿다,믿자느니
믿다,믿자니까
믿다,믿자마자
믿다,믿자며
믿다,믿자면
믿다,믿자면서
믿다,믿고자
믿다,믿느냐
믿다,믿느냐고
믿다,믿느니
믿다,믿느니만
믿다,믿느니만큼
믿다,믿는
믿다,믿는걸
믿다,믿는데
믿다,믿는지
믿다,믿으러
믿다,믿읍시다
굽히다,굽히거나
굽히다,굽히거늘
굽히다,굽히거니
굽히다,굽히거든
굽히다,굽히건
굽히다,굽히것다
굽히다,굽히게
굽히다,굽히겠
굽히다,굽히고
굽히다,굽히고말고
굽히다,굽히기로
굽히다,굽히기로니
굽히다,굽히기로서
굽히다,굽히기로서니
굽히다,굽히기에
굽히다,굽히네
굽히다,굽히니
굽히다,굽히다
굽히다,굽히다가
굽히다,굽히다가는
굽히다,굽히다간
굽히다,굽히다니
굽히다,굽히다마다
굽히다,굽히더니
굽히다,굽히더니라
굽히다,굽히더라
굽히다,굽히더라니까
굽히다,굽히더라도
굽히다,굽히더라며
굽히다,굽히더라면
굽히다,굽히더라면서
굽히다,굽히더람
굽히다,굽히던
굽히다,굽히던가
굽히다,굽히던데
굽히다,굽히던지
굽히다,굽히데
굽히다,굽히데요
굽히다,굽히도다
굽히다,굽히되
굽히다,굽히든
굽히다,굽히든지
굽히다,굽히듯
굽히다,굽히듯이
굽히다,굽히죠
굽히다,굽히지마는
굽히다,굽히지만
굽히다,굽히지요
굽히다,굽힌걸
굽히다,굽힌들
굽히다,굽히나마
굽히다,굽히니까
굽히다,굽힐
굽히다,굽힐걸
굽히다,굽힐까
굽히다,굽힐는지
굽히다,굽힐라
굽히다,굽힐라고
굽히다,굽힐러니
굽히다,굽힐러라
굽히다,굽힐런고
굽히다,굽힐망정
굽히다,굽힐밖에
굽히다,굽힐뿐더러
굽히다,굽힐수록
굽히다,굽힐지라도
굽히다,굽히며
굽히다,굽히면
굽히다,굽히면서
굽히다,굽히세요
굽히다,굽히셔요
굽히다,굽히지
굽히다,굽히건대
굽히다,굽히나니
굽히다,굽히느라
굽히다,굽히느라고
굽히다,굽히는구나
굽히다,굽히는군
굽히다,굽히도록
굽히다,굽히자
굽히다,굽히자고
굽히다,굽히자꾸나
굽히다,굽히자느니
굽히다,굽히자니까
굽히다,굽히자마자
굽히다,굽히자며
굽히다,굽히자면
굽히다,굽히자면서
굽히다,굽힌
굽히다,굽힌다
굽히다,굽힌다고
굽히다,굽힌다나
굽히다,굽힌다네
굽히다,굽힌다느니
굽히다,굽힌다니
굽히다,굽힌다니까
굽히다,굽힌다더라
굽히다,굽힌다며
굽히다,굽힌다면
굽히다,굽힌다면서
굽히다,굽힌답니까
굽히다,굽힌답니다
굽히다,굽힌답시고
굽히다,굽힌대
굽히다,굽힌대요
굽히다,굽힐거나
굽히다,굽힐게
굽히다,굽힐래
굽히다,굽히라고
굽히다,굽히러
굽히다,굽히려
굽히다,굽힙시다
굽히다,굽히세
굽히다,굽히시라
굽히다,굽히십시다
굽히다,굽히십시오
굽히다,굽히고자
굽히다,굽히느냐
굽히다,굽히느냐고
굽히다,굽히느니
굽히다,굽히느니만
굽히다,굽히느니만큼
굽히다,굽히는
굽히다,굽히는걸
굽히다,굽히는데
굽히다,굽히는지
돈을 걸다,걸거나
돈을 걸다,걸거늘
돈을 걸다,걸거니
돈을 걸다,걸거든
돈을 걸다,걸건
돈을 걸다,걸것다
돈을 걸다,걸게
돈을 걸다,걸겠
돈을 걸다,걸고
돈을 걸다,걸고말고
돈을 걸다,걸기로
돈을 걸다,걸기로니
돈을 걸다,걸기로서
돈을 걸다,걸기로서니
돈을 걸다,걸기에
돈을 걸다,걸네
돈을 걸다,걸니
돈을 걸다,걸다
돈을 걸다,걸다가
돈을 걸다,걸다가는
돈을 걸다,걸다간
돈을 걸다,걸다니
돈을 걸다,걸다마다
돈을 걸다,걸더니
돈을 걸다,걸더니라
돈을 걸다,걸더라
돈을 걸다,걸더라니까
돈을 걸다,걸더라도
돈을 걸다,걸더라며
돈을 걸다,걸더라면
돈을 걸다,걸더라면서
돈을 걸다,걸더람
돈을 걸다,걸던
돈을 걸다,걸던가
돈을 걸다,걸던데
돈을 걸다,걸던지
돈을 걸다,걸데
돈을 걸다,걸데요
돈을 걸다,걸도다
돈을 걸다,걸되
돈을 걸다,걸든
돈을 걸다,걸든지
돈을 걸다,걸듯
돈을 걸다,걸듯이
돈을 걸다,걸죠
돈을 걸다,걸지마는
돈을 걸다,걸지만
돈을 걸다,걸지요
돈을 걸다,건걸
돈을 걸다,건들
돈을 걸다,거나마
돈을 걸다,거니
돈을 걸다,거니까
돈을 걸다,걸
돈을 걸다,걸걸
돈을 걸다,걸까
돈을 걸다,걸는지
돈을 걸다,걸라
돈을 걸다,걸라고
돈을 걸다,걸러니
돈을 걸다,걸러라
돈을 걸다,걸런고
돈을 걸다,걸망정
돈을 걸다,걸밖에
돈을 걸다,걸뿐더러
돈을 걸다,걸수록
돈을 걸다,걸지라도
돈을 걸다,거며
돈을 걸다,거면
돈을 걸다,거면서
돈을 걸다,거세요
돈을 걸다,거셔요
돈을 걸다,걸지
돈을 걸다,걸건대
돈을 걸다,걸나니
돈을 걸다,걸느라
돈을 걸다,걸느라고
돈을 걸다,걸는구나
돈을 걸다,걸는군
돈을 걸다,걸도록
돈을 걸다,걸자
돈을 걸다,걸자고
돈을 걸다,걸자꾸나
돈을 걸다,걸자느니
돈을 걸다,걸자니까
돈을 걸다,걸자마자
돈을 걸다,걸자며
돈을 걸다,걸자면
돈을 걸다,걸자면서
돈을 걸다,건
돈을 걸다,건다
돈을 걸다,건다고
돈을 걸다,건다나
돈을 걸다,건다네
돈을 걸다,건다느니
돈을 걸다,건다니
돈을 걸다,건다니까
돈을 걸다,건다더라
돈을 걸다,건다며
돈을 걸다,건다면
돈을 걸다,건다면서
돈을 걸다,건답니까
돈을 걸다,건답니다
돈을 걸다,건답시고
돈을 걸다,건대
돈을 걸다,건대요
돈을 걸다,걸래
돈을 걸다,거라고
돈을 걸다,거러
돈을 걸다,거려
돈을 걸다,겁시다
돈을 걸다,거세
돈을 걸다,거시라
돈을 걸다,거십시다
돈을 걸다,거십시오
돈을 걸다,걸고자
돈을 걸다,걸느냐
돈을 걸다,걸느냐고
돈을 걸다,걸느니
돈을 걸다,걸느니만
돈을 걸다,걸느니만큼
돈을 걸다,걸는
돈을 걸다,걸는걸
돈을 걸다,걸는데
묶다,묶거나
묶다,묶거늘
묶다,묶거니
묶다,묶거든
묶다,묶건
묶다,묶것다
묶다,묶게
묶다,묶겠
묶다,묶고
묶다,묶고말고
묶다,묶기로
묶다,묶기로니
묶다,묶기로서
묶다,묶기로서니
묶다,묶기에
묶다,묶네
묶다,묶니
묶다,묶다
묶다,묶다가
묶다,묶다가는
묶다,묶다간
묶다,묶다니
묶다,묶다마다
묶다,묶더니
묶다,묶더니라
묶다,묶더라
묶다,묶더라니까
묶다,묶더라도
묶다,묶더라며
묶다,묶더라면
묶다,묶더라면서
묶다,묶더람
묶다,묶던
묶다,묶던가
묶다,묶던데
묶다,묶던지
묶다,묶데
묶다,묶데요
묶다,묶도다
묶다,묶되
묶다,묶든
묶다,묶든지
묶다,묶듯
묶다,묶듯이
묶다,묶죠
묶다,묶지마는
묶다,묶지만
묶다,묶지요
묶다,묶지
묶다,묶을
묶다,묶을걸
묶다,묶을밖에
묶다,묶을수록
묶다,묶을지
묶다,묶을지며
묶다,묶음
묶다,묶음에도
묶다,묶읍시오
묶다,묶건대
묶다,묶나니
묶다,묶느라
묶다,묶느라고
묶다,묶는구나
묶다,묶는군
묶다,묶도록
묶다,묶자
묶다,묶자고
묶다,묶자꾸나
묶다,묶자느니
묶다,묶자니까
묶다,묶자마자
묶다,묶자며
묶다,묶자면
묶다,묶자면서
묶다,묶고자
묶다,묶느냐
묶다,묶느냐고
묶다,묶느니
묶다,묶느니만
묶다,묶느니만큼
묶다,묶는
묶다,묶는걸
묶다,묶는데
묶다,묶는지
묶다,묶으러
묶다,묶읍시다
물다,물거나
물다,물거늘
물다,물거니
물다,물거든
물다,물건
물다,물것다
물다,물게
물다,물겠
물다,물고
물다,물고말고
물다,물기로
물다,물기로니
물다,물기로서
물다,물기로서니
물다,물기에
물다,물네
물다,물니
물다,물다
물다,물다가
물다,물다가는
물다,물다간
물다,물다니
물다,물다마다
물다,물더니
물다,물더니라
물다,물더라
물다,물더라니까
물다,물더라도
물다,물더라며
물다,물더라면
물다,물더라면서
물다,물더람
물다,물던
물다,물던가
물다,물던데
물다,물던지
물다,물데
물다,물데요
물다,물도다
물다,물되
물다,물든
물다,물든지
물다,물듯
물다,물듯이
물다,물죠
물다,물지마는
물다,물지만
물다,물지요
물다,문걸
물다,문들
물다,무나마
물다,무니
물다,무니까
물다,물
물다,물걸
물다,물까
물다,물는지
물다,물라
물다,물라고
물다,물러니
물다,물러라
물다,물런고
물다,물망정
물다,물밖에
물다,물뿐더러
물다,물수록
물다,물지라도
물다,무며
물다,무면
물다,무면서
물다,무세요
물다,무셔요
물다,물지
물다,물건대
물다,물나니
물다,물느라
물다,물느라고
물다,물는구나
물다,물는군
물다,물도록
물다,물자
물다,물자고
물다,물자꾸나
물다,물자느니
물다,물자니까
물다,물자마자
물다,물자며
물다,물자면
물다,물자면서
물다,문
물다,문다
물다,문다고
물다,문다나
물다,문다네
물다,문다느니
물다,문다니
물다,문다니까
물다,문다더라
물다,문다며
물다,문다면
물다,문다면서
물다,문답니까
물다,문답니다
물다,문답시고
물다,문대
물다,문대요
물다,물래
물다,무라고
물다,무러
물다,무려
물다,뭅시다
물다,무세
물다,무시라
물다,무십시다
물다,무십시오
물다,물고자
물다,물느냐
물다,물느냐고
물다,물느니
물다,물느니만
물다,물느니만큼
물다,물는
물다,물는걸
물다,물는데
흘리다,흘리거나
흘리다,흘리거늘
흘리다,흘리거니
흘리다,흘리거든
흘리다,흘리건
흘리다,흘리것다
흘리다,흘리게
흘리다,흘리겠
흘리다,흘리고
흘리다,흘리고말고
흘리다,흘리기로
흘리다,흘리기로니
흘리다,흘리기로서
흘리다,흘리기로서니
흘리다,흘리기에
흘리다,흘리네
흘리다,흘리니
흘리다,흘리다
흘리다,흘리다가
흘리다,흘리다가는
흘리다,흘리다간
흘리다,흘리다니
흘리다,흘리다마다
흘리다,흘리더니
흘리다,흘리더니라
흘리다,흘리더라
흘리다,흘리더라니까
흘리다,흘리더라도
흘리다,흘리더라며
흘리다,흘리더라면
흘리다,흘리더라면서
흘리다,흘리더람
흘리다,흘리던
흘리다,흘리던가
흘리다,흘리던데
흘리다,흘리던지
흘리다,흘리데
흘리다,흘리데요
흘리다,흘리도다
흘리다,흘리되
흘리다,흘리든
흘리다,흘리든지
흘리다,흘리듯
흘리다,흘리듯이
흘리다,흘리죠
흘리다,흘리지마는
흘리다,흘리지만
흘리다,흘리지요
흘리다,흘린걸
흘리다,흘린들
흘리다,흘리나마
흘리다,흘리니까
흘리다,흘릴
흘리다,흘릴걸
흘리다,흘릴까
흘리다,흘릴는지
흘리다,흘릴라
흘리다,흘릴라고
흘리다,흘릴러니
흘리다,흘릴러라
흘리다,흘릴런고
흘리다,흘릴망정
흘리다,흘릴밖에
흘리다,흘릴뿐더러
흘리다,흘릴수록
흘리다,흘릴지라도
흘리다,흘리며
흘리다,흘리면
흘리다,흘리면서
흘리다,흘리세요
흘리다,흘리셔요
흘리다,흘리지
흘리다,흘리건대
흘리다,흘리나니
흘리다,흘리느라
흘리다,흘리느라고
흘리다,흘리는구나
흘리다,흘리는군
흘리다,흘리도록
흘리다,흘리자
흘리다,흘리자고
흘리다,흘리자꾸나
흘리다,흘리자느니
흘리다,흘리자니까
흘리다,흘리자마자
흘리다,흘리자며
흘리다,흘리자면
흘리다,흘리자면서
흘리다,흘린
흘리다,흘린다
흘리다,흘린다고
흘리다,흘린다나
흘리다,흘린다네
흘리다,흘린다느니
흘리다,흘린다니
흘리다,흘린다니까
흘리다,흘린다더라
흘리다,흘린다며
흘리다,흘린다면
흘리다,흘린다면서
흘리다,흘린답니까
흘리다,흘린답니다
흘리다,흘린답시고
흘리다,흘린대
흘리다,흘린대요
흘리다,흘릴거나
흘리다,흘릴게
흘리다,흘릴래
흘리다,흘리라고
흘리다,흘리러
흘리다,흘리려
흘리다,흘립시다
흘리다,흘리세
흘리다,흘리시라
흘리다,흘리십시다
흘리다,흘리십시오
흘리다,흘리고자
흘리다,흘리느냐
흘리다,흘리느냐고
흘리다,흘리느니
흘리다,흘리느니만
흘리다,흘리느니만큼
흘리다,흘리는
흘리다,흘리는걸
흘리다,흘리는데
흘리다,흘리는지
출혈하다,출혈하거나
출혈하다,출혈하거늘
출혈하다,출혈하거니
출혈하다,출혈하거든
출혈하다,출혈하건
출혈하다,출혈하것다
출혈하다,출혈하게
출혈하다,출혈하겠
출혈하다,출혈하고
출혈하다,출혈하고말고
출혈하다,출혈하기로
출혈하다,출혈하기로니
출혈하다,출혈하기로서
출혈하다,출혈하기로서니
출혈하다,출혈하기에
출혈하다,출혈하네
출혈하다,출혈하니
출혈하다,출혈하다
출혈하다,출혈하다가
출혈하다,출혈하다가는
출혈하다,출혈하다간
출혈하다,출혈하다니
출혈하다,출혈하다마다
출혈하다,출혈하더니
출혈하다,출혈하더니라
출혈하다,출혈하더라
출혈하다,출혈하더라니까
출혈하다,출혈하더라도
출혈하다,출혈하더라며
출혈하다,출혈하더라면
출혈하다,출혈하더라면서
출혈하다,출혈하더람
출혈하다,출혈하던
출혈하다,출혈하던가
출혈하다,출혈하던데
출혈하다,출혈하던지
출혈하다,출혈하데
출혈하다,출혈하데요
출혈하다,출혈하도다
출혈하다,출혈하되
출혈하다,출혈하든
출혈하다,출혈하든지
출혈하다,출혈하듯
출혈하다,출혈하듯이
출혈하다,출혈하죠
출혈하다,출혈하지마는
출혈하다,출혈하지만
출혈하다,출혈하지요
출혈하다,출혈한걸
출혈하다,출혈한들
출혈하다,출혈하나마
출혈하다,출혈하니까
출혈하다,출혈할
출혈하다,출혈할걸
출혈하다,출혈할까
출혈하다,출혈할는지
출혈하다,출혈할라
출혈하다,출혈할라고
출혈하다,출혈할러니
출혈하다,출혈할러라
출혈하다,출혈할런고
출혈하다,출혈할망정
출혈하다,출혈할밖에
출혈하다,출혈할뿐더러
출혈하다,출혈할수록
출혈하다,출혈할지라도
출혈하다,출혈하며
출혈하다,출혈하면
출혈하다,출혈하면서
출혈하다,출혈하세요
출혈하다,출혈하셔요
출혈하다,출혈하지
출혈하다,출혈하건대
출혈하다,출혈하나니
출혈하다,출혈하느라
출혈하다,출혈하느라고
출혈하다,출혈하는구나
출혈하다,출혈하는군
출혈하다,출혈하도록
출혈하다,출혈하자
출혈하다,출혈하자고
출혈하다,출혈하자꾸나
출혈하다,출혈하자느니
출혈하다,출혈하자니까
출혈하다,출혈하자마자
출혈하다,출혈하자며
출혈하다,출혈하자면
출혈하다,출혈하자면서
출혈하다,출혈한
출혈하다,출혈한다
출혈하다,출혈한다고
출혈하다,출혈한다나
출혈하다,출혈한다네
출혈하다,출혈한다느니
출혈하다,출혈한다니
출혈하다,출혈한다니까
출혈하다,출혈한다더라
출혈하다,출혈한다며
출혈하다,출혈한다면
출혈하다,출혈한다면서
출혈하다,출혈한답니까
출혈하다,출혈한답니다
출혈하다,출혈한답시고
출혈하다,출혈한대
출혈하다,출혈한대요
출혈하다,출혈할거나
출혈하다,출혈할게
출혈하다,출혈할래
출혈하다,출혈하라고
출혈하다,출혈하러
출혈하다,출혈하려
출혈하다,출혈합시다
출혈하다,출혈하세
출혈하다,출혈하시라
출혈하다,출혈하십시다
출혈하다,출혈하십시오
출혈하다,출혈하고자
출혈하다,출혈하느냐
출혈하다,출혈하느냐고
출혈하다,출혈하느니
출혈하다,출혈하느니만
출혈하다,출혈하느니만큼
출혈하다,출혈하는
출혈하다,출혈하는걸
출혈하다,출혈하는데
출혈하다,출혈하는지
불다,불거나
불다,불거늘
불다,불거니
불다,불거든
불다,불건
불다,불것다
불다,불게
불다,불겠
불다,불고
불다,불고말고
불다,불기로
불다,불기로니
불다,불기로서
불다,불기로서니
불다,불기에
불다,불네
불다,불니
불다,불다
불다,불다가
불다,불다가는
불다,불다간
불다,불다니
불다,불다마다
불다,불더니
불다,불더니라
불다,불더라
불다,불더라니까
불다,불더라도
불다,불더라며
불다,불더라면
불다,불더라면서
불다,불더람
불다,불던
불다,불던가
불다,불던데
불다,불던지
불다,불데
불다,불데요
불다,불도다
불다,불되
불다,불든
불다,불든지
불다,불듯
불다,불듯이
불다,불죠
불다,불지마는
불다,불지만
불다,불지요
불다,분걸
불다,분들
불다,부나마
불다,부니
불다,부니까
불다,불
불다,불걸
불다,불까
불다,불는지
불다,불라
불다,불라고
불다,불러니
불다,불러라
불다,불런고
불다,불망정
불다,불밖에
불다,불뿐더러
불다,불수록
불다,불지라도
불다,부며
불다,부면
불다,부면서
불다,부세요
불다,부셔요
불다,불지
불다,불건대
불다,불나니
불다,불느라
불다,불느라고
불다,불는구나
불다,불는군
불다,불도록
불다,불자
불다,불자고
불다,불자꾸나
불다,불자느니
불다,불자니까
불다,불자마자
불다,불자며
불다,불자면
불다,불자면서
불다,분
불다,분다
불다,분다고
불다,분다나
불다,분다네
불다,분다느니
불다,분다니
불다,분다니까
불다,분다더라
불다,분다며
불다,분다면
불다,분다면서
불다,분답니까
불다,분답니다
불다,분답시고
불다,분대
불다,분대요
불다,불래
불다,부라고
불다,부러
불다,부려
불다,붑시다
불다,부세
불다,부시라
불다,부십시다
불다,부십시오
불다,불고자
불다,불느냐
불다,불느냐고
불다,불느니
불다,불느니만
불다,불느니만큼
불다,불는
불다,불는걸
불다,불는데
끓다,끓거나
끓다,끓거늘
끓다,끓거니
끓다,끓거든
끓다,끓건
끓다,끓것다
끓다,끓게
끓다,끓겠
끓다,끓고
끓다,끓고말고
끓다,끓기로
끓다,끓기로니
끓다,끓기로서
끓다,끓기로서니
끓다,끓기에
끓다,끓네
끓다,끓니
끓다,끓다
끓다,끓다가
끓다,끓다가는
끓다,끓다간
끓다,끓다니
끓다,끓다마다
끓다,끓더니
끓다,끓더니라
끓다,끓더라
끓다,끓더라니까
끓다,끓더라도
끓다,끓더라며
끓다,끓더라면
끓다,끓더라면서
끓다,끓더람
끓다,끓던
끓다,끓던가
끓다,끓던데
끓다,끓던지
끓다,끓데
끓다,끓데요
끓다,끓도다
끓다,끓되
끓다,끓든
끓다,끓든지
끓다,끓듯
끓다,끓듯이
끓다,끓죠
끓다,끓지마는
끓다,끓지만
끓다,끓지요
끓다,끓지
끓다,끓을
끓다,끓을걸
끓다,끓을밖에
끓다,끓을수록
끓다,끓을지
끓다,끓을지며
끓다,끓음
끓다,끓음에도
끓다,끓읍시오
끓다,끓건대
끓다,끓나니
끓다,끓느라
끓다,끓느라고
끓다,끓는구나
끓다,끓는군
끓다,끓도록
끓다,끓자
끓다,끓자고
끓다,끓자꾸나
끓다,끓자느니
끓다,끓자니까
끓다,끓자마자
끓다,끓자며
끓다,끓자면
끓다,끓자면서
끓다,끓고자
끓다,끓느냐
끓다,끓느냐고
끓다,끓느니
끓다,끓느니만
끓다,끓느니만큼
끓다,끓는
끓다,끓는걸
끓다,끓는데
끓다,끓는지
끓다,끓으러
끓다,끓읍시다
빌리다,빌리거나
빌리다,빌리거늘
빌리다,빌리거니
빌리다,빌리거든
빌리다,빌리건
빌리다,빌리것다
빌리다,빌리게
빌리다,빌리겠
빌리다,빌리고
빌리다,빌리고말고
빌리다,빌리기로
빌리다,빌리기로니
빌리다,빌리기로서
빌리다,빌리기로서니
빌리다,빌리기에
빌리다,빌리네
빌리다,빌리니
빌리다,빌리다
빌리다,빌리다가
빌리다,빌리다가는
빌리다,빌리다간
빌리다,빌리다니
빌리다,빌리다마다
빌리다,빌리더니
빌리다,빌리더니라
빌리다,빌리더라
빌리다,빌리더라니까
빌리다,빌리더라도
빌리다,빌리더라며
빌리다,빌리더라면
빌리다,빌리더라면서
빌리다,빌리더람
빌리다,빌리던
빌리다,빌리던가
빌리다,빌리던데
빌리다,빌리던지
빌리다,빌리데
빌리다,빌리데요
빌리다,빌리도다
빌리다,빌리되
빌리다,빌리든
빌리다,빌리든지
빌리다,빌리듯
빌리다,빌리듯이
빌리다,빌리죠
빌리다,빌리지마는
빌리다,빌리지만
빌리다,빌리지요
빌리다,빌린걸
빌리다,빌린들
빌리다,빌리나마
빌리다,빌리니까
빌리다,빌릴
빌리다,빌릴걸
빌리다,빌릴까
빌리다,빌릴는지
빌리다,빌릴라
빌리다,빌릴라고
빌리다,빌릴러니
빌리다,빌릴러라
빌리다,빌릴런고
빌리다,빌릴망정
빌리다,빌릴밖에
빌리다,빌릴뿐더러
빌리다,빌릴수록
빌리다,빌릴지라도
빌리다,빌리며
빌리다,빌리면
빌리다,빌리면서
빌리다,빌리세요
빌리다,빌리셔요
빌리다,빌리지
빌리다,빌리건대
빌리다,빌리나니
빌리다,빌리느라
빌리다,빌리느라고
빌리다,빌리는구나
빌리다,빌리는군
빌리다,빌리도록
빌리다,빌리자
빌리다,빌리자고
빌리다,빌리자꾸나
빌리다,빌리자느니
빌리다,빌리자니까
빌리다,빌리자마자
빌리다,빌리자며
빌리다,빌리자면
빌리다,빌리자면서
빌리다,빌린
빌리다,빌린다
빌리다,빌린다고
빌리다,빌린다나
빌리다,빌린다네
빌리다,빌린다느니
빌리다,빌린다니
빌리다,빌린다니까
빌리다,빌린다더라
빌리다,빌린다며
빌리다,빌린다면
빌리다,빌린다면서
빌리다,빌린답니까
빌리다,빌린답니다
빌리다,빌린답시고
빌리다,빌린대
빌리다,빌린대요
빌리다,빌릴거나
빌리다,빌릴게
빌리다,빌릴래
빌리다,빌리라고
빌리다,빌리러
빌리다,빌리려
빌리다,빌립시다
빌리다,빌리세
빌리다,빌리시라
빌리다,빌리십시다
빌리다,빌리십시오
빌리다,빌리고자
빌리다,빌리느냐
빌리다,빌리느냐고
빌리다,빌리느니
빌리다,빌리느니만
빌리다,빌리느니만큼
빌리다,빌리는
빌리다,빌리는걸
빌리다,빌리는데
빌리다,빌리는지
튀다,튀거나
튀다,튀거늘
튀다,튀거니
튀다,튀거든
튀다,튀건
튀다,튀것다
튀다,튀게
튀다,튀겠
튀다,튀고
튀다,튀고말고
튀다,튀기로
튀다,튀기로니
튀다,튀기로서
튀다,튀기로서니
튀다,튀기에
튀다,튀네
튀다,튀니
튀다,튀다
튀다,튀다가
튀다,튀다가는
튀다,튀다간
튀다,튀다니
튀다,튀다마다
튀다,튀더니
튀다,튀더니라
튀다,튀더라
튀다,튀더라니까
튀다,튀더라도
튀다,튀더라며
튀다,튀더라면
튀다,튀더라면서
튀다,튀더람
튀다,튀던
튀다,튀던가
튀다,튀던데
튀다,튀던지
튀다,튀데
튀다,튀데요
튀다,튀도다
튀다,튀되
튀다,튀든
튀다,튀든지
튀다,튀듯
튀다,튀듯이
튀다,튀죠
튀다,튀지마는
튀다,튀지만
튀다,튀지요
튀다,튄걸
튀다,튄들
튀다,튀나마
튀다,튀니까
튀다,튈
튀다,튈걸
튀다,튈까
튀다,튈는지
튀다,튈라
튀다,튈라고
튀다,튈러니
튀다,튈러라
튀다,튈런고
튀다,튈망정
튀다,튈밖에
튀다,튈뿐더러
튀다,튈수록
튀다,튈지라도
튀다,튀며
튀다,튀면
튀다,튀면서
튀다,튀세요
튀다,튀셔요
튀다,튀지
튀다,튀건대
튀다,튀나니
튀다,튀느라
튀다,튀느라고
튀다,튀는구나
튀다,튀는군
튀다,튀도록
튀다,튀자
튀다,튀자고
튀다,튀자꾸나
튀다,튀자느니
튀다,튀자니까
튀다,튀자마자
튀다,튀자며
튀다,튀자면
튀다,튀자면서
튀다,튄
튀다,튄다
튀다,튄다고
튀다,튄다나
튀다,튄다네
튀다,튄다느니
튀다,튄다니
튀다,튄다니까
튀다,튄다더라
튀다,튄다며
튀다,튄다면
튀다,튄다면서
튀다,튄답니까
튀다,튄답니다
튀다,튄답시고
튀다,튄대
튀다,튄대요
튀다,튈거나
튀다,튈게
튀다,튈래
튀다,튀라고
튀다,튀러
튀다,튀려
튀다,튑시다
튀다,튀세
튀다,튀시라
튀다,튀십시다
튀다,튀십시오
튀다,튀고자
튀다,튀느냐
튀다,튀느냐고
튀다,튀느니
튀다,튀느니만
튀다,튀느니만큼
튀다,튀는
튀다,튀는걸
튀다,튀는데
튀다,튀는지
튀기다,튀기거나
튀기다,튀기거늘
튀기다,튀기거니
튀기다,튀기거든
튀기다,튀기건
튀기다,튀기것다
튀기다,튀기게
튀기다,튀기겠
튀기다,튀기고
튀기다,튀기고말고
튀기다,튀기기로
튀기다,튀기기로니
튀기다,튀기기로서
튀기다,튀기기로서니
튀기다,튀기기에
튀기다,튀기네
튀기다,튀기니
튀기다,튀기다
튀기다,튀기다가
튀기다,튀기다가는
튀기다,튀기다간
튀기다,튀기다니
튀기다,튀기다마다
튀기다,튀기더니
튀기다,튀기더니라
튀기다,튀기더라
튀기다,튀기더라니까
튀기다,튀기더라도
튀기다,튀기더라며
튀기다,튀기더라면
튀기다,튀기더라면서
튀기다,튀기더람
튀기다,튀기던
튀기다,튀기던가
튀기다,튀기던데
튀기다,튀기던지
튀기다,튀기데
튀기다,튀기데요
튀기다,튀기도다
튀기다,튀기되
튀기다,튀기든
튀기다,튀기든지
튀기다,튀기듯
튀기다,튀기듯이
튀기다,튀기죠
튀기다,튀기지마는
튀기다,튀기지만
튀기다,튀기지요
튀기다,튀긴걸
튀기다,튀긴들
튀기다,튀기나마
튀기다,튀기니까
튀기다,튀길
튀기다,튀길걸
튀기다,튀길까
튀기다,튀길는지
튀기다,튀길라
튀기다,튀길라고
튀기다,튀길러니
튀기다,튀길러라
튀기다,튀길런고
튀기다,튀길망정
튀기다,튀길밖에
튀기다,튀길뿐더러
튀기다,튀길수록
튀기다,튀길지라도
튀기다,튀기며
튀기다,튀기면
튀기다,튀기면서
튀기다,튀기세요
튀기다,튀기셔요
튀기다,튀기지
튀기다,튀기건대
튀기다,튀기나니
튀기다,튀기느라
튀기다,튀기느라고
튀기다,튀기는구나
튀기다,튀기는군
튀기다,튀기도록
튀기다,튀기자
튀기다,튀기자고
튀기다,튀기자꾸나
튀기다,튀기자느니
튀기다,튀기자니까
튀기다,튀기자마자
튀기다,튀기자며
튀기다,튀기자면
튀기다,튀기자면서
튀기다,튀긴
튀기다,튀긴다
튀기다,튀긴다고
튀기다,튀긴다나
튀기다,튀긴다네
튀기다,튀긴다느니
튀기다,튀긴다니
튀기다,튀긴다니까
튀기다,튀긴다더라
튀기다,튀긴다며
튀기다,튀긴다면
튀기다,튀긴다면서
튀기다,튀긴답니까
튀기다,튀긴답니다
튀기다,튀긴답시고
튀기다,튀긴대
튀기다,튀긴대요
튀기다,튀길거나
튀기다,튀길게
튀기다,튀길래
튀기다,튀기라고
튀기다,튀기러
튀기다,튀기려
튀기다,튀깁시다
튀기다,튀기세
튀기다,튀기시라
튀기다,튀기십시다
튀기다,튀기십시오
튀기다,튀기고자
튀기다,튀기느냐
튀기다,튀기느냐고
튀기다,튀기느니
튀기다,튀기느니만
튀기다,튀기느니만큼
튀기다,튀기는
튀기다,튀기는걸
튀기다,튀기는데
튀기다,튀기는지
절하다,절하거나
절하다,절하거늘
절하다,절하거니
절하다,절하거든
절하다,절하건
절하다,절하것다
절하다,절하게
절하다,절하겠
절하다,절하고
절하다,절하고말고
절하다,절하기로
절하다,절하기로니
절하다,절하기로서
절하다,절하기로서니
절하다,절하기에
절하다,절하네
절하다,절하니
절하다,절하다
절하다,절하다가
절하다,절하다가는
절하다,절하다간
절하다,절하다니
절하다,절하다마다
절하다,절하더니
절하다,절하더니라
절하다,절하더라
절하다,절하더라니까
절하다,절하더라도
절하다,절하더라며
절하다,절하더라면
절하다,절하더라면서
절하다,절하더람
절하다,절하던
절하다,절하던가
절하다,절하던데
절하다,절하던지
절하다,절하데
절하다,절하데요
절하다,절하도다
절하다,절하되
절하다,절하든
절하다,절하든지
절하다,절하듯
절하다,절하듯이
절하다,절하죠
절하다,절하지마는
절하다,절하지만
절하다,절하지요
절하다,절한걸
절하다,절한들
절하다,절하나마
절하다,절하니까
절하다,절할
절하다,절할걸
절하다,절할까
절하다,절할는지
절하다,절할라
절하다,절할라고
절하다,절할러니
절하다,절할러라
절하다,절할런고
절하다,절할망정
절하다,절할밖에
절하다,절할뿐더러
절하다,절할수록
절하다,절할지라도
절하다,절하며
절하다,절하면
절하다,절하면서
절하다,절하세요
절하다,절하셔요
절하다,절하지
절하다,절하건대
절하다,절하나니
절하다,절하느라
절하다,절하느라고
절하다,절하는구나
절하다,절하는군
절하다,절하도록
절하다,절하자
절하다,절하자고
절하다,절하자꾸나
절하다,절하자느니
절하다,절하자니까
절하다,절하자마자
절하다,절하자며
절하다,절하자면
절하다,절하자면서
절하다,절한
절하다,절한다
절하다,절한다고
절하다,절한다나
절하다,절한다네
절하다,절한다느니
절하다,절한다니
절하다,절한다니까
절하다,절한다더라
절하다,절한다며
절하다,절한다면
절하다,절한다면서
절하다,절한답니까
절하다,절한답니다
절하다,절한답시고
절하다,절한대
절하다,절한대요
절하다,절할거나
절하다,절할게
절하다,절할래
절하다,절하라고
절하다,절하러
절하다,절하려
절하다,절합시다
절하다,절하세
절하다,절하시라
절하다,절하십시다
절하다,절하십시오
절하다,절하고자
절하다,절하느냐
절하다,절하느냐고
절하다,절하느니
절하다,절하느니만
절하다,절하느니만큼
절하다,절하는
절하다,절하는걸
절하다,절하는데
절하다,절하는지
숙이다,숙이거나
숙이다,숙이거늘
숙이다,숙이거니
숙이다,숙이거든
숙이다,숙이건
숙이다,숙이것다
숙이다,숙이게
숙이다,숙이겠
숙이다,숙이고
숙이다,숙이고말고
숙이다,숙이기로
숙이다,숙이기로니
숙이다,숙이기로서
숙이다,숙이기로서니
숙이다,숙이기에
숙이다,숙이네
숙이다,숙이니
숙이다,숙이다
숙이다,숙이다가
숙이다,숙이다가는
숙이다,숙이다간
숙이다,숙이다니
숙이다,숙이다마다
숙이다,숙이더니
숙이다,숙이더니라
숙이다,숙이더라
숙이다,숙이더라니까
숙이다,숙이더라도
숙이다,숙이더라며
숙이다,숙이더라면
숙이다,숙이더라면서
숙이다,숙이더람
숙이다,숙이던
숙이다,숙이던가
숙이다,숙이던데
숙이다,숙이던지
숙이다,숙이데
숙이다,숙이데요
숙이다,숙이도다
숙이다,숙이되
숙이다,숙이든
숙이다,숙이든지
숙이다,숙이듯
숙이다,숙이듯이
숙이다,숙이죠
숙이다,숙이지마는
숙이다,숙이지만
숙이다,숙이지요
숙이다,숙인걸
숙이다,숙인들
숙이다,숙이나마
숙이다,숙이니까
숙이다,숙일
숙이다,숙일걸
숙이다,숙일까
숙이다,숙일는지
숙이다,숙일라
숙이다,숙일라고
숙이다,숙일러니
숙이다,숙일러라
숙이다,숙일런고
숙이다,숙일망정
숙이다,숙일밖에
숙이다,숙일뿐더러
숙이다,숙일수록
숙이다,숙일지라도
숙이다,숙이며
숙이다,숙이면
숙이다,숙이면서
숙이다,숙이세요
숙이다,숙이셔요
숙이다,숙이지
숙이다,숙이건대
숙이다,숙이나니
숙이다,숙이느라
숙이다,숙이느라고
숙이다,숙이는구나
숙이다,숙이는군
숙이다,숙이도록
숙이다,숙이자
숙이다,숙이자고
숙이다,숙이자꾸나
숙이다,숙이자느니
숙이다,숙이자니까
숙이다,숙이자마자
숙이다,숙이자며
숙이다,숙이자면
숙이다,숙이자면서
숙이다,숙인
숙이다,숙인다
숙이다,숙인다고
숙이다,숙인다나
숙이다,숙인다네
숙이다,숙인다느니
숙이다,숙인다니
숙이다,숙인다니까
숙이다,숙인다더라
숙이다,숙인다며
숙이다,숙인다면
숙이다,숙인다면서
숙이다,숙인답니까
숙이다,숙인답니다
숙이다,숙인답시고
숙이다,숙인대
숙이다,숙인대요
숙이다,숙일거나
숙이다,숙일게
숙이다,숙일래
숙이다,숙이라고
숙이다,숙이러
숙이다,숙이려
숙이다,숙입시다
숙이다,숙이세
숙이다,숙이시라
숙이다,숙이십시다
숙이다,숙이십시오
숙이다,숙이고자
숙이다,숙이느냐
숙이다,숙이느냐고
숙이다,숙이느니
숙이다,숙이느니만
숙이다,숙이느니만큼
숙이다,숙이는
숙이다,숙이는걸
숙이다,숙이는데
숙이다,숙이는지
깨어지다,깨어지거나
깨어지다,깨어지거늘
깨어지다,깨어지거니
깨어지다,깨어지거든
깨어지다,깨어지건
깨어지다,깨어지것다
깨어지다,깨어지게
깨어지다,깨어지겠
깨어지다,깨어지고
깨어지다,깨어지고말고
깨어지다,깨어지기로
깨어지다,깨어지기로니
깨어지다,깨어지기로서
깨어지다,깨어지기로서니
깨어지다,깨어지기에
깨어지다,깨어지네
깨어지다,깨어지니
깨어지다,깨어지다
깨어지다,깨어지다가
깨어지다,깨어지다가는
깨어지다,깨어지다간
깨어지다,깨어지다니
깨어지다,깨어지다마다
깨어지다,깨어지더니
깨어지다,깨어지더니라
깨어지다,깨어지더라
깨어지다,깨어지더라니까
깨어지다,깨어지더라도
깨어지다,깨어지더라며
깨어지다,깨어지더라면
깨어지다,깨어지더라면서
깨어지다,깨어지더람
깨어지다,깨어지던
깨어지다,깨어지던가
깨어지다,깨어지던데
깨어지다,깨어지던지
깨어지다,깨어지데
깨어지다,깨어지데요
깨어지다,깨어지도다
깨어지다,깨어지되
깨어지다,깨어지든
깨어지다,깨어지든지
깨어지다,깨어지듯
깨어지다,깨어지듯이
깨어지다,깨어지죠
깨어지다,깨어지지마는
깨어지다,깨어지지만
깨어지다,깨어지지요
깨어지다,깨어진걸
깨어지다,깨어진들
깨어지다,깨어지나마
깨어지다,깨어지니까
깨어지다,깨어질
깨어지다,깨어질걸
깨어지다,깨어질까
깨어지다,깨어질는지
깨어지다,깨어질라
깨어지다,깨어질라고
깨어지다,깨어질러니
깨어지다,깨어질러라
깨어지다,깨어질런고
깨어지다,깨어질망정
깨어지다,깨어질밖에
깨어지다,깨어질뿐더러
깨어지다,깨어질수록
깨어지다,깨어질지라도
깨어지다,깨어지며
깨어지다,깨어지면
깨어지다,깨어지면서
깨어지다,깨어지세요
깨어지다,깨어지셔요
깨어지다,깨어지지
깨어지다,깨어지건대
깨어지다,깨어지나니
깨어지다,깨어지느라
깨어지다,깨어지느라고
깨어지다,깨어지는구나
깨어지다,깨어지는군
깨어지다,깨어지도록
깨어지다,깨어지자
깨어지다,깨어지자고
깨어지다,깨어지자꾸나
깨어지다,깨어지자느니
깨어지다,깨어지자니까
깨어지다,깨어지자마자
깨어지다,깨어지자며
깨어지다,깨어지자면
깨어지다,깨어지자면서
깨어지다,깨어진
깨어지다,깨어진다
깨어지다,깨어진다고
깨어지다,깨어진다나
깨어지다,깨어진다네
깨어지다,깨어진다느니
깨어지다,깨어진다니
깨어지다,깨어진다니까
깨어지다,깨어진다더라
깨어지다,깨어진다며
깨어지다,깨어진다면
깨어지다,깨어진다면서
깨어지다,깨어진답니까
깨어지다,깨어진답니다
깨어지다,깨어진답시고
깨어지다,깨어진대
깨어지다,깨어진대요
깨어지다,깨어질거나
깨어지다,깨어질게
깨어지다,깨어질래
깨어지다,깨어지라고
깨어지다,깨어지러
깨어지다,깨어지려
깨어지다,깨어집시다
깨어지다,깨어지세
깨어지다,깨어지시라
깨어지다,깨어지십시다
깨어지다,깨어지십시오
깨어지다,깨어지고자
깨어지다,깨어지느냐
깨어지다,깨어지느냐고
깨어지다,깨어지느니
깨어지다,깨어지느니만
깨어지다,깨어지느니만큼
깨어지다,깨어지는
깨어지다,깨어지는걸
깨어지다,깨어지는데
깨어지다,깨어지는지
부서지다,부서지거나
부서지다,부서지거늘
부서지다,부서지거니
부서지다,부서지거든
부서지다,부서지건
부서지다,부서지것다
부서지다,부서지게
부서지다,부서지겠
부서지다,부서지고
부서지다,부서지고말고
부서지다,부서지기로
부서지다,부서지기로니
부서지다,부서지기로서
부서지다,부서지기로서니
부서지다,부서지기에
부서지다,부서지네
부서지다,부서지니
부서지다,부서지다
부서지다,부서지다가
부서지다,부서지다가는
부서지다,부서지다간
부서지다,부서지다니
부서지다,부서지다마다
부서지다,부서지더니
부서지다,부서지더니라
부서지다,부서지더라
부서지다,부서지더라니까
부서지다,부서지더라도
부서지다,부서지더라며
부서지다,부서지더라면
부서지다,부서지더라면서
부서지다,부서지더람
부서지다,부서지던
부서지다,부서지던가
부서지다,부서지던데
부서지다,부서지던지
부서지다,부서지데
부서지다,부서지데요
부서지다,부서지도다
부서지다,부서지되
부서지다,부서지든
부서지다,부서지든지
부서지다,부서지듯
부서지다,부서지듯이
부서지다,부서지죠
부서지다,부서지지마는
부서지다,부서지지만
부서지다,부서지지요
부서지다,부서진걸
부서지다,부서진들
부서지다,부서지나마
부서지다,부서지니까
부서지다,부서질
부서지다,부서질걸
부서지다,부서질까
부서지다,부서질는지
부서지다,부서질라
부서지다,부서질라고
부서지다,부서질러니
부서지다,부서질러라
부서지다,부서질런고
부서지다,부서질망정
부서지다,부서질밖에
부서지다,부서질뿐더러
부서지다,부서질수록
부서지다,부서질지라도
부서지다,부서지며
부서지다,부서지면
부서지다,부서지면서
부서지다,부서지세요
부서지다,부서지셔요
부서지다,부서지지
부서지다,부서지건대
부서지다,부서지나니
부서지다,부서지느라
부서지다,부서지느라고
부서지다,부서지는구나
부서지다,부서지는군
부서지다,부서지도록
부서지다,부서지자
부서지다,부서지자고
부서지다,부서지자꾸나
부서지다,부서지자느니
부서지다,부서지자니까
부서지다,부서지자마자
부서지다,부서지자며
부서지다,부서지자면
부서지다,부서지자면서
부서지다,부서진
부서지다,부서진다
부서지다,부서진다고
부서지다,부서진다나
부서지다,부서진다네
부서지다,부서진다느니
부서지다,부서진다니
부서지다,부서진다니까
부서지다,부서진다더라
부서지다,부서진다며
부서지다,부서진다면
부서지다,부서진다면서
부서지다,부서진답니까
부서지다,부서진답니다
부서지다,부서진답시고
부서지다,부서진대
부서지다,부서진대요
부서지다,부서질거나
부서지다,부서질게
부서지다,부서질래
부서지다,부서지라고
부서지다,부서지러
부서지다,부서지려
부서지다,부서집시다
부서지다,부서지세
부서지다,부서지시라
부서지다,부서지십시다
부서지다,부서지십시오
부서지다,부서지고자
부서지다,부서지느냐
부서지다,부서지느냐고
부서지다,부서지느니
부서지다,부서지느니만
부서지다,부서지느니만큼
부서지다,부서지는
부서지다,부서지는걸
부서지다,부서지는데
부서지다,부서지는지
깨다,깨거나
깨다,깨거늘
깨다,깨거니
깨다,깨거든
깨다,깨건
깨다,깨것다
깨다,깨게
깨다,깨겠
깨다,깨고
깨다,깨고말고
깨다,깨기로
깨다,깨기로니
깨다,깨기로서
깨다,깨기로서니
깨다,깨기에
깨다,깨네
깨다,깨니
깨다,깨다
깨다,깨다가
깨다,깨다가는
깨다,깨다간
깨다,깨다니
깨다,깨다마다
깨다,깨더니
깨다,깨더니라
깨다,깨더라
깨다,깨더라니까
깨다,깨더라도
깨다,깨더라며
깨다,깨더라면
깨다,깨더라면서
깨다,깨더람
깨다,깨던
깨다,깨던가
깨다,깨던데
깨다,깨던지
깨다,깨데
깨다,깨데요
깨다,깨도다
깨다,깨되
깨다,깨든
깨다,깨든지
깨다,깨듯
깨다,깨듯이
깨다,깨죠
깨다,깨지마는
깨다,깨지만
깨다,깨지요
깨다,깬걸
깨다,깬들
깨다,깨나마
깨다,깨니까
깨다,깰
깨다,깰걸
깨다,깰까
깨다,깰는지
깨다,깰라
깨다,깰라고
깨다,깰러니
깨다,깰러라
깨다,깰런고
깨다,깰망정
깨다,깰밖에
깨다,깰뿐더러
깨다,깰수록
깨다,깰지라도
깨다,깨며
깨다,깨면
깨다,깨면서
깨다,깨세요
깨다,깨셔요
깨다,깨지
깨다,깨건대
깨다,깨나니
깨다,깨느라
깨다,깨느라고
깨다,깨는구나
깨다,깨는군
깨다,깨도록
깨다,깨자
깨다,깨자고
깨다,깨자꾸나
깨다,깨자느니
깨다,깨자니까
깨다,깨자마자
깨다,깨자며
깨다,깨자면
깨다,깨자면서
깨다,깬
깨다,깬다
깨다,깬다고
깨다,깬다나
깨다,깬다네
깨다,깬다느니
깨다,깬다니
깨다,깬다니까
깨다,깬다더라
깨다,깬다며
깨다,깬다면
깨다,깬다면서
깨다,깬답니까
깨다,깬답니다
깨다,깬답시고
깨다,깬대
깨다,깬대요
깨다,깰거나
깨다,깰게
깨다,깰래
깨다,깨라고
깨다,깨러
깨다,깨려
깨다,깹시다
깨다,깨세
깨다,깨시라
깨다,깨십시다
깨다,깨십시오
깨다,깨고자
깨다,깨느냐
깨다,깨느냐고
깨다,깨느니
깨다,깨느니만
깨다,깨느니만큼
깨다,깨는
깨다,깨는걸
깨다,깨는데
깨다,깨는지
부수다,부수거나
부수다,부수거늘
부수다,부수거니
부수다,부수거든
부수다,부수건
부수다,부수것다
부수다,부수게
부수다,부수겠
부수다,부수고
부수다,부수고말고
부수다,부수기로
부수다,부수기로니
부수다,부수기로서
부수다,부수기로서니
부수다,부수기에
부수다,부수네
부수다,부수니
부수다,부수다
부수다,부수다가
부수다,부수다가는
부수다,부수다간
부수다,부수다니
부수다,부수다마다
부수다,부수더니
부수다,부수더니라
부수다,부수더라
부수다,부수더라니까
부수다,부수더라도
부수다,부수더라며
부수다,부수더라면
부수다,부수더라면서
부수다,부수더람
부수다,부수던
부수다,부수던가
부수다,부수던데
부수다,부수던지
부수다,부수데
부수다,부수데요
부수다,부수도다
부수다,부수되
부수다,부수든
부수다,부수든지
부수다,부수듯
부수다,부수듯이
부수다,부수죠
부수다,부수지마는
부수다,부수지만
부수다,부수지요
부수다,부순걸
부수다,부순들
부수다,부수나마
부수다,부수니까
부수다,부술
부수다,부술걸
부수다,부술까
부수다,부술는지
부수다,부술라
부수다,부술라고
부수다,부술러니
부수다,부술러라
부수다,부술런고
부수다,부술망정
부수다,부술밖에
부수다,부술뿐더러
부수다,부술수록
부수다,부술지라도
부수다,부수며
부수다,부수면
부수다,부수면서
부수다,부수세요
부수다,부수셔요
부수다,부수지
부수다,부수건대
부수다,부수나니
부수다,부수느라
부수다,부수느라고
부수다,부수는구나
부수다,부수는군
부수다,부수도록
부수다,부수자
부수다,부수자고
부수다,부수자꾸나
부수다,부수자느니
부수다,부수자니까
부수다,부수자마자
부수다,부수자며
부수다,부수자면
부수다,부수자면서
부수다,부순
부수다,부순다
부수다,부순다고
부수다,부순다나
부수다,부순다네
부수다,부순다느니
부수다,부순다니
부수다,부순다니까
부수다,부순다더라
부수다,부순다며
부수다,부순다면
부수다,부순다면서
부수다,부순답니까
부수다,부순답니다
부수다,부순답시고
부수다,부순대
부수다,부순대요
부수다,부술거나
부수다,부술게
부수다,부술래
부수다,부수라고
부수다,부수러
부수다,부수려
부수다,부숩시다
부수다,부수세
부수다,부수시라
부수다,부수십시다
부수다,부수십시오
부수다,부수고자
부수다,부수느냐
부수다,부수느냐고
부수다,부수느니
부수다,부수느니만
부수다,부수느니만큼
부수다,부수는
부수다,부수는걸
부수다,부수는데
부수다,부수는지
새끼를 낳다,낳거나
새끼를 낳다,낳거늘
새끼를 낳다,낳거니
새끼를 낳다,낳거든
새끼를 낳다,낳건
새끼를 낳다,낳것다
새끼를 낳다,낳게
새끼를 낳다,낳겠
새끼를 낳다,낳고
새끼를 낳다,낳고말고
새끼를 낳다,낳기로
새끼를 낳다,낳기로니
새끼를 낳다,낳기로서
새끼를 낳다,낳기로서니
새끼를 낳다,낳기에
새끼를 낳다,낳네
새끼를 낳다,낳니
새끼를 낳다,낳다
새끼를 낳다,낳다가
새끼를 낳다,낳다가는
새끼를 낳다,낳다간
새끼를 낳다,낳다니
새끼를 낳다,낳다마다
새끼를 낳다,낳더니
새끼를 낳다,낳더니라
새끼를 낳다,낳더라
새끼를 낳다,낳더라니까
새끼를 낳다,낳더라도
새끼를 낳다,낳더라며
새끼를 낳다,낳더라면
새끼를 낳다,낳더라면서
새끼를 낳다,낳더람
새끼를 낳다,낳던
새끼를 낳다,낳던가
새끼를 낳다,낳던데
새끼를 낳다,낳던지
새끼를 낳다,낳데
새끼를 낳다,낳데요
새끼를 낳다,낳도다
새끼를 낳다,낳되
새끼를 낳다,낳든
새끼를 낳다,낳든지
새끼를 낳다,낳듯
새끼를 낳다,낳듯이
새끼를 낳다,낳죠
새끼를 낳다,낳지마는
새끼를 낳다,낳지만
새끼를 낳다,낳지요
새끼를 낳다,낳지
새끼를 낳다,낳아도
새끼를 낳다,낳아서
새끼를 낳다,낳아야
새끼를 낳다,낳아야만
새끼를 낳다,낳아야지
새끼를 낳다,낳아요
새끼를 낳다,낳을
새끼를 낳다,낳을걸
새끼를 낳다,낳을밖에
새끼를 낳다,낳을수록
새끼를 낳다,낳을지
새끼를 낳다,낳을지며
새끼를 낳다,낳음
새끼를 낳다,낳음에도
새끼를 낳다,낳읍시오
새끼를 낳다,낳건대
새끼를 낳다,낳나니
새끼를 낳다,낳느라
새끼를 낳다,낳느라고
새끼를 낳다,낳는구나
새끼를 낳다,낳는군
새끼를 낳다,낳도록
새끼를 낳다,낳자
새끼를 낳다,낳자고
새끼를 낳다,낳자꾸나
새끼를 낳다,낳자느니
새끼를 낳다,낳자니까
새끼를 낳다,낳자마자
새끼를 낳다,낳자며
새끼를 낳다,낳자면
새끼를 낳다,낳자면서
새끼를 낳다,낳아다
새끼를 낳다,낳아다가
새끼를 낳다,낳고자
새끼를 낳다,낳느냐
새끼를 낳다,낳느냐고
새끼를 낳다,낳느니
새끼를 낳다,낳느니만
새끼를 낳다,낳느니만큼
새끼를 낳다,낳는
새끼를 낳다,낳는걸
새끼를 낳다,낳는데
새끼를 낳다,낳는지
새끼를 낳다,낳으러
새끼를 낳다,낳읍시다
가져오다,가져오거나
가져오다,가져오거늘
가져오다,가져오거니
가져오다,가져오거든
가져오다,가져오건
가져오다,가져오것다
가져오다,가져오게
가져오다,가져오겠
가져오다,가져오고
가져오다,가져오고말고
가져오다,가져오기로
가져오다,가져오기로니
가져오다,가져오기로서
가져오다,가져오기로서니
가져오다,가져오기에
가져오다,가져오네
가져오다,가져오니
가져오다,가져오다
가져오다,가져오다가
가져오다,가져오다가는
가져오다,가져오다간
가져오다,가져오다니
가져오다,가져오다마다
가져오다,가져오더니
가져오다,가져오더니라
가져오다,가져오더라
가져오다,가져오더라니까
가져오다,가져오더라도
가져오다,가져오더라며
가져오다,가져오더라면
가져오다,가져오더라면서
가져오다,가져오더람
가져오다,가져오던
가져오다,가져오던가
가져오다,가져오던데
가져오다,가져오던지
가져오다,가져오데
가져오다,가져오데요
가져오다,가져오도다
가져오다,가져오되
가져오다,가져오든
가져오다,가져오든지
가져오다,가져오듯
가져오다,가져오듯이
가져오다,가져오죠
가져오다,가져오지마는
가져오다,가져오지만
가져오다,가져오지요
가져오다,가져온걸
가져오다,가져온들
가져오다,가져오나마
가져오다,가져오니까
가져오다,가져올
가져오다,가져올걸
가져오다,가져올까
가져오다,가져올는지
가져오다,가져올라
가져오다,가져올라고
가져오다,가져올러니
가져오다,가져올러라
가져오다,가져올런고
가져오다,가져올망정
가져오다,가져올밖에
가져오다,가져올뿐더러
가져오다,가져올수록
가져오다,가져올지라도
가져오다,가져오며
가져오다,가져오면
가져오다,가져오면서
가져오다,가져오세요
가져오다,가져오셔요
가져오다,가져오지
가져오다,가져와도
가져오다,가져와서
가져오다,가져와야
가져오다,가져와야만
가져오다,가져와야지
가져오다,가져와요
가져오다,가져오건대
가져오다,가져오나니
가져오다,가져오느라
가져오다,가져오느라고
가져오다,가져오는구나
가져오다,가져오는군
가져오다,가져오도록
가져오다,가져오자
가져오다,가져오자고
가져오다,가져오자꾸나
가져오다,가져오자느니
가져오다,가져오자니까
가져오다,가져오자마자
가져오다,가져오자며
가져오다,가져오자면
가져오다,가져오자면서
가져오다,가져온
가져오다,가져온다
가져오다,가져온다고
가져오다,가져온다나
가져오다,가져온다네
가져오다,가져온다느니
가져오다,가져온다니
가져오다,가져온다니까
가져오다,가져온다더라
가져오다,가져온다며
가져오다,가져온다면
가져오다,가져온다면서
가져오다,가져온답니까
가져오다,가져온답니다
가져오다,가져온답시고
가져오다,가져온대
가져오다,가져온대요
가져오다,가져올거나
가져오다,가져올게
가져오다,가져올래
가져오다,가져오라고
가져오다,가져오러
가져오다,가져오려
가져오다,가져옵시다
가져오다,가져오세
가져오다,가져오시라
가져오다,가져오십시다
가져오다,가져오십시오
가져오다,가져와다
가져오다,가져와다가
가져오다,가져오고자
가져오다,가져오느냐
가져오다,가져오느냐고
가져오다,가져오느니
가져오다,가져오느니만
가져오다,가져오느니만큼
가져오다,가져오는
가져오다,가져오는걸
가져오다,가져오는데
가져오다,가져오는지
데려오다,데려오거나
데려오다,데려오거늘
데려오다,데려오거니
데려오다,데려오거든
데려오다,데려오건
데려오다,데려오것다
데려오다,데려오게
데려오다,데려오겠
데려오다,데려오고
데려오다,데려오고말고
데려오다,데려오기로
데려오다,데려오기로니
데려오다,데려오기로서
데려오다,데려오기로서니
데려오다,데려오기에
데려오다,데려오네
데려오다,데려오니
데려오다,데려오다
데려오다,데려오다가
데려오다,데려오다가는
데려오다,데려오다간
데려오다,데려오다니
데려오다,데려오다마다
데려오다,데려오더니
데려오다,데려오더니라
데려오다,데려오더라
데려오다,데려오더라니까
데려오다,데려오더라도
데려오다,데려오더라며
데려오다,데려오더라면
데려오다,데려오더라면서
데려오다,데려오더람
데려오다,데려오던
데려오다,데려오던가
데려오다,데려오던데
데려오다,데려오던지
데려오다,데려오데
데려오다,데려오데요
데려오다,데려오도다
데려오다,데려오되
데려오다,데려오든
데려오다,데려오든지
데려오다,데려오듯
데려오다,데려오듯이
데려오다,데려오죠
데려오다,데려오지마는
데려오다,데려오지만
데려오다,데려오지요
데려오다,데려온걸
데려오다,데려온들
데려오다,데려오나마
데려오다,데려오니까
데려오다,데려올
데려오다,데려올걸
데려오다,데려올까
데려오다,데려올는지
데려오다,데려올라
데려오다,데려올라고
데려오다,데려올러니
데려오다,데려올러라
데려오다,데려올런고
데려오다,데려올망정
데려오다,데려올밖에
데려오다,데려올뿐더러
데려오다,데려올수록
데려오다,데려올지라도
데려오다,데려오며
데려오다,데려오면
데려오다,데려오면서
데려오다,데려오세요
데려오다,데려오셔요
데려오다,데려오지
데려오다,데려와도
데려오다,데려와서
데려오다,데려와야
데려오다,데려와야만
데려오다,데려와야지
데려오다,데려와요
데려오다,데려오건대
데려오다,데려오나니
데려오다,데려오느라
데려오다,데려오느라고
데려오다,데려오는구나
데려오다,데려오는군
데려오다,데려오도록
데려오다,데려오자
데려오다,데려오자고
데려오다,데려오자꾸나
데려오다,데려오자느니
데려오다,데려오자니까
데려오다,데려오자마자
데려오다,데려오자며
데려오다,데려오자면
데려오다,데려오자면서
데려오다,데려온
데려오다,데려온다
데려오다,데려온다고
데려오다,데려온다나
데려오다,데려온다네
데려오다,데려온다느니
데려오다,데려온다니
데려오다,데려온다니까
데려오다,데려온다더라
데려오다,데려온다며
데려오다,데려온다면
데려오다,데려온다면서
데려오다,데려온답니까
데려오다,데려온답니다
데려오다,데려온답시고
데려오다,데려온대
데려오다,데려온대요
데려오다,데려올거나
데려오다,데려올게
데려오다,데려올래
데려오다,데려오라고
데려오다,데려오러
데려오다,데려오려
데려오다,데려옵시다
데려오다,데려오세
데려오다,데려오시라
데려오다,데려오십시다
데려오다,데려오십시오
데려오다,데려와다
데려오다,데려와다가
데려오다,데려오고자
데려오다,데려오느냐
데려오다,데려오느냐고
데려오다,데려오느니
데려오다,데려오느니만
데려오다,데려오느니만큼
데려오다,데려오는
데려오다,데려오는걸
데려오다,데려오는데
데려오다,데려오는지
방송하다,방송하거나
방송하다,방송하거늘
방송하다,방송하거니
방송하다,방송하거든
방송하다,방송하건
방송하다,방송하것다
방송하다,방송하게
방송하다,방송하겠
방송하다,방송하고
방송하다,방송하고말고
방송하다,방송하기로
방송하다,방송하기로니
방송하다,방송하기로서
방송하다,방송하기로서니
방송하다,방송하기에
방송하다,방송하네
방송하다,방송하니
방송하다,방송하다
방송하다,방송하다가
방송하다,방송하다가는
방송하다,방송하다간
방송하다,방송하다니
방송하다,방송하다마다
방송하다,방송하더니
방송하다,방송하더니라
방송하다,방송하더라
방송하다,방송하더라니까
방송하다,방송하더라도
방송하다,방송하더라며
방송하다,방송하더라면
방송하다,방송하더라면서
방송하다,방송하더람
방송하다,방송하던
방송하다,방송하던가
방송하다,방송하던데
방송하다,방송하던지
방송하다,방송하데
방송하다,방송하데요
방송하다,방송하도다
방송하다,방송하되
방송하다,방송하든
방송하다,방송하든지
방송하다,방송하듯
방송하다,방송하듯이
방송하다,방송하죠
방송하다,방송하지마는
방송하다,방송하지만
방송하다,방송하지요
방송하다,방송한걸
방송하다,방송한들
방송하다,방송하나마
방송하다,방송하니까
방송하다,방송할
방송하다,방송할걸
방송하다,방송할까
방송하다,방송할는지
방송하다,방송할라
방송하다,방송할라고
방송하다,방송할러니
방송하다,방송할러라
방송하다,방송할런고
방송하다,방송할망정
방송하다,방송할밖에
방송하다,방송할뿐더러
방송하다,방송할수록
방송하다,방송할지라도
방송하다,방송하며
방송하다,방송하면
방송하다,방송하면서
방송하다,방송하세요
방송하다,방송하셔요
방송하다,방송하지
방송하다,방송하건대
방송하다,방송하나니
방송하다,방송하느라
방송하다,방송하느라고
방송하다,방송하는구나
방송하다,방송하는군
방송하다,방송하도록
방송하다,방송하자
방송하다,방송하자고
방송하다,방송하자꾸나
방송하다,방송하자느니
방송하다,방송하자니까
방송하다,방송하자마자
방송하다,방송하자며
방송하다,방송하자면
방송하다,방송하자면서
방송하다,방송한
방송하다,방송한다
방송하다,방송한다고
방송하다,방송한다나
방송하다,방송한다네
방송하다,방송한다느니
방송하다,방송한다니
방송하다,방송한다니까
방송하다,방송한다더라
방송하다,방송한다며
방송하다,방송한다면
방송하다,방송한다면서
방송하다,방송한답니까
방송하다,방송한답니다
방송하다,방송한답시고
방송하다,방송한대
방송하다,방송한대요
방송하다,방송할거나
방송하다,방송할게
방송하다,방송할래
방송하다,방송하라고
방송하다,방송하러
방송하다,방송하려
방송하다,방송합시다
방송하다,방송하세
방송하다,방송하시라
방송하다,방송하십시다
방송하다,방송하십시오
방송하다,방송하고자
방송하다,방송하느냐
방송하다,방송하느냐고
방송하다,방송하느니
방송하다,방송하느니만
방송하다,방송하느니만큼
방송하다,방송하는
방송하다,방송하는걸
방송하다,방송하는데
방송하다,방송하는지
짓다,짓거나
짓다,짓거늘
짓다,짓거니
짓다,짓거든
짓다,짓건
짓다,짓것다
짓다,짓게
짓다,짓겠
짓다,짓고
짓다,짓고말고
짓다,짓기로
짓다,짓기로니
짓다,짓기로서
짓다,짓기로서니
짓다,짓기에
짓다,짓네
짓다,짓니
짓다,짓다
짓다,짓다가
짓다,짓다가는
짓다,짓다간
짓다,짓다니
짓다,짓다마다
짓다,짓더니
짓다,짓더니라
짓다,짓더라
짓다,짓더라니까
짓다,짓더라도
짓다,짓더라며
짓다,짓더라면
짓다,짓더라면서
짓다,짓더람
짓다,짓던
짓다,짓던가
짓다,짓던데
짓다,짓던지
짓다,짓데
짓다,짓데요
짓다,짓도다
짓다,짓되
짓다,짓든
짓다,짓든지
짓다,짓듯
짓다,짓듯이
짓다,짓죠
짓다,짓지마는
짓다,짓지만
짓다,짓지요
짓다,짓지
짓다,지을
짓다,지을걸
짓다,지을밖에
짓다,지을수록
짓다,지을지
짓다,지을지며
짓다,지음
짓다,지음에도
짓다,지읍시오
짓다,짓건대
짓다,짓나니
짓다,짓느라
짓다,짓느라고
짓다,짓는구나
짓다,짓는군
짓다,짓도록
짓다,짓자
짓다,짓자고
짓다,짓자꾸나
짓다,짓자느니
짓다,짓자니까
짓다,짓자마자
짓다,짓자며
짓다,짓자면
짓다,짓자면서
짓다,짓고자
짓다,짓느냐
짓다,짓느냐고
짓다,짓느니
짓다,짓느니만
짓다,짓느니만큼
짓다,짓는
짓다,짓는걸
짓다,짓는데
짓다,짓는지
짓다,지으러
짓다,지읍시다
타다,타거나
타다,타거늘
타다,타거니
타다,타거든
타다,타건
타다,타것다
타다,타게
타다,타겠
타다,타고
타다,타고말고
타다,타기로
타다,타기로니
타다,타기로서
타다,타기로서니
타다,타기에
타다,타네
타다,타니
타다,타다
타다,타다가
타다,타다가는
타다,타다간
타다,타다니
타다,타다마다
타다,타더니
타다,타더니라
타다,타더라
타다,타더라니까
타다,타더라도
타다,타더라며
타다,타더라면
타다,타더라면서
타다,타더람
타다,타던
타다,타던가
타다,타던데
타다,타던지
타다,타데
타다,타데요
타다,타도다
타다,타되
타다,타든
타다,타든지
타다,타듯
타다,타듯이
타다,타죠
타다,타지마는
타다,타지만
타다,타지요
타다,탄걸
타다,탄들
타다,타나마
타다,타니까
타다,탈
타다,탈걸
타다,탈까
타다,탈는지
타다,탈라
타다,탈라고
타다,탈러니
타다,탈러라
타다,탈런고
타다,탈망정
타다,탈밖에
타다,탈뿐더러
타다,탈수록
타다,탈지라도
타다,타며
타다,타면
타다,타면서
타다,타세요
타다,타셔요
타다,타지
타다,타도
타다,타서
타다,타야
타다,타야만
타다,타야지
타다,타요
타다,타건대
타다,타나니
타다,타느라
타다,타느라고
타다,타는구나
타다,타는군
타다,타도록
타다,타자
타다,타자고
타다,타자꾸나
타다,타자느니
타다,타자니까
타다,타자마자
타다,타자며
타다,타자면
타다,타자면서
타다,탄
타다,탄다
타다,탄다고
타다,탄다나
타다,탄다네
타다,탄다느니
타다,탄다니
타다,탄다니까
타다,탄다더라
타다,탄다며
타다,탄다면
타다,탄다면서
타다,탄답니까
타다,탄답니다
타다,탄답시고
타다,탄대
타다,탄대요
타다,탈거나
타다,탈게
타다,탈래
타다,타라고
타다,타러
타다,타려
타다,탑시다
타다,타세
타다,타시라
타다,타십시다
타다,타십시오
타다,타고자
타다,타느냐
타다,타느냐고
타다,타느니
타다,타느니만
타다,타느니만큼
타다,타는
타다,타는걸
타다,타는데
타다,타는지
타오르다,타오르거나
타오르다,타오르거늘
타오르다,타오르거니
타오르다,타오르거든
타오르다,타오르건
타오르다,타오르것다
타오르다,타오르게
타오르다,타오르겠
타오르다,타오르고
타오르다,타오르고말고
타오르다,타오르기로
타오르다,타오르기로니
타오르다,타오르기로서
타오르다,타오르기로서니
타오르다,타오르기에
타오르다,타오르네
타오르다,타오르니
타오르다,타오르다
타오르다,타오르다가
타오르다,타오르다가는
타오르다,타오르다간
타오르다,타오르다니
타오르다,타오르다마다
타오르다,타오르더니
타오르다,타오르더니라
타오르다,타오르더라
타오르다,타오르더라니까
타오르다,타오르더라도
타오르다,타오르더라며
타오르다,타오르더라면
타오르다,타오르더라면서
타오르다,타오르더람
타오르다,타오르던
타오르다,타오르던가
타오르다,타오르던데
타오르다,타오르던지
타오르다,타오르데
타오르다,타오르데요
타오르다,타오르도다
타오르다,타오르되
타오르다,타오르든
타오르다,타오르든지
타오르다,타오르듯
타오르다,타오르듯이
타오르다,타오르죠
타오르다,타오르지마는
타오르다,타오르지만
타오르다,타오르지요
타오르다,타오른걸
타오르다,타오른들
타오르다,타오르나마
타오르다,타오르니까
타오르다,타오를
타오르다,타오를걸
타오르다,타오를까
타오르다,타오를는지
타오르다,타오를라
타오르다,타오를라고
타오르다,타오를러니
타오르다,타오를러라
타오르다,타오를런고
타오르다,타오를망정
타오르다,타오를밖에
타오르다,타오를뿐더러
타오르다,타오를수록
타오르다,타오를지라도
타오르다,타오르며
타오르다,타오르면
타오르다,타오르면서
타오르다,타오르세요
타오르다,타오르셔요
타오르다,타오르지
타오르다,타오르건대
타오르다,타오르나니
타오르다,타오르느라
타오르다,타오르느라고
타오르다,타오르는구나
타오르다,타오르는군
타오르다,타오르도록
타오르다,타오르자
타오르다,타오르자고
타오르다,타오르자꾸나
타오르다,타오르자느니
타오르다,타오르자니까
타오르다,타오르자마자
타오르다,타오르자며
타오르다,타오르자면
타오르다,타오르자면서
타오르다,타오른
타오르다,타오른다
타오르다,타오른다고
타오르다,타오른다나
타오르다,타오른다네
타오르다,타오른다느니
타오르다,타오른다니
타오르다,타오른다니까
타오르다,타오른다더라
타오르다,타오른다며
타오르다,타오른다면
타오르다,타오른다면서
타오르다,타오른답니까
타오르다,타오른답니다
타오르다,타오른답시고
타오르다,타오른대
타오르다,타오른대요
타오르다,타오를거나
타오르다,타오를게
타오르다,타오를래
타오르다,타오르라고
타오르다,타오르러
타오르다,타오르려
타오르다,타오릅시다
타오르다,타오르세
타오르다,타오르시라
타오르다,타오르십시다
타오르다,타오르십시오
타오르다,타오르고자
타오르다,타오르느냐
타오르다,타오르느냐고
타오르다,타오르느니
타오르다,타오르느니만
타오르다,타오르느니만큼
타오르다,타오르는
타오르다,타오르는걸
타오르다,타오르는데
타오르다,타오르는지
터지다,터지거나
터지다,터지거늘
터지다,터지거니
터지다,터지거든
터지다,터지건
터지다,터지것다
터지다,터지게
터지다,터지겠
터지다,터지고
터지다,터지고말고
터지다,터지기로
터지다,터지기로니
터지다,터지기로서
터지다,터지기로서니
터지다,터지기에
터지다,터지네
터지다,터지니
터지다,터지다
터지다,터지다가
터지다,터지다가는
터지다,터지다간
터지다,터지다니
터지다,터지다마다
터지다,터지더니
터지다,터지더니라
터지다,터지더라
터지다,터지더라니까
터지다,터지더라도
터지다,터지더라며
터지다,터지더라면
터지다,터지더라면서
터지다,터지더람
터지다,터지던
터지다,터지던가
터지다,터지던데
터지다,터지던지
터지다,터지데
터지다,터지데요
터지다,터지도다
터지다,터지되
터지다,터지든
터지다,터지든지
터지다,터지듯
터지다,터지듯이
터지다,터지죠
터지다,터지지마는
터지다,터지지만
터지다,터지지요
터지다,터진걸
터지다,터진들
터지다,터지나마
터지다,터지니까
터지다,터질
터지다,터질걸
터지다,터질까
터지다,터질는지
터지다,터질라
터지다,터질라고
터지다,터질러니
터지다,터질러라
터지다,터질런고
터지다,터질망정
터지다,터질밖에
터지다,터질뿐더러
터지다,터질수록
터지다,터질지라도
터지다,터지며
터지다,터지면
터지다,터지면서
터지다,터지세요
터지다,터지셔요
터지다,터지지
터지다,터지건대
터지다,터지나니
터지다,터지느라
터지다,터지느라고
터지다,터지는구나
터지다,터지는군
터지다,터지도록
터지다,터지자
터지다,터지자고
터지다,터지자꾸나
터지다,터지자느니
터지다,터지자니까
터지다,터지자마자
터지다,터지자며
터지다,터지자면
터지다,터지자면서
터지다,터진
터지다,터진다
터지다,터진다고
터지다,터진다나
터지다,터진다네
터지다,터진다느니
터지다,터진다니
터지다,터진다니까
터지다,터진다더라
터지다,터진다며
터지다,터진다면
터지다,터진다면서
터지다,터진답니까
터지다,터진답니다
터지다,터진답시고
터지다,터진대
터지다,터진대요
터지다,터질거나
터지다,터질게
터지다,터질래
터지다,터지라고
터지다,터지러
터지다,터지려
터지다,터집시다
터지다,터지세
터지다,터지시라
터지다,터지십시다
터지다,터지십시오
터지다,터지고자
터지다,터지느냐
터지다,터지느냐고
터지다,터지느니
터지다,터지느니만
터지다,터지느니만큼
터지다,터지는
터지다,터지는걸
터지다,터지는데
터지다,터지는지
파열하다,파열하거나
파열하다,파열하거늘
파열하다,파열하거니
파열하다,파열하거든
파열하다,파열하건
파열하다,파열하것다
파열하다,파열하게
파열하다,파열하겠
파열하다,파열하고
파열하다,파열하고말고
파열하다,파열하기로
파열하다,파열하기로니
파열하다,파열하기로서
파열하다,파열하기로서니
파열하다,파열하기에
파열하다,파열하네
파열하다,파열하니
파열하다,파열하다
파열하다,파열하다가
파열하다,파열하다가는
파열하다,파열하다간
파열하다,파열하다니
파열하다,파열하다마다
파열하다,파열하더니
파열하다,파열하더니라
파열하다,파열하더라
파열하다,파열하더라니까
파열하다,파열하더라도
파열하다,파열하더라며
파열하다,파열하더라면
파열하다,파열하더라면서
파열하다,파열하더람
파열하다,파열하던
파열하다,파열하던가
파열하다,파열하던데
파열하다,파열하던지
파열하다,파열하데
파열하다,파열하데요
파열하다,파열하도다
파열하다,파열하되
파열하다,파열하든
파열하다,파열하든지
파열하다,파열하듯
파열하다,파열하듯이
파열하다,파열하죠
파열하다,파열하지마는
파열하다,파열하지만
파열하다,파열하지요
파열하다,파열한걸
파열하다,파열한들
파열하다,파열하나마
파열하다,파열하니까
파열하다,파열할
파열하다,파열할걸
파열하다,파열할까
파열하다,파열할는지
파열하다,파열할라
파열하다,파열할라고
파열하다,파열할러니
파열하다,파열할러라
파열하다,파열할런고
파열하다,파열할망정
파열하다,파열할밖에
파열하다,파열할뿐더러
파열하다,파열할수록
파열하다,파열할지라도
파열하다,파열하며
파열하다,파열하면
파열하다,파열하면서
파열하다,파열하세요
파열하다,파열하셔요
파열하다,파열하지
파열하다,파열하건대
파열하다,파열하나니
파열하다,파열하느라
파열하다,파열하느라고
파열하다,파열하는구나
파열하다,파열하는군
파열하다,파열하도록
파열하다,파열하자
파열하다,파열하자고
파열하다,파열하자꾸나
파열하다,파열하자느니
파열하다,파열하자니까
파열하다,파열하자마자
파열하다,파열하자며
파열하다,파열하자면
파열하다,파열하자면서
파열하다,파열한
파열하다,파열한다
파열하다,파열한다고
파열하다,파열한다나
파열하다,파열한다네
파열하다,파열한다느니
파열하다,파열한다니
파열하다,파열한다니까
파열하다,파열한다더라
파열하다,파열한다며
파열하다,파열한다면
파열하다,파열한다면서
파열하다,파열한답니까
파열하다,파열한답니다
파열하다,파열한답시고
파열하다,파열한대
파열하다,파열한대요
파열하다,파열할거나
파열하다,파열할게
파열하다,파열할래
파열하다,파열하라고
파열하다,파열하러
파열하다,파열하려
파열하다,파열합시다
파열하다,파열하세
파열하다,파열하시라
파열하다,파열하십시다
파열하다,파열하십시오
파열하다,파열하고자
파열하다,파열하느냐
파열하다,파열하느냐고
파열하다,파열하느니
파열하다,파열하느니만
파열하다,파열하느니만큼
파열하다,파열하는
파열하다,파열하는걸
파열하다,파열하는데
파열하다,파열하는지
구입하다,구입하거나
구입하다,구입하거늘
구입하다,구입하거니
구입하다,구입하거든
구입하다,구입하건
구입하다,구입하것다
구입하다,구입하게
구입하다,구입하겠
구입하다,구입하고
구입하다,구입하고말고
구입하다,구입하기로
구입하다,구입하기로니
구입하다,구입하기로서
구입하다,구입하기로서니
구입하다,구입하기에
구입하다,구입하네
구입하다,구입하니
구입하다,구입하다
구입하다,구입하다가
구입하다,구입하다가는
구입하다,구입하다간
구입하다,구입하다니
구입하다,구입하다마다
구입하다,구입하더니
구입하다,구입하더니라
구입하다,구입하더라
구입하다,구입하더라니까
구입하다,구입하더라도
구입하다,구입하더라며
구입하다,구입하더라면
구입하다,구입하더라면서
구입하다,구입하더람
구입하다,구입하던
구입하다,구입하던가
구입하다,구입하던데
구입하다,구입하던지
구입하다,구입하데
구입하다,구입하데요
구입하다,구입하도다
구입하다,구입하되
구입하다,구입하든
구입하다,구입하든지
구입하다,구입하듯
구입하다,구입하듯이
구입하다,구입하죠
구입하다,구입하지마는
구입하다,구입하지만
구입하다,구입하지요
구입하다,구입한걸
구입하다,구입한들
구입하다,구입하나마
구입하다,구입하니까
구입하다,구입할
구입하다,구입할걸
구입하다,구입할까
구입하다,구입할는지
구입하다,구입할라
구입하다,구입할라고
구입하다,구입할러니
구입하다,구입할러라
구입하다,구입할런고
구입하다,구입할망정
구입하다,구입할밖에
구입하다,구입할뿐더러
구입하다,구입할수록
구입하다,구입할지라도
구입하다,구입하며
구입하다,구입하면
구입하다,구입하면서
구입하다,구입하세요
구입하다,구입하셔요
구입하다,구입하지
구입하다,구입하건대
구입하다,구입하나니
구입하다,구입하느라
구입하다,구입하느라고
구입하다,구입하는구나
구입하다,구입하는군
구입하다,구입하도록
구입하다,구입하자
구입하다,구입하자고
구입하다,구입하자꾸나
구입하다,구입하자느니
구입하다,구입하자니까
구입하다,구입하자마자
구입하다,구입하자며
구입하다,구입하자면
구입하다,구입하자면서
구입하다,구입한
구입하다,구입한다
구입하다,구입한다고
구입하다,구입한다나
구입하다,구입한다네
구입하다,구입한다느니
구입하다,구입한다니
구입하다,구입한다니까
구입하다,구입한다더라
구입하다,구입한다며
구입하다,구입한다면
구입하다,구입한다면서
구입하다,구입한답니까
구입하다,구입한답니다
구입하다,구입한답시고
구입하다,구입한대
구입하다,구입한대요
구입하다,구입할거나
구입하다,구입할게
구입하다,구입할래
구입하다,구입하라고
구입하다,구입하러
구입하다,구입하려
구입하다,구입합시다
구입하다,구입하세
구입하다,구입하시라
구입하다,구입하십시다
구입하다,구입하십시오
구입하다,구입하고자
구입하다,구입하느냐
구입하다,구입하느냐고
구입하다,구입하느니
구입하다,구입하느니만
구입하다,구입하느니만큼
구입하다,구입하는
구입하다,구입하는걸
구입하다,구입하는데
구입하다,구입하는지
사다,사거나
사다,사거늘
사다,사거니
사다,사거든
사다,사건
사다,사것다
사다,사게
사다,사겠
사다,사고
사다,사고말고
사다,사기로
사다,사기로니
사다,사기로서
사다,사기로서니
사다,사기에
사다,사네
사다,사니
사다,사다
사다,사다가
사다,사다가는
사다,사다간
사다,사다니
사다,사다마다
사다,사더니
사다,사더니라
사다,사더라
사다,사더라니까
사다,사더라도
사다,사더라며
사다,사더라면
사다,사더라면서
사다,사더람
사다,사던
사다,사던가
사다,사던데
사다,사던지
사다,사데
사다,사데요
사다,사도다
사다,사되
사다,사든
사다,사든지
사다,사듯
사다,사듯이
사다,사죠
사다,사지마는
사다,사지만
사다,사지요
사다,산걸
사다,산들
사다,사나마
사다,사니까
사다,살
사다,살걸
사다,살까
사다,살는지
사다,살라
사다,살라고
사다,살러니
사다,살러라
사다,살런고
사다,살망정
사다,살밖에
사다,살뿐더러
사다,살수록
사다,살지라도
사다,사며
사다,사면
사다,사면서
사다,사세요
사다,사셔요
사다,사지
사다,사도
사다,사서
사다,사야
사다,사야만
사다,사야지
사다,사요
사다,사건대
사다,사나니
사다,사느라
사다,사느라고
사다,사는구나
사다,사는군
사다,사도록
사다,사자
사다,사자고
사다,사자꾸나
사다,사자느니
사다,사자니까
사다,사자마자
사다,사자며
사다,사자면
사다,사자면서
사다,산
사다,산다
사다,산다고
사다,산다나
사다,산다네
사다,산다느니
사다,산다니
사다,산다니까
사다,산다더라
사다,산다며
사다,산다면
사다,산다면서
사다,산답니까
사다,산답니다
사다,산답시고
사다,산대
사다,산대요
사다,살거나
사다,살게
사다,살래
사다,사라고
사다,사러
사다,사려
사다,삽시다
사다,사세
사다,사시라
사다,사십시다
사다,사십시오
사다,사고자
사다,사느냐
사다,사느냐고
사다,사느니
사다,사느니만
사다,사느니만큼
사다,사는
사다,사는걸
사다,사는데
사다,사는지
계산하다,계산하거나
계산하다,계산하거늘
계산하다,계산하거니
계산하다,계산하거든
계산하다,계산하건
계산하다,계산하것다
계산하다,계산하게
계산하다,계산하겠
계산하다,계산하고
계산하다,계산하고말고
계산하다,계산하기로
계산하다,계산하기로니
계산하다,계산하기로서
계산하다,계산하기로서니
계산하다,계산하기에
계산하다,계산하네
계산하다,계산하니
계산하다,계산하다
계산하다,계산하다가
계산하다,계산하다가는
계산하다,계산하다간
계산하다,계산하다니
계산하다,계산하다마다
계산하다,계산하더니
계산하다,계산하더니라
계산하다,계산하더라
계산하다,계산하더라니까
계산하다,계산하더라도
계산하다,계산하더라며
계산하다,계산하더라면
계산하다,계산하더라면서
계산하다,계산하더람
계산하다,계산하던
계산하다,계산하던가
계산하다,계산하던데
계산하다,계산하던지
계산하다,계산하데
계산하다,계산하데요
계산하다,계산하도다
계산하다,계산하되
계산하다,계산하든
계산하다,계산하든지
계산하다,계산하듯
계산하다,계산하듯이
계산하다,계산하죠
계산하다,계산하지마는
계산하다,계산하지만
계산하다,계산하지요
계산하다,계산한걸
계산하다,계산한들
계산하다,계산하나마
계산하다,계산하니까
계산하다,계산할
계산하다,계산할걸
계산하다,계산할까
계산하다,계산할는지
계산하다,계산할라
계산하다,계산할라고
계산하다,계산할러니
계산하다,계산할러라
계산하다,계산할런고
계산하다,계산할망정
계산하다,계산할밖에
계산하다,계산할뿐더러
계산하다,계산할수록
계산하다,계산할지라도
계산하다,계산하며
계산하다,계산하면
계산하다,계산하면서
계산하다,계산하세요
계산하다,계산하셔요
계산하다,계산하지
계산하다,계산하건대
계산하다,계산하나니
계산하다,계산하느라
계산하다,계산하느라고
계산하다,계산하는구나
계산하다,계산하는군
계산하다,계산하도록
계산하다,계산하자
계산하다,계산하자고
계산하다,계산하자꾸나
계산하다,계산하자느니
계산하다,계산하자니까
계산하다,계산하자마자
계산하다,계산하자며
계산하다,계산하자면
계산하다,계산하자면서
계산하다,계산한
계산하다,계산한다
계산하다,계산한다고
계산하다,계산한다나
계산하다,계산한다네
계산하다,계산한다느니
계산하다,계산한다니
계산하다,계산한다니까
계산하다,계산한다더라
계산하다,계산한다며
계산하다,계산한다면
계산하다,계산한다면서
계산하다,계산한답니까
계산하다,계산한답니다
계산하다,계산한답시고
계산하다,계산한대
계산하다,계산한대요
계산하다,계산할거나
계산하다,계산할게
계산하다,계산할래
계산하다,계산하라고
계산하다,계산하러
계산하다,계산하려
계산하다,계산합시다
계산하다,계산하세
계산하다,계산하시라
계산하다,계산하십시다
계산하다,계산하십시오
계산하다,계산하고자
계산하다,계산하느냐
계산하다,계산하느냐고
계산하다,계산하느니
계산하다,계산하느니만
계산하다,계산하느니만큼
계산하다,계산하는
계산하다,계산하는걸
계산하다,계산하는데
계산하다,계산하는지
산출하다,산출하거나
산출하다,산출하거늘
산출하다,산출하거니
산출하다,산출하거든
산출하다,산출하건
산출하다,산출하것다
산출하다,산출하게
산출하다,산출하겠
산출하다,산출하고
산출하다,산출하고말고
산출하다,산출하기로
산출하다,산출하기로니
산출하다,산출하기로서
산출하다,산출하기로서니
산출하다,산출하기에
산출하다,산출하네
산출하다,산출하니
산출하다,산출하다
산출하다,산출하다가
산출하다,산출하다가는
산출하다,산출하다간
산출하다,산출하다니
산출하다,산출하다마다
산출하다,산출하더니
산출하다,산출하더니라
산출하다,산출하더라
산출하다,산출하더라니까
산출하다,산출하더라도
산출하다,산출하더라며
산출하다,산출하더라면
산출하다,산출하더라면서
산출하다,산출하더람
산출하다,산출하던
산출하다,산출하던가
산출하다,산출하던데
산출하다,산출하던지
산출하다,산출하데
산출하다,산출하데요
산출하다,산출하도다
산출하다,산출하되
산출하다,산출하든
산출하다,산출하든지
산출하다,산출하듯
산출하다,산출하듯이
산출하다,산출하죠
산출하다,산출하지마는
산출하다,산출하지만
산출하다,산출하지요
산출하다,산출한걸
산출하다,산출한들
산출하다,산출하나마
산출하다,산출하니까
산출하다,산출할
산출하다,산출할걸
산출하다,산출할까
산출하다,산출할는지
산출하다,산출할라
산출하다,산출할라고
산출하다,산출할러니
산출하다,산출할러라
산출하다,산출할런고
산출하다,산출할망정
산출하다,산출할밖에
산출하다,산출할뿐더러
산출하다,산출할수록
산출하다,산출할지라도
산출하다,산출하며
산출하다,산출하면
산출하다,산출하면서
산출하다,산출하세요
산출하다,산출하셔요
산출하다,산출하지
산출하다,산출하건대
산출하다,산출하나니
산출하다,산출하느라
산출하다,산출하느라고
산출하다,산출하는구나
산출하다,산출하는군
산출하다,산출하도록
산출하다,산출하자
산출하다,산출하자고
산출하다,산출하자꾸나
산출하다,산출하자느니
산출하다,산출하자니까
산출하다,산출하자마자
산출하다,산출하자며
산출하다,산출하자면
산출하다,산출하자면서
산출하다,산출한
산출하다,산출한다
산출하다,산출한다고
산출하다,산출한다나
산출하다,산출한다네
산출하다,산출한다느니
산출하다,산출한다니
산출하다,산출한다니까
산출하다,산출한다더라
산출하다,산출한다며
산출하다,산출한다면
산출하다,산출한다면서
산출하다,산출한답니까
산출하다,산출한답니다
산출하다,산출한답시고
산출하다,산출한대
산출하다,산출한대요
산출하다,산출할거나
산출하다,산출할게
산출하다,산출할래
산출하다,산출하라고
산출하다,산출하러
산출하다,산출하려
산출하다,산출합시다
산출하다,산출하세
산출하다,산출하시라
산출하다,산출하십시다
산출하다,산출하십시오
산출하다,산출하고자
산출하다,산출하느냐
산출하다,산출하느냐고
산출하다,산출하느니
산출하다,산출하느니만
산출하다,산출하느니만큼
산출하다,산출하는
산출하다,산출하는걸
산출하다,산출하는데
산출하다,산출하는지
할 수 있다,있거나
할 수 있다,있거늘
할 수 있다,있거니
할 수 있다,있거든
할 수 있다,있건
할 수 있다,있것다
할 수 있다,있게
할 수 있다,있겠
할 수 있다,있고
할 수 있다,있고말고
할 수 있다,있기로
할 수 있다,있기로니
할 수 있다,있기로서
할 수 있다,있기로서니
할 수 있다,있기에
할 수 있다,있네
할 수 있다,있니
할 수 있다,있다
할 수 있다,있다가
할 수 있다,있다가는
할 수 있다,있다간
할 수 있다,있다니
할 수 있다,있다마다
할 수 있다,있더니
할 수 있다,있더니라
할 수 있다,있더라
할 수 있다,있더라니까
할 수 있다,있더라도
할 수 있다,있더라며
할 수 있다,있더라면
할 수 있다,있더라면서
할 수 있다,있더람
할 수 있다,있던
할 수 있다,있던가
할 수 있다,있던데
할 수 있다,있던지
할 수 있다,있데
할 수 있다,있데요
할 수 있다,있도다
할 수 있다,있되
할 수 있다,있든
할 수 있다,있든지
할 수 있다,있듯
할 수 있다,있듯이
할 수 있다,있죠
할 수 있다,있지마는
할 수 있다,있지만
할 수 있다,있지요
할 수 있다,있지
할 수 있다,있을
할 수 있다,있을걸
할 수 있다,있을밖에
할 수 있다,있을수록
할 수 있다,있을지
할 수 있다,있을지며
할 수 있다,있음
할 수 있다,있음에도
할 수 있다,있읍시오
할 수 있다,있건대
할 수 있다,있나니
할 수 있다,있느라
할 수 있다,있느라고
할 수 있다,있는구나
할 수 있다,있는군
할 수 있다,있도록
할 수 있다,있자
할 수 있다,있자고
할 수 있다,있자꾸나
할 수 있다,있자느니
할 수 있다,있자니까
할 수 있다,있자마자
할 수 있다,있자며
할 수 있다,있자면
할 수 있다,있자면서
할 수 있다,있고자
할 수 있다,있느냐
할 수 있다,있느냐고
할 수 있다,있느니
할 수 있다,있느니만
할 수 있다,있느니만큼
할 수 있다,있는
할 수 있다,있는걸
할 수 있다,있는데
할 수 있다,있는지
할 수 있다,있으러
할 수 있다,있읍시다
상관하다,상관하거나
상관하다,상관하거늘
상관하다,상관하거니
상관하다,상관하거든
상관하다,상관하건
상관하다,상관하것다
상관하다,상관하게
상관하다,상관하겠
상관하다,상관하고
상관하다,상관하고말고
상관하다,상관하기로
상관하다,상관하기로니
상관하다,상관하기로서
상관하다,상관하기로서니
상관하다,상관하기에
상관하다,상관하네
상관하다,상관하니
상관하다,상관하다
상관하다,상관하다가
상관하다,상관하다가는
상관하다,상관하다간
상관하다,상관하다니
상관하다,상관하다마다
상관하다,상관하더니
상관하다,상관하더니라
상관하다,상관하더라
상관하다,상관하더라니까
상관하다,상관하더라도
상관하다,상관하더라며
상관하다,상관하더라면
상관하다,상관하더라면서
상관하다,상관하더람
상관하다,상관하던
상관하다,상관하던가
상관하다,상관하던데
상관하다,상관하던지
상관하다,상관하데
상관하다,상관하데요
상관하다,상관하도다
상관하다,상관하되
상관하다,상관하든
상관하다,상관하든지
상관하다,상관하듯
상관하다,상관하듯이
상관하다,상관하죠
상관하다,상관하지마는
상관하다,상관하지만
상관하다,상관하지요
상관하다,상관한걸
상관하다,상관한들
상관하다,상관하나마
상관하다,상관하니까
상관하다,상관할
상관하다,상관할걸
상관하다,상관할까
상관하다,상관할는지
상관하다,상관할라
상관하다,상관할라고
상관하다,상관할러니
상관하다,상관할러라
상관하다,상관할런고
상관하다,상관할망정
상관하다,상관할밖에
상관하다,상관할뿐더러
상관하다,상관할수록
상관하다,상관할지라도
상관하다,상관하며
상관하다,상관하면
상관하다,상관하면서
상관하다,상관하세요
상관하다,상관하셔요
상관하다,상관하지
상관하다,상관하건대
상관하다,상관하나니
상관하다,상관하느라
상관하다,상관하느라고
상관하다,상관하는구나
상관하다,상관하는군
상관하다,상관하도록
상관하다,상관하자
상관하다,상관하자고
상관하다,상관하자꾸나
상관하다,상관하자느니
상관하다,상관하자니까
상관하다,상관하자마자
상관하다,상관하자며
상관하다,상관하자면
상관하다,상관하자면서
상관하다,상관한
상관하다,상관한다
상관하다,상관한다고
상관하다,상관한다나
상관하다,상관한다네
상관하다,상관한다느니
상관하다,상관한다니
상관하다,상관한다니까
상관하다,상관한다더라
상관하다,상관한다며
상관하다,상관한다면
상관하다,상관한다면서
상관하다,상관한답니까
상관하다,상관한답니다
상관하다,상관한답시고
상관하다,상관한대
상관하다,상관한대요
상관하다,상관할거나
상관하다,상관할게
상관하다,상관할래
상관하다,상관하라고
상관하다,상관하러
상관하다,상관하려
상관하다,상관합시다
상관하다,상관하세
상관하다,상관하시라
상관하다,상관하십시다
상관하다,상관하십시오
상관하다,상관하고자
상관하다,상관하느냐
상관하다,상관하느냐고
상관하다,상관하느니
상관하다,상관하느니만
상관하다,상관하느니만큼
상관하다,상관하는
상관하다,상관하는걸
상관하다,상관하는데
상관하다,상관하는지
관심을 가지다,가지거나
관심을 가지다,가지거늘
관심을 가지다,가지거니
관심을 가지다,가지거든
관심을 가지다,가지건
관심을 가지다,가지것다
관심을 가지다,가지게
관심을 가지다,가지겠
관심을 가지다,가지고
관심을 가지다,가지고말고
관심을 가지다,가지기로
관심을 가지다,가지기로니
관심을 가지다,가지기로서
관심을 가지다,가지기로서니
관심을 가지다,가지기에
관심을 가지다,가지네
관심을 가지다,가지니
관심을 가지다,가지다
관심을 가지다,가지다가
관심을 가지다,가지다가는
관심을 가지다,가지다간
관심을 가지다,가지다니
관심을 가지다,가지다마다
관심을 가지다,가지더니
관심을 가지다,가지더니라
관심을 가지다,가지더라
관심을 가지다,가지더라니까
관심을 가지다,가지더라도
관심을 가지다,가지더라며
관심을 가지다,가지더라면
관심을 가지다,가지더라면서
관심을 가지다,가지더람
관심을 가지다,가지던
관심을 가지다,가지던가
관심을 가지다,가지던데
관심을 가지다,가지던지
관심을 가지다,가지데
관심을 가지다,가지데요
관심을 가지다,가지도다
관심을 가지다,가지되
관심을 가지다,가지든
관심을 가지다,가지든지
관심을 가지다,가지듯
관심을 가지다,가지듯이
관심을 가지다,가지죠
관심을 가지다,가지지마는
관심을 가지다,가지지만
관심을 가지다,가지지요
관심을 가지다,가진걸
관심을 가지다,가진들
관심을 가지다,가지나마
관심을 가지다,가지니까
관심을 가지다,가질
관심을 가지다,가질걸
관심을 가지다,가질까
관심을 가지다,가질는지
관심을 가지다,가질라
관심을 가지다,가질라고
관심을 가지다,가질러니
관심을 가지다,가질러라
관심을 가지다,가질런고
관심을 가지다,가질망정
관심을 가지다,가질밖에
관심을 가지다,가질뿐더러
관심을 가지다,가질수록
관심을 가지다,가질지라도
관심을 가지다,가지며
관심을 가지다,가지면
관심을 가지다,가지면서
관심을 가지다,가지세요
관심을 가지다,가지셔요
관심을 가지다,가지지
관심을 가지다,가지건대
관심을 가지다,가지나니
관심을 가지다,가지느라
관심을 가지다,가지느라고
관심을 가지다,가지는구나
관심을 가지다,가지는군
관심을 가지다,가지도록
관심을 가지다,가지자
관심을 가지다,가지자고
관심을 가지다,가지자꾸나
관심을 가지다,가지자느니
관심을 가지다,가지자니까
관심을 가지다,가지자마자
관심을 가지다,가지자며
관심을 가지다,가지자면
관심을 가지다,가지자면서
관심을 가지다,가진
관심을 가지다,가진다
관심을 가지다,가진다고
관심을 가지다,가진다나
관심을 가지다,가진다네
관심을 가지다,가진다느니
관심을 가지다,가진다니
관심을 가지다,가진다니까
관심을 가지다,가진다더라
관심을 가지다,가진다며
관심을 가지다,가진다면
관심을 가지다,가진다면서
관심을 가지다,가진답니까
관심을 가지다,가진답니다
관심을 가지다,가진답시고
관심을 가지다,가진대
관심을 가지다,가진대요
관심을 가지다,가질거나
관심을 가지다,가질게
관심을 가지다,가질래
관심을 가지다,가지라고
관심을 가지다,가지러
관심을 가지다,가지려
관심을 가지다,가집시다
관심을 가지다,가지세
관심을 가지다,가지시라
관심을 가지다,가지십시다
관심을 가지다,가지십시오
관심을 가지다,가지고자
관심을 가지다,가지느냐
관심을 가지다,가지느냐고
관심을 가지다,가지느니
관심을 가지다,가지느니만
관심을 가지다,가지느니만큼
관심을 가지다,가지는
관심을 가지다,가지는걸
관심을 가지다,가지는데
관심을 가지다,가지는지
다니다,다니거나
다니다,다니거늘
다니다,다니거니
다니다,다니거든
다니다,다니건
다니다,다니것다
다니다,다니게
다니다,다니겠
다니다,다니고
다니다,다니고말고
다니다,다니기로
다니다,다니기로니
다니다,다니기로서
다니다,다니기로서니
다니다,다니기에
다니다,다니네
다니다,다니니
다니다,다니다
다니다,다니다가
다니다,다니다가는
다니다,다니다간
다니다,다니다니
다니다,다니다마다
다니다,다니더니
다니다,다니더니라
다니다,다니더라
다니다,다니더라니까
다니다,다니더라도
다니다,다니더라며
다니다,다니더라면
다니다,다니더라면서
다니다,다니더람
다니다,다니던
다니다,다니던가
다니다,다니던데
다니다,다니던지
다니다,다니데
다니다,다니데요
다니다,다니도다
다니다,다니되
다니다,다니든
다니다,다니든지
다니다,다니듯
다니다,다니듯이
다니다,다니죠
다니다,다니지마는
다니다,다니지만
다니다,다니지요
다니다,다닌걸
다니다,다닌들
다니다,다니나마
다니다,다니니까
다니다,다닐
다니다,다닐걸
다니다,다닐까
다니다,다닐는지
다니다,다닐라
다니다,다닐라고
다니다,다닐러니
다니다,다닐러라
다니다,다닐런고
다니다,다닐망정
다니다,다닐밖에
다니다,다닐뿐더러
다니다,다닐수록
다니다,다닐지라도
다니다,다니며
다니다,다니면
다니다,다니면서
다니다,다니세요
다니다,다니셔요
다니다,다니지
다니다,다니건대
다니다,다니나니
다니다,다니느라
다니다,다니느라고
다니다,다니는구나
다니다,다니는군
다니다,다니도록
다니다,다니자
다니다,다니자고
다니다,다니자꾸나
다니다,다니자느니
다니다,다니자니까
다니다,다니자마자
다니다,다니자며
다니다,다니자면
다니다,다니자면서
다니다,다닌
다니다,다닌다
다니다,다닌다고
다니다,다닌다나
다니다,다닌다네
다니다,다닌다느니
다니다,다닌다니
다니다,다닌다니까
다니다,다닌다더라
다니다,다닌다며
다니다,다닌다면
다니다,다닌다면서
다니다,다닌답니까
다니다,다닌답니다
다니다,다닌답시고
다니다,다닌대
다니다,다닌대요
다니다,다닐거나
다니다,다닐게
다니다,다닐래
다니다,다니라고
다니다,다니러
다니다,다니려
다니다,다닙시다
다니다,다니세
다니다,다니시라
다니다,다니십시다
다니다,다니십시오
다니다,다니고자
다니다,다니느냐
다니다,다니느냐고
다니다,다니느니
다니다,다니느니만
다니다,다니느니만큼
다니다,다니는
다니다,다니는걸
다니다,다니는데
다니다,다니는지
잡다,잡거나
잡다,잡거늘
잡다,잡거니
잡다,잡거든
잡다,잡건
잡다,잡것다
잡다,잡게
잡다,잡겠
잡다,잡고
잡다,잡고말고
잡다,잡기로
잡다,잡기로니
잡다,잡기로서
잡다,잡기로서니
잡다,잡기에
잡다,잡네
잡다,잡니
잡다,잡다
잡다,잡다가
잡다,잡다가는
잡다,잡다간
잡다,잡다니
잡다,잡다마다
잡다,잡더니
잡다,잡더니라
잡다,잡더라
잡다,잡더라니까
잡다,잡더라도
잡다,잡더라며
잡다,잡더라면
잡다,잡더라면서
잡다,잡더람
잡다,잡던
잡다,잡던가
잡다,잡던데
잡다,잡던지
잡다,잡데
잡다,잡데요
잡다,잡도다
잡다,잡되
잡다,잡든
잡다,잡든지
잡다,잡듯
잡다,잡듯이
잡다,잡죠
잡다,잡지마는
잡다,잡지만
잡다,잡지요
잡다,잡지
잡다,잡아도
잡다,잡아서
잡다,잡아야
잡다,잡아야만
잡다,잡아야지
잡다,잡아요
잡다,잡을
잡다,잡을걸
잡다,잡을밖에
잡다,잡을수록
잡다,잡을지
잡다,잡을지며
잡다,잡음
잡다,잡음에도
잡다,잡읍시오
잡다,잡건대
잡다,잡나니
잡다,잡느라
잡다,잡느라고
잡다,잡는구나
잡다,잡는군
잡다,잡도록
잡다,잡자
잡다,잡자고
잡다,잡자꾸나
잡다,잡자느니
잡다,잡자니까
잡다,잡자마자
잡다,잡자며
잡다,잡자면
잡다,잡자면서
잡다,잡아다
잡다,잡아다가
잡다,잡고자
잡다,잡느냐
잡다,잡느냐고
잡다,잡느니
잡다,잡느니만
잡다,잡느니만큼
잡다,잡는
잡다,잡는걸
잡다,잡는데
잡다,잡는지
잡다,잡으러
잡다,잡읍시다
붙잡다,붙잡거나
붙잡다,붙잡거늘
붙잡다,붙잡거니
붙잡다,붙잡거든
붙잡다,붙잡건
붙잡다,붙잡것다
붙잡다,붙잡게
붙잡다,붙잡겠
붙잡다,붙잡고
붙잡다,붙잡고말고
붙잡다,붙잡기로
붙잡다,붙잡기로니
붙잡다,붙잡기로서
붙잡다,붙잡기로서니
붙잡다,붙잡기에
붙잡다,붙잡네
붙잡다,붙잡니
붙잡다,붙잡다
붙잡다,붙잡다가
붙잡다,붙잡다가는
붙잡다,붙잡다간
붙잡다,붙잡다니
붙잡다,붙잡다마다
붙잡다,붙잡더니
붙잡다,붙잡더니라
붙잡다,붙잡더라
붙잡다,붙잡더라니까
붙잡다,붙잡더라도
붙잡다,붙잡더라며
붙잡다,붙잡더라면
붙잡다,붙잡더라면서
붙잡다,붙잡더람
붙잡다,붙잡던
붙잡다,붙잡던가
붙잡다,붙잡던데
붙잡다,붙잡던지
붙잡다,붙잡데
붙잡다,붙잡데요
붙잡다,붙잡도다
붙잡다,붙잡되
붙잡다,붙잡든
붙잡다,붙잡든지
붙잡다,붙잡듯
붙잡다,붙잡듯이
붙잡다,붙잡죠
붙잡다,붙잡지마는
붙잡다,붙잡지만
붙잡다,붙잡지요
붙잡다,붙잡지
붙잡다,붙잡아도
붙잡다,붙잡아서
붙잡다,붙잡아야
붙잡다,붙잡아야만
붙잡다,붙잡아야지
붙잡다,붙잡아요
붙잡다,붙잡을
붙잡다,붙잡을걸
붙잡다,붙잡을밖에
붙잡다,붙잡을수록
붙잡다,붙잡을지
붙잡다,붙잡을지며
붙잡다,붙잡음
붙잡다,붙잡음에도
붙잡다,붙잡읍시오
붙잡다,붙잡건대
붙잡다,붙잡나니
붙잡다,붙잡느라
붙잡다,붙잡느라고
붙잡다,붙잡는구나
붙잡다,붙잡는군
붙잡다,붙잡도록
붙잡다,붙잡자
붙잡다,붙잡자고
붙잡다,붙잡자꾸나
붙잡다,붙잡자느니
붙잡다,붙잡자니까
붙잡다,붙잡자마자
붙잡다,붙잡자며
붙잡다,붙잡자면
붙잡다,붙잡자면서
붙잡다,붙잡아다
붙잡다,붙잡아다가
붙잡다,붙잡고자
붙잡다,붙잡느냐
붙잡다,붙잡느냐고
붙잡다,붙잡느니
붙잡다,붙잡느니만
붙잡다,붙잡느니만큼
붙잡다,붙잡는
붙잡다,붙잡는걸
붙잡다,붙잡는데
붙잡다,붙잡는지
붙잡다,붙잡으러
붙잡다,붙잡읍시다
기념하다,기념하거나
기념하다,기념하거늘
기념하다,기념하거니
기념하다,기념하거든
기념하다,기념하건
기념하다,기념하것다
기념하다,기념하게
기념하다,기념하겠
기념하다,기념하고
기념하다,기념하고말고
기념하다,기념하기로
기념하다,기념하기로니
기념하다,기념하기로서
기념하다,기념하기로서니
기념하다,기념하기에
기념하다,기념하네
기념하다,기념하니
기념하다,기념하다
기념하다,기념하다가
기념하다,기념하다가는
기념하다,기념하다간
기념하다,기념하다니
기념하다,기념하다마다
기념하다,기념하더니
기념하다,기념하더니라
기념하다,기념하더라
기념하다,기념하더라니까
기념하다,기념하더라도
기념하다,기념하더라며
기념하다,기념하더라면
기념하다,기념하더라면서
기념하다,기념하더람
기념하다,기념하던
기념하다,기념하던가
기념하다,기념하던데
기념하다,기념하던지
기념하다,기념하데
기념하다,기념하데요
기념하다,기념하도다
기념하다,기념하되
기념하다,기념하든
기념하다,기념하든지
기념하다,기념하듯
기념하다,기념하듯이
기념하다,기념하죠
기념하다,기념하지마는
기념하다,기념하지만
기념하다,기념하지요
기념하다,기념한걸
기념하다,기념한들
기념하다,기념하나마
기념하다,기념하니까
기념하다,기념할
기념하다,기념할걸
기념하다,기념할까
기념하다,기념할는지
기념하다,기념할라
기념하다,기념할라고
기념하다,기념할러니
기념하다,기념할러라
기념하다,기념할런고
기념하다,기념할망정
기념하다,기념할밖에
기념하다,기념할뿐더러
기념하다,기념할수록
기념하다,기념할지라도
기념하다,기념하며
기념하다,기념하면
기념하다,기념하면서
기념하다,기념하세요
기념하다,기념하셔요
기념하다,기념하지
기념하다,기념하건대
기념하다,기념하나니
기념하다,기념하느라
기념하다,기념하느라고
기념하다,기념하는구나
기념하다,기념하는군
기념하다,기념하도록
기념하다,기념하자
기념하다,기념하자고
기념하다,기념하자꾸나
기념하다,기념하자느니
기념하다,기념하자니까
기념하다,기념하자마자
기념하다,기념하자며
기념하다,기념하자면
기념하다,기념하자면서
기념하다,기념한
기념하다,기념한다
기념하다,기념한다고
기념하다,기념한다나
기념하다,기념한다네
기념하다,기념한다느니
기념하다,기념한다니
기념하다,기념한다니까
기념하다,기념한다더라
기념하다,기념한다며
기념하다,기념한다면
기념하다,기념한다면서
기념하다,기념한답니까
기념하다,기념한답니다
기념하다,기념한답시고
기념하다,기념한대
기념하다,기념한대요
기념하다,기념할거나
기념하다,기념할게
기념하다,기념할래
기념하다,기념하라고
기념하다,기념하러
기념하다,기념하려
기념하다,기념합시다
기념하다,기념하세
기념하다,기념하시라
기념하다,기념하십시다
기념하다,기념하십시오
기념하다,기념하고자
기념하다,기념하느냐
기념하다,기념하느냐고
기념하다,기념하느니
기념하다,기념하느니만
기념하다,기념하느니만큼
기념하다,기념하는
기념하다,기념하는걸
기념하다,기념하는데
기념하다,기념하는지
축하하다,축하하거나
축하하다,축하하거늘
축하하다,축하하거니
축하하다,축하하거든
축하하다,축하하건
축하하다,축하하것다
축하하다,축하하게
축하하다,축하하겠
축하하다,축하하고
축하하다,축하하고말고
축하하다,축하하기로
축하하다,축하하기로니
축하하다,축하하기로서
축하하다,축하하기로서니
축하하다,축하하기에
축하하다,축하하네
축하하다,축하하니
축하하다,축하하다
축하하다,축하하다가
축하하다,축하하다가는
축하하다,축하하다간
축하하다,축하하다니
축하하다,축하하다마다
축하하다,축하하더니
축하하다,축하하더니라
축하하다,축하하더라
축하하다,축하하더라니까
축하하다,축하하더라도
축하하다,축하하더라며
축하하다,축하하더라면
축하하다,축하하더라면서
축하하다,축하하더람
축하하다,축하하던
축하하다,축하하던가
축하하다,축하하던데
축하하다,축하하던지
축하하다,축하하데
축하하다,축하하데요
축하하다,축하하도다
축하하다,축하하되
축하하다,축하하든
축하하다,축하하든지
축하하다,축하하듯
축하하다,축하하듯이
축하하다,축하하죠
축하하다,축하하지마는
축하하다,축하하지만
축하하다,축하하지요
축하하다,축하한걸
축하하다,축하한들
축하하다,축하하나마
축하하다,축하하니까
축하하다,축하할
축하하다,축하할걸
축하하다,축하할까
축하하다,축하할는지
축하하다,축하할라
축하하다,축하할라고
축하하다,축하할러니
축하하다,축하할러라
축하하다,축하할런고
축하하다,축하할망정
축하하다,축하할밖에
축하하다,축하할뿐더러
축하하다,축하할수록
축하하다,축하할지라도
축하하다,축하하며
축하하다,축하하면
축하하다,축하하면서
축하하다,축하하세요
축하하다,축하하셔요
축하하다,축하하지
축하하다,축하하건대
축하하다,축하하나니
축하하다,축하하느라
축하하다,축하하느라고
축하하다,축하하는구나
축하하다,축하하는군
축하하다,축하하도록
축하하다,축하하자
축하하다,축하하자고
축하하다,축하하자꾸나
축하하다,축하하자느니
축하하다,축하하자니까
축하하다,축하하자마자
축하하다,축하하자며
축하하다,축하하자면
축하하다,축하하자면서
축하하다,축하한
축하하다,축하한다
축하하다,축하한다고
축하하다,축하한다나
축하하다,축하한다네
축하하다,축하한다느니
축하하다,축하한다니
축하하다,축하한다니까
축하하다,축하한다더라
축하하다,축하한다며
축하하다,축하한다면
축하하다,축하한다면서
축하하다,축하한답니까
축하하다,축하한답니다
축하하다,축하한답시고
축하하다,축하한대
축하하다,축하한대요
축하하다,축하할거나
축하하다,축하할게
축하하다,축하할래
축하하다,축하하라고
축하하다,축하하러
축하하다,축하하려
축하하다,축하합시다
축하하다,축하하세
축하하다,축하하시라
축하하다,축하하십시다
축하하다,축하하십시오
축하하다,축하하고자
축하하다,축하하느냐
축하하다,축하하느냐고
축하하다,축하하느니
축하하다,축하하느니만
축하하다,축하하느니만큼
축하하다,축하하는
축하하다,축하하는걸
축하하다,축하하는데
축하하다,축하하는지
변하다,변하거나
변하다,변하거늘
변하다,변하거니
변하다,변하거든
변하다,변하건
변하다,변하것다
변하다,변하게
변하다,변하겠
변하다,변하고
변하다,변하고말고
변하다,변하기로
변하다,변하기로니
변하다,변하기로서
변하다,변하기로서니
변하다,변하기에
변하다,변하네
변하다,변하니
변하다,변하다
변하다,변하다가
변하다,변하다가는
변하다,변하다간
변하다,변하다니
변하다,변하다마다
변하다,변하더니
변하다,변하더니라
변하다,변하더라
변하다,변하더라니까
변하다,변하더라도
변하다,변하더라며
변하다,변하더라면
변하다,변하더라면서
변하다,변하더람
변하다,변하던
변하다,변하던가
변하다,변하던데
변하다,변하던지
변하다,변하데
변하다,변하데요
변하다,변하도다
변하다,변하되
변하다,변하든
변하다,변하든지
변하다,변하듯
변하다,변하듯이
변하다,변하죠
변하다,변하지마는
변하다,변하지만
변하다,변하지요
변하다,변한걸
변하다,변한들
변하다,변하나마
변하다,변하니까
변하다,변할
변하다,변할걸
변하다,변할까
변하다,변할는지
변하다,변할라
변하다,변할라고
변하다,변할러니
변하다,변할러라
변하다,변할런고
변하다,변할망정
변하다,변할밖에
변하다,변할뿐더러
변하다,변할수록
변하다,변할지라도
변하다,변하며
변하다,변하면
변하다,변하면서
변하다,변하세요
변하다,변하셔요
변하다,변하지
변하다,변하건대
변하다,변하나니
변하다,변하느라
변하다,변하느라고
변하다,변하는구나
변하다,변하는군
변하다,변하도록
변하다,변하자
변하다,변하자고
변하다,변하자꾸나
변하다,변하자느니
변하다,변하자니까
변하다,변하자마자
변하다,변하자며
변하다,변하자면
변하다,변하자면서
변하다,변한
변하다,변한다
변하다,변한다고
변하다,변한다나
변하다,변한다네
변하다,변한다느니
변하다,변한다니
변하다,변한다니까
변하다,변한다더라
변하다,변한다며
변하다,변한다면
변하다,변한다면서
변하다,변한답니까
변하다,변한답니다
변하다,변한답시고
변하다,변한대
변하다,변한대요
변하다,변할거나
변하다,변할게
변하다,변할래
변하다,변하라고
변하다,변하러
변하다,변하려
변하다,변합시다
변하다,변하세
변하다,변하시라
변하다,변하십시다
변하다,변하십시오
변하다,변하고자
변하다,변하느냐
변하다,변하느냐고
변하다,변하느니
변하다,변하느니만
변하다,변하느니만큼
변하다,변하는
변하다,변하는걸
변하다,변하는데
변하다,변하는지
달라지다,달라지거나
달라지다,달라지거늘
달라지다,달라지거니
달라지다,달라지거든
달라지다,달라지건
달라지다,달라지것다
달라지다,달라지게
달라지다,달라지겠
달라지다,달라지고
달라지다,달라지고말고
달라지다,달라지기로
달라지다,달라지기로니
달라지다,달라지기로서
달라지다,달라지기로서니
달라지다,달라지기에
달라지다,달라지네
달라지다,달라지니
달라지다,달라지다
달라지다,달라지다가
달라지다,달라지다가는
달라지다,달라지다간
달라지다,달라지다니
달라지다,달라지다마다
달라지다,달라지더니
달라지다,달라지더니라
달라지다,달라지더라
달라지다,달라지더라니까
달라지다,달라지더라도
달라지다,달라지더라며
달라지다,달라지더라면
달라지다,달라지더라면서
달라지다,달라지더람
달라지다,달라지던
달라지다,달라지던가
달라지다,달라지던데
달라지다,달라지던지
달라지다,달라지데
달라지다,달라지데요
달라지다,달라지도다
달라지다,달라지되
달라지다,달라지든
달라지다,달라지든지
달라지다,달라지듯
달라지다,달라지듯이
달라지다,달라지죠
달라지다,달라지지마는
달라지다,달라지지만
달라지다,달라지지요
달라지다,달라진걸
달라지다,달라진들
달라지다,달라지나마
달라지다,달라지니까
달라지다,달라질
달라지다,달라질걸
달라지다,달라질까
달라지다,달라질는지
달라지다,달라질라
달라지다,달라질라고
달라지다,달라질러니
달라지다,달라질러라
달라지다,달라질런고
달라지다,달라질망정
달라지다,달라질밖에
달라지다,달라질뿐더러
달라지다,달라질수록
달라지다,달라질지라도
달라지다,달라지며
달라지다,달라지면
달라지다,달라지면서
달라지다,달라지세요
달라지다,달라지셔요
달라지다,달라지지
달라지다,달라지건대
달라지다,달라지나니
달라지다,달라지느라
달라지다,달라지느라고
달라지다,달라지는구나
달라지다,달라지는군
달라지다,달라지도록
달라지다,달라지자
달라지다,달라지자고
달라지다,달라지자꾸나
달라지다,달라지자느니
달라지다,달라지자니까
달라지다,달라지자마자
달라지다,달라지자며
달라지다,달라지자면
달라지다,달라지자면서
달라지다,달라진
달라지다,달라진다
달라지다,달라진다고
달라지다,달라진다나
달라지다,달라진다네
달라지다,달라진다느니
달라지다,달라진다니
달라지다,달라진다니까
달라지다,달라진다더라
달라지다,달라진다며
달라지다,달라진다면
달라지다,달라진다면서
달라지다,달라진답니까
달라지다,달라진답니다
달라지다,달라진답시고
달라지다,달라진대
달라지다,달라진대요
달라지다,달라질거나
달라지다,달라질게
달라지다,달라질래
달라지다,달라지라고
달라지다,달라지러
달라지다,달라지려
달라지다,달라집시다
달라지다,달라지세
달라지다,달라지시라
달라지다,달라지십시다
달라지다,달라지십시오
달라지다,달라지고자
달라지다,달라지느냐
달라지다,달라지느냐고
달라지다,달라지느니
달라지다,달라지느니만
달라지다,달라지느니만큼
달라지다,달라지는
달라지다,달라지는걸
달라지다,달라지는데
달라지다,달라지는지
바꾸다,바꾸거나
바꾸다,바꾸거늘
바꾸다,바꾸거니
바꾸다,바꾸거든
바꾸다,바꾸건
바꾸다,바꾸것다
바꾸다,바꾸게
바꾸다,바꾸겠
바꾸다,바꾸고
바꾸다,바꾸고말고
바꾸다,바꾸기로
바꾸다,바꾸기로니
바꾸다,바꾸기로서
바꾸다,바꾸기로서니
바꾸다,바꾸기에
바꾸다,바꾸네
바꾸다,바꾸니
바꾸다,바꾸다
바꾸다,바꾸다가
바꾸다,바꾸다가는
바꾸다,바꾸다간
바꾸다,바꾸다니
바꾸다,바꾸다마다
바꾸다,바꾸더니
바꾸다,바꾸더니라
바꾸다,바꾸더라
바꾸다,바꾸더라니까
바꾸다,바꾸더라도
바꾸다,바꾸더라며
바꾸다,바꾸더라면
바꾸다,바꾸더라면서
바꾸다,바꾸더람
바꾸다,바꾸던
바꾸다,바꾸던가
바꾸다,바꾸던데
바꾸다,바꾸던지
바꾸다,바꾸데
바꾸다,바꾸데요
바꾸다,바꾸도다
바꾸다,바꾸되
바꾸다,바꾸든
바꾸다,바꾸든지
바꾸다,바꾸듯
바꾸다,바꾸듯이
바꾸다,바꾸죠
바꾸다,바꾸지마는
바꾸다,바꾸지만
바꾸다,바꾸지요
바꾸다,바꾼걸
바꾸다,바꾼들
바꾸다,바꾸나마
바꾸다,바꾸니까
바꾸다,바꿀
바꾸다,바꿀걸
바꾸다,바꿀까
바꾸다,바꿀는지
바꾸다,바꿀라
바꾸다,바꿀라고
바꾸다,바꿀러니
바꾸다,바꿀러라
바꾸다,바꿀런고
바꾸다,바꿀망정
바꾸다,바꿀밖에
바꾸다,바꿀뿐더러
바꾸다,바꿀수록
바꾸다,바꿀지라도
바꾸다,바꾸며
바꾸다,바꾸면
바꾸다,바꾸면서
바꾸다,바꾸세요
바꾸다,바꾸셔요
바꾸다,바꾸지
바꾸다,바꾸건대
바꾸다,바꾸나니
바꾸다,바꾸느라
바꾸다,바꾸느라고
바꾸다,바꾸는구나
바꾸다,바꾸는군
바꾸다,바꾸도록
바꾸다,바꾸자
바꾸다,바꾸자고
바꾸다,바꾸자꾸나
바꾸다,바꾸자느니
바꾸다,바꾸자니까
바꾸다,바꾸자마자
바꾸다,바꾸자며
바꾸다,바꾸자면
바꾸다,바꾸자면서
바꾸다,바꾼
바꾸다,바꾼다
바꾸다,바꾼다고
바꾸다,바꾼다나
바꾸다,바꾼다네
바꾸다,바꾼다느니
바꾸다,바꾼다니
바꾸다,바꾼다니까
바꾸다,바꾼다더라
바꾸다,바꾼다며
바꾸다,바꾼다면
바꾸다,바꾼다면서
바꾸다,바꾼답니까
바꾸다,바꾼답니다
바꾸다,바꾼답시고
바꾸다,바꾼대
바꾸다,바꾼대요
바꾸다,바꿀거나
바꾸다,바꿀게
바꾸다,바꿀래
바꾸다,바꾸라고
바꾸다,바꾸러
바꾸다,바꾸려
바꾸다,바꿉시다
바꾸다,바꾸세
바꾸다,바꾸시라
바꾸다,바꾸십시다
바꾸다,바꾸십시오
바꾸다,바꾸고자
바꾸다,바꾸느냐
바꾸다,바꾸느냐고
바꾸다,바꾸느니
바꾸다,바꾸느니만
바꾸다,바꾸느니만큼
바꾸다,바꾸는
바꾸다,바꾸는걸
바꾸다,바꾸는데
바꾸다,바꾸는지
선택하다,선택하거나
선택하다,선택하거늘
선택하다,선택하거니
선택하다,선택하거든
선택하다,선택하건
선택하다,선택하것다
선택하다,선택하게
선택하다,선택하겠
선택하다,선택하고
선택하다,선택하고말고
선택하다,선택하기로
선택하다,선택하기로니
선택하다,선택하기로서
선택하다,선택하기로서니
선택하다,선택하기에
선택하다,선택하네
선택하다,선택하니
선택하다,선택하다
선택하다,선택하다가
선택하다,선택하다가는
선택하다,선택하다간
선택하다,선택하다니
선택하다,선택하다마다
선택하다,선택하더니
선택하다,선택하더니라
선택하다,선택하더라
선택하다,선택하더라니까
선택하다,선택하더라도
선택하다,선택하더라며
선택하다,선택하더라면
선택하다,선택하더라면서
선택하다,선택하더람
선택하다,선택하던
선택하다,선택하던가
선택하다,선택하던데
선택하다,선택하던지
선택하다,선택하데
선택하다,선택하데요
선택하다,선택하도다
선택하다,선택하되
선택하다,선택하든
선택하다,선택하든지
선택하다,선택하듯
선택하다,선택하듯이
선택하다,선택하죠
선택하다,선택하지마는
선택하다,선택하지만
선택하다,선택하지요
선택하다,선택한걸
선택하다,선택한들
선택하다,선택하나마
선택하다,선택하니까
선택하다,선택할
선택하다,선택할걸
선택하다,선택할까
선택하다,선택할는지
선택하다,선택할라
선택하다,선택할라고
선택하다,선택할러니
선택하다,선택할러라
선택하다,선택할런고
선택하다,선택할망정
선택하다,선택할밖에
선택하다,선택할뿐더러
선택하다,선택할수록
선택하다,선택할지라도
선택하다,선택하며
선택하다,선택하면
선택하다,선택하면서
선택하다,선택하세요
선택하다,선택하셔요
선택하다,선택하지
선택하다,선택하건대
선택하다,선택하나니
선택하다,선택하느라
선택하다,선택하느라고
선택하다,선택하는구나
선택하다,선택하는군
선택하다,선택하도록
선택하다,선택하자
선택하다,선택하자고
선택하다,선택하자꾸나
선택하다,선택하자느니
선택하다,선택하자니까
선택하다,선택하자마자
선택하다,선택하자며
선택하다,선택하자면
선택하다,선택하자면서
선택하다,선택한
선택하다,선택한다
선택하다,선택한다고
선택하다,선택한다나
선택하다,선택한다네
선택하다,선택한다느니
선택하다,선택한다니
선택하다,선택한다니까
선택하다,선택한다더라
선택하다,선택한다며
선택하다,선택한다면
선택하다,선택한다면서
선택하다,선택한답니까
선택하다,선택한답니다
선택하다,선택한답시고
선택하다,선택한대
선택하다,선택한대요
선택하다,선택할거나
선택하다,선택할게
선택하다,선택할래
선택하다,선택하라고
선택하다,선택하러
선택하다,선택하려
선택하다,선택합시다
선택하다,선택하세
선택하다,선택하시라
선택하다,선택하십시다
선택하다,선택하십시오
선택하다,선택하고자
선택하다,선택하느냐
선택하다,선택하느냐고
선택하다,선택하느니
선택하다,선택하느니만
선택하다,선택하느니만큼
선택하다,선택하는
선택하다,선택하는걸
선택하다,선택하는데
선택하다,선택하는지
선정하다,선정하거나
선정하다,선정하거늘
선정하다,선정하거니
선정하다,선정하거든
선정하다,선정하건
선정하다,선정하것다
선정하다,선정하게
선정하다,선정하겠
선정하다,선정하고
선정하다,선정하고말고
선정하다,선정하기로
선정하다,선정하기로니
선정하다,선정하기로서
선정하다,선정하기로서니
선정하다,선정하기에
선정하다,선정하네
선정하다,선정하니
선정하다,선정하다
선정하다,선정하다가
선정하다,선정하다가는
선정하다,선정하다간
선정하다,선정하다니
선정하다,선정하다마다
선정하다,선정하더니
선정하다,선정하더니라
선정하다,선정하더라
선정하다,선정하더라니까
선정하다,선정하더라도
선정하다,선정하더라며
선정하다,선정하더라면
선정하다,선정하더라면서
선정하다,선정하더람
선정하다,선정하던
선정하다,선정하던가
선정하다,선정하던데
선정하다,선정하던지
선정하다,선정하데
선정하다,선정하데요
선정하다,선정하도다
선정하다,선정하되
선정하다,선정하든
선정하다,선정하든지
선정하다,선정하듯
선정하다,선정하듯이
선정하다,선정하죠
선정하다,선정하지마는
선정하다,선정하지만
선정하다,선정하지요
선정하다,선정한걸
선정하다,선정한들
선정하다,선정하나마
선정하다,선정하니까
선정하다,선정할
선정하다,선정할걸
선정하다,선정할까
선정하다,선정할는지
선정하다,선정할라
선정하다,선정할라고
선정하다,선정할러니
선정하다,선정할러라
선정하다,선정할런고
선정하다,선정할망정
선정하다,선정할밖에
선정하다,선정할뿐더러
선정하다,선정할수록
선정하다,선정할지라도
선정하다,선정하며
선정하다,선정하면
선정하다,선정하면서
선정하다,선정하세요
선정하다,선정하셔요
선정하다,선정하지
선정하다,선정하건대
선정하다,선정하나니
선정하다,선정하느라
선정하다,선정하느라고
선정하다,선정하는구나
선정하다,선정하는군
선정하다,선정하도록
선정하다,선정하자
선정하다,선정하자고
선정하다,선정하자꾸나
선정하다,선정하자느니
선정하다,선정하자니까
선정하다,선정하자마자
선정하다,선정하자며
선정하다,선정하자면
선정하다,선정하자면서
선정하다,선정한
선정하다,선정한다
선정하다,선정한다고
선정하다,선정한다나
선정하다,선정한다네
선정하다,선정한다느니
선정하다,선정한다니
선정하다,선정한다니까
선정하다,선정한다더라
선정하다,선정한다며
선정하다,선정한다면
선정하다,선정한다면서
선정하다,선정한답니까
선정하다,선정한답니다
선정하다,선정한답시고
선정하다,선정한대
선정하다,선정한대요
선정하다,선정할거나
선정하다,선정할게
선정하다,선정할래
선정하다,선정하라고
선정하다,선정하러
선정하다,선정하려
선정하다,선정합시다
선정하다,선정하세
선정하다,선정하시라
선정하다,선정하십시다
선정하다,선정하십시오
선정하다,선정하고자
선정하다,선정하느냐
선정하다,선정하느냐고
선정하다,선정하느니
선정하다,선정하느니만
선정하다,선정하느니만큼
선정하다,선정하는
선정하다,선정하는걸
선정하다,선정하는데
선정하다,선정하는지
고르다,고르거나
고르다,고르거늘
고르다,고르거니
고르다,고르거든
고르다,고르건
고르다,고르것다
고르다,고르게
고르다,고르겠
고르다,고르고
고르다,고르고말고
고르다,고르기로
고르다,고르기로니
고르다,고르기로서
고르다,고르기로서니
고르다,고르기에
고르다,고르네
고르다,고르니
고르다,고르다
고르다,고르다가
고르다,고르다가는
고르다,고르다간
고르다,고르다니
고르다,고르다마다
고르다,고르더니
고르다,고르더니라
고르다,고르더라
고르다,고르더라니까
고르다,고르더라도
고르다,고르더라며
고르다,고르더라면
고르다,고르더라면서
고르다,고르더람
고르다,고르던
고르다,고르던가
고르다,고르던데
고르다,고르던지
고르다,고르데
고르다,고르데요
고르다,고르도다
고르다,고르되
고르다,고르든
고르다,고르든지
고르다,고르듯
고르다,고르듯이
고르다,고르죠
고르다,고르지마는
고르다,고르지만
고르다,고르지요
고르다,고른걸
고르다,고른들
고르다,고르나마
고르다,고르니까
고르다,고를
고르다,고를걸
고르다,고를까
고르다,고를는지
고르다,고를라
고르다,고를라고
고르다,고를러니
고르다,고를러라
고르다,고를런고
고르다,고를망정
고르다,고를밖에
고르다,고를뿐더러
고르다,고를수록
고르다,고를지라도
고르다,고르며
고르다,고르면
고르다,고르면서
고르다,고르세요
고르다,고르셔요
고르다,고르지
고르다,고르건대
고르다,고르나니
고르다,고르느라
고르다,고르느라고
고르다,고르는구나
고르다,고르는군
고르다,고르도록
고르다,고르자
고르다,고르자고
고르다,고르자꾸나
고르다,고르자느니
고르다,고르자니까
고르다,고르자마자
고르다,고르자며
고르다,고르자면
고르다,고르자면서
고르다,고른
고르다,고른다
고르다,고른다고
고르다,고른다나
고르다,고른다네
고르다,고른다느니
고르다,고른다니
고르다,고른다니까
고르다,고른다더라
고르다,고른다며
고르다,고른다면
고르다,고른다면서
고르다,고른답니까
고르다,고른답니다
고르다,고른답시고
고르다,고른대
고르다,고른대요
고르다,고를거나
고르다,고를게
고르다,고를래
고르다,고르라고
고르다,고르러
고르다,고르려
고르다,고릅시다
고르다,고르세
고르다,고르시라
고르다,고르십시다
고르다,고르십시오
고르다,고르고자
고르다,고르느냐
고르다,고르느냐고
고르다,고르느니
고르다,고르느니만
고르다,고르느니만큼
고르다,고르는
고르다,고르는걸
고르다,고르는데
고르다,고르는지
썰다,썰거나
썰다,썰거늘
썰다,썰거니
썰다,썰거든
썰다,썰건
썰다,썰것다
썰다,썰게
썰다,썰겠
썰다,썰고
썰다,썰고말고
썰다,썰기로
썰다,썰기로니
썰다,썰기로서
썰다,썰기로서니
썰다,썰기에
썰다,썰네
썰다,썰니
썰다,썰다
썰다,썰다가
썰다,썰다가는
썰다,썰다간
썰다,썰다니
썰다,썰다마다
썰다,썰더니
썰다,썰더니라
썰다,썰더라
썰다,썰더라니까
썰다,썰더라도
썰다,썰더라며
썰다,썰더라면
썰다,썰더라면서
썰다,썰더람
썰다,썰던
썰다,썰던가
썰다,썰던데
썰다,썰던지
썰다,썰데
썰다,썰데요
썰다,썰도다
썰다,썰되
썰다,썰든
썰다,썰든지
썰다,썰듯
썰다,썰듯이
썰다,썰죠
썰다,썰지마는
썰다,썰지만
썰다,썰지요
썰다,썬걸
썰다,썬들
썰다,써나마
썰다,써니
썰다,써니까
썰다,썰
썰다,썰걸
썰다,썰까
썰다,썰는지
썰다,썰라
썰다,썰라고
썰다,썰러니
썰다,썰러라
썰다,썰런고
썰다,썰망정
썰다,썰밖에
썰다,썰뿐더러
썰다,썰수록
썰다,썰지라도
썰다,써며
썰다,써면
썰다,써면서
썰다,써세요
썰다,써셔요
썰다,썰지
썰다,썰건대
썰다,썰나니
썰다,썰느라
썰다,썰느라고
썰다,썰는구나
썰다,썰는군
썰다,썰도록
썰다,썰자
썰다,썰자고
썰다,썰자꾸나
썰다,썰자느니
썰다,썰자니까
썰다,썰자마자
썰다,썰자며
썰다,썰자면
썰다,썰자면서
썰다,썬
썰다,썬다
썰다,썬다고
썰다,썬다나
썰다,썬다네
썰다,썬다느니
썰다,썬다니
썰다,썬다니까
썰다,썬다더라
썰다,썬다며
썰다,썬다면
썰다,썬다면서
썰다,썬답니까
썰다,썬답니다
썰다,썬답시고
썰다,썬대
썰다,썬대요
썰다,썰래
썰다,써라고
썰다,써러
썰다,써려
썰다,썹시다
썰다,써세
썰다,써시라
썰다,써십시다
썰다,써십시오
썰다,썰고자
썰다,썰느냐
썰다,썰느냐고
썰다,썰느니
썰다,썰느니만
썰다,썰느니만큼
썰다,썰는
썰다,썰는걸
썰다,썰는데
주장하다,주장하거나
주장하다,주장하거늘
주장하다,주장하거니
주장하다,주장하거든
주장하다,주장하건
주장하다,주장하것다
주장하다,주장하게
주장하다,주장하겠
주장하다,주장하고
주장하다,주장하고말고
주장하다,주장하기로
주장하다,주장하기로니
주장하다,주장하기로서
주장하다,주장하기로서니
주장하다,주장하기에
주장하다,주장하네
주장하다,주장하니
주장하다,주장하다
주장하다,주장하다가
주장하다,주장하다가는
주장하다,주장하다간
주장하다,주장하다니
주장하다,주장하다마다
주장하다,주장하더니
주장하다,주장하더니라
주장하다,주장하더라
주장하다,주장하더라니까
주장하다,주장하더라도
주장하다,주장하더라며
주장하다,주장하더라면
주장하다,주장하더라면서
주장하다,주장하더람
주장하다,주장하던
주장하다,주장하던가
주장하다,주장하던데
주장하다,주장하던지
주장하다,주장하데
주장하다,주장하데요
주장하다,주장하도다
주장하다,주장하되
주장하다,주장하든
주장하다,주장하든지
주장하다,주장하듯
주장하다,주장하듯이
주장하다,주장하죠
주장하다,주장하지마는
주장하다,주장하지만
주장하다,주장하지요
주장하다,주장한걸
주장하다,주장한들
주장하다,주장하나마
주장하다,주장하니까
주장하다,주장할
주장하다,주장할걸
주장하다,주장할까
주장하다,주장할는지
주장하다,주장할라
주장하다,주장할라고
주장하다,주장할러니
주장하다,주장할러라
주장하다,주장할런고
주장하다,주장할망정
주장하다,주장할밖에
주장하다,주장할뿐더러
주장하다,주장할수록
주장하다,주장할지라도
주장하다,주장하며
주장하다,주장하면
주장하다,주장하면서
주장하다,주장하세요
주장하다,주장하셔요
주장하다,주장하지
주장하다,주장하건대
주장하다,주장하나니
주장하다,주장하느라
주장하다,주장하느라고
주장하다,주장하는구나
주장하다,주장하는군
주장하다,주장하도록
주장하다,주장하자
주장하다,주장하자고
주장하다,주장하자꾸나
주장하다,주장하자느니
주장하다,주장하자니까
주장하다,주장하자마자
주장하다,주장하자며
주장하다,주장하자면
주장하다,주장하자면서
주장하다,주장한
주장하다,주장한다
주장하다,주장한다고
주장하다,주장한다나
주장하다,주장한다네
주장하다,주장한다느니
주장하다,주장한다니
주장하다,주장한다니까
주장하다,주장한다더라
주장하다,주장한다며
주장하다,주장한다면
주장하다,주장한다면서
주장하다,주장한답니까
주장하다,주장한답니다
주장하다,주장한답시고
주장하다,주장한대
주장하다,주장한대요
주장하다,주장할거나
주장하다,주장할게
주장하다,주장할래
주장하다,주장하라고
주장하다,주장하러
주장하다,주장하려
주장하다,주장합시다
주장하다,주장하세
주장하다,주장하시라
주장하다,주장하십시다
주장하다,주장하십시오
주장하다,주장하고자
주장하다,주장하느냐
주장하다,주장하느냐고
주장하다,주장하느니
주장하다,주장하느니만
주장하다,주장하느니만큼
주장하다,주장하는
주장하다,주장하는걸
주장하다,주장하는데
주장하다,주장하는지
치다,치거나
치다,치거늘
치다,치거니
치다,치거든
치다,치건
치다,치것다
치다,치게
치다,치겠
치다,치고
치다,치고말고
치다,치기로
치다,치기로니
치다,치기로서
치다,치기로서니
치다,치기에
치다,치네
치다,치니
치다,치다
치다,치다가
치다,치다가는
치다,치다간
치다,치다니
치다,치다마다
치다,치더니
치다,치더니라
치다,치더라
치다,치더라니까
치다,치더라도
치다,치더라며
치다,치더라면
치다,치더라면서
치다,치더람
치다,치던
치다,치던가
치다,치던데
치다,치던지
치다,치데
치다,치데요
치다,치도다
치다,치되
치다,치든
치다,치든지
치다,치듯
치다,치듯이
치다,치죠
치다,치지마는
치다,치지만
치다,치지요
치다,친걸
치다,친들
치다,치나마
치다,치니까
치다,칠
치다,칠걸
치다,칠까
치다,칠는지
치다,칠라
치다,칠라고
치다,칠러니
치다,칠러라
치다,칠런고
치다,칠망정
치다,칠밖에
치다,칠뿐더러
치다,칠수록
치다,칠지라도
치다,치며
치다,치면
치다,치면서
치다,치세요
치다,치셔요
치다,치지
치다,치건대
치다,치나니
치다,치느라
치다,치느라고
치다,치는구나
치다,치는군
치다,치도록
치다,치자
치다,치자고
치다,치자꾸나
치다,치자느니
치다,치자니까
치다,치자마자
치다,치자며
치다,치자면
치다,치자면서
치다,친
치다,친다
치다,친다고
치다,친다나
치다,친다네
치다,친다느니
치다,친다니
치다,친다니까
치다,친다더라
치다,친다며
치다,친다면
치다,친다면서
치다,친답니까
치다,친답니다
치다,친답시고
치다,친대
치다,친대요
치다,칠거나
치다,칠게
치다,칠래
치다,치라고
치다,치러
치다,치려
치다,칩시다
치다,치세
치다,치시라
치다,치십시다
치다,치십시오
치다,치고자
치다,치느냐
치다,치느냐고
치다,치느니
치다,치느니만
치다,치느니만큼
치다,치는
치다,치는걸
치다,치는데
치다,치는지
오르다,오르거나
오르다,오르거늘
오르다,오르거니
오르다,오르거든
오르다,오르건
오르다,오르것다
오르다,오르게
오르다,오르겠
오르다,오르고
오르다,오르고말고
오르다,오르기로
오르다,오르기로니
오르다,오르기로서
오르다,오르기로서니
오르다,오르기에
오르다,오르네
오르다,오르니
오르다,오르다
오르다,오르다가
오르다,오르다가는
오르다,오르다간
오르다,오르다니
오르다,오르다마다
오르다,오르더니
오르다,오르더니라
오르다,오르더라
오르다,오르더라니까
오르다,오르더라도
오르다,오르더라며
오르다,오르더라면
오르다,오르더라면서
오르다,오르더람
오르다,오르던
오르다,오르던가
오르다,오르던데
오르다,오르던지
오르다,오르데
오르다,오르데요
오르다,오르도다
오르다,오르되
오르다,오르든
오르다,오르든지
오르다,오르듯
오르다,오르듯이
오르다,오르죠
오르다,오르지마는
오르다,오르지만
오르다,오르지요
오르다,오른걸
오르다,오른들
오르다,오르나마
오르다,오르니까
오르다,오를
오르다,오를걸
오르다,오를까
오르다,오를는지
오르다,오를라
오르다,오를라고
오르다,오를러니
오르다,오를러라
오르다,오를런고
오르다,오를망정
오르다,오를밖에
오르다,오를뿐더러
오르다,오를수록
오르다,오를지라도
오르다,오르며
오르다,오르면
오르다,오르면서
오르다,오르세요
오르다,오르셔요
오르다,오르지
오르다,오르건대
오르다,오르나니
오르다,오르느라
오르다,오르느라고
오르다,오르는구나
오르다,오르는군
오르다,오르도록
오르다,오르자
오르다,오르자고
오르다,오르자꾸나
오르다,오르자느니
오르다,오르자니까
오르다,오르자마자
오르다,오르자며
오르다,오르자면
오르다,오르자면서
오르다,오른
오르다,오른다
오르다,오른다고
오르다,오른다나
오르다,오른다네
오르다,오른다느니
오르다,오른다니
오르다,오른다니까
오르다,오른다더라
오르다,오른다며
오르다,오른다면
오르다,오른다면서
오르다,오른답니까
오르다,오른답니다
오르다,오른답시고
오르다,오른대
오르다,오른대요
오르다,오를거나
오르다,오를게
오르다,오를래
오르다,오르라고
오르다,오르러
오르다,오르려
오르다,오릅시다
오르다,오르세
오르다,오르시라
오르다,오르십시다
오르다,오르십시오
오르다,오르고자
오르다,오르느냐
오르다,오르느냐고
오르다,오르느니
오르다,오르느니만
오르다,오르느니만큼
오르다,오르는
오르다,오르는걸
오르다,오르는데
오르다,오르는지
올라가다,올라가거나
올라가다,올라가거늘
올라가다,올라가거니
올라가다,올라가거든
올라가다,올라가건
올라가다,올라가것다
올라가다,올라가게
올라가다,올라가겠
올라가다,올라가고
올라가다,올라가고말고
올라가다,올라가기로
올라가다,올라가기로니
올라가다,올라가기로서
올라가다,올라가기로서니
올라가다,올라가기에
올라가다,올라가네
올라가다,올라가니
올라가다,올라가다
올라가다,올라가다가
올라가다,올라가다가는
올라가다,올라가다간
올라가다,올라가다니
올라가다,올라가다마다
올라가다,올라가더니
올라가다,올라가더니라
올라가다,올라가더라
올라가다,올라가더라니까
올라가다,올라가더라도
올라가다,올라가더라며
올라가다,올라가더라면
올라가다,올라가더라면서
올라가다,올라가더람
올라가다,올라가던
올라가다,올라가던가
올라가다,올라가던데
올라가다,올라가던지
올라가다,올라가데
올라가다,올라가데요
올라가다,올라가도다
올라가다,올라가되
올라가다,올라가든
올라가다,올라가든지
올라가다,올라가듯
올라가다,올라가듯이
올라가다,올라가죠
올라가다,올라가지마는
올라가다,올라가지만
올라가다,올라가지요
올라가다,올라간걸
올라가다,올라간들
올라가다,올라가나마
올라가다,올라가니까
올라가다,올라갈
올라가다,올라갈걸
올라가다,올라갈까
올라가다,올라갈는지
올라가다,올라갈라
올라가다,올라갈라고
올라가다,올라갈러니
올라가다,올라갈러라
올라가다,올라갈런고
올라가다,올라갈망정
올라가다,올라갈밖에
올라가다,올라갈뿐더러
올라가다,올라갈수록
올라가다,올라갈지라도
올라가다,올라가며
올라가다,올라가면
올라가다,올라가면서
올라가다,올라가세요
올라가다,올라가셔요
올라가다,올라가지
올라가다,올라가도
올라가다,올라가서
올라가다,올라가야
올라가다,올라가야만
올라가다,올라가야지
올라가다,올라가요
올라가다,올라가건대
올라가다,올라가나니
올라가다,올라가느라
올라가다,올라가느라고
올라가다,올라가는구나
올라가다,올라가는군
올라가다,올라가도록
올라가다,올라가자
올라가다,올라가자고
올라가다,올라가자꾸나
올라가다,올라가자느니
올라가다,올라가자니까
올라가다,올라가자마자
올라가다,올라가자며
올라가다,올라가자면
올라가다,올라가자면서
올라가다,올라간
올라가다,올라간다
올라가다,올라간다고
올라가다,올라간다나
올라가다,올라간다네
올라가다,올라간다느니
올라가다,올라간다니
올라가다,올라간다니까
올라가다,올라간다더라
올라가다,올라간다며
올라가다,올라간다면
올라가다,올라간다면서
올라가다,올라간답니까
올라가다,올라간답니다
올라가다,올라간답시고
올라가다,올라간대
올라가다,올라간대요
올라가다,올라갈거나
올라가다,올라갈게
올라가다,올라갈래
올라가다,올라가라고
올라가다,올라가러
올라가다,올라가려
올라가다,올라갑시다
올라가다,올라가세
올라가다,올라가시라
올라가다,올라가십시다
올라가다,올라가십시오
올라가다,올라가고자
올라가다,올라가느냐
올라가다,올라가느냐고
올라가다,올라가느니
올라가다,올라가느니만
올라가다,올라가느니만큼
올라가다,올라가는
올라가다,올라가는걸
올라가다,올라가는데
올라가다,올라가는지
매달리다,매달리거나
매달리다,매달리거늘
매달리다,매달리거니
매달리다,매달리거든
매달리다,매달리건
매달리다,매달리것다
매달리다,매달리게
매달리다,매달리겠
매달리다,매달리고
매달리다,매달리고말고
매달리다,매달리기로
매달리다,매달리기로니
매달리다,매달리기로서
매달리다,매달리기로서니
매달리다,매달리기에
매달리다,매달리네
매달리다,매달리니
매달리다,매달리다
매달리다,매달리다가
매달리다,매달리다가는
매달리다,매달리다간
매달리다,매달리다니
매달리다,매달리다마다
매달리다,매달리더니
매달리다,매달리더니라
매달리다,매달리더라
매달리다,매달리더라니까
매달리다,매달리더라도
매달리다,매달리더라며
매달리다,매달리더라면
매달리다,매달리더라면서
매달리다,매달리더람
매달리다,매달리던
매달리다,매달리던가
매달리다,매달리던데
매달리다,매달리던지
매달리다,매달리데
매달리다,매달리데요
매달리다,매달리도다
매달리다,매달리되
매달리다,매달리든
매달리다,매달리든지
매달리다,매달리듯
매달리다,매달리듯이
매달리다,매달리죠
매달리다,매달리지마는
매달리다,매달리지만
매달리다,매달리지요
매달리다,매달린걸
매달리다,매달린들
매달리다,매달리나마
매달리다,매달리니까
매달리다,매달릴
매달리다,매달릴걸
매달리다,매달릴까
매달리다,매달릴는지
매달리다,매달릴라
매달리다,매달릴라고
매달리다,매달릴러니
매달리다,매달릴러라
매달리다,매달릴런고
매달리다,매달릴망정
매달리다,매달릴밖에
매달리다,매달릴뿐더러
매달리다,매달릴수록
매달리다,매달릴지라도
매달리다,매달리며
매달리다,매달리면
매달리다,매달리면서
매달리다,매달리세요
매달리다,매달리셔요
매달리다,매달리지
매달리다,매달리건대
매달리다,매달리나니
매달리다,매달리느라
매달리다,매달리느라고
매달리다,매달리는구나
매달리다,매달리는군
매달리다,매달리도록
매달리다,매달리자
매달리다,매달리자고
매달리다,매달리자꾸나
매달리다,매달리자느니
매달리다,매달리자니까
매달리다,매달리자마자
매달리다,매달리자며
매달리다,매달리자면
매달리다,매달리자면서
매달리다,매달린
매달리다,매달린다
매달리다,매달린다고
매달리다,매달린다나
매달리다,매달린다네
매달리다,매달린다느니
매달리다,매달린다니
매달리다,매달린다니까
매달리다,매달린다더라
매달리다,매달린다며
매달리다,매달린다면
매달리다,매달린다면서
매달리다,매달린답니까
매달리다,매달린답니다
매달리다,매달린답시고
매달리다,매달린대
매달리다,매달린대요
매달리다,매달릴거나
매달리다,매달릴게
매달리다,매달릴래
매달리다,매달리라고
매달리다,매달리러
매달리다,매달리려
매달리다,매달립시다
매달리다,매달리세
매달리다,매달리시라
매달리다,매달리십시다
매달리다,매달리십시오
매달리다,매달리고자
매달리다,매달리느냐
매달리다,매달리느냐고
매달리다,매달리느니
매달리다,매달리느니만
매달리다,매달리느니만큼
매달리다,매달리는
매달리다,매달리는걸
매달리다,매달리는데
매달리다,매달리는지
닫다,닫거나
닫다,닫거늘
닫다,닫거니
닫다,닫거든
닫다,닫건
닫다,닫것다
닫다,닫게
닫다,닫겠
닫다,닫고
닫다,닫고말고
닫다,닫기로
닫다,닫기로니
닫다,닫기로서
닫다,닫기로서니
닫다,닫기에
닫다,닫네
닫다,닫니
닫다,닫다
닫다,닫다가
닫다,닫다가는
닫다,닫다간
닫다,닫다니
닫다,닫다마다
닫다,닫더니
닫다,닫더니라
닫다,닫더라
닫다,닫더라니까
닫다,닫더라도
닫다,닫더라며
닫다,닫더라면
닫다,닫더라면서
닫다,닫더람
닫다,닫던
닫다,닫던가
닫다,닫던데
닫다,닫던지
닫다,닫데
닫다,닫데요
닫다,닫도다
닫다,닫되
닫다,닫든
닫다,닫든지
닫다,닫듯
닫다,닫듯이
닫다,닫죠
닫다,닫지마는
닫다,닫지만
닫다,닫지요
닫다,닫지
닫다,닫아도
닫다,닫아서
닫다,닫아야
닫다,닫아야만
닫다,닫아야지
닫다,닫아요
닫다,닫을
닫다,닫을걸
닫다,닫을밖에
닫다,닫을수록
닫다,닫을지
닫다,닫을지며
닫다,닫음
닫다,닫음에도
닫다,닫읍시오
닫다,닫건대
닫다,닫나니
닫다,닫느라
닫다,닫느라고
닫다,닫는구나
닫다,닫는군
닫다,닫도록
닫다,닫자
닫다,닫자고
닫다,닫자꾸나
닫다,닫자느니
닫다,닫자니까
닫다,닫자마자
닫다,닫자며
닫다,닫자면
닫다,닫자면서
닫다,닫아다
닫다,닫아다가
닫다,닫고자
닫다,닫느냐
닫다,닫느냐고
닫다,닫느니
닫다,닫느니만
닫다,닫느니만큼
닫다,닫는
닫다,닫는걸
닫다,닫는데
닫다,닫는지
닫다,닫으러
닫다,닫읍시다
감다,감거나
감다,감거늘
감다,감거니
감다,감거든
감다,감건
감다,감것다
감다,감게
감다,감겠
감다,감고
감다,감고말고
감다,감기로
감다,감기로니
감다,감기로서
감다,감기로서니
감다,감기에
감다,감네
감다,감니
감다,감다
감다,감다가
감다,감다가는
감다,감다간
감다,감다니
감다,감다마다
감다,감더니
감다,감더니라
감다,감더라
감다,감더라니까
감다,감더라도
감다,감더라며
감다,감더라면
감다,감더라면서
감다,감더람
감다,감던
감다,감던가
감다,감던데
감다,감던지
감다,감데
감다,감데요
감다,감도다
감다,감되
감다,감든
감다,감든지
감다,감듯
감다,감듯이
감다,감죠
감다,감지마는
감다,감지만
감다,감지요
감다,감지
감다,감아도
감다,감아서
감다,감아야
감다,감아야만
감다,감아야지
감다,감아요
감다,감을
감다,감을걸
감다,감을밖에
감다,감을수록
감다,감을지
감다,감을지며
감다,감음
감다,감음에도
감다,감읍시오
감다,감건대
감다,감나니
감다,감느라
감다,감느라고
감다,감는구나
감다,감는군
감다,감도록
감다,감자
감다,감자고
감다,감자꾸나
감다,감자느니
감다,감자니까
감다,감자마자
감다,감자며
감다,감자면
감다,감자면서
감다,감아다
감다,감아다가
감다,감고자
감다,감느냐
감다,감느냐고
감다,감느니
감다,감느니만
감다,감느니만큼
감다,감는
감다,감는걸
감다,감는데
감다,감는지
감다,감으러
감다,감읍시다
감다,감은데
감다,감은지
오다,오거나
오다,오거늘
오다,오거니
오다,오거든
오다,오건
오다,오것다
오다,오게
오다,오겠
오다,오고
오다,오고말고
오다,오기로
오다,오기로니
오다,오기로서
오다,오기로서니
오다,오기에
오다,오네
오다,오니
오다,오다
오다,오다가
오다,오다가는
오다,오다간
오다,오다니
오다,오다마다
오다,오더니
오다,오더니라
오다,오더라
오다,오더라니까
오다,오더라도
오다,오더라며
오다,오더라면
오다,오더라면서
오다,오더람
오다,오던
오다,오던가
오다,오던데
오다,오던지
오다,오데
오다,오데요
오다,오도다
오다,오되
오다,오든
오다,오든지
오다,오듯
오다,오듯이
오다,오죠
오다,오지마는
오다,오지만
오다,오지요
오다,온걸
오다,온들
오다,오나마
오다,오니까
오다,올
오다,올걸
오다,올까
오다,올는지
오다,올라
오다,올라고
오다,올러니
오다,올러라
오다,올런고
오다,올망정
오다,올밖에
오다,올뿐더러
오다,올수록
오다,올지라도
오다,오며
오다,오면
오다,오면서
오다,오세요
오다,오셔요
오다,오지
오다,와도
오다,와서
오다,와야
오다,와야만
오다,와야지
오다,와요
오다,오건대
오다,오나니
오다,오느라
오다,오느라고
오다,오는구나
오다,오는군
오다,오도록
오다,오자
오다,오자고
오다,오자꾸나
오다,오자느니
오다,오자니까
오다,오자마자
오다,오자며
오다,오자면
오다,오자면서
오다,온
오다,온다
오다,온다고
오다,온다나
오다,온다네
오다,온다느니
오다,온다니
오다,온다니까
오다,온다더라
오다,온다며
오다,온다면
오다,온다면서
오다,온답니까
오다,온답니다
오다,온답시고
오다,온대
오다,온대요
오다,올거나
오다,올게
오다,올래
오다,오라고
오다,오러
오다,오려
오다,옵시다
오다,오세
오다,오시라
오다,오십시다
오다,오십시오
오다,와다
오다,와다가
오다,오고자
오다,오느냐
오다,오느냐고
오다,오느니
오다,오느니만
오다,오느니만큼
오다,오는
오다,오는걸
오다,오는데
오다,오는지
자살하다,자살하거나
자살하다,자살하거늘
자살하다,자살하거니
자살하다,자살하거든
자살하다,자살하건
자살하다,자살하것다
자살하다,자살하게
자살하다,자살하겠
자살하다,자살하고
자살하다,자살하고말고
자살하다,자살하기로
자살하다,자살하기로니
자살하다,자살하기로서
자살하다,자살하기로서니
자살하다,자살하기에
자살하다,자살하네
자살하다,자살하니
자살하다,자살하다
자살하다,자살하다가
자살하다,자살하다가는
자살하다,자살하다간
자살하다,자살하다니
자살하다,자살하다마다
자살하다,자살하더니
자살하다,자살하더니라
자살하다,자살하더라
자살하다,자살하더라니까
자살하다,자살하더라도
자살하다,자살하더라며
자살하다,자살하더라면
자살하다,자살하더라면서
자살하다,자살하더람
자살하다,자살하던
자살하다,자살하던가
자살하다,자살하던데
자살하다,자살하던지
자살하다,자살하데
자살하다,자살하데요
자살하다,자살하도다
자살하다,자살하되
자살하다,자살하든
자살하다,자살하든지
자살하다,자살하듯
자살하다,자살하듯이
자살하다,자살하죠
자살하다,자살하지마는
자살하다,자살하지만
자살하다,자살하지요
자살하다,자살한걸
자살하다,자살한들
자살하다,자살하나마
자살하다,자살하니까
자살하다,자살할
자살하다,자살할걸
자살하다,자살할까
자살하다,자살할는지
자살하다,자살할라
자살하다,자살할라고
자살하다,자살할러니
자살하다,자살할러라
자살하다,자살할런고
자살하다,자살할망정
자살하다,자살할밖에
자살하다,자살할뿐더러
자살하다,자살할수록
자살하다,자살할지라도
자살하다,자살하며
자살하다,자살하면
자살하다,자살하면서
자살하다,자살하세요
자살하다,자살하셔요
자살하다,자살하지
자살하다,자살하건대
자살하다,자살하나니
자살하다,자살하느라
자살하다,자살하느라고
자살하다,자살하는구나
자살하다,자살하는군
자살하다,자살하도록
자살하다,자살하자
자살하다,자살하자고
자살하다,자살하자꾸나
자살하다,자살하자느니
자살하다,자살하자니까
자살하다,자살하자마자
자살하다,자살하자며
자살하다,자살하자면
자살하다,자살하자면서
자살하다,자살한
자살하다,자살한다
자살하다,자살한다고
자살하다,자살한다나
자살하다,자살한다네
자살하다,자살한다느니
자살하다,자살한다니
자살하다,자살한다니까
자살하다,자살한다더라
자살하다,자살한다며
자살하다,자살한다면
자살하다,자살한다면서
자살하다,자살한답니까
자살하다,자살한답니다
자살하다,자살한답시고
자살하다,자살한대
자살하다,자살한대요
자살하다,자살할거나
자살하다,자살할게
자살하다,자살할래
자살하다,자살하라고
자살하다,자살하러
자살하다,자살하려
자살하다,자살합시다
자살하다,자살하세
자살하다,자살하시라
자살하다,자살하십시다
자살하다,자살하십시오
자살하다,자살하고자
자살하다,자살하느냐
자살하다,자살하느냐고
자살하다,자살하느니
자살하다,자살하느니만
자살하다,자살하느니만큼
자살하다,자살하는
자살하다,자살하는걸
자살하다,자살하는데
자살하다,자살하는지
전달하다,전달하거나
전달하다,전달하거늘
전달하다,전달하거니
전달하다,전달하거든
전달하다,전달하건
전달하다,전달하것다
전달하다,전달하게
전달하다,전달하겠
전달하다,전달하고
전달하다,전달하고말고
전달하다,전달하기로
전달하다,전달하기로니
전달하다,전달하기로서
전달하다,전달하기로서니
전달하다,전달하기에
전달하다,전달하네
전달하다,전달하니
전달하다,전달하다
전달하다,전달하다가
전달하다,전달하다가는
전달하다,전달하다간
전달하다,전달하다니
전달하다,전달하다마다
전달하다,전달하더니
전달하다,전달하더니라
전달하다,전달하더라
전달하다,전달하더라니까
전달하다,전달하더라도
전달하다,전달하더라며
전달하다,전달하더라면
전달하다,전달하더라면서
전달하다,전달하더람
전달하다,전달하던
전달하다,전달하던가
전달하다,전달하던데
전달하다,전달하던지
전달하다,전달하데
전달하다,전달하데요
전달하다,전달하도다
전달하다,전달하되
전달하다,전달하든
전달하다,전달하든지
전달하다,전달하듯
전달하다,전달하듯이
전달하다,전달하죠
전달하다,전달하지마는
전달하다,전달하지만
전달하다,전달하지요
전달하다,전달한걸
전달하다,전달한들
전달하다,전달하나마
전달하다,전달하니까
전달하다,전달할
전달하다,전달할걸
전달하다,전달할까
전달하다,전달할는지
전달하다,전달할라
전달하다,전달할라고
전달하다,전달할러니
전달하다,전달할러라
전달하다,전달할런고
전달하다,전달할망정
전달하다,전달할밖에
전달하다,전달할뿐더러
전달하다,전달할수록
전달하다,전달할지라도
전달하다,전달하며
전달하다,전달하면
전달하다,전달하면서
전달하다,전달하세요
전달하다,전달하셔요
전달하다,전달하지
전달하다,전달하건대
전달하다,전달하나니
전달하다,전달하느라
전달하다,전달하느라고
전달하다,전달하는구나
전달하다,전달하는군
전달하다,전달하도록
전달하다,전달하자
전달하다,전달하자고
전달하다,전달하자꾸나
전달하다,전달하자느니
전달하다,전달하자니까
전달하다,전달하자마자
전달하다,전달하자며
전달하다,전달하자면
전달하다,전달하자면서
전달하다,전달한
전달하다,전달한다
전달하다,전달한다고
전달하다,전달한다나
전달하다,전달한다네
전달하다,전달한다느니
전달하다,전달한다니
전달하다,전달한다니까
전달하다,전달한다더라
전달하다,전달한다며
전달하다,전달한다면
전달하다,전달한다면서
전달하다,전달한답니까
전달하다,전달한답니다
전달하다,전달한답시고
전달하다,전달한대
전달하다,전달한대요
전달하다,전달할거나
전달하다,전달할게
전달하다,전달할래
전달하다,전달하라고
전달하다,전달하러
전달하다,전달하려
전달하다,전달합시다
전달하다,전달하세
전달하다,전달하시라
전달하다,전달하십시다
전달하다,전달하십시오
전달하다,전달하고자
전달하다,전달하느냐
전달하다,전달하느냐고
전달하다,전달하느니
전달하다,전달하느니만
전달하다,전달하느니만큼
전달하다,전달하는
전달하다,전달하는걸
전달하다,전달하는데
전달하다,전달하는지
연락하다,연락하거나
연락하다,연락하거늘
연락하다,연락하거니
연락하다,연락하거든
연락하다,연락하건
연락하다,연락하것다
연락하다,연락하게
연락하다,연락하겠
연락하다,연락하고
연락하다,연락하고말고
연락하다,연락하기로
연락하다,연락하기로니
연락하다,연락하기로서
연락하다,연락하기로서니
연락하다,연락하기에
연락하다,연락하네
연락하다,연락하니
연락하다,연락하다
연락하다,연락하다가
연락하다,연락하다가는
연락하다,연락하다간
연락하다,연락하다니
연락하다,연락하다마다
연락하다,연락하더니
연락하다,연락하더니라
연락하다,연락하더라
연락하다,연락하더라니까
연락하다,연락하더라도
연락하다,연락하더라며
연락하다,연락하더라면
연락하다,연락하더라면서
연락하다,연락하더람
연락하다,연락하던
연락하다,연락하던가
연락하다,연락하던데
연락하다,연락하던지
연락하다,연락하데
연락하다,연락하데요
연락하다,연락하도다
연락하다,연락하되
연락하다,연락하든
연락하다,연락하든지
연락하다,연락하듯
연락하다,연락하듯이
연락하다,연락하죠
연락하다,연락하지마는
연락하다,연락하지만
연락하다,연락하지요
연락하다,연락한걸
연락하다,연락한들
연락하다,연락하나마
연락하다,연락하니까
연락하다,연락할
연락하다,연락할걸
연락하다,연락할까
연락하다,연락할는지
연락하다,연락할라
연락하다,연락할라고
연락하다,연락할러니
연락하다,연락할러라
연락하다,연락할런고
연락하다,연락할망정
연락하다,연락할밖에
연락하다,연락할뿐더러
연락하다,연락할수록
연락하다,연락할지라도
연락하다,연락하며
연락하다,연락하면
연락하다,연락하면서
연락하다,연락하세요
연락하다,연락하셔요
연락하다,연락하지
연락하다,연락하건대
연락하다,연락하나니
연락하다,연락하느라
연락하다,연락하느라고
연락하다,연락하는구나
연락하다,연락하는군
연락하다,연락하도록
연락하다,연락하자
연락하다,연락하자고
연락하다,연락하자꾸나
연락하다,연락하자느니
연락하다,연락하자니까
연락하다,연락하자마자
연락하다,연락하자며
연락하다,연락하자면
연락하다,연락하자면서
연락하다,연락한
연락하다,연락한다
연락하다,연락한다고
연락하다,연락한다나
연락하다,연락한다네
연락하다,연락한다느니
연락하다,연락한다니
연락하다,연락한다니까
연락하다,연락한다더라
연락하다,연락한다며
연락하다,연락한다면
연락하다,연락한다면서
연락하다,연락한답니까
연락하다,연락한답니다
연락하다,연락한답시고
연락하다,연락한대
연락하다,연락한대요
연락하다,연락할거나
연락하다,연락할게
연락하다,연락할래
연락하다,연락하라고
연락하다,연락하러
연락하다,연락하려
연락하다,연락합시다
연락하다,연락하세
연락하다,연락하시라
연락하다,연락하십시다
연락하다,연락하십시오
연락하다,연락하고자
연락하다,연락하느냐
연락하다,연락하느냐고
연락하다,연락하느니
연락하다,연락하느니만
연락하다,연락하느니만큼
연락하다,연락하는
연락하다,연락하는걸
연락하다,연락하는데
연락하다,연락하는지
필적하다,필적하거나
필적하다,필적하거늘
필적하다,필적하거니
필적하다,필적하거든
필적하다,필적하건
필적하다,필적하것다
필적하다,필적하게
필적하다,필적하겠
필적하다,필적하고
필적하다,필적하고말고
필적하다,필적하기로
필적하다,필적하기로니
필적하다,필적하기로서
필적하다,필적하기로서니
필적하다,필적하기에
필적하다,필적하네
필적하다,필적하니
필적하다,필적하다
필적하다,필적하다가
필적하다,필적하다가는
필적하다,필적하다간
필적하다,필적하다니
필적하다,필적하다마다
필적하다,필적하더니
필적하다,필적하더니라
필적하다,필적하더라
필적하다,필적하더라니까
필적하다,필적하더라도
필적하다,필적하더라며
필적하다,필적하더라면
필적하다,필적하더라면서
필적하다,필적하더람
필적하다,필적하던
필적하다,필적하던가
필적하다,필적하던데
필적하다,필적하던지
필적하다,필적하데
필적하다,필적하데요
필적하다,필적하도다
필적하다,필적하되
필적하다,필적하든
필적하다,필적하든지
필적하다,필적하듯
필적하다,필적하듯이
필적하다,필적하죠
필적하다,필적하지마는
필적하다,필적하지만
필적하다,필적하지요
필적하다,필적한걸
필적하다,필적한들
필적하다,필적하나마
필적하다,필적하니까
필적하다,필적할
필적하다,필적할걸
필적하다,필적할까
필적하다,필적할는지
필적하다,필적할라
필적하다,필적할라고
필적하다,필적할러니
필적하다,필적할러라
필적하다,필적할런고
필적하다,필적할망정
필적하다,필적할밖에
필적하다,필적할뿐더러
필적하다,필적할수록
필적하다,필적할지라도
필적하다,필적하며
필적하다,필적하면
필적하다,필적하면서
필적하다,필적하세요
필적하다,필적하셔요
필적하다,필적하지
필적하다,필적하건대
필적하다,필적하나니
필적하다,필적하느라
필적하다,필적하느라고
필적하다,필적하는구나
필적하다,필적하는군
필적하다,필적하도록
필적하다,필적하자
필적하다,필적하자고
필적하다,필적하자꾸나
필적하다,필적하자느니
필적하다,필적하자니까
필적하다,필적하자마자
필적하다,필적하자며
필적하다,필적하자면
필적하다,필적하자면서
필적하다,필적한
필적하다,필적한다
필적하다,필적한다고
필적하다,필적한다나
필적하다,필적한다네
필적하다,필적한다느니
필적하다,필적한다니
필적하다,필적한다니까
필적하다,필적한다더라
필적하다,필적한다며
필적하다,필적한다면
필적하다,필적한다면서
필적하다,필적한답니까
필적하다,필적한답니다
필적하다,필적한답시고
필적하다,필적한대
필적하다,필적한대요
필적하다,필적할거나
필적하다,필적할게
필적하다,필적할래
필적하다,필적하라고
필적하다,필적하러
필적하다,필적하려
필적하다,필적합시다
필적하다,필적하세
필적하다,필적하시라
필적하다,필적하십시다
필적하다,필적하십시오
필적하다,필적하고자
필적하다,필적하느냐
필적하다,필적하느냐고
필적하다,필적하느니
필적하다,필적하느니만
필적하다,필적하느니만큼
필적하다,필적하는
필적하다,필적하는걸
필적하다,필적하는데
필적하다,필적하는지
비교하다,비교하거나
비교하다,비교하거늘
비교하다,비교하거니
비교하다,비교하거든
비교하다,비교하건
비교하다,비교하것다
비교하다,비교하게
비교하다,비교하겠
비교하다,비교하고
비교하다,비교하고말고
비교하다,비교하기로
비교하다,비교하기로니
비교하다,비교하기로서
비교하다,비교하기로서니
비교하다,비교하기에
비교하다,비교하네
비교하다,비교하니
비교하다,비교하다
비교하다,비교하다가
비교하다,비교하다가는
비교하다,비교하다간
비교하다,비교하다니
비교하다,비교하다마다
비교하다,비교하더니
비교하다,비교하더니라
비교하다,비교하더라
비교하다,비교하더라니까
비교하다,비교하더라도
비교하다,비교하더라며
비교하다,비교하더라면
비교하다,비교하더라면서
비교하다,비교하더람
비교하다,비교하던
비교하다,비교하던가
비교하다,비교하던데
비교하다,비교하던지
비교하다,비교하데
비교하다,비교하데요
비교하다,비교하도다
비교하다,비교하되
비교하다,비교하든
비교하다,비교하든지
비교하다,비교하듯
비교하다,비교하듯이
비교하다,비교하죠
비교하다,비교하지마는
비교하다,비교하지만
비교하다,비교하지요
비교하다,비교한걸
비교하다,비교한들
비교하다,비교하나마
비교하다,비교하니까
비교하다,비교할
비교하다,비교할걸
비교하다,비교할까
비교하다,비교할는지
비교하다,비교할라
비교하다,비교할라고
비교하다,비교할러니
비교하다,비교할러라
비교하다,비교할런고
비교하다,비교할망정
비교하다,비교할밖에
비교하다,비교할뿐더러
비교하다,비교할수록
비교하다,비교할지라도
비교하다,비교하며
비교하다,비교하면
비교하다,비교하면서
비교하다,비교하세요
비교하다,비교하셔요
비교하다,비교하지
비교하다,비교하건대
비교하다,비교하나니
비교하다,비교하느라
비교하다,비교하느라고
비교하다,비교하는구나
비교하다,비교하는군
비교하다,비교하도록
비교하다,비교하자
비교하다,비교하자고
비교하다,비교하자꾸나
비교하다,비교하자느니
비교하다,비교하자니까
비교하다,비교하자마자
비교하다,비교하자며
비교하다,비교하자면
비교하다,비교하자면서
비교하다,비교한
비교하다,비교한다
비교하다,비교한다고
비교하다,비교한다나
비교하다,비교한다네
비교하다,비교한다느니
비교하다,비교한다니
비교하다,비교한다니까
비교하다,비교한다더라
비교하다,비교한다며
비교하다,비교한다면
비교하다,비교한다면서
비교하다,비교한답니까
비교하다,비교한답니다
비교하다,비교한답시고
비교하다,비교한대
비교하다,비교한대요
비교하다,비교할거나
비교하다,비교할게
비교하다,비교할래
비교하다,비교하라고
비교하다,비교하러
비교하다,비교하려
비교하다,비교합시다
비교하다,비교하세
비교하다,비교하시라
비교하다,비교하십시다
비교하다,비교하십시오
비교하다,비교하고자
비교하다,비교하느냐
비교하다,비교하느냐고
비교하다,비교하느니
비교하다,비교하느니만
비교하다,비교하느니만큼
비교하다,비교하는
비교하다,비교하는걸
비교하다,비교하는데
비교하다,비교하는지
경쟁하다,경쟁하거나
경쟁하다,경쟁하거늘
경쟁하다,경쟁하거니
경쟁하다,경쟁하거든
경쟁하다,경쟁하건
경쟁하다,경쟁하것다
경쟁하다,경쟁하게
경쟁하다,경쟁하겠
경쟁하다,경쟁하고
경쟁하다,경쟁하고말고
경쟁하다,경쟁하기로
경쟁하다,경쟁하기로니
경쟁하다,경쟁하기로서
경쟁하다,경쟁하기로서니
경쟁하다,경쟁하기에
경쟁하다,경쟁하네
경쟁하다,경쟁하니
경쟁하다,경쟁하다
경쟁하다,경쟁하다가
경쟁하다,경쟁하다가는
경쟁하다,경쟁하다간
경쟁하다,경쟁하다니
경쟁하다,경쟁하다마다
경쟁하다,경쟁하더니
경쟁하다,경쟁하더니라
경쟁하다,경쟁하더라
경쟁하다,경쟁하더라니까
경쟁하다,경쟁하더라도
경쟁하다,경쟁하더라며
경쟁하다,경쟁하더라면
경쟁하다,경쟁하더라면서
경쟁하다,경쟁하더람
경쟁하다,경쟁하던
경쟁하다,경쟁하던가
경쟁하다,경쟁하던데
경쟁하다,경쟁하던지
경쟁하다,경쟁하데
경쟁하다,경쟁하데요
경쟁하다,경쟁하도다
경쟁하다,경쟁하되
경쟁하다,경쟁하든
경쟁하다,경쟁하든지
경쟁하다,경쟁하듯
경쟁하다,경쟁하듯이
경쟁하다,경쟁하죠
경쟁하다,경쟁하지마는
경쟁하다,경쟁하지만
경쟁하다,경쟁하지요
경쟁하다,경쟁한걸
경쟁하다,경쟁한들
경쟁하다,경쟁하나마
경쟁하다,경쟁하니까
경쟁하다,경쟁할
경쟁하다,경쟁할걸
경쟁하다,경쟁할까
경쟁하다,경쟁할는지
경쟁하다,경쟁할라
경쟁하다,경쟁할라고
경쟁하다,경쟁할러니
경쟁하다,경쟁할러라
경쟁하다,경쟁할런고
경쟁하다,경쟁할망정
경쟁하다,경쟁할밖에
경쟁하다,경쟁할뿐더러
경쟁하다,경쟁할수록
경쟁하다,경쟁할지라도
경쟁하다,경쟁하며
경쟁하다,경쟁하면
경쟁하다,경쟁하면서
경쟁하다,경쟁하세요
경쟁하다,경쟁하셔요
경쟁하다,경쟁하지
경쟁하다,경쟁하건대
경쟁하다,경쟁하나니
경쟁하다,경쟁하느라
경쟁하다,경쟁하느라고
경쟁하다,경쟁하는구나
경쟁하다,경쟁하는군
경쟁하다,경쟁하도록
경쟁하다,경쟁하자
경쟁하다,경쟁하자고
경쟁하다,경쟁하자꾸나
경쟁하다,경쟁하자느니
경쟁하다,경쟁하자니까
경쟁하다,경쟁하자마자
경쟁하다,경쟁하자며
경쟁하다,경쟁하자면
경쟁하다,경쟁하자면서
경쟁하다,경쟁한
경쟁하다,경쟁한다
경쟁하다,경쟁한다고
경쟁하다,경쟁한다나
경쟁하다,경쟁한다네
경쟁하다,경쟁한다느니
경쟁하다,경쟁한다니
경쟁하다,경쟁한다니까
경쟁하다,경쟁한다더라
경쟁하다,경쟁한다며
경쟁하다,경쟁한다면
경쟁하다,경쟁한다면서
경쟁하다,경쟁한답니까
경쟁하다,경쟁한답니다
경쟁하다,경쟁한답시고
경쟁하다,경쟁한대
경쟁하다,경쟁한대요
경쟁하다,경쟁할거나
경쟁하다,경쟁할게
경쟁하다,경쟁할래
경쟁하다,경쟁하라고
경쟁하다,경쟁하러
경쟁하다,경쟁하려
경쟁하다,경쟁합시다
경쟁하다,경쟁하세
경쟁하다,경쟁하시라
경쟁하다,경쟁하십시다
경쟁하다,경쟁하십시오
경쟁하다,경쟁하고자
경쟁하다,경쟁하느냐
경쟁하다,경쟁하느냐고
경쟁하다,경쟁하느니
경쟁하다,경쟁하느니만
경쟁하다,경쟁하느니만큼
경쟁하다,경쟁하는
경쟁하다,경쟁하는걸
경쟁하다,경쟁하는데
경쟁하다,경쟁하는지
불평하다,불평하거나
불평하다,불평하거늘
불평하다,불평하거니
불평하다,불평하거든
불평하다,불평하건
불평하다,불평하것다
불평하다,불평하게
불평하다,불평하겠
불평하다,불평하고
불평하다,불평하고말고
불평하다,불평하기로
불평하다,불평하기로니
불평하다,불평하기로서
불평하다,불평하기로서니
불평하다,불평하기에
불평하다,불평하네
불평하다,불평하니
불평하다,불평하다
불평하다,불평하다가
불평하다,불평하다가는
불평하다,불평하다간
불평하다,불평하다니
불평하다,불평하다마다
불평하다,불평하더니
불평하다,불평하더니라
불평하다,불평하더라
불평하다,불평하더라니까
불평하다,불평하더라도
불평하다,불평하더라며
불평하다,불평하더라면
불평하다,불평하더라면서
불평하다,불평하더람
불평하다,불평하던
불평하다,불평하던가
불평하다,불평하던데
불평하다,불평하던지
불평하다,불평하데
불평하다,불평하데요
불평하다,불평하도다
불평하다,불평하되
불평하다,불평하든
불평하다,불평하든지
불평하다,불평하듯
불평하다,불평하듯이
불평하다,불평하죠
불평하다,불평하지마는
불평하다,불평하지만
불평하다,불평하지요
불평하다,불평한걸
불평하다,불평한들
불평하다,불평하나마
불평하다,불평하니까
불평하다,불평할
불평하다,불평할걸
불평하다,불평할까
불평하다,불평할는지
불평하다,불평할라
불평하다,불평할라고
불평하다,불평할러니
불평하다,불평할러라
불평하다,불평할런고
불평하다,불평할망정
불평하다,불평할밖에
불평하다,불평할뿐더러
불평하다,불평할수록
불평하다,불평할지라도
불평하다,불평하며
불평하다,불평하면
불평하다,불평하면서
불평하다,불평하세요
불평하다,불평하셔요
불평하다,불평하지
불평하다,불평하건대
불평하다,불평하나니
불평하다,불평하느라
불평하다,불평하느라고
불평하다,불평하는구나
불평하다,불평하는군
불평하다,불평하도록
불평하다,불평하자
불평하다,불평하자고
불평하다,불평하자꾸나
불평하다,불평하자느니
불평하다,불평하자니까
불평하다,불평하자마자
불평하다,불평하자며
불평하다,불평하자면
불평하다,불평하자면서
불평하다,불평한
불평하다,불평한다
불평하다,불평한다고
불평하다,불평한다나
불평하다,불평한다네
불평하다,불평한다느니
불평하다,불평한다니
불평하다,불평한다니까
불평하다,불평한다더라
불평하다,불평한다며
불평하다,불평한다면
불평하다,불평한다면서
불평하다,불평한답니까
불평하다,불평한답니다
불평하다,불평한답시고
불평하다,불평한대
불평하다,불평한대요
불평하다,불평할거나
불평하다,불평할게
불평하다,불평할래
불평하다,불평하라고
불평하다,불평하러
불평하다,불평하려
불평하다,불평합시다
불평하다,불평하세
불평하다,불평하시라
불평하다,불평하십시다
불평하다,불평하십시오
불평하다,불평하고자
불평하다,불평하느냐
불평하다,불평하느냐고
불평하다,불평하느니
불평하다,불평하느니만
불평하다,불평하느니만큼
불평하다,불평하는
불평하다,불평하는걸
불평하다,불평하는데
불평하다,불평하는지
완료하다,완료하거나
완료하다,완료하거늘
완료하다,완료하거니
완료하다,완료하거든
완료하다,완료하건
완료하다,완료하것다
완료하다,완료하게
완료하다,완료하겠
완료하다,완료하고
완료하다,완료하고말고
완료하다,완료하기로
완료하다,완료하기로니
완료하다,완료하기로서
완료하다,완료하기로서니
완료하다,완료하기에
완료하다,완료하네
완료하다,완료하니
완료하다,완료하다
완료하다,완료하다가
완료하다,완료하다가는
완료하다,완료하다간
완료하다,완료하다니
완료하다,완료하다마다
완료하다,완료하더니
완료하다,완료하더니라
완료하다,완료하더라
완료하다,완료하더라니까
완료하다,완료하더라도
완료하다,완료하더라며
완료하다,완료하더라면
완료하다,완료하더라면서
완료하다,완료하더람
완료하다,완료하던
완료하다,완료하던가
완료하다,완료하던데
완료하다,완료하던지
완료하다,완료하데
완료하다,완료하데요
완료하다,완료하도다
완료하다,완료하되
완료하다,완료하든
완료하다,완료하든지
완료하다,완료하듯
완료하다,완료하듯이
완료하다,완료하죠
완료하다,완료하지마는
완료하다,완료하지만
완료하다,완료하지요
완료하다,완료한걸
완료하다,완료한들
완료하다,완료하나마
완료하다,완료하니까
완료하다,완료할
완료하다,완료할걸
완료하다,완료할까
완료하다,완료할는지
완료하다,완료할라
완료하다,완료할라고
완료하다,완료할러니
완료하다,완료할러라
완료하다,완료할런고
완료하다,완료할망정
완료하다,완료할밖에
완료하다,완료할뿐더러
완료하다,완료할수록
완료하다,완료할지라도
완료하다,완료하며
완료하다,완료하면
완료하다,완료하면서
완료하다,완료하세요
완료하다,완료하셔요
완료하다,완료하지
완료하다,완료하건대
완료하다,완료하나니
완료하다,완료하느라
완료하다,완료하느라고
완료하다,완료하는구나
완료하다,완료하는군
완료하다,완료하도록
완료하다,완료하자
완료하다,완료하자고
완료하다,완료하자꾸나
완료하다,완료하자느니
완료하다,완료하자니까
완료하다,완료하자마자
완료하다,완료하자며
완료하다,완료하자면
완료하다,완료하자면서
완료하다,완료한
완료하다,완료한다
완료하다,완료한다고
완료하다,완료한다나
완료하다,완료한다네
완료하다,완료한다느니
완료하다,완료한다니
완료하다,완료한다니까
완료하다,완료한다더라
완료하다,완료한다며
완료하다,완료한다면
완료하다,완료한다면서
완료하다,완료한답니까
완료하다,완료한답니다
완료하다,완료한답시고
완료하다,완료한대
완료하다,완료한대요
완료하다,완료할거나
완료하다,완료할게
완료하다,완료할래
완료하다,완료하라고
완료하다,완료하러
완료하다,완료하려
완료하다,완료합시다
완료하다,완료하세
완료하다,완료하시라
완료하다,완료하십시다
완료하다,완료하십시오
완료하다,완료하고자
완료하다,완료하느냐
완료하다,완료하느냐고
완료하다,완료하느니
완료하다,완료하느니만
완료하다,완료하느니만큼
완료하다,완료하는
완료하다,완료하는걸
완료하다,완료하는데
완료하다,완료하는지
끝마치다,끝마치거나
끝마치다,끝마치거늘
끝마치다,끝마치거니
끝마치다,끝마치거든
끝마치다,끝마치건
끝마치다,끝마치것다
끝마치다,끝마치게
끝마치다,끝마치겠
끝마치다,끝마치고
끝마치다,끝마치고말고
끝마치다,끝마치기로
끝마치다,끝마치기로니
끝마치다,끝마치기로서
끝마치다,끝마치기로서니
끝마치다,끝마치기에
끝마치다,끝마치네
끝마치다,끝마치니
끝마치다,끝마치다
끝마치다,끝마치다가
끝마치다,끝마치다가는
끝마치다,끝마치다간
끝마치다,끝마치다니
끝마치다,끝마치다마다
끝마치다,끝마치더니
끝마치다,끝마치더니라
끝마치다,끝마치더라
끝마치다,끝마치더라니까
끝마치다,끝마치더라도
끝마치다,끝마치더라며
끝마치다,끝마치더라면
끝마치다,끝마치더라면서
끝마치다,끝마치더람
끝마치다,끝마치던
끝마치다,끝마치던가
끝마치다,끝마치던데
끝마치다,끝마치던지
끝마치다,끝마치데
끝마치다,끝마치데요
끝마치다,끝마치도다
끝마치다,끝마치되
끝마치다,끝마치든
끝마치다,끝마치든지
끝마치다,끝마치듯
끝마치다,끝마치듯이
끝마치다,끝마치죠
끝마치다,끝마치지마는
끝마치다,끝마치지만
끝마치다,끝마치지요
끝마치다,끝마친걸
끝마치다,끝마친들
끝마치다,끝마치나마
끝마치다,끝마치니까
끝마치다,끝마칠
끝마치다,끝마칠걸
끝마치다,끝마칠까
끝마치다,끝마칠는지
끝마치다,끝마칠라
끝마치다,끝마칠라고
끝마치다,끝마칠러니
끝마치다,끝마칠러라
끝마치다,끝마칠런고
끝마치다,끝마칠망정
끝마치다,끝마칠밖에
끝마치다,끝마칠뿐더러
끝마치다,끝마칠수록
끝마치다,끝마칠지라도
끝마치다,끝마치며
끝마치다,끝마치면
끝마치다,끝마치면서
끝마치다,끝마치세요
끝마치다,끝마치셔요
끝마치다,끝마치지
끝마치다,끝마치건대
끝마치다,끝마치나니
끝마치다,끝마치느라
끝마치다,끝마치느라고
끝마치다,끝마치는구나
끝마치다,끝마치는군
끝마치다,끝마치도록
끝마치다,끝마치자
끝마치다,끝마치자고
끝마치다,끝마치자꾸나
끝마치다,끝마치자느니
끝마치다,끝마치자니까
끝마치다,끝마치자마자
끝마치다,끝마치자며
끝마치다,끝마치자면
끝마치다,끝마치자면서
끝마치다,끝마친
끝마치다,끝마친다
끝마치다,끝마친다고
끝마치다,끝마친다나
끝마치다,끝마친다네
끝마치다,끝마친다느니
끝마치다,끝마친다니
끝마치다,끝마친다니까
끝마치다,끝마친다더라
끝마치다,끝마친다며
끝마치다,끝마친다면
끝마치다,끝마친다면서
끝마치다,끝마친답니까
끝마치다,끝마친답니다
끝마치다,끝마친답시고
끝마치다,끝마친대
끝마치다,끝마친대요
끝마치다,끝마칠거나
끝마치다,끝마칠게
끝마치다,끝마칠래
끝마치다,끝마치라고
끝마치다,끝마치러
끝마치다,끝마치려
끝마치다,끝마칩시다
끝마치다,끝마치세
끝마치다,끝마치시라
끝마치다,끝마치십시다
끝마치다,끝마치십시오
끝마치다,끝마치고자
끝마치다,끝마치느냐
끝마치다,끝마치느냐고
끝마치다,끝마치느니
끝마치다,끝마치느니만
끝마치다,끝마치느니만큼
끝마치다,끝마치는
끝마치다,끝마치는걸
끝마치다,끝마치는데
끝마치다,끝마치는지
관련되다,관련되거나
관련되다,관련되거늘
관련되다,관련되거니
관련되다,관련되거든
관련되다,관련되건
관련되다,관련되것다
관련되다,관련되게
관련되다,관련되겠
관련되다,관련되고
관련되다,관련되고말고
관련되다,관련되기로
관련되다,관련되기로니
관련되다,관련되기로서
관련되다,관련되기로서니
관련되다,관련되기에
관련되다,관련되네
관련되다,관련되니
관련되다,관련되다
관련되다,관련되다가
관련되다,관련되다가는
관련되다,관련되다간
관련되다,관련되다니
관련되다,관련되다마다
관련되다,관련되더니
관련되다,관련되더니라
관련되다,관련되더라
관련되다,관련되더라니까
관련되다,관련되더라도
관련되다,관련되더라며
관련되다,관련되더라면
관련되다,관련되더라면서
관련되다,관련되더람
관련되다,관련되던
관련되다,관련되던가
관련되다,관련되던데
관련되다,관련되던지
관련되다,관련되데
관련되다,관련되데요
관련되다,관련되도다
관련되다,관련되되
관련되다,관련되든
관련되다,관련되든지
관련되다,관련되듯
관련되다,관련되듯이
관련되다,관련되죠
관련되다,관련되지마는
관련되다,관련되지만
관련되다,관련되지요
관련되다,관련된걸
관련되다,관련된들
관련되다,관련되나마
관련되다,관련되니까
관련되다,관련될
관련되다,관련될걸
관련되다,관련될까
관련되다,관련될는지
관련되다,관련될라
관련되다,관련될라고
관련되다,관련될러니
관련되다,관련될러라
관련되다,관련될런고
관련되다,관련될망정
관련되다,관련될밖에
관련되다,관련될뿐더러
관련되다,관련될수록
관련되다,관련될지라도
관련되다,관련되며
관련되다,관련되면
관련되다,관련되면서
관련되다,관련되세요
관련되다,관련되셔요
관련되다,관련되지
관련되다,관련되건대
관련되다,관련되나니
관련되다,관련되느라
관련되다,관련되느라고
관련되다,관련되는구나
관련되다,관련되는군
관련되다,관련되도록
관련되다,관련되자
관련되다,관련되자고
관련되다,관련되자꾸나
관련되다,관련되자느니
관련되다,관련되자니까
관련되다,관련되자마자
관련되다,관련되자며
관련되다,관련되자면
관련되다,관련되자면서
관련되다,관련된
관련되다,관련된다
관련되다,관련된다고
관련되다,관련된다나
관련되다,관련된다네
관련되다,관련된다느니
관련되다,관련된다니
관련되다,관련된다니까
관련되다,관련된다더라
관련되다,관련된다며
관련되다,관련된다면
관련되다,관련된다면서
관련되다,관련된답니까
관련되다,관련된답니다
관련되다,관련된답시고
관련되다,관련된대
관련되다,관련된대요
관련되다,관련될거나
관련되다,관련될게
관련되다,관련될래
관련되다,관련되라고
관련되다,관련되러
관련되다,관련되려
관련되다,관련됩시다
관련되다,관련되세
관련되다,관련되시라
관련되다,관련되십시다
관련되다,관련되십시오
관련되다,관련되고자
관련되다,관련되느냐
관련되다,관련되느냐고
관련되다,관련되느니
관련되다,관련되느니만
관련되다,관련되느니만큼
관련되다,관련되는
관련되다,관련되는걸
관련되다,관련되는데
관련되다,관련되는지
미치다,미치거나
미치다,미치거늘
미치다,미치거니
미치다,미치거든
미치다,미치건
미치다,미치것다
미치다,미치게
미치다,미치겠
미치다,미치고
미치다,미치고말고
미치다,미치기로
미치다,미치기로니
미치다,미치기로서
미치다,미치기로서니
미치다,미치기에
미치다,미치네
미치다,미치니
미치다,미치다
미치다,미치다가
미치다,미치다가는
미치다,미치다간
미치다,미치다니
미치다,미치다마다
미치다,미치더니
미치다,미치더니라
미치다,미치더라
미치다,미치더라니까
미치다,미치더라도
미치다,미치더라며
미치다,미치더라면
미치다,미치더라면서
미치다,미치더람
미치다,미치던
미치다,미치던가
미치다,미치던데
미치다,미치던지
미치다,미치데
미치다,미치데요
미치다,미치도다
미치다,미치되
미치다,미치든
미치다,미치든지
미치다,미치듯
미치다,미치듯이
미치다,미치죠
미치다,미치지마는
미치다,미치지만
미치다,미치지요
미치다,미친걸
미치다,미친들
미치다,미치나마
미치다,미치니까
미치다,미칠
미치다,미칠걸
미치다,미칠까
미치다,미칠는지
미치다,미칠라
미치다,미칠라고
미치다,미칠러니
미치다,미칠러라
미치다,미칠런고
미치다,미칠망정
미치다,미칠밖에
미치다,미칠뿐더러
미치다,미칠수록
미치다,미칠지라도
미치다,미치며
미치다,미치면
미치다,미치면서
미치다,미치세요
미치다,미치셔요
미치다,미치지
미치다,미치건대
미치다,미치나니
미치다,미치느라
미치다,미치느라고
미치다,미치는구나
미치다,미치는군
미치다,미치도록
미치다,미치자
미치다,미치자고
미치다,미치자꾸나
미치다,미치자느니
미치다,미치자니까
미치다,미치자마자
미치다,미치자며
미치다,미치자면
미치다,미치자면서
미치다,미친
미치다,미친다
미치다,미친다고
미치다,미친다나
미치다,미친다네
미치다,미친다느니
미치다,미친다니
미치다,미친다니까
미치다,미친다더라
미치다,미친다며
미치다,미친다면
미치다,미친다면서
미치다,미친답니까
미치다,미친답니다
미치다,미친답시고
미치다,미친대
미치다,미친대요
미치다,미칠거나
미치다,미칠게
미치다,미칠래
미치다,미치라고
미치다,미치러
미치다,미치려
미치다,미칩시다
미치다,미치세
미치다,미치시라
미치다,미치십시다
미치다,미치십시오
미치다,미치고자
미치다,미치느냐
미치다,미치느냐고
미치다,미치느니
미치다,미치느니만
미치다,미치느니만큼
미치다,미치는
미치다,미치는걸
미치다,미치는데
미치다,미치는지
고려하다,고려하거나
고려하다,고려하거늘
고려하다,고려하거니
고려하다,고려하거든
고려하다,고려하건
고려하다,고려하것다
고려하다,고려하게
고려하다,고려하겠
고려하다,고려하고
고려하다,고려하고말고
고려하다,고려하기로
고려하다,고려하기로니
고려하다,고려하기로서
고려하다,고려하기로서니
고려하다,고려하기에
고려하다,고려하네
고려하다,고려하니
고려하다,고려하다
고려하다,고려하다가
고려하다,고려하다가는
고려하다,고려하다간
고려하다,고려하다니
고려하다,고려하다마다
고려하다,고려하더니
고려하다,고려하더니라
고려하다,고려하더라
고려하다,고려하더라니까
고려하다,고려하더라도
고려하다,고려하더라며
고려하다,고려하더라면
고려하다,고려하더라면서
고려하다,고려하더람
고려하다,고려하던
고려하다,고려하던가
고려하다,고려하던데
고려하다,고려하던지
고려하다,고려하데
고려하다,고려하데요
고려하다,고려하도다
고려하다,고려하되
고려하다,고려하든
고려하다,고려하든지
고려하다,고려하듯
고려하다,고려하듯이
고려하다,고려하죠
고려하다,고려하지마는
고려하다,고려하지만
고려하다,고려하지요
고려하다,고려한걸
고려하다,고려한들
고려하다,고려하나마
고려하다,고려하니까
고려하다,고려할
고려하다,고려할걸
고려하다,고려할까
고려하다,고려할는지
고려하다,고려할라
고려하다,고려할라고
고려하다,고려할러니
고려하다,고려할러라
고려하다,고려할런고
고려하다,고려할망정
고려하다,고려할밖에
고려하다,고려할뿐더러
고려하다,고려할수록
고려하다,고려할지라도
고려하다,고려하며
고려하다,고려하면
고려하다,고려하면서
고려하다,고려하세요
고려하다,고려하셔요
고려하다,고려하지
고려하다,고려하건대
고려하다,고려하나니
고려하다,고려하느라
고려하다,고려하느라고
고려하다,고려하는구나
고려하다,고려하는군
고려하다,고려하도록
고려하다,고려하자
고려하다,고려하자고
고려하다,고려하자꾸나
고려하다,고려하자느니
고려하다,고려하자니까
고려하다,고려하자마자
고려하다,고려하자며
고려하다,고려하자면
고려하다,고려하자면서
고려하다,고려한
고려하다,고려한다
고려하다,고려한다고
고려하다,고려한다나
고려하다,고려한다네
고려하다,고려한다느니
고려하다,고려한다니
고려하다,고려한다니까
고려하다,고려한다더라
고려하다,고려한다며
고려하다,고려한다면
고려하다,고려한다면서
고려하다,고려한답니까
고려하다,고려한답니다
고려하다,고려한답시고
고려하다,고려한대
고려하다,고려한대요
고려하다,고려할거나
고려하다,고려할게
고려하다,고려할래
고려하다,고려하라고
고려하다,고려하러
고려하다,고려하려
고려하다,고려합시다
고려하다,고려하세
고려하다,고려하시라
고려하다,고려하십시다
고려하다,고려하십시오
고려하다,고려하고자
고려하다,고려하느냐
고려하다,고려하느냐고
고려하다,고려하느니
고려하다,고려하느니만
고려하다,고려하느니만큼
고려하다,고려하는
고려하다,고려하는걸
고려하다,고려하는데
고려하다,고려하는지
숙고하다,숙고하거나
숙고하다,숙고하거늘
숙고하다,숙고하거니
숙고하다,숙고하거든
숙고하다,숙고하건
숙고하다,숙고하것다
숙고하다,숙고하게
숙고하다,숙고하겠
숙고하다,숙고하고
숙고하다,숙고하고말고
숙고하다,숙고하기로
숙고하다,숙고하기로니
숙고하다,숙고하기로서
숙고하다,숙고하기로서니
숙고하다,숙고하기에
숙고하다,숙고하네
숙고하다,숙고하니
숙고하다,숙고하다
숙고하다,숙고하다가
숙고하다,숙고하다가는
숙고하다,숙고하다간
숙고하다,숙고하다니
숙고하다,숙고하다마다
숙고하다,숙고하더니
숙고하다,숙고하더니라
숙고하다,숙고하더라
숙고하다,숙고하더라니까
숙고하다,숙고하더라도
숙고하다,숙고하더라며
숙고하다,숙고하더라면
숙고하다,숙고하더라면서
숙고하다,숙고하더람
숙고하다,숙고하던
숙고하다,숙고하던가
숙고하다,숙고하던데
숙고하다,숙고하던지
숙고하다,숙고하데
숙고하다,숙고하데요
숙고하다,숙고하도다
숙고하다,숙고하되
숙고하다,숙고하든
숙고하다,숙고하든지
숙고하다,숙고하듯
숙고하다,숙고하듯이
숙고하다,숙고하죠
숙고하다,숙고하지마는
숙고하다,숙고하지만
숙고하다,숙고하지요
숙고하다,숙고한걸
숙고하다,숙고한들
숙고하다,숙고하나마
숙고하다,숙고하니까
숙고하다,숙고할
숙고하다,숙고할걸
숙고하다,숙고할까
숙고하다,숙고할는지
숙고하다,숙고할라
숙고하다,숙고할라고
숙고하다,숙고할러니
숙고하다,숙고할러라
숙고하다,숙고할런고
숙고하다,숙고할망정
숙고하다,숙고할밖에
숙고하다,숙고할뿐더러
숙고하다,숙고할수록
숙고하다,숙고할지라도
숙고하다,숙고하며
숙고하다,숙고하면
숙고하다,숙고하면서
숙고하다,숙고하세요
숙고하다,숙고하셔요
숙고하다,숙고하지
숙고하다,숙고하건대
숙고하다,숙고하나니
숙고하다,숙고하느라
숙고하다,숙고하느라고
숙고하다,숙고하는구나
숙고하다,숙고하는군
숙고하다,숙고하도록
숙고하다,숙고하자
숙고하다,숙고하자고
숙고하다,숙고하자꾸나
숙고하다,숙고하자느니
숙고하다,숙고하자니까
숙고하다,숙고하자마자
숙고하다,숙고하자며
숙고하다,숙고하자면
숙고하다,숙고하자면서
숙고하다,숙고한
숙고하다,숙고한다
숙고하다,숙고한다고
숙고하다,숙고한다나
숙고하다,숙고한다네
숙고하다,숙고한다느니
숙고하다,숙고한다니
숙고하다,숙고한다니까
숙고하다,숙고한다더라
숙고하다,숙고한다며
숙고하다,숙고한다면
숙고하다,숙고한다면서
숙고하다,숙고한답니까
숙고하다,숙고한답니다
숙고하다,숙고한답시고
숙고하다,숙고한대
숙고하다,숙고한대요
숙고하다,숙고할거나
숙고하다,숙고할게
숙고하다,숙고할래
숙고하다,숙고하라고
숙고하다,숙고하러
숙고하다,숙고하려
숙고하다,숙고합시다
숙고하다,숙고하세
숙고하다,숙고하시라
숙고하다,숙고하십시다
숙고하다,숙고하십시오
숙고하다,숙고하고자
숙고하다,숙고하느냐
숙고하다,숙고하느냐고
숙고하다,숙고하느니
숙고하다,숙고하느니만
숙고하다,숙고하느니만큼
숙고하다,숙고하는
숙고하다,숙고하는걸
숙고하다,숙고하는데
숙고하다,숙고하는지
상담하다,상담하거나
상담하다,상담하거늘
상담하다,상담하거니
상담하다,상담하거든
상담하다,상담하건
상담하다,상담하것다
상담하다,상담하게
상담하다,상담하겠
상담하다,상담하고
상담하다,상담하고말고
상담하다,상담하기로
상담하다,상담하기로니
상담하다,상담하기로서
상담하다,상담하기로서니
상담하다,상담하기에
상담하다,상담하네
상담하다,상담하니
상담하다,상담하다
상담하다,상담하다가
상담하다,상담하다가는
상담하다,상담하다간
상담하다,상담하다니
상담하다,상담하다마다
상담하다,상담하더니
상담하다,상담하더니라
상담하다,상담하더라
상담하다,상담하더라니까
상담하다,상담하더라도
상담하다,상담하더라며
상담하다,상담하더라면
상담하다,상담하더라면서
상담하다,상담하더람
상담하다,상담하던
상담하다,상담하던가
상담하다,상담하던데
상담하다,상담하던지
상담하다,상담하데
상담하다,상담하데요
상담하다,상담하도다
상담하다,상담하되
상담하다,상담하든
상담하다,상담하든지
상담하다,상담하듯
상담하다,상담하듯이
상담하다,상담하죠
상담하다,상담하지마는
상담하다,상담하지만
상담하다,상담하지요
상담하다,상담한걸
상담하다,상담한들
상담하다,상담하나마
상담하다,상담하니까
상담하다,상담할
상담하다,상담할걸
상담하다,상담할까
상담하다,상담할는지
상담하다,상담할라
상담하다,상담할라고
상담하다,상담할러니
상담하다,상담할러라
상담하다,상담할런고
상담하다,상담할망정
상담하다,상담할밖에
상담하다,상담할뿐더러
상담하다,상담할수록
상담하다,상담할지라도
상담하다,상담하며
상담하다,상담하면
상담하다,상담하면서
상담하다,상담하세요
상담하다,상담하셔요
상담하다,상담하지
상담하다,상담하건대
상담하다,상담하나니
상담하다,상담하느라
상담하다,상담하느라고
상담하다,상담하는구나
상담하다,상담하는군
상담하다,상담하도록
상담하다,상담하자
상담하다,상담하자고
상담하다,상담하자꾸나
상담하다,상담하자느니
상담하다,상담하자니까
상담하다,상담하자마자
상담하다,상담하자며
상담하다,상담하자면
상담하다,상담하자면서
상담하다,상담한
상담하다,상담한다
상담하다,상담한다고
상담하다,상담한다나
상담하다,상담한다네
상담하다,상담한다느니
상담하다,상담한다니
상담하다,상담한다니까
상담하다,상담한다더라
상담하다,상담한다며
상담하다,상담한다면
상담하다,상담한다면서
상담하다,상담한답니까
상담하다,상담한답니다
상담하다,상담한답시고
상담하다,상담한대
상담하다,상담한대요
상담하다,상담할거나
상담하다,상담할게
상담하다,상담할래
상담하다,상담하라고
상담하다,상담하러
상담하다,상담하려
상담하다,상담합시다
상담하다,상담하세
상담하다,상담하시라
상담하다,상담하십시다
상담하다,상담하십시오
상담하다,상담하고자
상담하다,상담하느냐
상담하다,상담하느냐고
상담하다,상담하느니
상담하다,상담하느니만
상담하다,상담하느니만큼
상담하다,상담하는
상담하다,상담하는걸
상담하다,상담하는데
상담하다,상담하는지
계속하다,계속하거나
계속하다,계속하거늘
계속하다,계속하거니
계속하다,계속하거든
계속하다,계속하건
계속하다,계속하것다
계속하다,계속하게
계속하다,계속하겠
계속하다,계속하고
계속하다,계속하고말고
계속하다,계속하기로
계속하다,계속하기로니
계속하다,계속하기로서
계속하다,계속하기로서니
계속하다,계속하기에
계속하다,계속하네
계속하다,계속하니
계속하다,계속하다
계속하다,계속하다가
계속하다,계속하다가는
계속하다,계속하다간
계속하다,계속하다니
계속하다,계속하다마다
계속하다,계속하더니
계속하다,계속하더니라
계속하다,계속하더라
계속하다,계속하더라니까
계속하다,계속하더라도
계속하다,계속하더라며
계속하다,계속하더라면
계속하다,계속하더라면서
계속하다,계속하더람
계속하다,계속하던
계속하다,계속하던가
계속하다,계속하던데
계속하다,계속하던지
계속하다,계속하데
계속하다,계속하데요
계속하다,계속하도다
계속하다,계속하되
계속하다,계속하든
계속하다,계속하든지
계속하다,계속하듯
계속하다,계속하듯이
계속하다,계속하죠
계속하다,계속하지마는
계속하다,계속하지만
계속하다,계속하지요
계속하다,계속한걸
계속하다,계속한들
계속하다,계속하나마
계속하다,계속하니까
계속하다,계속할
계속하다,계속할걸
계속하다,계속할까
계속하다,계속할는지
계속하다,계속할라
계속하다,계속할라고
계속하다,계속할러니
계속하다,계속할러라
계속하다,계속할런고
계속하다,계속할망정
계속하다,계속할밖에
계속하다,계속할뿐더러
계속하다,계속할수록
계속하다,계속할지라도
계속하다,계속하며
계속하다,계속하면
계속하다,계속하면서
계속하다,계속하세요
계속하다,계속하셔요
계속하다,계속하지
계속하다,계속하건대
계속하다,계속하나니
계속하다,계속하느라
계속하다,계속하느라고
계속하다,계속하는구나
계속하다,계속하는군
계속하다,계속하도록
계속하다,계속하자
계속하다,계속하자고
계속하다,계속하자꾸나
계속하다,계속하자느니
계속하다,계속하자니까
계속하다,계속하자마자
계속하다,계속하자며
계속하다,계속하자면
계속하다,계속하자면서
계속하다,계속한
계속하다,계속한다
계속하다,계속한다고
계속하다,계속한다나
계속하다,계속한다네
계속하다,계속한다느니
계속하다,계속한다니
계속하다,계속한다니까
계속하다,계속한다더라
계속하다,계속한다며
계속하다,계속한다면
계속하다,계속한다면서
계속하다,계속한답니까
계속하다,계속한답니다
계속하다,계속한답시고
계속하다,계속한대
계속하다,계속한대요
계속하다,계속할거나
계속하다,계속할게
계속하다,계속할래
계속하다,계속하라고
계속하다,계속하러
계속하다,계속하려
계속하다,계속합시다
계속하다,계속하세
계속하다,계속하시라
계속하다,계속하십시다
계속하다,계속하십시오
계속하다,계속하고자
계속하다,계속하느냐
계속하다,계속하느냐고
계속하다,계속하느니
계속하다,계속하느니만
계속하다,계속하느니만큼
계속하다,계속하는
계속하다,계속하는걸
계속하다,계속하는데
계속하다,계속하는지
요리하다,요리하거나
요리하다,요리하거늘
요리하다,요리하거니
요리하다,요리하거든
요리하다,요리하건
요리하다,요리하것다
요리하다,요리하게
요리하다,요리하겠
요리하다,요리하고
요리하다,요리하고말고
요리하다,요리하기로
요리하다,요리하기로니
요리하다,요리하기로서
요리하다,요리하기로서니
요리하다,요리하기에
요리하다,요리하네
요리하다,요리하니
요리하다,요리하다
요리하다,요리하다가
요리하다,요리하다가는
요리하다,요리하다간
요리하다,요리하다니
요리하다,요리하다마다
요리하다,요리하더니
요리하다,요리하더니라
요리하다,요리하더라
요리하다,요리하더라니까
요리하다,요리하더라도
요리하다,요리하더라며
요리하다,요리하더라면
요리하다,요리하더라면서
요리하다,요리하더람
요리하다,요리하던
요리하다,요리하던가
요리하다,요리하던데
요리하다,요리하던지
요리하다,요리하데
요리하다,요리하데요
요리하다,요리하도다
요리하다,요리하되
요리하다,요리하든
요리하다,요리하든지
요리하다,요리하듯
요리하다,요리하듯이
요리하다,요리하죠
요리하다,요리하지마는
요리하다,요리하지만
요리하다,요리하지요
요리하다,요리한걸
요리하다,요리한들
요리하다,요리하나마
요리하다,요리하니까
요리하다,요리할
요리하다,요리할걸
요리하다,요리할까
요리하다,요리할는지
요리하다,요리할라
요리하다,요리할라고
요리하다,요리할러니
요리하다,요리할러라
요리하다,요리할런고
요리하다,요리할망정
요리하다,요리할밖에
요리하다,요리할뿐더러
요리하다,요리할수록
요리하다,요리할지라도
요리하다,요리하며
요리하다,요리하면
요리하다,요리하면서
요리하다,요리하세요
요리하다,요리하셔요
요리하다,요리하지
요리하다,요리하건대
요리하다,요리하나니
요리하다,요리하느라
요리하다,요리하느라고
요리하다,요리하는구나
요리하다,요리하는군
요리하다,요리하도록
요리하다,요리하자
요리하다,요리하자고
요리하다,요리하자꾸나
요리하다,요리하자느니
요리하다,요리하자니까
요리하다,요리하자마자
요리하다,요리하자며
요리하다,요리하자면
요리하다,요리하자면서
요리하다,요리한
요리하다,요리한다
요리하다,요리한다고
요리하다,요리한다나
요리하다,요리한다네
요리하다,요리한다느니
요리하다,요리한다니
요리하다,요리한다니까
요리하다,요리한다더라
요리하다,요리한다며
요리하다,요리한다면
요리하다,요리한다면서
요리하다,요리한답니까
요리하다,요리한답니다
요리하다,요리한답시고
요리하다,요리한대
요리하다,요리한대요
요리하다,요리할거나
요리하다,요리할게
요리하다,요리할래
요리하다,요리하라고
요리하다,요리하러
요리하다,요리하려
요리하다,요리합시다
요리하다,요리하세
요리하다,요리하시라
요리하다,요리하십시다
요리하다,요리하십시오
요리하다,요리하고자
요리하다,요리하느냐
요리하다,요리하느냐고
요리하다,요리하느니
요리하다,요리하느니만
요리하다,요리하느니만큼
요리하다,요리하는
요리하다,요리하는걸
요리하다,요리하는데
요리하다,요리하는지
세다,세거나
세다,세거늘
세다,세거니
세다,세거든
세다,세건
세다,세것다
세다,세게
세다,세겠
세다,세고
세다,세고말고
세다,세기로
세다,세기로니
세다,세기로서
세다,세기로서니
세다,세기에
세다,세네
세다,세니
세다,세다
세다,세다가
세다,세다가는
세다,세다간
세다,세다니
세다,세다마다
세다,세더니
세다,세더니라
세다,세더라
세다,세더라니까
세다,세더라도
세다,세더라며
세다,세더라면
세다,세더라면서
세다,세더람
세다,세던
세다,세던가
세다,세던데
세다,세던지
세다,세데
세다,세데요
세다,세도다
세다,세되
세다,세든
세다,세든지
세다,세듯
세다,세듯이
세다,세죠
세다,세지마는
세다,세지만
세다,세지요
세다,센걸
세다,센들
세다,세나마
세다,세니까
세다,셀
세다,셀걸
세다,셀까
세다,셀는지
세다,셀라
세다,셀라고
세다,셀러니
세다,셀러라
세다,셀런고
세다,셀망정
세다,셀밖에
세다,셀뿐더러
세다,셀수록
세다,셀지라도
세다,세며
세다,세면
세다,세면서
세다,세세요
세다,세셔요
세다,세지
세다,세건대
세다,세나니
세다,세느라
세다,세느라고
세다,세는구나
세다,세는군
세다,세도록
세다,세자
세다,세자고
세다,세자꾸나
세다,세자느니
세다,세자니까
세다,세자마자
세다,세자며
세다,세자면
세다,세자면서
세다,센
세다,센다
세다,센다고
세다,센다나
세다,센다네
세다,센다느니
세다,센다니
세다,센다니까
세다,센다더라
세다,센다며
세다,센다면
세다,센다면서
세다,센답니까
세다,센답니다
세다,센답시고
세다,센대
세다,센대요
세다,셀거나
세다,셀게
세다,셀래
세다,세라고
세다,세러
세다,세려
세다,셉시다
세다,세세
세다,세시라
세다,세십시다
세다,세십시오
세다,세고자
세다,세느냐
세다,세느냐고
세다,세느니
세다,세느니만
세다,세느니만큼
세다,세는
세다,세는걸
세다,세는데
세다,세는지
기다,기거나
기다,기거늘
기다,기거니
기다,기거든
기다,기건
기다,기것다
기다,기게
기다,기겠
기다,기고
기다,기고말고
기다,기기로
기다,기기로니
기다,기기로서
기다,기기로서니
기다,기기에
기다,기네
기다,기니
기다,기다
기다,기다가
기다,기다가는
기다,기다간
기다,기다니
기다,기다마다
기다,기더니
기다,기더니라
기다,기더라
기다,기더라니까
기다,기더라도
기다,기더라며
기다,기더라면
기다,기더라면서
기다,기더람
기다,기던
기다,기던가
기다,기던데
기다,기던지
기다,기데
기다,기데요
기다,기도다
기다,기되
기다,기든
기다,기든지
기다,기듯
기다,기듯이
기다,기죠
기다,기지마는
기다,기지만
기다,기지요
기다,긴걸
기다,긴들
기다,기나마
기다,기니까
기다,길
기다,길걸
기다,길까
기다,길는지
기다,길라
기다,길라고
기다,길러니
기다,길러라
기다,길런고
기다,길망정
기다,길밖에
기다,길뿐더러
기다,길수록
기다,길지라도
기다,기며
기다,기면
기다,기면서
기다,기세요
기다,기셔요
기다,기지
기다,기건대
기다,기나니
기다,기느라
기다,기느라고
기다,기는구나
기다,기는군
기다,기도록
기다,기자
기다,기자고
기다,기자꾸나
기다,기자느니
기다,기자니까
기다,기자마자
기다,기자며
기다,기자면
기다,기자면서
기다,긴
기다,긴다
기다,긴다고
기다,긴다나
기다,긴다네
기다,긴다느니
기다,긴다니
기다,긴다니까
기다,긴다더라
기다,긴다며
기다,긴다면
기다,긴다면서
기다,긴답니까
기다,긴답니다
기다,긴답시고
기다,긴대
기다,긴대요
기다,길거나
기다,길게
기다,길래
기다,기라고
기다,기러
기다,기려
기다,깁시다
기다,기세
기다,기시라
기다,기십시다
기다,기십시오
기다,기고자
기다,기느냐
기다,기느냐고
기다,기느니
기다,기느니만
기다,기느니만큼
기다,기는
기다,기는걸
기다,기는데
기다,기는지
기어가다,기어가거나
기어가다,기어가거늘
기어가다,기어가거니
기어가다,기어가거든
기어가다,기어가건
기어가다,기어가것다
기어가다,기어가게
기어가다,기어가겠
기어가다,기어가고
기어가다,기어가고말고
기어가다,기어가기로
기어가다,기어가기로니
기어가다,기어가기로서
기어가다,기어가기로서니
기어가다,기어가기에
기어가다,기어가네
기어가다,기어가니
기어가다,기어가다
기어가다,기어가다가
기어가다,기어가다가는
기어가다,기어가다간
기어가다,기어가다니
기어가다,기어가다마다
기어가다,기어가더니
기어가다,기어가더니라
기어가다,기어가더라
기어가다,기어가더라니까
기어가다,기어가더라도
기어가다,기어가더라며
기어가다,기어가더라면
기어가다,기어가더라면서
기어가다,기어가더람
기어가다,기어가던
기어가다,기어가던가
기어가다,기어가던데
기어가다,기어가던지
기어가다,기어가데
기어가다,기어가데요
기어가다,기어가도다
기어가다,기어가되
기어가다,기어가든
기어가다,기어가든지
기어가다,기어가듯
기어가다,기어가듯이
기어가다,기어가죠
기어가다,기어가지마는
기어가다,기어가지만
기어가다,기어가지요
기어가다,기어간걸
기어가다,기어간들
기어가다,기어가나마
기어가다,기어가니까
기어가다,기어갈
기어가다,기어갈걸
기어가다,기어갈까
기어가다,기어갈는지
기어가다,기어갈라
기어가다,기어갈라고
기어가다,기어갈러니
기어가다,기어갈러라
기어가다,기어갈런고
기어가다,기어갈망정
기어가다,기어갈밖에
기어가다,기어갈뿐더러
기어가다,기어갈수록
기어가다,기어갈지라도
기어가다,기어가며
기어가다,기어가면
기어가다,기어가면서
기어가다,기어가세요
기어가다,기어가셔요
기어가다,기어가지
기어가다,기어가도
기어가다,기어가서
기어가다,기어가야
기어가다,기어가야만
기어가다,기어가야지
기어가다,기어가요
기어가다,기어가건대
기어가다,기어가나니
기어가다,기어가느라
기어가다,기어가느라고
기어가다,기어가는구나
기어가다,기어가는군
기어가다,기어가도록
기어가다,기어가자
기어가다,기어가자고
기어가다,기어가자꾸나
기어가다,기어가자느니
기어가다,기어가자니까
기어가다,기어가자마자
기어가다,기어가자며
기어가다,기어가자면
기어가다,기어가자면서
기어가다,기어간
기어가다,기어간다
기어가다,기어간다고
기어가다,기어간다나
기어가다,기어간다네
기어가다,기어간다느니
기어가다,기어간다니
기어가다,기어간다니까
기어가다,기어간다더라
기어가다,기어간다며
기어가다,기어간다면
기어가다,기어간다면서
기어가다,기어간답니까
기어가다,기어간답니다
기어가다,기어간답시고
기어가다,기어간대
기어가다,기어간대요
기어가다,기어갈거나
기어가다,기어갈게
기어가다,기어갈래
기어가다,기어가라고
기어가다,기어가러
기어가다,기어가려
기어가다,기어갑시다
기어가다,기어가세
기어가다,기어가시라
기어가다,기어가십시다
기어가다,기어가십시오
기어가다,기어가고자
기어가다,기어가느냐
기어가다,기어가느냐고
기어가다,기어가느니
기어가다,기어가느니만
기어가다,기어가느니만큼
기어가다,기어가는
기어가다,기어가는걸
기어가다,기어가는데
기어가다,기어가는지
창조하다,창조하거나
창조하다,창조하거늘
창조하다,창조하거니
창조하다,창조하거든
창조하다,창조하건
창조하다,창조하것다
창조하다,창조하게
창조하다,창조하겠
창조하다,창조하고
창조하다,창조하고말고
창조하다,창조하기로
창조하다,창조하기로니
창조하다,창조하기로서
창조하다,창조하기로서니
창조하다,창조하기에
창조하다,창조하네
창조하다,창조하니
창조하다,창조하다
창조하다,창조하다가
창조하다,창조하다가는
창조하다,창조하다간
창조하다,창조하다니
창조하다,창조하다마다
창조하다,창조하더니
창조하다,창조하더니라
창조하다,창조하더라
창조하다,창조하더라니까
창조하다,창조하더라도
창조하다,창조하더라며
창조하다,창조하더라면
창조하다,창조하더라면서
창조하다,창조하더람
창조하다,창조하던
창조하다,창조하던가
창조하다,창조하던데
창조하다,창조하던지
창조하다,창조하데
창조하다,창조하데요
창조하다,창조하도다
창조하다,창조하되
창조하다,창조하든
창조하다,창조하든지
창조하다,창조하듯
창조하다,창조하듯이
창조하다,창조하죠
창조하다,창조하지마는
창조하다,창조하지만
창조하다,창조하지요
창조하다,창조한걸
창조하다,창조한들
창조하다,창조하나마
창조하다,창조하니까
창조하다,창조할
창조하다,창조할걸
창조하다,창조할까
창조하다,창조할는지
창조하다,창조할라
창조하다,창조할라고
창조하다,창조할러니
창조하다,창조할러라
창조하다,창조할런고
창조하다,창조할망정
창조하다,창조할밖에
창조하다,창조할뿐더러
창조하다,창조할수록
창조하다,창조할지라도
창조하다,창조하며
창조하다,창조하면
창조하다,창조하면서
창조하다,창조하세요
창조하다,창조하셔요
창조하다,창조하지
창조하다,창조하건대
창조하다,창조하나니
창조하다,창조하느라
창조하다,창조하느라고
창조하다,창조하는구나
창조하다,창조하는군
창조하다,창조하도록
창조하다,창조하자
창조하다,창조하자고
창조하다,창조하자꾸나
창조하다,창조하자느니
창조하다,창조하자니까
창조하다,창조하자마자
창조하다,창조하자며
창조하다,창조하자면
창조하다,창조하자면서
창조하다,창조한
창조하다,창조한다
창조하다,창조한다고
창조하다,창조한다나
창조하다,창조한다네
창조하다,창조한다느니
창조하다,창조한다니
창조하다,창조한다니까
창조하다,창조한다더라
창조하다,창조한다며
창조하다,창조한다면
창조하다,창조한다면서
창조하다,창조한답니까
창조하다,창조한답니다
창조하다,창조한답시고
창조하다,창조한대
창조하다,창조한대요
창조하다,창조할거나
창조하다,창조할게
창조하다,창조할래
창조하다,창조하라고
창조하다,창조하러
창조하다,창조하려
창조하다,창조합시다
창조하다,창조하세
창조하다,창조하시라
창조하다,창조하십시다
창조하다,창조하십시오
창조하다,창조하고자
창조하다,창조하느냐
창조하다,창조하느냐고
창조하다,창조하느니
창조하다,창조하느니만
창조하다,창조하느니만큼
창조하다,창조하는
창조하다,창조하는걸
창조하다,창조하는데
창조하다,창조하는지
창작하다,창작하거나
창작하다,창작하거늘
창작하다,창작하거니
창작하다,창작하거든
창작하다,창작하건
창작하다,창작하것다
창작하다,창작하게
창작하다,창작하겠
창작하다,창작하고
창작하다,창작하고말고
창작하다,창작하기로
창작하다,창작하기로니
창작하다,창작하기로서
창작하다,창작하기로서니
창작하다,창작하기에
창작하다,창작하네
창작하다,창작하니
창작하다,창작하다
창작하다,창작하다가
창작하다,창작하다가는
창작하다,창작하다간
창작하다,창작하다니
창작하다,창작하다마다
창작하다,창작하더니
창작하다,창작하더니라
창작하다,창작하더라
창작하다,창작하더라니까
창작하다,창작하더라도
창작하다,창작하더라며
창작하다,창작하더라면
창작하다,창작하더라면서
창작하다,창작하더람
창작하다,창작하던
창작하다,창작하던가
창작하다,창작하던데
창작하다,창작하던지
창작하다,창작하데
창작하다,창작하데요
창작하다,창작하도다
창작하다,창작하되
창작하다,창작하든
창작하다,창작하든지
창작하다,창작하듯
창작하다,창작하듯이
창작하다,창작하죠
창작하다,창작하지마는
창작하다,창작하지만
창작하다,창작하지요
창작하다,창작한걸
창작하다,창작한들
창작하다,창작하나마
창작하다,창작하니까
창작하다,창작할
창작하다,창작할걸
창작하다,창작할까
창작하다,창작할는지
창작하다,창작할라
창작하다,창작할라고
창작하다,창작할러니
창작하다,창작할러라
창작하다,창작할런고
창작하다,창작할망정
창작하다,창작할밖에
창작하다,창작할뿐더러
창작하다,창작할수록
창작하다,창작할지라도
창작하다,창작하며
창작하다,창작하면
창작하다,창작하면서
창작하다,창작하세요
창작하다,창작하셔요
창작하다,창작하지
창작하다,창작하건대
창작하다,창작하나니
창작하다,창작하느라
창작하다,창작하느라고
창작하다,창작하는구나
창작하다,창작하는군
창작하다,창작하도록
창작하다,창작하자
창작하다,창작하자고
창작하다,창작하자꾸나
창작하다,창작하자느니
창작하다,창작하자니까
창작하다,창작하자마자
창작하다,창작하자며
창작하다,창작하자면
창작하다,창작하자면서
창작하다,창작한
창작하다,창작한다
창작하다,창작한다고
창작하다,창작한다나
창작하다,창작한다네
창작하다,창작한다느니
창작하다,창작한다니
창작하다,창작한다니까
창작하다,창작한다더라
창작하다,창작한다며
창작하다,창작한다면
창작하다,창작한다면서
창작하다,창작한답니까
창작하다,창작한답니다
창작하다,창작한답시고
창작하다,창작한대
창작하다,창작한대요
창작하다,창작할거나
창작하다,창작할게
창작하다,창작할래
창작하다,창작하라고
창작하다,창작하러
창작하다,창작하려
창작하다,창작합시다
창작하다,창작하세
창작하다,창작하시라
창작하다,창작하십시다
창작하다,창작하십시오
창작하다,창작하고자
창작하다,창작하느냐
창작하다,창작하느냐고
창작하다,창작하느니
창작하다,창작하느니만
창작하다,창작하느니만큼
창작하다,창작하는
창작하다,창작하는걸
창작하다,창작하는데
창작하다,창작하는지
비판하다,비판하거나
비판하다,비판하거늘
비판하다,비판하거니
비판하다,비판하거든
비판하다,비판하건
비판하다,비판하것다
비판하다,비판하게
비판하다,비판하겠
비판하다,비판하고
비판하다,비판하고말고
비판하다,비판하기로
비판하다,비판하기로니
비판하다,비판하기로서
비판하다,비판하기로서니
비판하다,비판하기에
비판하다,비판하네
비판하다,비판하니
비판하다,비판하다
비판하다,비판하다가
비판하다,비판하다가는
비판하다,비판하다간
비판하다,비판하다니
비판하다,비판하다마다
비판하다,비판하더니
비판하다,비판하더니라
비판하다,비판하더라
비판하다,비판하더라니까
비판하다,비판하더라도
비판하다,비판하더라며
비판하다,비판하더라면
비판하다,비판하더라면서
비판하다,비판하더람
비판하다,비판하던
비판하다,비판하던가
비판하다,비판하던데
비판하다,비판하던지
비판하다,비판하데
비판하다,비판하데요
비판하다,비판하도다
비판하다,비판하되
비판하다,비판하든
비판하다,비판하든지
비판하다,비판하듯
비판하다,비판하듯이
비판하다,비판하죠
비판하다,비판하지마는
비판하다,비판하지만
비판하다,비판하지요
비판하다,비판한걸
비판하다,비판한들
비판하다,비판하나마
비판하다,비판하니까
비판하다,비판할
비판하다,비판할걸
비판하다,비판할까
비판하다,비판할는지
비판하다,비판할라
비판하다,비판할라고
비판하다,비판할러니
비판하다,비판할러라
비판하다,비판할런고
비판하다,비판할망정
비판하다,비판할밖에
비판하다,비판할뿐더러
비판하다,비판할수록
비판하다,비판할지라도
비판하다,비판하며
비판하다,비판하면
비판하다,비판하면서
비판하다,비판하세요
비판하다,비판하셔요
비판하다,비판하지
비판하다,비판하건대
비판하다,비판하나니
비판하다,비판하느라
비판하다,비판하느라고
비판하다,비판하는구나
비판하다,비판하는군
비판하다,비판하도록
비판하다,비판하자
비판하다,비판하자고
비판하다,비판하자꾸나
비판하다,비판하자느니
비판하다,비판하자니까
비판하다,비판하자마자
비판하다,비판하자며
비판하다,비판하자면
비판하다,비판하자면서
비판하다,비판한
비판하다,비판한다
비판하다,비판한다고
비판하다,비판한다나
비판하다,비판한다네
비판하다,비판한다느니
비판하다,비판한다니
비판하다,비판한다니까
비판하다,비판한다더라
비판하다,비판한다며
비판하다,비판한다면
비판하다,비판한다면서
비판하다,비판한답니까
비판하다,비판한답니다
비판하다,비판한답시고
비판하다,비판한대
비판하다,비판한대요
비판하다,비판할거나
비판하다,비판할게
비판하다,비판할래
비판하다,비판하라고
비판하다,비판하러
비판하다,비판하려
비판하다,비판합시다
비판하다,비판하세
비판하다,비판하시라
비판하다,비판하십시다
비판하다,비판하십시오
비판하다,비판하고자
비판하다,비판하느냐
비판하다,비판하느냐고
비판하다,비판하느니
비판하다,비판하느니만
비판하다,비판하느니만큼
비판하다,비판하는
비판하다,비판하는걸
비판하다,비판하는데
비판하다,비판하는지
비난하다,비난하거나
비난하다,비난하거늘
비난하다,비난하거니
비난하다,비난하거든
비난하다,비난하건
비난하다,비난하것다
비난하다,비난하게
비난하다,비난하겠
비난하다,비난하고
비난하다,비난하고말고
비난하다,비난하기로
비난하다,비난하기로니
비난하다,비난하기로서
비난하다,비난하기로서니
비난하다,비난하기에
비난하다,비난하네
비난하다,비난하니
비난하다,비난하다
비난하다,비난하다가
비난하다,비난하다가는
비난하다,비난하다간
비난하다,비난하다니
비난하다,비난하다마다
비난하다,비난하더니
비난하다,비난하더니라
비난하다,비난하더라
비난하다,비난하더라니까
비난하다,비난하더라도
비난하다,비난하더라며
비난하다,비난하더라면
비난하다,비난하더라면서
비난하다,비난하더람
비난하다,비난하던
비난하다,비난하던가
비난하다,비난하던데
비난하다,비난하던지
비난하다,비난하데
비난하다,비난하데요
비난하다,비난하도다
비난하다,비난하되
비난하다,비난하든
비난하다,비난하든지
비난하다,비난하듯
비난하다,비난하듯이
비난하다,비난하죠
비난하다,비난하지마는
비난하다,비난하지만
비난하다,비난하지요
비난하다,비난한걸
비난하다,비난한들
비난하다,비난하나마
비난하다,비난하니까
비난하다,비난할
비난하다,비난할걸
비난하다,비난할까
비난하다,비난할는지
비난하다,비난할라
비난하다,비난할라고
비난하다,비난할러니
비난하다,비난할러라
비난하다,비난할런고
비난하다,비난할망정
비난하다,비난할밖에
비난하다,비난할뿐더러
비난하다,비난할수록
비난하다,비난할지라도
비난하다,비난하며
비난하다,비난하면
비난하다,비난하면서
비난하다,비난하세요
비난하다,비난하셔요
비난하다,비난하지
비난하다,비난하건대
비난하다,비난하나니
비난하다,비난하느라
비난하다,비난하느라고
비난하다,비난하는구나
비난하다,비난하는군
비난하다,비난하도록
비난하다,비난하자
비난하다,비난하자고
비난하다,비난하자꾸나
비난하다,비난하자느니
비난하다,비난하자니까
비난하다,비난하자마자
비난하다,비난하자며
비난하다,비난하자면
비난하다,비난하자면서
비난하다,비난한
비난하다,비난한다
비난하다,비난한다고
비난하다,비난한다나
비난하다,비난한다네
비난하다,비난한다느니
비난하다,비난한다니
비난하다,비난한다니까
비난하다,비난한다더라
비난하다,비난한다며
비난하다,비난한다면
비난하다,비난한다면서
비난하다,비난한답니까
비난하다,비난한답니다
비난하다,비난한답시고
비난하다,비난한대
비난하다,비난한대요
비난하다,비난할거나
비난하다,비난할게
비난하다,비난할래
비난하다,비난하라고
비난하다,비난하러
비난하다,비난하려
비난하다,비난합시다
비난하다,비난하세
비난하다,비난하시라
비난하다,비난하십시다
비난하다,비난하십시오
비난하다,비난하고자
비난하다,비난하느냐
비난하다,비난하느냐고
비난하다,비난하느니
비난하다,비난하느니만
비난하다,비난하느니만큼
비난하다,비난하는
비난하다,비난하는걸
비난하다,비난하는데
비난하다,비난하는지
울다,울거나
울다,울거늘
울다,울거니
울다,울거든
울다,울건
울다,울것다
울다,울게
울다,울겠
울다,울고
울다,울고말고
울다,울기로
울다,울기로니
울다,울기로서
울다,울기로서니
울다,울기에
울다,울네
울다,울니
울다,울다
울다,울다가
울다,울다가는
울다,울다간
울다,울다니
울다,울다마다
울다,울더니
울다,울더니라
울다,울더라
울다,울더라니까
울다,울더라도
울다,울더라며
울다,울더라면
울다,울더라면서
울다,울더람
울다,울던
울다,울던가
울다,울던데
울다,울던지
울다,울데
울다,울데요
울다,울도다
울다,울되
울다,울든
울다,울든지
울다,울듯
울다,울듯이
울다,울죠
울다,울지마는
울다,울지만
울다,울지요
울다,운걸
울다,운들
울다,우나마
울다,우니
울다,우니까
울다,울
울다,울걸
울다,울까
울다,울는지
울다,울라
울다,울라고
울다,울러니
울다,울러라
울다,울런고
울다,울망정
울다,울밖에
울다,울뿐더러
울다,울수록
울다,울지라도
울다,우며
울다,우면
울다,우면서
울다,우세요
울다,우셔요
울다,울지
울다,울건대
울다,울나니
울다,울느라
울다,울느라고
울다,울는구나
울다,울는군
울다,울도록
울다,울자
울다,울자고
울다,울자꾸나
울다,울자느니
울다,울자니까
울다,울자마자
울다,울자며
울다,울자면
울다,울자면서
울다,운
울다,운다
울다,운다고
울다,운다나
울다,운다네
울다,운다느니
울다,운다니
울다,운다니까
울다,운다더라
울다,운다며
울다,운다면
울다,운다면서
울다,운답니까
울다,운답니다
울다,운답시고
울다,운대
울다,운대요
울다,울래
울다,우라고
울다,우러
울다,우려
울다,웁시다
울다,우세
울다,우시라
울다,우십시다
울다,우십시오
울다,울고자
울다,울느냐
울다,울느냐고
울다,울느니
울다,울느니만
울다,울느니만큼
울다,울는
울다,울는걸
울다,울는데
베다,베거나
베다,베거늘
베다,베거니
베다,베거든
베다,베건
베다,베것다
베다,베게
베다,베겠
베다,베고
베다,베고말고
베다,베기로
베다,베기로니
베다,베기로서
베다,베기로서니
베다,베기에
베다,베네
베다,베니
베다,베다
베다,베다가
베다,베다가는
베다,베다간
베다,베다니
베다,베다마다
베다,베더니
베다,베더니라
베다,베더라
베다,베더라니까
베다,베더라도
베다,베더라며
베다,베더라면
베다,베더라면서
베다,베더람
베다,베던
베다,베던가
베다,베던데
베다,베던지
베다,베데
베다,베데요
베다,베도다
베다,베되
베다,베든
베다,베든지
베다,베듯
베다,베듯이
베다,베죠
베다,베지마는
베다,베지만
베다,베지요
베다,벤걸
베다,벤들
베다,베나마
베다,베니까
베다,벨
베다,벨걸
베다,벨까
베다,벨는지
베다,벨라
베다,벨라고
베다,벨러니
베다,벨러라
베다,벨런고
베다,벨망정
베다,벨밖에
베다,벨뿐더러
베다,벨수록
베다,벨지라도
베다,베며
베다,베면
베다,베면서
베다,베세요
베다,베셔요
베다,베지
베다,베건대
베다,베나니
베다,베느라
베다,베느라고
베다,베는구나
베다,베는군
베다,베도록
베다,베자
베다,베자고
베다,베자꾸나
베다,베자느니
베다,베자니까
베다,베자마자
베다,베자며
베다,베자면
베다,베자면서
베다,벤
베다,벤다
베다,벤다고
베다,벤다나
베다,벤다네
베다,벤다느니
베다,벤다니
베다,벤다니까
베다,벤다더라
베다,벤다며
베다,벤다면
베다,벤다면서
베다,벤답니까
베다,벤답니다
베다,벤답시고
베다,벤대
베다,벤대요
베다,벨거나
베다,벨게
베다,벨래
베다,베라고
베다,베러
베다,베려
베다,벱시다
베다,베세
베다,베시라
베다,베십시다
베다,베십시오
베다,베고자
베다,베느냐
베다,베느냐고
베다,베느니
베다,베느니만
베다,베느니만큼
베다,베는
베다,베는걸
베다,베는데
베다,베는지
자르다,자르거나
자르다,자르거늘
자르다,자르거니
자르다,자르거든
자르다,자르건
자르다,자르것다
자르다,자르게
자르다,자르겠
자르다,자르고
자르다,자르고말고
자르다,자르기로
자르다,자르기로니
자르다,자르기로서
자르다,자르기로서니
자르다,자르기에
자르다,자르네
자르다,자르니
자르다,자르다
자르다,자르다가
자르다,자르다가는
자르다,자르다간
자르다,자르다니
자르다,자르다마다
자르다,자르더니
자르다,자르더니라
자르다,자르더라
자르다,자르더라니까
자르다,자르더라도
자르다,자르더라며
자르다,자르더라면
자르다,자르더라면서
자르다,자르더람
자르다,자르던
자르다,자르던가
자르다,자르던데
자르다,자르던지
자르다,자르데
자르다,자르데요
자르다,자르도다
자르다,자르되
자르다,자르든
자르다,자르든지
자르다,자르듯
자르다,자르듯이
자르다,자르죠
자르다,자르지마는
자르다,자르지만
자르다,자르지요
자르다,자른걸
자르다,자른들
자르다,자르나마
자르다,자르니까
자르다,자를
자르다,자를걸
자르다,자를까
자르다,자를는지
자르다,자를라
자르다,자를라고
자르다,자를러니
자르다,자를러라
자르다,자를런고
자르다,자를망정
자르다,자를밖에
자르다,자를뿐더러
자르다,자를수록
자르다,자를지라도
자르다,자르며
자르다,자르면
자르다,자르면서
자르다,자르세요
자르다,자르셔요
자르다,자르지
자르다,자르건대
자르다,자르나니
자르다,자르느라
자르다,자르느라고
자르다,자르는구나
자르다,자르는군
자르다,자르도록
자르다,자르자
자르다,자르자고
자르다,자르자꾸나
자르다,자르자느니
자르다,자르자니까
자르다,자르자마자
자르다,자르자며
자르다,자르자면
자르다,자르자면서
자르다,자른
자르다,자른다
자르다,자른다고
자르다,자른다나
자르다,자른다네
자르다,자른다느니
자르다,자른다니
자르다,자른다니까
자르다,자른다더라
자르다,자른다며
자르다,자른다면
자르다,자른다면서
자르다,자른답니까
자르다,자른답니다
자르다,자른답시고
자르다,자른대
자르다,자른대요
자르다,자를거나
자르다,자를게
자르다,자를래
자르다,자르라고
자르다,자르러
자르다,자르려
자르다,자릅시다
자르다,자르세
자르다,자르시라
자르다,자르십시다
자르다,자르십시오
자르다,자르고자
자르다,자르느냐
자르다,자르느냐고
자르다,자르느니
자르다,자르느니만
자르다,자르느니만큼
자르다,자르는
자르다,자르는걸
자르다,자르는데
자르다,자르는지
절개하다,절개하거나
절개하다,절개하거늘
절개하다,절개하거니
절개하다,절개하거든
절개하다,절개하건
절개하다,절개하것다
절개하다,절개하게
절개하다,절개하겠
절개하다,절개하고
절개하다,절개하고말고
절개하다,절개하기로
절개하다,절개하기로니
절개하다,절개하기로서
절개하다,절개하기로서니
절개하다,절개하기에
절개하다,절개하네
절개하다,절개하니
절개하다,절개하다
절개하다,절개하다가
절개하다,절개하다가는
절개하다,절개하다간
절개하다,절개하다니
절개하다,절개하다마다
절개하다,절개하더니
절개하다,절개하더니라
절개하다,절개하더라
절개하다,절개하더라니까
절개하다,절개하더라도
절개하다,절개하더라며
절개하다,절개하더라면
절개하다,절개하더라면서
절개하다,절개하더람
절개하다,절개하던
절개하다,절개하던가
절개하다,절개하던데
절개하다,절개하던지
절개하다,절개하데
절개하다,절개하데요
절개하다,절개하도다
절개하다,절개하되
절개하다,절개하든
절개하다,절개하든지
절개하다,절개하듯
절개하다,절개하듯이
절개하다,절개하죠
절개하다,절개하지마는
절개하다,절개하지만
절개하다,절개하지요
절개하다,절개한걸
절개하다,절개한들
절개하다,절개하나마
절개하다,절개하니까
절개하다,절개할
절개하다,절개할걸
절개하다,절개할까
절개하다,절개할는지
절개하다,절개할라
절개하다,절개할라고
절개하다,절개할러니
절개하다,절개할러라
절개하다,절개할런고
절개하다,절개할망정
절개하다,절개할밖에
절개하다,절개할뿐더러
절개하다,절개할수록
절개하다,절개할지라도
절개하다,절개하며
절개하다,절개하면
절개하다,절개하면서
절개하다,절개하세요
절개하다,절개하셔요
절개하다,절개하지
절개하다,절개하건대
절개하다,절개하나니
절개하다,절개하느라
절개하다,절개하느라고
절개하다,절개하는구나
절개하다,절개하는군
절개하다,절개하도록
절개하다,절개하자
절개하다,절개하자고
절개하다,절개하자꾸나
절개하다,절개하자느니
절개하다,절개하자니까
절개하다,절개하자마자
절개하다,절개하자며
절개하다,절개하자면
절개하다,절개하자면서
절개하다,절개한
절개하다,절개한다
절개하다,절개한다고
절개하다,절개한다나
절개하다,절개한다네
절개하다,절개한다느니
절개하다,절개한다니
절개하다,절개한다니까
절개하다,절개한다더라
절개하다,절개한다며
절개하다,절개한다면
절개하다,절개한다면서
절개하다,절개한답니까
절개하다,절개한답니다
절개하다,절개한답시고
절개하다,절개한대
절개하다,절개한대요
절개하다,절개할거나
절개하다,절개할게
절개하다,절개할래
절개하다,절개하라고
절개하다,절개하러
절개하다,절개하려
절개하다,절개합시다
절개하다,절개하세
절개하다,절개하시라
절개하다,절개하십시다
절개하다,절개하십시오
절개하다,절개하고자
절개하다,절개하느냐
절개하다,절개하느냐고
절개하다,절개하느니
절개하다,절개하느니만
절개하다,절개하느니만큼
절개하다,절개하는
절개하다,절개하는걸
절개하다,절개하는데
절개하다,절개하는지
끌다,끌거나
끌다,끌거늘
끌다,끌거니
끌다,끌거든
끌다,끌건
끌다,끌것다
끌다,끌게
끌다,끌겠
끌다,끌고
끌다,끌고말고
끌다,끌기로
끌다,끌기로니
끌다,끌기로서
끌다,끌기로서니
끌다,끌기에
끌다,끌네
끌다,끌니
끌다,끌다
끌다,끌다가
끌다,끌다가는
끌다,끌다간
끌다,끌다니
끌다,끌다마다
끌다,끌더니
끌다,끌더니라
끌다,끌더라
끌다,끌더라니까
끌다,끌더라도
끌다,끌더라며
끌다,끌더라면
끌다,끌더라면서
끌다,끌더람
끌다,끌던
끌다,끌던가
끌다,끌던데
끌다,끌던지
끌다,끌데
끌다,끌데요
끌다,끌도다
끌다,끌되
끌다,끌든
끌다,끌든지
끌다,끌듯
끌다,끌듯이
끌다,끌죠
끌다,끌지마는
끌다,끌지만
끌다,끌지요
끌다,끈걸
끌다,끈들
끌다,끄나마
끌다,끄니
끌다,끄니까
끌다,끌
끌다,끌걸
끌다,끌까
끌다,끌는지
끌다,끌라
끌다,끌라고
끌다,끌러니
끌다,끌러라
끌다,끌런고
끌다,끌망정
끌다,끌밖에
끌다,끌뿐더러
끌다,끌수록
끌다,끌지라도
끌다,끄며
끌다,끄면
끌다,끄면서
끌다,끄세요
끌다,끄셔요
끌다,끌지
끌다,끌건대
끌다,끌나니
끌다,끌느라
끌다,끌느라고
끌다,끌는구나
끌다,끌는군
끌다,끌도록
끌다,끌자
끌다,끌자고
끌다,끌자꾸나
끌다,끌자느니
끌다,끌자니까
끌다,끌자마자
끌다,끌자며
끌다,끌자면
끌다,끌자면서
끌다,끈
끌다,끈다
끌다,끈다고
끌다,끈다나
끌다,끈다네
끌다,끈다느니
끌다,끈다니
끌다,끈다니까
끌다,끈다더라
끌다,끈다며
끌다,끈다면
끌다,끈다면서
끌다,끈답니까
끌다,끈답니다
끌다,끈답시고
끌다,끈대
끌다,끈대요
끌다,끌래
끌다,끄라고
끌다,끄러
끌다,끄려
끌다,끕시다
끌다,끄세
끌다,끄시라
끌다,끄십시다
끌다,끄십시오
끌다,끌고자
끌다,끌느냐
끌다,끌느냐고
끌다,끌느니
끌다,끌느니만
끌다,끌느니만큼
끌다,끌는
끌다,끌는걸
끌다,끌는데
그리다,그리거나
그리다,그리거늘
그리다,그리거니
그리다,그리거든
그리다,그리건
그리다,그리것다
그리다,그리게
그리다,그리겠
그리다,그리고
그리다,그리고말고
그리다,그리기로
그리다,그리기로니
그리다,그리기로서
그리다,그리기로서니
그리다,그리기에
그리다,그리네
그리다,그리니
그리다,그리다
그리다,그리다가
그리다,그리다가는
그리다,그리다간
그리다,그리다니
그리다,그리다마다
그리다,그리더니
그리다,그리더니라
그리다,그리더라
그리다,그리더라니까
그리다,그리더라도
그리다,그리더라며
그리다,그리더라면
그리다,그리더라면서
그리다,그리더람
그리다,그리던
그리다,그리던가
그리다,그리던데
그리다,그리던지
그리다,그리데
그리다,그리데요
그리다,그리도다
그리다,그리되
그리다,그리든
그리다,그리든지
그리다,그리듯
그리다,그리듯이
그리다,그리죠
그리다,그리지마는
그리다,그리지만
그리다,그리지요
그리다,그린걸
그리다,그린들
그리다,그리나마
그리다,그리니까
그리다,그릴
그리다,그릴걸
그리다,그릴까
그리다,그릴는지
그리다,그릴라
그리다,그릴라고
그리다,그릴러니
그리다,그릴러라
그리다,그릴런고
그리다,그릴망정
그리다,그릴밖에
그리다,그릴뿐더러
그리다,그릴수록
그리다,그릴지라도
그리다,그리며
그리다,그리면
그리다,그리면서
그리다,그리세요
그리다,그리셔요
그리다,그리지
그리다,그리건대
그리다,그리나니
그리다,그리느라
그리다,그리느라고
그리다,그리는구나
그리다,그리는군
그리다,그리도록
그리다,그리자
그리다,그리자고
그리다,그리자꾸나
그리다,그리자느니
그리다,그리자니까
그리다,그리자마자
그리다,그리자며
그리다,그리자면
그리다,그리자면서
그리다,그린
그리다,그린다
그리다,그린다고
그리다,그린다나
그리다,그린다네
그리다,그린다느니
그리다,그린다니
그리다,그린다니까
그리다,그린다더라
그리다,그린다며
그리다,그린다면
그리다,그린다면서
그리다,그린답니까
그리다,그린답니다
그리다,그린답시고
그리다,그린대
그리다,그린대요
그리다,그릴거나
그리다,그릴게
그리다,그릴래
그리다,그리라고
그리다,그리러
그리다,그리려
그리다,그립시다
그리다,그리세
그리다,그리시라
그리다,그리십시다
그리다,그리십시오
그리다,그리고자
그리다,그리느냐
그리다,그리느냐고
그리다,그리느니
그리다,그리느니만
그리다,그리느니만큼
그리다,그리는
그리다,그리는걸
그리다,그리는데
그리다,그리는지
꾸다,꾸거나
꾸다,꾸거늘
꾸다,꾸거니
꾸다,꾸거든
꾸다,꾸건
꾸다,꾸것다
꾸다,꾸게
꾸다,꾸겠
꾸다,꾸고
꾸다,꾸고말고
꾸다,꾸기로
꾸다,꾸기로니
꾸다,꾸기로서
꾸다,꾸기로서니
꾸다,꾸기에
꾸다,꾸네
꾸다,꾸니
꾸다,꾸다
꾸다,꾸다가
꾸다,꾸다가는
꾸다,꾸다간
꾸다,꾸다니
꾸다,꾸다마다
꾸다,꾸더니
꾸다,꾸더니라
꾸다,꾸더라
꾸다,꾸더라니까
꾸다,꾸더라도
꾸다,꾸더라며
꾸다,꾸더라면
꾸다,꾸더라면서
꾸다,꾸더람
꾸다,꾸던
꾸다,꾸던가
꾸다,꾸던데
꾸다,꾸던지
꾸다,꾸데
꾸다,꾸데요
꾸다,꾸도다
꾸다,꾸되
꾸다,꾸든
꾸다,꾸든지
꾸다,꾸듯
꾸다,꾸듯이
꾸다,꾸죠
꾸다,꾸지마는
꾸다,꾸지만
꾸다,꾸지요
꾸다,꾼걸
꾸다,꾼들
꾸다,꾸나마
꾸다,꾸니까
꾸다,꿀
꾸다,꿀걸
꾸다,꿀까
꾸다,꿀는지
꾸다,꿀라
꾸다,꿀라고
꾸다,꿀러니
꾸다,꿀러라
꾸다,꿀런고
꾸다,꿀망정
꾸다,꿀밖에
꾸다,꿀뿐더러
꾸다,꿀수록
꾸다,꿀지라도
꾸다,꾸며
꾸다,꾸면
꾸다,꾸면서
꾸다,꾸세요
꾸다,꾸셔요
꾸다,꾸지
꾸다,꾸건대
꾸다,꾸나니
꾸다,꾸느라
꾸다,꾸느라고
꾸다,꾸는구나
꾸다,꾸는군
꾸다,꾸도록
꾸다,꾸자
꾸다,꾸자고
꾸다,꾸자꾸나
꾸다,꾸자느니
꾸다,꾸자니까
꾸다,꾸자마자
꾸다,꾸자며
꾸다,꾸자면
꾸다,꾸자면서
꾸다,꾼
꾸다,꾼다
꾸다,꾼다고
꾸다,꾼다나
꾸다,꾼다네
꾸다,꾼다느니
꾸다,꾼다니
꾸다,꾼다니까
꾸다,꾼다더라
꾸다,꾼다며
꾸다,꾼다면
꾸다,꾼다면서
꾸다,꾼답니까
꾸다,꾼답니다
꾸다,꾼답시고
꾸다,꾼대
꾸다,꾼대요
꾸다,꿀거나
꾸다,꿀게
꾸다,꿀래
꾸다,꾸라고
꾸다,꾸러
꾸다,꾸려
꾸다,꿉시다
꾸다,꾸세
꾸다,꾸시라
꾸다,꾸십시다
꾸다,꾸십시오
꾸다,꾸고자
꾸다,꾸느냐
꾸다,꾸느냐고
꾸다,꾸느니
꾸다,꾸느니만
꾸다,꾸느니만큼
꾸다,꾸는
꾸다,꾸는걸
꾸다,꾸는데
꾸다,꾸는지
구멍을 뚫다,뚫거나
구멍을 뚫다,뚫거늘
구멍을 뚫다,뚫거니
구멍을 뚫다,뚫거든
구멍을 뚫다,뚫건
구멍을 뚫다,뚫것다
구멍을 뚫다,뚫게
구멍을 뚫다,뚫겠
구멍을 뚫다,뚫고
구멍을 뚫다,뚫고말고
구멍을 뚫다,뚫기로
구멍을 뚫다,뚫기로니
구멍을 뚫다,뚫기로서
구멍을 뚫다,뚫기로서니
구멍을 뚫다,뚫기에
구멍을 뚫다,뚫네
구멍을 뚫다,뚫니
구멍을 뚫다,뚫다
구멍을 뚫다,뚫다가
구멍을 뚫다,뚫다가는
구멍을 뚫다,뚫다간
구멍을 뚫다,뚫다니
구멍을 뚫다,뚫다마다
구멍을 뚫다,뚫더니
구멍을 뚫다,뚫더니라
구멍을 뚫다,뚫더라
구멍을 뚫다,뚫더라니까
구멍을 뚫다,뚫더라도
구멍을 뚫다,뚫더라며
구멍을 뚫다,뚫더라면
구멍을 뚫다,뚫더라면서
구멍을 뚫다,뚫더람
구멍을 뚫다,뚫던
구멍을 뚫다,뚫던가
구멍을 뚫다,뚫던데
구멍을 뚫다,뚫던지
구멍을 뚫다,뚫데
구멍을 뚫다,뚫데요
구멍을 뚫다,뚫도다
구멍을 뚫다,뚫되
구멍을 뚫다,뚫든
구멍을 뚫다,뚫든지
구멍을 뚫다,뚫듯
구멍을 뚫다,뚫듯이
구멍을 뚫다,뚫죠
구멍을 뚫다,뚫지마는
구멍을 뚫다,뚫지만
구멍을 뚫다,뚫지요
구멍을 뚫다,뚫지
구멍을 뚫다,뚫을
구멍을 뚫다,뚫을걸
구멍을 뚫다,뚫을밖에
구멍을 뚫다,뚫을수록
구멍을 뚫다,뚫을지
구멍을 뚫다,뚫을지며
구멍을 뚫다,뚫음
구멍을 뚫다,뚫음에도
구멍을 뚫다,뚫읍시오
구멍을 뚫다,뚫건대
구멍을 뚫다,뚫나니
구멍을 뚫다,뚫느라
구멍을 뚫다,뚫느라고
구멍을 뚫다,뚫는구나
구멍을 뚫다,뚫는군
구멍을 뚫다,뚫도록
구멍을 뚫다,뚫자
구멍을 뚫다,뚫자고
구멍을 뚫다,뚫자꾸나
구멍을 뚫다,뚫자느니
구멍을 뚫다,뚫자니까
구멍을 뚫다,뚫자마자
구멍을 뚫다,뚫자며
구멍을 뚫다,뚫자면
구멍을 뚫다,뚫자면서
구멍을 뚫다,뚫고자
구멍을 뚫다,뚫느냐
구멍을 뚫다,뚫느냐고
구멍을 뚫다,뚫느니
구멍을 뚫다,뚫느니만
구멍을 뚫다,뚫느니만큼
구멍을 뚫다,뚫는
구멍을 뚫다,뚫는걸
구멍을 뚫다,뚫는데
구멍을 뚫다,뚫는지
구멍을 뚫다,뚫으러
구멍을 뚫다,뚫읍시다
마시다,마시거나
마시다,마시거늘
마시다,마시거니
마시다,마시거든
마시다,마시건
마시다,마시것다
마시다,마시게
마시다,마시겠
마시다,마시고
마시다,마시고말고
마시다,마시기로
마시다,마시기로니
마시다,마시기로서
마시다,마시기로서니
마시다,마시기에
마시다,마시네
마시다,마시니
마시다,마시다
마시다,마시다가
마시다,마시다가는
마시다,마시다간
마시다,마시다니
마시다,마시다마다
마시다,마시더니
마시다,마시더니라
마시다,마시더라
마시다,마시더라니까
마시다,마시더라도
마시다,마시더라며
마시다,마시더라면
마시다,마시더라면서
마시다,마시더람
마시다,마시던
마시다,마시던가
마시다,마시던데
마시다,마시던지
마시다,마시데
마시다,마시데요
마시다,마시도다
마시다,마시되
마시다,마시든
마시다,마시든지
마시다,마시듯
마시다,마시듯이
마시다,마시죠
마시다,마시지마는
마시다,마시지만
마시다,마시지요
마시다,마신걸
마시다,마신들
마시다,마시나마
마시다,마시니까
마시다,마실
마시다,마실걸
마시다,마실까
마시다,마실는지
마시다,마실라
마시다,마실라고
마시다,마실러니
마시다,마실러라
마시다,마실런고
마시다,마실망정
마시다,마실밖에
마시다,마실뿐더러
마시다,마실수록
마시다,마실지라도
마시다,마시며
마시다,마시면
마시다,마시면서
마시다,마시세요
마시다,마시셔요
마시다,마시지
마시다,마시건대
마시다,마시나니
마시다,마시느라
마시다,마시느라고
마시다,마시는구나
마시다,마시는군
마시다,마시도록
마시다,마시자
마시다,마시자고
마시다,마시자꾸나
마시다,마시자느니
마시다,마시자니까
마시다,마시자마자
마시다,마시자며
마시다,마시자면
마시다,마시자면서
마시다,마신
마시다,마신다
마시다,마신다고
마시다,마신다나
마시다,마신다네
마시다,마신다느니
마시다,마신다니
마시다,마신다니까
마시다,마신다더라
마시다,마신다며
마시다,마신다면
마시다,마신다면서
마시다,마신답니까
마시다,마신답니다
마시다,마신답시고
마시다,마신대
마시다,마신대요
마시다,마실거나
마시다,마실게
마시다,마실래
마시다,마시라고
마시다,마시러
마시다,마시려
마시다,마십시다
마시다,마시세
마시다,마시시라
마시다,마시십시다
마시다,마시십시오
마시다,마시고자
마시다,마시느냐
마시다,마시느냐고
마시다,마시느니
마시다,마시느니만
마시다,마시느니만큼
마시다,마시는
마시다,마시는걸
마시다,마시는데
마시다,마시는지
운전하다,운전하거나
운전하다,운전하거늘
운전하다,운전하거니
운전하다,운전하거든
운전하다,운전하건
운전하다,운전하것다
운전하다,운전하게
운전하다,운전하겠
운전하다,운전하고
운전하다,운전하고말고
운전하다,운전하기로
운전하다,운전하기로니
운전하다,운전하기로서
운전하다,운전하기로서니
운전하다,운전하기에
운전하다,운전하네
운전하다,운전하니
운전하다,운전하다
운전하다,운전하다가
운전하다,운전하다가는
운전하다,운전하다간
운전하다,운전하다니
운전하다,운전하다마다
운전하다,운전하더니
운전하다,운전하더니라
운전하다,운전하더라
운전하다,운전하더라니까
운전하다,운전하더라도
운전하다,운전하더라며
운전하다,운전하더라면
운전하다,운전하더라면서
운전하다,운전하더람
운전하다,운전하던
운전하다,운전하던가
운전하다,운전하던데
운전하다,운전하던지
운전하다,운전하데
운전하다,운전하데요
운전하다,운전하도다
운전하다,운전하되
운전하다,운전하든
운전하다,운전하든지
운전하다,운전하듯
운전하다,운전하듯이
운전하다,운전하죠
운전하다,운전하지마는
운전하다,운전하지만
운전하다,운전하지요
운전하다,운전한걸
운전하다,운전한들
운전하다,운전하나마
운전하다,운전하니까
운전하다,운전할
운전하다,운전할걸
운전하다,운전할까
운전하다,운전할는지
운전하다,운전할라
운전하다,운전할라고
운전하다,운전할러니
운전하다,운전할러라
운전하다,운전할런고
운전하다,운전할망정
운전하다,운전할밖에
운전하다,운전할뿐더러
운전하다,운전할수록
운전하다,운전할지라도
운전하다,운전하며
운전하다,운전하면
운전하다,운전하면서
운전하다,운전하세요
운전하다,운전하셔요
운전하다,운전하지
운전하다,운전하건대
운전하다,운전하나니
운전하다,운전하느라
운전하다,운전하느라고
운전하다,운전하는구나
운전하다,운전하는군
운전하다,운전하도록
운전하다,운전하자
운전하다,운전하자고
운전하다,운전하자꾸나
운전하다,운전하자느니
운전하다,운전하자니까
운전하다,운전하자마자
운전하다,운전하자며
운전하다,운전하자면
운전하다,운전하자면서
운전하다,운전한
운전하다,운전한다
운전하다,운전한다고
운전하다,운전한다나
운전하다,운전한다네
운전하다,운전한다느니
운전하다,운전한다니
운전하다,운전한다니까
운전하다,운전한다더라
운전하다,운전한다며
운전하다,운전한다면
운전하다,운전한다면서
운전하다,운전한답니까
운전하다,운전한답니다
운전하다,운전한답시고
운전하다,운전한대
운전하다,운전한대요
운전하다,운전할거나
운전하다,운전할게
운전하다,운전할래
운전하다,운전하라고
운전하다,운전하러
운전하다,운전하려
운전하다,운전합시다
운전하다,운전하세
운전하다,운전하시라
운전하다,운전하십시다
운전하다,운전하십시오
운전하다,운전하고자
운전하다,운전하느냐
운전하다,운전하느냐고
운전하다,운전하느니
운전하다,운전하느니만
운전하다,운전하느니만큼
운전하다,운전하는
운전하다,운전하는걸
운전하다,운전하는데
운전하다,운전하는지
떨어지다,떨어지거나
떨어지다,떨어지거늘
떨어지다,떨어지거니
떨어지다,떨어지거든
떨어지다,떨어지건
떨어지다,떨어지것다
떨어지다,떨어지게
떨어지다,떨어지겠
떨어지다,떨어지고
떨어지다,떨어지고말고
떨어지다,떨어지기로
떨어지다,떨어지기로니
떨어지다,떨어지기로서
떨어지다,떨어지기로서니
떨어지다,떨어지기에
떨어지다,떨어지네
떨어지다,떨어지니
떨어지다,떨어지다
떨어지다,떨어지다가
떨어지다,떨어지다가는
떨어지다,떨어지다간
떨어지다,떨어지다니
떨어지다,떨어지다마다
떨어지다,떨어지더니
떨어지다,떨어지더니라
떨어지다,떨어지더라
떨어지다,떨어지더라니까
떨어지다,떨어지더라도
떨어지다,떨어지더라며
떨어지다,떨어지더라면
떨어지다,떨어지더라면서
떨어지다,떨어지더람
떨어지다,떨어지던
떨어지다,떨어지던가
떨어지다,떨어지던데
떨어지다,떨어지던지
떨어지다,떨어지데
떨어지다,떨어지데요
떨어지다,떨어지도다
떨어지다,떨어지되
떨어지다,떨어지든
떨어지다,떨어지든지
떨어지다,떨어지듯
떨어지다,떨어지듯이
떨어지다,떨어지죠
떨어지다,떨어지지마는
떨어지다,떨어지지만
떨어지다,떨어지지요
떨어지다,떨어진걸
떨어지다,떨어진들
떨어지다,떨어지나마
떨어지다,떨어지니까
떨어지다,떨어질
떨어지다,떨어질걸
떨어지다,떨어질까
떨어지다,떨어질는지
떨어지다,떨어질라
떨어지다,떨어질라고
떨어지다,떨어질러니
떨어지다,떨어질러라
떨어지다,떨어질런고
떨어지다,떨어질망정
떨어지다,떨어질밖에
떨어지다,떨어질뿐더러
떨어지다,떨어질수록
떨어지다,떨어질지라도
떨어지다,떨어지며
떨어지다,떨어지면
떨어지다,떨어지면서
떨어지다,떨어지세요
떨어지다,떨어지셔요
떨어지다,떨어지지
떨어지다,떨어지건대
떨어지다,떨어지나니
떨어지다,떨어지느라
떨어지다,떨어지느라고
떨어지다,떨어지는구나
떨어지다,떨어지는군
떨어지다,떨어지도록
떨어지다,떨어지자
떨어지다,떨어지자고
떨어지다,떨어지자꾸나
떨어지다,떨어지자느니
떨어지다,떨어지자니까
떨어지다,떨어지자마자
떨어지다,떨어지자며
떨어지다,떨어지자면
떨어지다,떨어지자면서
떨어지다,떨어진
떨어지다,떨어진다
떨어지다,떨어진다고
떨어지다,떨어진다나
떨어지다,떨어진다네
떨어지다,떨어진다느니
떨어지다,떨어진다니
떨어지다,떨어진다니까
떨어지다,떨어진다더라
떨어지다,떨어진다며
떨어지다,떨어진다면
떨어지다,떨어진다면서
떨어지다,떨어진답니까
떨어지다,떨어진답니다
떨어지다,떨어진답시고
떨어지다,떨어진대
떨어지다,떨어진대요
떨어지다,떨어질거나
떨어지다,떨어질게
떨어지다,떨어질래
떨어지다,떨어지라고
떨어지다,떨어지러
떨어지다,떨어지려
떨어지다,떨어집시다
떨어지다,떨어지세
떨어지다,떨어지시라
떨어지다,떨어지십시다
떨어지다,떨어지십시오
떨어지다,떨어지고자
떨어지다,떨어지느냐
떨어지다,떨어지느냐고
떨어지다,떨어지느니
떨어지다,떨어지느니만
떨어지다,떨어지느니만큼
떨어지다,떨어지는
떨어지다,떨어지는걸
떨어지다,떨어지는데
떨어지다,떨어지는지
마르다,마르거나
마르다,마르거늘
마르다,마르거니
마르다,마르거든
마르다,마르건
마르다,마르것다
마르다,마르게
마르다,마르겠
마르다,마르고
마르다,마르고말고
마르다,마르기로
마르다,마르기로니
마르다,마르기로서
마르다,마르기로서니
마르다,마르기에
마르다,마르네
마르다,마르니
마르다,마르다
마르다,마르다가
마르다,마르다가는
마르다,마르다간
마르다,마르다니
마르다,마르다마다
마르다,마르더니
마르다,마르더니라
마르다,마르더라
마르다,마르더라니까
마르다,마르더라도
마르다,마르더라며
마르다,마르더라면
마르다,마르더라면서
마르다,마르더람
마르다,마르던
마르다,마르던가
마르다,마르던데
마르다,마르던지
마르다,마르데
마르다,마르데요
마르다,마르도다
마르다,마르되
마르다,마르든
마르다,마르든지
마르다,마르듯
마르다,마르듯이
마르다,마르죠
마르다,마르지마는
마르다,마르지만
마르다,마르지요
마르다,마른걸
마르다,마른들
마르다,마르나마
마르다,마르니까
마르다,마를
마르다,마를걸
마르다,마를까
마르다,마를는지
마르다,마를라
마르다,마를라고
마르다,마를러니
마르다,마를러라
마르다,마를런고
마르다,마를망정
마르다,마를밖에
마르다,마를뿐더러
마르다,마를수록
마르다,마를지라도
마르다,마르며
마르다,마르면
마르다,마르면서
마르다,마르세요
마르다,마르셔요
마르다,마르지
마르다,마르건대
마르다,마르나니
마르다,마르느라
마르다,마르느라고
마르다,마르는구나
마르다,마르는군
마르다,마르도록
마르다,마르자
마르다,마르자고
마르다,마르자꾸나
마르다,마르자느니
마르다,마르자니까
마르다,마르자마자
마르다,마르자며
마르다,마르자면
마르다,마르자면서
마르다,마른
마르다,마른다
마르다,마른다고
마르다,마른다나
마르다,마른다네
마르다,마른다느니
마르다,마른다니
마르다,마른다니까
마르다,마른다더라
마르다,마른다며
마르다,마른다면
마르다,마른다면서
마르다,마른답니까
마르다,마른답니다
마르다,마른답시고
마르다,마른대
마르다,마른대요
마르다,마를거나
마르다,마를게
마르다,마를래
마르다,마르라고
마르다,마르러
마르다,마르려
마르다,마릅시다
마르다,마르세
마르다,마르시라
마르다,마르십시다
마르다,마르십시오
마르다,마르고자
마르다,마르느냐
마르다,마르느냐고
마르다,마르느니
마르다,마르느니만
마르다,마르느니만큼
마르다,마르는
마르다,마르는걸
마르다,마르는데
마르다,마르는지
말리다,말리거나
말리다,말리거늘
말리다,말리거니
말리다,말리거든
말리다,말리건
말리다,말리것다
말리다,말리게
말리다,말리겠
말리다,말리고
말리다,말리고말고
말리다,말리기로
말리다,말리기로니
말리다,말리기로서
말리다,말리기로서니
말리다,말리기에
말리다,말리네
말리다,말리니
말리다,말리다
말리다,말리다가
말리다,말리다가는
말리다,말리다간
말리다,말리다니
말리다,말리다마다
말리다,말리더니
말리다,말리더니라
말리다,말리더라
말리다,말리더라니까
말리다,말리더라도
말리다,말리더라며
말리다,말리더라면
말리다,말리더라면서
말리다,말리더람
말리다,말리던
말리다,말리던가
말리다,말리던데
말리다,말리던지
말리다,말리데
말리다,말리데요
말리다,말리도다
말리다,말리되
말리다,말리든
말리다,말리든지
말리다,말리듯
말리다,말리듯이
말리다,말리죠
말리다,말리지마는
말리다,말리지만
말리다,말리지요
말리다,말린걸
말리다,말린들
말리다,말리나마
말리다,말리니까
말리다,말릴
말리다,말릴걸
말리다,말릴까
말리다,말릴는지
말리다,말릴라
말리다,말릴라고
말리다,말릴러니
말리다,말릴러라
말리다,말릴런고
말리다,말릴망정
말리다,말릴밖에
말리다,말릴뿐더러
말리다,말릴수록
말리다,말릴지라도
말리다,말리며
말리다,말리면
말리다,말리면서
말리다,말리세요
말리다,말리셔요
말리다,말리지
말리다,말리건대
말리다,말리나니
말리다,말리느라
말리다,말리느라고
말리다,말리는구나
말리다,말리는군
말리다,말리도록
말리다,말리자
말리다,말리자고
말리다,말리자꾸나
말리다,말리자느니
말리다,말리자니까
말리다,말리자마자
말리다,말리자며
말리다,말리자면
말리다,말리자면서
말리다,말린
말리다,말린다
말리다,말린다고
말리다,말린다나
말리다,말린다네
말리다,말린다느니
말리다,말린다니
말리다,말린다니까
말리다,말린다더라
말리다,말린다며
말리다,말린다면
말리다,말린다면서
말리다,말린답니까
말리다,말린답니다
말리다,말린답시고
말리다,말린대
말리다,말린대요
말리다,말릴거나
말리다,말릴게
말리다,말릴래
말리다,말리라고
말리다,말리러
말리다,말리려
말리다,말립시다
말리다,말리세
말리다,말리시라
말리다,말리십시다
말리다,말리십시오
말리다,말리고자
말리다,말리느냐
말리다,말리느냐고
말리다,말리느니
말리다,말리느니만
말리다,말리느니만큼
말리다,말리는
말리다,말리는걸
말리다,말리는데
말리다,말리는지
추다,추거나
추다,추거늘
추다,추거니
추다,추거든
추다,추건
추다,추것다
추다,추게
추다,추겠
추다,추고
추다,추고말고
추다,추기로
추다,추기로니
추다,추기로서
추다,추기로서니
추다,추기에
추다,추네
추다,추니
추다,추다
추다,추다가
추다,추다가는
추다,추다간
추다,추다니
추다,추다마다
추다,추더니
추다,추더니라
추다,추더라
추다,추더라니까
추다,추더라도
추다,추더라며
추다,추더라면
추다,추더라면서
추다,추더람
추다,추던
추다,추던가
추다,추던데
추다,추던지
추다,추데
추다,추데요
추다,추도다
추다,추되
추다,추든
추다,추든지
추다,추듯
추다,추듯이
추다,추죠
추다,추지마는
추다,추지만
추다,추지요
추다,춘걸
추다,춘들
추다,추나마
추다,추니까
추다,출
추다,출걸
추다,출까
추다,출는지
추다,출라
추다,출라고
추다,출러니
추다,출러라
추다,출런고
추다,출망정
추다,출밖에
추다,출뿐더러
추다,출수록
추다,출지라도
추다,추며
추다,추면
추다,추면서
추다,추세요
추다,추셔요
추다,추지
추다,추건대
추다,추나니
추다,추느라
추다,추느라고
추다,추는구나
추다,추는군
추다,추도록
추다,추자
추다,추자고
추다,추자꾸나
추다,추자느니
추다,추자니까
추다,추자마자
추다,추자며
추다,추자면
추다,추자면서
추다,춘
추다,춘다
추다,춘다고
추다,춘다나
추다,춘다네
추다,춘다느니
추다,춘다니
추다,춘다니까
추다,춘다더라
추다,춘다며
추다,춘다면
추다,춘다면서
추다,춘답니까
추다,춘답니다
추다,춘답시고
추다,춘대
추다,춘대요
추다,출거나
추다,출게
추다,출래
추다,추라고
추다,추러
추다,추려
추다,춥시다
추다,추세
추다,추시라
추다,추십시다
추다,추십시오
추다,추고자
추다,추느냐
추다,추느냐고
추다,추느니
추다,추느니만
추다,추느니만큼
추다,추는
추다,추는걸
추다,추는데
추다,추는지
거래하다,거래하거나
거래하다,거래하거늘
거래하다,거래하거니
거래하다,거래하거든
거래하다,거래하건
거래하다,거래하것다
거래하다,거래하게
거래하다,거래하겠
거래하다,거래하고
거래하다,거래하고말고
거래하다,거래하기로
거래하다,거래하기로니
거래하다,거래하기로서
거래하다,거래하기로서니
거래하다,거래하기에
거래하다,거래하네
거래하다,거래하니
거래하다,거래하다
거래하다,거래하다가
거래하다,거래하다가는
거래하다,거래하다간
거래하다,거래하다니
거래하다,거래하다마다
거래하다,거래하더니
거래하다,거래하더니라
거래하다,거래하더라
거래하다,거래하더라니까
거래하다,거래하더라도
거래하다,거래하더라며
거래하다,거래하더라면
거래하다,거래하더라면서
거래하다,거래하더람
거래하다,거래하던
거래하다,거래하던가
거래하다,거래하던데
거래하다,거래하던지
거래하다,거래하데
거래하다,거래하데요
거래하다,거래하도다
거래하다,거래하되
거래하다,거래하든
거래하다,거래하든지
거래하다,거래하듯
거래하다,거래하듯이
거래하다,거래하죠
거래하다,거래하지마는
거래하다,거래하지만
거래하다,거래하지요
거래하다,거래한걸
거래하다,거래한들
거래하다,거래하나마
거래하다,거래하니까
거래하다,거래할
거래하다,거래할걸
거래하다,거래할까
거래하다,거래할는지
거래하다,거래할라
거래하다,거래할라고
거래하다,거래할러니
거래하다,거래할러라
거래하다,거래할런고
거래하다,거래할망정
거래하다,거래할밖에
거래하다,거래할뿐더러
거래하다,거래할수록
거래하다,거래할지라도
거래하다,거래하며
거래하다,거래하면
거래하다,거래하면서
거래하다,거래하세요
거래하다,거래하셔요
거래하다,거래하지
거래하다,거래하건대
거래하다,거래하나니
거래하다,거래하느라
거래하다,거래하느라고
거래하다,거래하는구나
거래하다,거래하는군
거래하다,거래하도록
거래하다,거래하자
거래하다,거래하자고
거래하다,거래하자꾸나
거래하다,거래하자느니
거래하다,거래하자니까
거래하다,거래하자마자
거래하다,거래하자며
거래하다,거래하자면
거래하다,거래하자면서
거래하다,거래한
거래하다,거래한다
거래하다,거래한다고
거래하다,거래한다나
거래하다,거래한다네
거래하다,거래한다느니
거래하다,거래한다니
거래하다,거래한다니까
거래하다,거래한다더라
거래하다,거래한다며
거래하다,거래한다면
거래하다,거래한다면서
거래하다,거래한답니까
거래하다,거래한답니다
거래하다,거래한답시고
거래하다,거래한대
거래하다,거래한대요
거래하다,거래할거나
거래하다,거래할게
거래하다,거래할래
거래하다,거래하라고
거래하다,거래하러
거래하다,거래하려
거래하다,거래합시다
거래하다,거래하세
거래하다,거래하시라
거래하다,거래하십시다
거래하다,거래하십시오
거래하다,거래하고자
거래하다,거래하느냐
거래하다,거래하느냐고
거래하다,거래하느니
거래하다,거래하느니만
거래하다,거래하느니만큼
거래하다,거래하는
거래하다,거래하는걸
거래하다,거래하는데
거래하다,거래하는지
돌리다,돌리거나
돌리다,돌리거늘
돌리다,돌리거니
돌리다,돌리거든
돌리다,돌리건
돌리다,돌리것다
돌리다,돌리게
돌리다,돌리겠
돌리다,돌리고
돌리다,돌리고말고
돌리다,돌리기로
돌리다,돌리기로니
돌리다,돌리기로서
돌리다,돌리기로서니
돌리다,돌리기에
돌리다,돌리네
돌리다,돌리니
돌리다,돌리다
돌리다,돌리다가
돌리다,돌리다가는
돌리다,돌리다간
돌리다,돌리다니
돌리다,돌리다마다
돌리다,돌리더니
돌리다,돌리더니라
돌리다,돌리더라
돌리다,돌리더라니까
돌리다,돌리더라도
돌리다,돌리더라며
돌리다,돌리더라면
돌리다,돌리더라면서
돌리다,돌리더람
돌리다,돌리던
돌리다,돌리던가
돌리다,돌리던데
돌리다,돌리던지
돌리다,돌리데
돌리다,돌리데요
돌리다,돌리도다
돌리다,돌리되
돌리다,돌리든
돌리다,돌리든지
돌리다,돌리듯
돌리다,돌리듯이
돌리다,돌리죠
돌리다,돌리지마는
돌리다,돌리지만
돌리다,돌리지요
돌리다,돌린걸
돌리다,돌린들
돌리다,돌리나마
돌리다,돌리니까
돌리다,돌릴
돌리다,돌릴걸
돌리다,돌릴까
돌리다,돌릴는지
돌리다,돌릴라
돌리다,돌릴라고
돌리다,돌릴러니
돌리다,돌릴러라
돌리다,돌릴런고
돌리다,돌릴망정
돌리다,돌릴밖에
돌리다,돌릴뿐더러
돌리다,돌릴수록
돌리다,돌릴지라도
돌리다,돌리며
돌리다,돌리면
돌리다,돌리면서
돌리다,돌리세요
돌리다,돌리셔요
돌리다,돌리지
돌리다,돌리건대
돌리다,돌리나니
돌리다,돌리느라
돌리다,돌리느라고
돌리다,돌리는구나
돌리다,돌리는군
돌리다,돌리도록
돌리다,돌리자
돌리다,돌리자고
돌리다,돌리자꾸나
돌리다,돌리자느니
돌리다,돌리자니까
돌리다,돌리자마자
돌리다,돌리자며
돌리다,돌리자면
돌리다,돌리자면서
돌리다,돌린
돌리다,돌린다
돌리다,돌린다고
돌리다,돌린다나
돌리다,돌린다네
돌리다,돌린다느니
돌리다,돌린다니
돌리다,돌린다니까
돌리다,돌린다더라
돌리다,돌린다며
돌리다,돌린다면
돌리다,돌린다면서
돌리다,돌린답니까
돌리다,돌린답니다
돌리다,돌린답시고
돌리다,돌린대
돌리다,돌린대요
돌리다,돌릴거나
돌리다,돌릴게
돌리다,돌릴래
돌리다,돌리라고
돌리다,돌리러
돌리다,돌리려
돌리다,돌립시다
돌리다,돌리세
돌리다,돌리시라
돌리다,돌리십시다
돌리다,돌리십시오
돌리다,돌리고자
돌리다,돌리느냐
돌리다,돌리느냐고
돌리다,돌리느니
돌리다,돌리느니만
돌리다,돌리느니만큼
돌리다,돌리는
돌리다,돌리는걸
돌리다,돌리는데
돌리다,돌리는지
결정하다,결정하거나
결정하다,결정하거늘
결정하다,결정하거니
결정하다,결정하거든
결정하다,결정하건
결정하다,결정하것다
결정하다,결정하게
결정하다,결정하겠
결정하다,결정하고
결정하다,결정하고말고
결정하다,결정하기로
결정하다,결정하기로니
결정하다,결정하기로서
결정하다,결정하기로서니
결정하다,결정하기에
결정하다,결정하네
결정하다,결정하니
결정하다,결정하다
결정하다,결정하다가
결정하다,결정하다가는
결정하다,결정하다간
결정하다,결정하다니
결정하다,결정하다마다
결정하다,결정하더니
결정하다,결정하더니라
결정하다,결정하더라
결정하다,결정하더라니까
결정하다,결정하더라도
결정하다,결정하더라며
결정하다,결정하더라면
결정하다,결정하더라면서
결정하다,결정하더람
결정하다,결정하던
결정하다,결정하던가
결정하다,결정하던데
결정하다,결정하던지
결정하다,결정하데
결정하다,결정하데요
결정하다,결정하도다
결정하다,결정하되
결정하다,결정하든
결정하다,결정하든지
결정하다,결정하듯
결정하다,결정하듯이
결정하다,결정하죠
결정하다,결정하지마는
결정하다,결정하지만
결정하다,결정하지요
결정하다,결정한걸
결정하다,결정한들
결정하다,결정하나마
결정하다,결정하니까
결정하다,결정할
결정하다,결정할걸
결정하다,결정할까
결정하다,결정할는지
결정하다,결정할라
결정하다,결정할라고
결정하다,결정할러니
결정하다,결정할러라
결정하다,결정할런고
결정하다,결정할망정
결정하다,결정할밖에
결정하다,결정할뿐더러
결정하다,결정할수록
결정하다,결정할지라도
결정하다,결정하며
결정하다,결정하면
결정하다,결정하면서
결정하다,결정하세요
결정하다,결정하셔요
결정하다,결정하지
결정하다,결정하건대
결정하다,결정하나니
결정하다,결정하느라
결정하다,결정하느라고
결정하다,결정하는구나
결정하다,결정하는군
결정하다,결정하도록
결정하다,결정하자
결정하다,결정하자고
결정하다,결정하자꾸나
결정하다,결정하자느니
결정하다,결정하자니까
결정하다,결정하자마자
결정하다,결정하자며
결정하다,결정하자면
결정하다,결정하자면서
결정하다,결정한
결정하다,결정한다
결정하다,결정한다고
결정하다,결정한다나
결정하다,결정한다네
결정하다,결정한다느니
결정하다,결정한다니
결정하다,결정한다니까
결정하다,결정한다더라
결정하다,결정한다며
결정하다,결정한다면
결정하다,결정한다면서
결정하다,결정한답니까
결정하다,결정한답니다
결정하다,결정한답시고
결정하다,결정한대
결정하다,결정한대요
결정하다,결정할거나
결정하다,결정할게
결정하다,결정할래
결정하다,결정하라고
결정하다,결정하러
결정하다,결정하려
결정하다,결정합시다
결정하다,결정하세
결정하다,결정하시라
결정하다,결정하십시다
결정하다,결정하십시오
결정하다,결정하고자
결정하다,결정하느냐
결정하다,결정하느냐고
결정하다,결정하느니
결정하다,결정하느니만
결정하다,결정하느니만큼
결정하다,결정하는
결정하다,결정하는걸
결정하다,결정하는데
결정하다,결정하는지
미루다,미루거나
미루다,미루거늘
미루다,미루거니
미루다,미루거든
미루다,미루건
미루다,미루것다
미루다,미루게
미루다,미루겠
미루다,미루고
미루다,미루고말고
미루다,미루기로
미루다,미루기로니
미루다,미루기로서
미루다,미루기로서니
미루다,미루기에
미루다,미루네
미루다,미루니
미루다,미루다
미루다,미루다가
미루다,미루다가는
미루다,미루다간
미루다,미루다니
미루다,미루다마다
미루다,미루더니
미루다,미루더니라
미루다,미루더라
미루다,미루더라니까
미루다,미루더라도
미루다,미루더라며
미루다,미루더라면
미루다,미루더라면서
미루다,미루더람
미루다,미루던
미루다,미루던가
미루다,미루던데
미루다,미루던지
미루다,미루데
미루다,미루데요
미루다,미루도다
미루다,미루되
미루다,미루든
미루다,미루든지
미루다,미루듯
미루다,미루듯이
미루다,미루죠
미루다,미루지마는
미루다,미루지만
미루다,미루지요
미루다,미룬걸
미루다,미룬들
미루다,미루나마
미루다,미루니까
미루다,미룰
미루다,미룰걸
미루다,미룰까
미루다,미룰는지
미루다,미룰라
미루다,미룰라고
미루다,미룰러니
미루다,미룰러라
미루다,미룰런고
미루다,미룰망정
미루다,미룰밖에
미루다,미룰뿐더러
미루다,미룰수록
미루다,미룰지라도
미루다,미루며
미루다,미루면
미루다,미루면서
미루다,미루세요
미루다,미루셔요
미루다,미루지
미루다,미루건대
미루다,미루나니
미루다,미루느라
미루다,미루느라고
미루다,미루는구나
미루다,미루는군
미루다,미루도록
미루다,미루자
미루다,미루자고
미루다,미루자꾸나
미루다,미루자느니
미루다,미루자니까
미루다,미루자마자
미루다,미루자며
미루다,미루자면
미루다,미루자면서
미루다,미룬
미루다,미룬다
미루다,미룬다고
미루다,미룬다나
미루다,미룬다네
미루다,미룬다느니
미루다,미룬다니
미루다,미룬다니까
미루다,미룬다더라
미루다,미룬다며
미루다,미룬다면
미루다,미룬다면서
미루다,미룬답니까
미루다,미룬답니다
미루다,미룬답시고
미루다,미룬대
미루다,미룬대요
미루다,미룰거나
미루다,미룰게
미루다,미룰래
미루다,미루라고
미루다,미루러
미루다,미루려
미루다,미룹시다
미루다,미루세
미루다,미루시라
미루다,미루십시다
미루다,미루십시오
미루다,미루고자
미루다,미루느냐
미루다,미루느냐고
미루다,미루느니
미루다,미루느니만
미루다,미루느니만큼
미루다,미루는
미루다,미루는걸
미루다,미루는데
미루다,미루는지
연기하다,연기하거나
연기하다,연기하거늘
연기하다,연기하거니
연기하다,연기하거든
연기하다,연기하건
연기하다,연기하것다
연기하다,연기하게
연기하다,연기하겠
연기하다,연기하고
연기하다,연기하고말고
연기하다,연기하기로
연기하다,연기하기로니
연기하다,연기하기로서
연기하다,연기하기로서니
연기하다,연기하기에
연기하다,연기하네
연기하다,연기하니
연기하다,연기하다
연기하다,연기하다가
연기하다,연기하다가는
연기하다,연기하다간
연기하다,연기하다니
연기하다,연기하다마다
연기하다,연기하더니
연기하다,연기하더니라
연기하다,연기하더라
연기하다,연기하더라니까
연기하다,연기하더라도
연기하다,연기하더라며
연기하다,연기하더라면
연기하다,연기하더라면서
연기하다,연기하더람
연기하다,연기하던
연기하다,연기하던가
연기하다,연기하던데
연기하다,연기하던지
연기하다,연기하데
연기하다,연기하데요
연기하다,연기하도다
연기하다,연기하되
연기하다,연기하든
연기하다,연기하든지
연기하다,연기하듯
연기하다,연기하듯이
연기하다,연기하죠
연기하다,연기하지마는
연기하다,연기하지만
연기하다,연기하지요
연기하다,연기한걸
연기하다,연기한들
연기하다,연기하나마
연기하다,연기하니까
연기하다,연기할
연기하다,연기할걸
연기하다,연기할까
연기하다,연기할는지
연기하다,연기할라
연기하다,연기할라고
연기하다,연기할러니
연기하다,연기할러라
연기하다,연기할런고
연기하다,연기할망정
연기하다,연기할밖에
연기하다,연기할뿐더러
연기하다,연기할수록
연기하다,연기할지라도
연기하다,연기하며
연기하다,연기하면
연기하다,연기하면서
연기하다,연기하세요
연기하다,연기하셔요
연기하다,연기하지
연기하다,연기하건대
연기하다,연기하나니
연기하다,연기하느라
연기하다,연기하느라고
연기하다,연기하는구나
연기하다,연기하는군
연기하다,연기하도록
연기하다,연기하자
연기하다,연기하자고
연기하다,연기하자꾸나
연기하다,연기하자느니
연기하다,연기하자니까
연기하다,연기하자마자
연기하다,연기하자며
연기하다,연기하자면
연기하다,연기하자면서
연기하다,연기한
연기하다,연기한다
연기하다,연기한다고
연기하다,연기한다나
연기하다,연기한다네
연기하다,연기한다느니
연기하다,연기한다니
연기하다,연기한다니까
연기하다,연기한다더라
연기하다,연기한다며
연기하다,연기한다면
연기하다,연기한다면서
연기하다,연기한답니까
연기하다,연기한답니다
연기하다,연기한답시고
연기하다,연기한대
연기하다,연기한대요
연기하다,연기할거나
연기하다,연기할게
연기하다,연기할래
연기하다,연기하라고
연기하다,연기하러
연기하다,연기하려
연기하다,연기합시다
연기하다,연기하세
연기하다,연기하시라
연기하다,연기하십시다
연기하다,연기하십시오
연기하다,연기하고자
연기하다,연기하느냐
연기하다,연기하느냐고
연기하다,연기하느니
연기하다,연기하느니만
연기하다,연기하느니만큼
연기하다,연기하는
연기하다,연기하는걸
연기하다,연기하는데
연기하다,연기하는지
요구하다,요구하거나
요구하다,요구하거늘
요구하다,요구하거니
요구하다,요구하거든
요구하다,요구하건
요구하다,요구하것다
요구하다,요구하게
요구하다,요구하겠
요구하다,요구하고
요구하다,요구하고말고
요구하다,요구하기로
요구하다,요구하기로니
요구하다,요구하기로서
요구하다,요구하기로서니
요구하다,요구하기에
요구하다,요구하네
요구하다,요구하니
요구하다,요구하다
요구하다,요구하다가
요구하다,요구하다가는
요구하다,요구하다간
요구하다,요구하다니
요구하다,요구하다마다
요구하다,요구하더니
요구하다,요구하더니라
요구하다,요구하더라
요구하다,요구하더라니까
요구하다,요구하더라도
요구하다,요구하더라며
요구하다,요구하더라면
요구하다,요구하더라면서
요구하다,요구하더람
요구하다,요구하던
요구하다,요구하던가
요구하다,요구하던데
요구하다,요구하던지
요구하다,요구하데
요구하다,요구하데요
요구하다,요구하도다
요구하다,요구하되
요구하다,요구하든
요구하다,요구하든지
요구하다,요구하듯
요구하다,요구하듯이
요구하다,요구하죠
요구하다,요구하지마는
요구하다,요구하지만
요구하다,요구하지요
요구하다,요구한걸
요구하다,요구한들
요구하다,요구하나마
요구하다,요구하니까
요구하다,요구할
요구하다,요구할걸
요구하다,요구할까
요구하다,요구할는지
요구하다,요구할라
요구하다,요구할라고
요구하다,요구할러니
요구하다,요구할러라
요구하다,요구할런고
요구하다,요구할망정
요구하다,요구할밖에
요구하다,요구할뿐더러
요구하다,요구할수록
요구하다,요구할지라도
요구하다,요구하며
요구하다,요구하면
요구하다,요구하면서
요구하다,요구하세요
요구하다,요구하셔요
요구하다,요구하지
요구하다,요구하건대
요구하다,요구하나니
요구하다,요구하느라
요구하다,요구하느라고
요구하다,요구하는구나
요구하다,요구하는군
요구하다,요구하도록
요구하다,요구하자
요구하다,요구하자고
요구하다,요구하자꾸나
요구하다,요구하자느니
요구하다,요구하자니까
요구하다,요구하자마자
요구하다,요구하자며
요구하다,요구하자면
요구하다,요구하자면서
요구하다,요구한
요구하다,요구한다
요구하다,요구한다고
요구하다,요구한다나
요구하다,요구한다네
요구하다,요구한다느니
요구하다,요구한다니
요구하다,요구한다니까
요구하다,요구한다더라
요구하다,요구한다며
요구하다,요구한다면
요구하다,요구한다면서
요구하다,요구한답니까
요구하다,요구한답니다
요구하다,요구한답시고
요구하다,요구한대
요구하다,요구한대요
요구하다,요구할거나
요구하다,요구할게
요구하다,요구할래
요구하다,요구하라고
요구하다,요구하러
요구하다,요구하려
요구하다,요구합시다
요구하다,요구하세
요구하다,요구하시라
요구하다,요구하십시다
요구하다,요구하십시오
요구하다,요구하고자
요구하다,요구하느냐
요구하다,요구하느냐고
요구하다,요구하느니
요구하다,요구하느니만
요구하다,요구하느니만큼
요구하다,요구하는
요구하다,요구하는걸
요구하다,요구하는데
요구하다,요구하는지
거부하다,거부하거나
거부하다,거부하거늘
거부하다,거부하거니
거부하다,거부하거든
거부하다,거부하건
거부하다,거부하것다
거부하다,거부하게
거부하다,거부하겠
거부하다,거부하고
거부하다,거부하고말고
거부하다,거부하기로
거부하다,거부하기로니
거부하다,거부하기로서
거부하다,거부하기로서니
거부하다,거부하기에
거부하다,거부하네
거부하다,거부하니
거부하다,거부하다
거부하다,거부하다가
거부하다,거부하다가는
거부하다,거부하다간
거부하다,거부하다니
거부하다,거부하다마다
거부하다,거부하더니
거부하다,거부하더니라
거부하다,거부하더라
거부하다,거부하더라니까
거부하다,거부하더라도
거부하다,거부하더라며
거부하다,거부하더라면
거부하다,거부하더라면서
거부하다,거부하더람
거부하다,거부하던
거부하다,거부하던가
거부하다,거부하던데
거부하다,거부하던지
거부하다,거부하데
거부하다,거부하데요
거부하다,거부하도다
거부하다,거부하되
거부하다,거부하든
거부하다,거부하든지
거부하다,거부하듯
거부하다,거부하듯이
거부하다,거부하죠
거부하다,거부하지마는
거부하다,거부하지만
거부하다,거부하지요
거부하다,거부한걸
거부하다,거부한들
거부하다,거부하나마
거부하다,거부하니까
거부하다,거부할
거부하다,거부할걸
거부하다,거부할까
거부하다,거부할는지
거부하다,거부할라
거부하다,거부할라고
거부하다,거부할러니
거부하다,거부할러라
거부하다,거부할런고
거부하다,거부할망정
거부하다,거부할밖에
거부하다,거부할뿐더러
거부하다,거부할수록
거부하다,거부할지라도
거부하다,거부하며
거부하다,거부하면
거부하다,거부하면서
거부하다,거부하세요
거부하다,거부하셔요
거부하다,거부하지
거부하다,거부하건대
거부하다,거부하나니
거부하다,거부하느라
거부하다,거부하느라고
거부하다,거부하는구나
거부하다,거부하는군
거부하다,거부하도록
거부하다,거부하자
거부하다,거부하자고
거부하다,거부하자꾸나
거부하다,거부하자느니
거부하다,거부하자니까
거부하다,거부하자마자
거부하다,거부하자며
거부하다,거부하자면
거부하다,거부하자면서
거부하다,거부한
거부하다,거부한다
거부하다,거부한다고
거부하다,거부한다나
거부하다,거부한다네
거부하다,거부한다느니
거부하다,거부한다니
거부하다,거부한다니까
거부하다,거부한다더라
거부하다,거부한다며
거부하다,거부한다면
거부하다,거부한다면서
거부하다,거부한답니까
거부하다,거부한답니다
거부하다,거부한답시고
거부하다,거부한대
거부하다,거부한대요
거부하다,거부할거나
거부하다,거부할게
거부하다,거부할래
거부하다,거부하라고
거부하다,거부하러
거부하다,거부하려
거부하다,거부합시다
거부하다,거부하세
거부하다,거부하시라
거부하다,거부하십시다
거부하다,거부하십시오
거부하다,거부하고자
거부하다,거부하느냐
거부하다,거부하느냐고
거부하다,거부하느니
거부하다,거부하느니만
거부하다,거부하느니만큼
거부하다,거부하는
거부하다,거부하는걸
거부하다,거부하는데
거부하다,거부하는지
신뢰하다,신뢰하거나
신뢰하다,신뢰하거늘
신뢰하다,신뢰하거니
신뢰하다,신뢰하거든
신뢰하다,신뢰하건
신뢰하다,신뢰하것다
신뢰하다,신뢰하게
신뢰하다,신뢰하겠
신뢰하다,신뢰하고
신뢰하다,신뢰하고말고
신뢰하다,신뢰하기로
신뢰하다,신뢰하기로니
신뢰하다,신뢰하기로서
신뢰하다,신뢰하기로서니
신뢰하다,신뢰하기에
신뢰하다,신뢰하네
신뢰하다,신뢰하니
신뢰하다,신뢰하다
신뢰하다,신뢰하다가
신뢰하다,신뢰하다가는
신뢰하다,신뢰하다간
신뢰하다,신뢰하다니
신뢰하다,신뢰하다마다
신뢰하다,신뢰하더니
신뢰하다,신뢰하더니라
신뢰하다,신뢰하더라
신뢰하다,신뢰하더라니까
신뢰하다,신뢰하더라도
신뢰하다,신뢰하더라며
신뢰하다,신뢰하더라면
신뢰하다,신뢰하더라면서
신뢰하다,신뢰하더람
신뢰하다,신뢰하던
신뢰하다,신뢰하던가
신뢰하다,신뢰하던데
신뢰하다,신뢰하던지
신뢰하다,신뢰하데
신뢰하다,신뢰하데요
신뢰하다,신뢰하도다
신뢰하다,신뢰하되
신뢰하다,신뢰하든
신뢰하다,신뢰하든지
신뢰하다,신뢰하듯
신뢰하다,신뢰하듯이
신뢰하다,신뢰하죠
신뢰하다,신뢰하지마는
신뢰하다,신뢰하지만
신뢰하다,신뢰하지요
신뢰하다,신뢰한걸
신뢰하다,신뢰한들
신뢰하다,신뢰하나마
신뢰하다,신뢰하니까
신뢰하다,신뢰할
신뢰하다,신뢰할걸
신뢰하다,신뢰할까
신뢰하다,신뢰할는지
신뢰하다,신뢰할라
신뢰하다,신뢰할라고
신뢰하다,신뢰할러니
신뢰하다,신뢰할러라
신뢰하다,신뢰할런고
신뢰하다,신뢰할망정
신뢰하다,신뢰할밖에
신뢰하다,신뢰할뿐더러
신뢰하다,신뢰할수록
신뢰하다,신뢰할지라도
신뢰하다,신뢰하며
신뢰하다,신뢰하면
신뢰하다,신뢰하면서
신뢰하다,신뢰하세요
신뢰하다,신뢰하셔요
신뢰하다,신뢰하지
신뢰하다,신뢰하건대
신뢰하다,신뢰하나니
신뢰하다,신뢰하느라
신뢰하다,신뢰하느라고
신뢰하다,신뢰하는구나
신뢰하다,신뢰하는군
신뢰하다,신뢰하도록
신뢰하다,신뢰하자
신뢰하다,신뢰하자고
신뢰하다,신뢰하자꾸나
신뢰하다,신뢰하자느니
신뢰하다,신뢰하자니까
신뢰하다,신뢰하자마자
신뢰하다,신뢰하자며
신뢰하다,신뢰하자면
신뢰하다,신뢰하자면서
신뢰하다,신뢰한
신뢰하다,신뢰한다
신뢰하다,신뢰한다고
신뢰하다,신뢰한다나
신뢰하다,신뢰한다네
신뢰하다,신뢰한다느니
신뢰하다,신뢰한다니
신뢰하다,신뢰한다니까
신뢰하다,신뢰한다더라
신뢰하다,신뢰한다며
신뢰하다,신뢰한다면
신뢰하다,신뢰한다면서
신뢰하다,신뢰한답니까
신뢰하다,신뢰한답니다
신뢰하다,신뢰한답시고
신뢰하다,신뢰한대
신뢰하다,신뢰한대요
신뢰하다,신뢰할거나
신뢰하다,신뢰할게
신뢰하다,신뢰할래
신뢰하다,신뢰하라고
신뢰하다,신뢰하러
신뢰하다,신뢰하려
신뢰하다,신뢰합시다
신뢰하다,신뢰하세
신뢰하다,신뢰하시라
신뢰하다,신뢰하십시다
신뢰하다,신뢰하십시오
신뢰하다,신뢰하고자
신뢰하다,신뢰하느냐
신뢰하다,신뢰하느냐고
신뢰하다,신뢰하느니
신뢰하다,신뢰하느니만
신뢰하다,신뢰하느니만큼
신뢰하다,신뢰하는
신뢰하다,신뢰하는걸
신뢰하다,신뢰하는데
신뢰하다,신뢰하는지
의존하다,의존하거나
의존하다,의존하거늘
의존하다,의존하거니
의존하다,의존하거든
의존하다,의존하건
의존하다,의존하것다
의존하다,의존하게
의존하다,의존하겠
의존하다,의존하고
의존하다,의존하고말고
의존하다,의존하기로
의존하다,의존하기로니
의존하다,의존하기로서
의존하다,의존하기로서니
의존하다,의존하기에
의존하다,의존하네
의존하다,의존하니
의존하다,의존하다
의존하다,의존하다가
의존하다,의존하다가는
의존하다,의존하다간
의존하다,의존하다니
의존하다,의존하다마다
의존하다,의존하더니
의존하다,의존하더니라
의존하다,의존하더라
의존하다,의존하더라니까
의존하다,의존하더라도
의존하다,의존하더라며
의존하다,의존하더라면
의존하다,의존하더라면서
의존하다,의존하더람
의존하다,의존하던
의존하다,의존하던가
의존하다,의존하던데
의존하다,의존하던지
의존하다,의존하데
의존하다,의존하데요
의존하다,의존하도다
의존하다,의존하되
의존하다,의존하든
의존하다,의존하든지
의존하다,의존하듯
의존하다,의존하듯이
의존하다,의존하죠
의존하다,의존하지마는
의존하다,의존하지만
의존하다,의존하지요
의존하다,의존한걸
의존하다,의존한들
의존하다,의존하나마
의존하다,의존하니까
의존하다,의존할
의존하다,의존할걸
의존하다,의존할까
의존하다,의존할는지
의존하다,의존할라
의존하다,의존할라고
의존하다,의존할러니
의존하다,의존할러라
의존하다,의존할런고
의존하다,의존할망정
의존하다,의존할밖에
의존하다,의존할뿐더러
의존하다,의존할수록
의존하다,의존할지라도
의존하다,의존하며
의존하다,의존하면
의존하다,의존하면서
의존하다,의존하세요
의존하다,의존하셔요
의존하다,의존하지
의존하다,의존하건대
의존하다,의존하나니
의존하다,의존하느라
의존하다,의존하느라고
의존하다,의존하는구나
의존하다,의존하는군
의존하다,의존하도록
의존하다,의존하자
의존하다,의존하자고
의존하다,의존하자꾸나
의존하다,의존하자느니
의존하다,의존하자니까
의존하다,의존하자마자
의존하다,의존하자며
의존하다,의존하자면
의존하다,의존하자면서
의존하다,의존한
의존하다,의존한다
의존하다,의존한다고
의존하다,의존한다나
의존하다,의존한다네
의존하다,의존한다느니
의존하다,의존한다니
의존하다,의존한다니까
의존하다,의존한다더라
의존하다,의존한다며
의존하다,의존한다면
의존하다,의존한다면서
의존하다,의존한답니까
의존하다,의존한답니다
의존하다,의존한답시고
의존하다,의존한대
의존하다,의존한대요
의존하다,의존할거나
의존하다,의존할게
의존하다,의존할래
의존하다,의존하라고
의존하다,의존하러
의존하다,의존하려
의존하다,의존합시다
의존하다,의존하세
의존하다,의존하시라
의존하다,의존하십시다
의존하다,의존하십시오
의존하다,의존하고자
의존하다,의존하느냐
의존하다,의존하느냐고
의존하다,의존하느니
의존하다,의존하느니만
의존하다,의존하느니만큼
의존하다,의존하는
의존하다,의존하는걸
의존하다,의존하는데
의존하다,의존하는지
묘사하다,묘사하거나
묘사하다,묘사하거늘
묘사하다,묘사하거니
묘사하다,묘사하거든
묘사하다,묘사하건
묘사하다,묘사하것다
묘사하다,묘사하게
묘사하다,묘사하겠
묘사하다,묘사하고
묘사하다,묘사하고말고
묘사하다,묘사하기로
묘사하다,묘사하기로니
묘사하다,묘사하기로서
묘사하다,묘사하기로서니
묘사하다,묘사하기에
묘사하다,묘사하네
묘사하다,묘사하니
묘사하다,묘사하다
묘사하다,묘사하다가
묘사하다,묘사하다가는
묘사하다,묘사하다간
묘사하다,묘사하다니
묘사하다,묘사하다마다
묘사하다,묘사하더니
묘사하다,묘사하더니라
묘사하다,묘사하더라
묘사하다,묘사하더라니까
묘사하다,묘사하더라도
묘사하다,묘사하더라며
묘사하다,묘사하더라면
묘사하다,묘사하더라면서
묘사하다,묘사하더람
묘사하다,묘사하던
묘사하다,묘사하던가
묘사하다,묘사하던데
묘사하다,묘사하던지
묘사하다,묘사하데
묘사하다,묘사하데요
묘사하다,묘사하도다
묘사하다,묘사하되
묘사하다,묘사하든
묘사하다,묘사하든지
묘사하다,묘사하듯
묘사하다,묘사하듯이
묘사하다,묘사하죠
묘사하다,묘사하지마는
묘사하다,묘사하지만
묘사하다,묘사하지요
묘사하다,묘사한걸
묘사하다,묘사한들
묘사하다,묘사하나마
묘사하다,묘사하니까
묘사하다,묘사할
묘사하다,묘사할걸
묘사하다,묘사할까
묘사하다,묘사할는지
묘사하다,묘사할라
묘사하다,묘사할라고
묘사하다,묘사할러니
묘사하다,묘사할러라
묘사하다,묘사할런고
묘사하다,묘사할망정
묘사하다,묘사할밖에
묘사하다,묘사할뿐더러
묘사하다,묘사할수록
묘사하다,묘사할지라도
묘사하다,묘사하며
묘사하다,묘사하면
묘사하다,묘사하면서
묘사하다,묘사하세요
묘사하다,묘사하셔요
묘사하다,묘사하지
묘사하다,묘사하건대
묘사하다,묘사하나니
묘사하다,묘사하느라
묘사하다,묘사하느라고
묘사하다,묘사하는구나
묘사하다,묘사하는군
묘사하다,묘사하도록
묘사하다,묘사하자
묘사하다,묘사하자고
묘사하다,묘사하자꾸나
묘사하다,묘사하자느니
묘사하다,묘사하자니까
묘사하다,묘사하자마자
묘사하다,묘사하자며
묘사하다,묘사하자면
묘사하다,묘사하자면서
묘사하다,묘사한
묘사하다,묘사한다
묘사하다,묘사한다고
묘사하다,묘사한다나
묘사하다,묘사한다네
묘사하다,묘사한다느니
묘사하다,묘사한다니
묘사하다,묘사한다니까
묘사하다,묘사한다더라
묘사하다,묘사한다며
묘사하다,묘사한다면
묘사하다,묘사한다면서
묘사하다,묘사한답니까
묘사하다,묘사한답니다
묘사하다,묘사한답시고
묘사하다,묘사한대
묘사하다,묘사한대요
묘사하다,묘사할거나
묘사하다,묘사할게
묘사하다,묘사할래
묘사하다,묘사하라고
묘사하다,묘사하러
묘사하다,묘사하려
묘사하다,묘사합시다
묘사하다,묘사하세
묘사하다,묘사하시라
묘사하다,묘사하십시다
묘사하다,묘사하십시오
묘사하다,묘사하고자
묘사하다,묘사하느냐
묘사하다,묘사하느냐고
묘사하다,묘사하느니
묘사하다,묘사하느니만
묘사하다,묘사하느니만큼
묘사하다,묘사하는
묘사하다,묘사하는걸
묘사하다,묘사하는데
묘사하다,묘사하는지
말하다,말하거나
말하다,말하거늘
말하다,말하거니
말하다,말하거든
말하다,말하건
말하다,말하것다
말하다,말하게
말하다,말하겠
말하다,말하고
말하다,말하고말고
말하다,말하기로
말하다,말하기로니
말하다,말하기로서
말하다,말하기로서니
말하다,말하기에
말하다,말하네
말하다,말하니
말하다,말하다
말하다,말하다가
말하다,말하다가는
말하다,말하다간
말하다,말하다니
말하다,말하다마다
말하다,말하더니
말하다,말하더니라
말하다,말하더라
말하다,말하더라니까
말하다,말하더라도
말하다,말하더라며
말하다,말하더라면
말하다,말하더라면서
말하다,말하더람
말하다,말하던
말하다,말하던가
말하다,말하던데
말하다,말하던지
말하다,말하데
말하다,말하데요
말하다,말하도다
말하다,말하되
말하다,말하든
말하다,말하든지
말하다,말하듯
말하다,말하듯이
말하다,말하죠
말하다,말하지마는
말하다,말하지만
말하다,말하지요
말하다,말한걸
말하다,말한들
말하다,말하나마
말하다,말하니까
말하다,말할
말하다,말할걸
말하다,말할까
말하다,말할는지
말하다,말할라
말하다,말할라고
말하다,말할러니
말하다,말할러라
말하다,말할런고
말하다,말할망정
말하다,말할밖에
말하다,말할뿐더러
말하다,말할수록
말하다,말할지라도
말하다,말하며
말하다,말하면
말하다,말하면서
말하다,말하세요
말하다,말하셔요
말하다,말하지
말하다,말하건대
말하다,말하나니
말하다,말하느라
말하다,말하느라고
말하다,말하는구나
말하다,말하는군
말하다,말하도록
말하다,말하자
말하다,말하자고
말하다,말하자꾸나
말하다,말하자느니
말하다,말하자니까
말하다,말하자마자
말하다,말하자며
말하다,말하자면
말하다,말하자면서
말하다,말한
말하다,말한다
말하다,말한다고
말하다,말한다나
말하다,말한다네
말하다,말한다느니
말하다,말한다니
말하다,말한다니까
말하다,말한다더라
말하다,말한다며
말하다,말한다면
말하다,말한다면서
말하다,말한답니까
말하다,말한답니다
말하다,말한답시고
말하다,말한대
말하다,말한대요
말하다,말할거나
말하다,말할게
말하다,말할래
말하다,말하라고
말하다,말하러
말하다,말하려
말하다,말합시다
말하다,말하세
말하다,말하시라
말하다,말하십시다
말하다,말하십시오
말하다,말하고자
말하다,말하느냐
말하다,말하느냐고
말하다,말하느니
말하다,말하느니만
말하다,말하느니만큼
말하다,말하는
말하다,말하는걸
말하다,말하는데
말하다,말하는지
바라다,바라거나
바라다,바라거늘
바라다,바라거니
바라다,바라거든
바라다,바라건
바라다,바라것다
바라다,바라게
바라다,바라겠
바라다,바라고
바라다,바라고말고
바라다,바라기로
바라다,바라기로니
바라다,바라기로서
바라다,바라기로서니
바라다,바라기에
바라다,바라네
바라다,바라니
바라다,바라다
바라다,바라다가
바라다,바라다가는
바라다,바라다간
바라다,바라다니
바라다,바라다마다
바라다,바라더니
바라다,바라더니라
바라다,바라더라
바라다,바라더라니까
바라다,바라더라도
바라다,바라더라며
바라다,바라더라면
바라다,바라더라면서
바라다,바라더람
바라다,바라던
바라다,바라던가
바라다,바라던데
바라다,바라던지
바라다,바라데
바라다,바라데요
바라다,바라도다
바라다,바라되
바라다,바라든
바라다,바라든지
바라다,바라듯
바라다,바라듯이
바라다,바라죠
바라다,바라지마는
바라다,바라지만
바라다,바라지요
바라다,바란걸
바라다,바란들
바라다,바라나마
바라다,바라니까
바라다,바랄
바라다,바랄걸
바라다,바랄까
바라다,바랄는지
바라다,바랄라
바라다,바랄라고
바라다,바랄러니
바라다,바랄러라
바라다,바랄런고
바라다,바랄망정
바라다,바랄밖에
바라다,바랄뿐더러
바라다,바랄수록
바라다,바랄지라도
바라다,바라며
바라다,바라면
바라다,바라면서
바라다,바라세요
바라다,바라셔요
바라다,바라지
바라다,바라도
바라다,바라서
바라다,바라야
바라다,바라야만
바라다,바라야지
바라다,바라요
바라다,바라건대
바라다,바라나니
바라다,바라느라
바라다,바라느라고
바라다,바라는구나
바라다,바라는군
바라다,바라도록
바라다,바라자
바라다,바라자고
바라다,바라자꾸나
바라다,바라자느니
바라다,바라자니까
바라다,바라자마자
바라다,바라자며
바라다,바라자면
바라다,바라자면서
바라다,바란
바라다,바란다
바라다,바란다고
바라다,바란다나
바라다,바란다네
바라다,바란다느니
바라다,바란다니
바라다,바란다니까
바라다,바란다더라
바라다,바란다며
바라다,바란다면
바라다,바란다면서
바라다,바란답니까
바라다,바란답니다
바라다,바란답시고
바라다,바란대
바라다,바란대요
바라다,바랄거나
바라다,바랄게
바라다,바랄래
바라다,바라라고
바라다,바라러
바라다,바라려
바라다,바랍시다
바라다,바라세
바라다,바라시라
바라다,바라십시다
바라다,바라십시오
바라다,바라고자
바라다,바라느냐
바라다,바라느냐고
바라다,바라느니
바라다,바라느니만
바라다,바라느니만큼
바라다,바라는
바라다,바라는걸
바라다,바라는데
바라다,바라는지
원하다,원하거나
원하다,원하거늘
원하다,원하거니
원하다,원하거든
원하다,원하건
원하다,원하것다
원하다,원하게
원하다,원하겠
원하다,원하고
원하다,원하고말고
원하다,원하기로
원하다,원하기로니
원하다,원하기로서
원하다,원하기로서니
원하다,원하기에
원하다,원하네
원하다,원하니
원하다,원하다
원하다,원하다가
원하다,원하다가는
원하다,원하다간
원하다,원하다니
원하다,원하다마다
원하다,원하더니
원하다,원하더니라
원하다,원하더라
원하다,원하더라니까
원하다,원하더라도
원하다,원하더라며
원하다,원하더라면
원하다,원하더라면서
원하다,원하더람
원하다,원하던
원하다,원하던가
원하다,원하던데
원하다,원하던지
원하다,원하데
원하다,원하데요
원하다,원하도다
원하다,원하되
원하다,원하든
원하다,원하든지
원하다,원하듯
원하다,원하듯이
원하다,원하죠
원하다,원하지마는
원하다,원하지만
원하다,원하지요
원하다,원한걸
원하다,원한들
원하다,원하나마
원하다,원하니까
원하다,원할
원하다,원할걸
원하다,원할까
원하다,원할는지
원하다,원할라
원하다,원할라고
원하다,원할러니
원하다,원할러라
원하다,원할런고
원하다,원할망정
원하다,원할밖에
원하다,원할뿐더러
원하다,원할수록
원하다,원할지라도
원하다,원하며
원하다,원하면
원하다,원하면서
원하다,원하세요
원하다,원하셔요
원하다,원하지
원하다,원하건대
원하다,원하나니
원하다,원하느라
원하다,원하느라고
원하다,원하는구나
원하다,원하는군
원하다,원하도록
원하다,원하자
원하다,원하자고
원하다,원하자꾸나
원하다,원하자느니
원하다,원하자니까
원하다,원하자마자
원하다,원하자며
원하다,원하자면
원하다,원하자면서
원하다,원한
원하다,원한다
원하다,원한다고
원하다,원한다나
원하다,원한다네
원하다,원한다느니
원하다,원한다니
원하다,원한다니까
원하다,원한다더라
원하다,원한다며
원하다,원한다면
원하다,원한다면서
원하다,원한답니까
원하다,원한답니다
원하다,원한답시고
원하다,원한대
원하다,원한대요
원하다,원할거나
원하다,원할게
원하다,원할래
원하다,원하라고
원하다,원하러
원하다,원하려
원하다,원합시다
원하다,원하세
원하다,원하시라
원하다,원하십시다
원하다,원하십시오
원하다,원하고자
원하다,원하느냐
원하다,원하느냐고
원하다,원하느니
원하다,원하느니만
원하다,원하느니만큼
원하다,원하는
원하다,원하는걸
원하다,원하는데
원하다,원하는지
파괴하다,파괴하거나
파괴하다,파괴하거늘
파괴하다,파괴하거니
파괴하다,파괴하거든
파괴하다,파괴하건
파괴하다,파괴하것다
파괴하다,파괴하게
파괴하다,파괴하겠
파괴하다,파괴하고
파괴하다,파괴하고말고
파괴하다,파괴하기로
파괴하다,파괴하기로니
파괴하다,파괴하기로서
파괴하다,파괴하기로서니
파괴하다,파괴하기에
파괴하다,파괴하네
파괴하다,파괴하니
파괴하다,파괴하다
파괴하다,파괴하다가
파괴하다,파괴하다가는
파괴하다,파괴하다간
파괴하다,파괴하다니
파괴하다,파괴하다마다
파괴하다,파괴하더니
파괴하다,파괴하더니라
파괴하다,파괴하더라
파괴하다,파괴하더라니까
파괴하다,파괴하더라도
파괴하다,파괴하더라며
파괴하다,파괴하더라면
파괴하다,파괴하더라면서
파괴하다,파괴하더람
파괴하다,파괴하던
파괴하다,파괴하던가
파괴하다,파괴하던데
파괴하다,파괴하던지
파괴하다,파괴하데
파괴하다,파괴하데요
파괴하다,파괴하도다
파괴하다,파괴하되
파괴하다,파괴하든
파괴하다,파괴하든지
파괴하다,파괴하듯
파괴하다,파괴하듯이
파괴하다,파괴하죠
파괴하다,파괴하지마는
파괴하다,파괴하지만
파괴하다,파괴하지요
파괴하다,파괴한걸
파괴하다,파괴한들
파괴하다,파괴하나마
파괴하다,파괴하니까
파괴하다,파괴할
파괴하다,파괴할걸
파괴하다,파괴할까
파괴하다,파괴할는지
파괴하다,파괴할라
파괴하다,파괴할라고
파괴하다,파괴할러니
파괴하다,파괴할러라
파괴하다,파괴할런고
파괴하다,파괴할망정
파괴하다,파괴할밖에
파괴하다,파괴할뿐더러
파괴하다,파괴할수록
파괴하다,파괴할지라도
파괴하다,파괴하며
파괴하다,파괴하면
파괴하다,파괴하면서
파괴하다,파괴하세요
파괴하다,파괴하셔요
파괴하다,파괴하지
파괴하다,파괴하건대
파괴하다,파괴하나니
파괴하다,파괴하느라
파괴하다,파괴하느라고
파괴하다,파괴하는구나
파괴하다,파괴하는군
파괴하다,파괴하도록
파괴하다,파괴하자
파괴하다,파괴하자고
파괴하다,파괴하자꾸나
파괴하다,파괴하자느니
파괴하다,파괴하자니까
파괴하다,파괴하자마자
파괴하다,파괴하자며
파괴하다,파괴하자면
파괴하다,파괴하자면서
파괴하다,파괴한
파괴하다,파괴한다
파괴하다,파괴한다고
파괴하다,파괴한다나
파괴하다,파괴한다네
파괴하다,파괴한다느니
파괴하다,파괴한다니
파괴하다,파괴한다니까
파괴하다,파괴한다더라
파괴하다,파괴한다며
파괴하다,파괴한다면
파괴하다,파괴한다면서
파괴하다,파괴한답니까
파괴하다,파괴한답니다
파괴하다,파괴한답시고
파괴하다,파괴한대
파괴하다,파괴한대요
파괴하다,파괴할거나
파괴하다,파괴할게
파괴하다,파괴할래
파괴하다,파괴하라고
파괴하다,파괴하러
파괴하다,파괴하려
파괴하다,파괴합시다
파괴하다,파괴하세
파괴하다,파괴하시라
파괴하다,파괴하십시다
파괴하다,파괴하십시오
파괴하다,파괴하고자
파괴하다,파괴하느냐
파괴하다,파괴하느냐고
파괴하다,파괴하느니
파괴하다,파괴하느니만
파괴하다,파괴하느니만큼
파괴하다,파괴하는
파괴하다,파괴하는걸
파괴하다,파괴하는데
파괴하다,파괴하는지
말살하다,말살하거나
말살하다,말살하거늘
말살하다,말살하거니
말살하다,말살하거든
말살하다,말살하건
말살하다,말살하것다
말살하다,말살하게
말살하다,말살하겠
말살하다,말살하고
말살하다,말살하고말고
말살하다,말살하기로
말살하다,말살하기로니
말살하다,말살하기로서
말살하다,말살하기로서니
말살하다,말살하기에
말살하다,말살하네
말살하다,말살하니
말살하다,말살하다
말살하다,말살하다가
말살하다,말살하다가는
말살하다,말살하다간
말살하다,말살하다니
말살하다,말살하다마다
말살하다,말살하더니
말살하다,말살하더니라
말살하다,말살하더라
말살하다,말살하더라니까
말살하다,말살하더라도
말살하다,말살하더라며
말살하다,말살하더라면
말살하다,말살하더라면서
말살하다,말살하더람
말살하다,말살하던
말살하다,말살하던가
말살하다,말살하던데
말살하다,말살하던지
말살하다,말살하데
말살하다,말살하데요
말살하다,말살하도다
말살하다,말살하되
말살하다,말살하든
말살하다,말살하든지
말살하다,말살하듯
말살하다,말살하듯이
말살하다,말살하죠
말살하다,말살하지마는
말살하다,말살하지만
말살하다,말살하지요
말살하다,말살한걸
말살하다,말살한들
말살하다,말살하나마
말살하다,말살하니까
말살하다,말살할
말살하다,말살할걸
말살하다,말살할까
말살하다,말살할는지
말살하다,말살할라
말살하다,말살할라고
말살하다,말살할러니
말살하다,말살할러라
말살하다,말살할런고
말살하다,말살할망정
말살하다,말살할밖에
말살하다,말살할뿐더러
말살하다,말살할수록
말살하다,말살할지라도
말살하다,말살하며
말살하다,말살하면
말살하다,말살하면서
말살하다,말살하세요
말살하다,말살하셔요
말살하다,말살하지
말살하다,말살하건대
말살하다,말살하나니
말살하다,말살하느라
말살하다,말살하느라고
말살하다,말살하는구나
말살하다,말살하는군
말살하다,말살하도록
말살하다,말살하자
말살하다,말살하자고
말살하다,말살하자꾸나
말살하다,말살하자느니
말살하다,말살하자니까
말살하다,말살하자마자
말살하다,말살하자며
말살하다,말살하자면
말살하다,말살하자면서
말살하다,말살한
말살하다,말살한다
말살하다,말살한다고
말살하다,말살한다나
말살하다,말살한다네
말살하다,말살한다느니
말살하다,말살한다니
말살하다,말살한다니까
말살하다,말살한다더라
말살하다,말살한다며
말살하다,말살한다면
말살하다,말살한다면서
말살하다,말살한답니까
말살하다,말살한답니다
말살하다,말살한답시고
말살하다,말살한대
말살하다,말살한대요
말살하다,말살할거나
말살하다,말살할게
말살하다,말살할래
말살하다,말살하라고
말살하다,말살하러
말살하다,말살하려
말살하다,말살합시다
말살하다,말살하세
말살하다,말살하시라
말살하다,말살하십시다
말살하다,말살하십시오
말살하다,말살하고자
말살하다,말살하느냐
말살하다,말살하느냐고
말살하다,말살하느니
말살하다,말살하느니만
말살하다,말살하느니만큼
말살하다,말살하는
말살하다,말살하는걸
말살하다,말살하는데
말살하다,말살하는지
알아내다,알아내거나
알아내다,알아내거늘
알아내다,알아내거니
알아내다,알아내거든
알아내다,알아내건
알아내다,알아내것다
알아내다,알아내게
알아내다,알아내겠
알아내다,알아내고
알아내다,알아내고말고
알아내다,알아내기로
알아내다,알아내기로니
알아내다,알아내기로서
알아내다,알아내기로서니
알아내다,알아내기에
알아내다,알아내네
알아내다,알아내니
알아내다,알아내다
알아내다,알아내다가
알아내다,알아내다가는
알아내다,알아내다간
알아내다,알아내다니
알아내다,알아내다마다
알아내다,알아내더니
알아내다,알아내더니라
알아내다,알아내더라
알아내다,알아내더라니까
알아내다,알아내더라도
알아내다,알아내더라며
알아내다,알아내더라면
알아내다,알아내더라면서
알아내다,알아내더람
알아내다,알아내던
알아내다,알아내던가
알아내다,알아내던데
알아내다,알아내던지
알아내다,알아내데
알아내다,알아내데요
알아내다,알아내도다
알아내다,알아내되
알아내다,알아내든
알아내다,알아내든지
알아내다,알아내듯
알아내다,알아내듯이
알아내다,알아내죠
알아내다,알아내지마는
알아내다,알아내지만
알아내다,알아내지요
알아내다,알아낸걸
알아내다,알아낸들
알아내다,알아내나마
알아내다,알아내니까
알아내다,알아낼
알아내다,알아낼걸
알아내다,알아낼까
알아내다,알아낼는지
알아내다,알아낼라
알아내다,알아낼라고
알아내다,알아낼러니
알아내다,알아낼러라
알아내다,알아낼런고
알아내다,알아낼망정
알아내다,알아낼밖에
알아내다,알아낼뿐더러
알아내다,알아낼수록
알아내다,알아낼지라도
알아내다,알아내며
알아내다,알아내면
알아내다,알아내면서
알아내다,알아내세요
알아내다,알아내셔요
알아내다,알아내지
알아내다,알아내건대
알아내다,알아내나니
알아내다,알아내느라
알아내다,알아내느라고
알아내다,알아내는구나
알아내다,알아내는군
알아내다,알아내도록
알아내다,알아내자
알아내다,알아내자고
알아내다,알아내자꾸나
알아내다,알아내자느니
알아내다,알아내자니까
알아내다,알아내자마자
알아내다,알아내자며
알아내다,알아내자면
알아내다,알아내자면서
알아내다,알아낸
알아내다,알아낸다
알아내다,알아낸다고
알아내다,알아낸다나
알아내다,알아낸다네
알아내다,알아낸다느니
알아내다,알아낸다니
알아내다,알아낸다니까
알아내다,알아낸다더라
알아내다,알아낸다며
알아내다,알아낸다면
알아내다,알아낸다면서
알아내다,알아낸답니까
알아내다,알아낸답니다
알아내다,알아낸답시고
알아내다,알아낸대
알아내다,알아낸대요
알아내다,알아낼거나
알아내다,알아낼게
알아내다,알아낼래
알아내다,알아내라고
알아내다,알아내러
알아내다,알아내려
알아내다,알아냅시다
알아내다,알아내세
알아내다,알아내시라
알아내다,알아내십시다
알아내다,알아내십시오
알아내다,알아내고자
알아내다,알아내느냐
알아내다,알아내느냐고
알아내다,알아내느니
알아내다,알아내느니만
알아내다,알아내느니만큼
알아내다,알아내는
알아내다,알아내는걸
알아내다,알아내는데
알아내다,알아내는지
밝히다,밝히거나
밝히다,밝히거늘
밝히다,밝히거니
밝히다,밝히거든
밝히다,밝히건
밝히다,밝히것다
밝히다,밝히게
밝히다,밝히겠
밝히다,밝히고
밝히다,밝히고말고
밝히다,밝히기로
밝히다,밝히기로니
밝히다,밝히기로서
밝히다,밝히기로서니
밝히다,밝히기에
밝히다,밝히네
밝히다,밝히니
밝히다,밝히다
밝히다,밝히다가
밝히다,밝히다가는
밝히다,밝히다간
밝히다,밝히다니
밝히다,밝히다마다
밝히다,밝히더니
밝히다,밝히더니라
밝히다,밝히더라
밝히다,밝히더라니까
밝히다,밝히더라도
밝히다,밝히더라며
밝히다,밝히더라면
밝히다,밝히더라면서
밝히다,밝히더람
밝히다,밝히던
밝히다,밝히던가
밝히다,밝히던데
밝히다,밝히던지
밝히다,밝히데
밝히다,밝히데요
밝히다,밝히도다
밝히다,밝히되
밝히다,밝히든
밝히다,밝히든지
밝히다,밝히듯
밝히다,밝히듯이
밝히다,밝히죠
밝히다,밝히지마는
밝히다,밝히지만
밝히다,밝히지요
밝히다,밝힌걸
밝히다,밝힌들
밝히다,밝히나마
밝히다,밝히니까
밝히다,밝힐
밝히다,밝힐걸
밝히다,밝힐까
밝히다,밝힐는지
밝히다,밝힐라
밝히다,밝힐라고
밝히다,밝힐러니
밝히다,밝힐러라
밝히다,밝힐런고
밝히다,밝힐망정
밝히다,밝힐밖에
밝히다,밝힐뿐더러
밝히다,밝힐수록
밝히다,밝힐지라도
밝히다,밝히며
밝히다,밝히면
밝히다,밝히면서
밝히다,밝히세요
밝히다,밝히셔요
밝히다,밝히지
밝히다,밝히건대
밝히다,밝히나니
밝히다,밝히느라
밝히다,밝히느라고
밝히다,밝히는구나
밝히다,밝히는군
밝히다,밝히도록
밝히다,밝히자
밝히다,밝히자고
밝히다,밝히자꾸나
밝히다,밝히자느니
밝히다,밝히자니까
밝히다,밝히자마자
밝히다,밝히자며
밝히다,밝히자면
밝히다,밝히자면서
밝히다,밝힌
밝히다,밝힌다
밝히다,밝힌다고
밝히다,밝힌다나
밝히다,밝힌다네
밝히다,밝힌다느니
밝히다,밝힌다니
밝히다,밝힌다니까
밝히다,밝힌다더라
밝히다,밝힌다며
밝히다,밝힌다면
밝히다,밝힌다면서
밝히다,밝힌답니까
밝히다,밝힌답니다
밝히다,밝힌답시고
밝히다,밝힌대
밝히다,밝힌대요
밝히다,밝힐거나
밝히다,밝힐게
밝히다,밝힐래
밝히다,밝히라고
밝히다,밝히러
밝히다,밝히려
밝히다,밝힙시다
밝히다,밝히세
밝히다,밝히시라
밝히다,밝히십시다
밝히다,밝히십시오
밝히다,밝히고자
밝히다,밝히느냐
밝히다,밝히느냐고
밝히다,밝히느니
밝히다,밝히느니만
밝히다,밝히느니만큼
밝히다,밝히는
밝히다,밝히는걸
밝히다,밝히는데
밝히다,밝히는지
개발하다,개발하거나
개발하다,개발하거늘
개발하다,개발하거니
개발하다,개발하거든
개발하다,개발하건
개발하다,개발하것다
개발하다,개발하게
개발하다,개발하겠
개발하다,개발하고
개발하다,개발하고말고
개발하다,개발하기로
개발하다,개발하기로니
개발하다,개발하기로서
개발하다,개발하기로서니
개발하다,개발하기에
개발하다,개발하네
개발하다,개발하니
개발하다,개발하다
개발하다,개발하다가
개발하다,개발하다가는
개발하다,개발하다간
개발하다,개발하다니
개발하다,개발하다마다
개발하다,개발하더니
개발하다,개발하더니라
개발하다,개발하더라
개발하다,개발하더라니까
개발하다,개발하더라도
개발하다,개발하더라며
개발하다,개발하더라면
개발하다,개발하더라면서
개발하다,개발하더람
개발하다,개발하던
개발하다,개발하던가
개발하다,개발하던데
개발하다,개발하던지
개발하다,개발하데
개발하다,개발하데요
개발하다,개발하도다
개발하다,개발하되
개발하다,개발하든
개발하다,개발하든지
개발하다,개발하듯
개발하다,개발하듯이
개발하다,개발하죠
개발하다,개발하지마는
개발하다,개발하지만
개발하다,개발하지요
개발하다,개발한걸
개발하다,개발한들
개발하다,개발하나마
개발하다,개발하니까
개발하다,개발할
개발하다,개발할걸
개발하다,개발할까
개발하다,개발할는지
개발하다,개발할라
개발하다,개발할라고
개발하다,개발할러니
개발하다,개발할러라
개발하다,개발할런고
개발하다,개발할망정
개발하다,개발할밖에
개발하다,개발할뿐더러
개발하다,개발할수록
개발하다,개발할지라도
개발하다,개발하며
개발하다,개발하면
개발하다,개발하면서
개발하다,개발하세요
개발하다,개발하셔요
개발하다,개발하지
개발하다,개발하건대
개발하다,개발하나니
개발하다,개발하느라
개발하다,개발하느라고
개발하다,개발하는구나
개발하다,개발하는군
개발하다,개발하도록
개발하다,개발하자
개발하다,개발하자고
개발하다,개발하자꾸나
개발하다,개발하자느니
개발하다,개발하자니까
개발하다,개발하자마자
개발하다,개발하자며
개발하다,개발하자면
개발하다,개발하자면서
개발하다,개발한
개발하다,개발한다
개발하다,개발한다고
개발하다,개발한다나
개발하다,개발한다네
개발하다,개발한다느니
개발하다,개발한다니
개발하다,개발한다니까
개발하다,개발한다더라
개발하다,개발한다며
개발하다,개발한다면
개발하다,개발한다면서
개발하다,개발한답니까
개발하다,개발한답니다
개발하다,개발한답시고
개발하다,개발한대
개발하다,개발한대요
개발하다,개발할거나
개발하다,개발할게
개발하다,개발할래
개발하다,개발하라고
개발하다,개발하러
개발하다,개발하려
개발하다,개발합시다
개발하다,개발하세
개발하다,개발하시라
개발하다,개발하십시다
개발하다,개발하십시오
개발하다,개발하고자
개발하다,개발하느냐
개발하다,개발하느냐고
개발하다,개발하느니
개발하다,개발하느니만
개발하다,개발하느니만큼
개발하다,개발하는
개발하다,개발하는걸
개발하다,개발하는데
개발하다,개발하는지
다르다,다르거나
다르다,다르거늘
다르다,다르거니
다르다,다르거든
다르다,다르건
다르다,다르것다
다르다,다르게
다르다,다르겠
다르다,다르고
다르다,다르고말고
다르다,다르기로
다르다,다르기로니
다르다,다르기로서
다르다,다르기로서니
다르다,다르기에
다르다,다르네
다르다,다르니
다르다,다르다
다르다,다르다가
다르다,다르다가는
다르다,다르다간
다르다,다르다니
다르다,다르다마다
다르다,다르더니
다르다,다르더니라
다르다,다르더라
다르다,다르더라니까
다르다,다르더라도
다르다,다르더라며
다르다,다르더라면
다르다,다르더라면서
다르다,다르더람
다르다,다르던
다르다,다르던가
다르다,다르던데
다르다,다르던지
다르다,다르데
다르다,다르데요
다르다,다르도다
다르다,다르되
다르다,다르든
다르다,다르든지
다르다,다르듯
다르다,다르듯이
다르다,다르죠
다르다,다르지마는
다르다,다르지만
다르다,다르지요
다르다,다른걸
다르다,다른들
다르다,다르나마
다르다,다르니까
다르다,다를
다르다,다를걸
다르다,다를까
다르다,다를는지
다르다,다를라
다르다,다를라고
다르다,다를러니
다르다,다를러라
다르다,다를런고
다르다,다를망정
다르다,다를밖에
다르다,다를뿐더러
다르다,다를수록
다르다,다를지라도
다르다,다르며
다르다,다르면
다르다,다르면서
다르다,다르세요
다르다,다르셔요
다르다,다르지
파다,파거나
파다,파거늘
파다,파거니
파다,파거든
파다,파건
파다,파것다
파다,파게
파다,파겠
파다,파고
파다,파고말고
파다,파기로
파다,파기로니
파다,파기로서
파다,파기로서니
파다,파기에
파다,파네
파다,파니
파다,파다
파다,파다가
파다,파다가는
파다,파다간
파다,파다니
파다,파다마다
파다,파더니
파다,파더니라
파다,파더라
파다,파더라니까
파다,파더라도
파다,파더라며
파다,파더라면
파다,파더라면서
파다,파더람
파다,파던
파다,파던가
파다,파던데
파다,파던지
파다,파데
파다,파데요
파다,파도다
파다,파되
파다,파든
파다,파든지
파다,파듯
파다,파듯이
파다,파죠
파다,파지마는
파다,파지만
파다,파지요
파다,판걸
파다,판들
파다,파나마
파다,파니까
파다,팔
파다,팔걸
파다,팔까
파다,팔는지
파다,팔라
파다,팔라고
파다,팔러니
파다,팔러라
파다,팔런고
파다,팔망정
파다,팔밖에
파다,팔뿐더러
파다,팔수록
파다,팔지라도
파다,파며
파다,파면
파다,파면서
파다,파세요
파다,파셔요
파다,파지
파다,파도
파다,파서
파다,파야
파다,파야만
파다,파야지
파다,파요
파다,파건대
파다,파나니
파다,파느라
파다,파느라고
파다,파는구나
파다,파는군
파다,파도록
파다,파자
파다,파자고
파다,파자꾸나
파다,파자느니
파다,파자니까
파다,파자마자
파다,파자며
파다,파자면
파다,파자면서
파다,판
파다,판다
파다,판다고
파다,판다나
파다,판다네
파다,판다느니
파다,판다니
파다,판다니까
파다,판다더라
파다,판다며
파다,판다면
파다,판다면서
파다,판답니까
파다,판답니다
파다,판답시고
파다,판대
파다,판대요
파다,팔거나
파다,팔게
파다,팔래
파다,파라고
파다,파러
파다,파려
파다,팝시다
파다,파세
파다,파시라
파다,파십시다
파다,파십시오
파다,파고자
파다,파느냐
파다,파느냐고
파다,파느니
파다,파느니만
파다,파느니만큼
파다,파는
파다,파는걸
파다,파는데
파다,파는지
논하다,논하거나
논하다,논하거늘
논하다,논하거니
논하다,논하거든
논하다,논하건
논하다,논하것다
논하다,논하게
논하다,논하겠
논하다,논하고
논하다,논하고말고
논하다,논하기로
논하다,논하기로니
논하다,논하기로서
논하다,논하기로서니
논하다,논하기에
논하다,논하네
논하다,논하니
논하다,논하다
논하다,논하다가
논하다,논하다가는
논하다,논하다간
논하다,논하다니
논하다,논하다마다
논하다,논하더니
논하다,논하더니라
논하다,논하더라
논하다,논하더라니까
논하다,논하더라도
논하다,논하더라며
논하다,논하더라면
논하다,논하더라면서
논하다,논하더람
논하다,논하던
논하다,논하던가
논하다,논하던데
논하다,논하던지
논하다,논하데
논하다,논하데요
논하다,논하도다
논하다,논하되
논하다,논하든
논하다,논하든지
논하다,논하듯
논하다,논하듯이
논하다,논하죠
논하다,논하지마는
논하다,논하지만
논하다,논하지요
논하다,논한걸
논하다,논한들
논하다,논하나마
논하다,논하니까
논하다,논할
논하다,논할걸
논하다,논할까
논하다,논할는지
논하다,논할라
논하다,논할라고
논하다,논할러니
논하다,논할러라
논하다,논할런고
논하다,논할망정
논하다,논할밖에
논하다,논할뿐더러
논하다,논할수록
논하다,논할지라도
논하다,논하며
논하다,논하면
논하다,논하면서
논하다,논하세요
논하다,논하셔요
논하다,논하지
논하다,논하건대
논하다,논하나니
논하다,논하느라
논하다,논하느라고
논하다,논하는구나
논하다,논하는군
논하다,논하도록
논하다,논하자
논하다,논하자고
논하다,논하자꾸나
논하다,논하자느니
논하다,논하자니까
논하다,논하자마자
논하다,논하자며
논하다,논하자면
논하다,논하자면서
논하다,논한
논하다,논한다
논하다,논한다고
논하다,논한다나
논하다,논한다네
논하다,논한다느니
논하다,논한다니
논하다,논한다니까
논하다,논한다더라
논하다,논한다며
논하다,논한다면
논하다,논한다면서
논하다,논한답니까
논하다,논한답니다
논하다,논한답시고
논하다,논한대
논하다,논한대요
논하다,논할거나
논하다,논할게
논하다,논할래
논하다,논하라고
논하다,논하러
논하다,논하려
논하다,논합시다
논하다,논하세
논하다,논하시라
논하다,논하십시다
논하다,논하십시오
논하다,논하고자
논하다,논하느냐
논하다,논하느냐고
논하다,논하느니
논하다,논하느니만
논하다,논하느니만큼
논하다,논하는
논하다,논하는걸
논하다,논하는데
논하다,논하는지
상의하다,상의하거나
상의하다,상의하거늘
상의하다,상의하거니
상의하다,상의하거든
상의하다,상의하건
상의하다,상의하것다
상의하다,상의하게
상의하다,상의하겠
상의하다,상의하고
상의하다,상의하고말고
상의하다,상의하기로
상의하다,상의하기로니
상의하다,상의하기로서
상의하다,상의하기로서니
상의하다,상의하기에
상의하다,상의하네
상의하다,상의하니
상의하다,상의하다
상의하다,상의하다가
상의하다,상의하다가는
상의하다,상의하다간
상의하다,상의하다니
상의하다,상의하다마다
상의하다,상의하더니
상의하다,상의하더니라
상의하다,상의하더라
상의하다,상의하더라니까
상의하다,상의하더라도
상의하다,상의하더라며
상의하다,상의하더라면
상의하다,상의하더라면서
상의하다,상의하더람
상의하다,상의하던
상의하다,상의하던가
상의하다,상의하던데
상의하다,상의하던지
상의하다,상의하데
상의하다,상의하데요
상의하다,상의하도다
상의하다,상의하되
상의하다,상의하든
상의하다,상의하든지
상의하다,상의하듯
상의하다,상의하듯이
상의하다,상의하죠
상의하다,상의하지마는
상의하다,상의하지만
상의하다,상의하지요
상의하다,상의한걸
상의하다,상의한들
상의하다,상의하나마
상의하다,상의하니까
상의하다,상의할
상의하다,상의할걸
상의하다,상의할까
상의하다,상의할는지
상의하다,상의할라
상의하다,상의할라고
상의하다,상의할러니
상의하다,상의할러라
상의하다,상의할런고
상의하다,상의할망정
상의하다,상의할밖에
상의하다,상의할뿐더러
상의하다,상의할수록
상의하다,상의할지라도
상의하다,상의하며
상의하다,상의하면
상의하다,상의하면서
상의하다,상의하세요
상의하다,상의하셔요
상의하다,상의하지
상의하다,상의하건대
상의하다,상의하나니
상의하다,상의하느라
상의하다,상의하느라고
상의하다,상의하는구나
상의하다,상의하는군
상의하다,상의하도록
상의하다,상의하자
상의하다,상의하자고
상의하다,상의하자꾸나
상의하다,상의하자느니
상의하다,상의하자니까
상의하다,상의하자마자
상의하다,상의하자며
상의하다,상의하자면
상의하다,상의하자면서
상의하다,상의한
상의하다,상의한다
상의하다,상의한다고
상의하다,상의한다나
상의하다,상의한다네
상의하다,상의한다느니
상의하다,상의한다니
상의하다,상의한다니까
상의하다,상의한다더라
상의하다,상의한다며
상의하다,상의한다면
상의하다,상의한다면서
상의하다,상의한답니까
상의하다,상의한답니다
상의하다,상의한답시고
상의하다,상의한대
상의하다,상의한대요
상의하다,상의할거나
상의하다,상의할게
상의하다,상의할래
상의하다,상의하라고
상의하다,상의하러
상의하다,상의하려
상의하다,상의합시다
상의하다,상의하세
상의하다,상의하시라
상의하다,상의하십시다
상의하다,상의하십시오
상의하다,상의하고자
상의하다,상의하느냐
상의하다,상의하느냐고
상의하다,상의하느니
상의하다,상의하느니만
상의하다,상의하느니만큼
상의하다,상의하는
상의하다,상의하는걸
상의하다,상의하는데
상의하다,상의하는지
싫어하다,싫어하거나
싫어하다,싫어하거늘
싫어하다,싫어하거니
싫어하다,싫어하거든
싫어하다,싫어하건
싫어하다,싫어하것다
싫어하다,싫어하게
싫어하다,싫어하겠
싫어하다,싫어하고
싫어하다,싫어하고말고
싫어하다,싫어하기로
싫어하다,싫어하기로니
싫어하다,싫어하기로서
싫어하다,싫어하기로서니
싫어하다,싫어하기에
싫어하다,싫어하네
싫어하다,싫어하니
싫어하다,싫어하다
싫어하다,싫어하다가
싫어하다,싫어하다가는
싫어하다,싫어하다간
싫어하다,싫어하다니
싫어하다,싫어하다마다
싫어하다,싫어하더니
싫어하다,싫어하더니라
싫어하다,싫어하더라
싫어하다,싫어하더라니까
싫어하다,싫어하더라도
싫어하다,싫어하더라며
싫어하다,싫어하더라면
싫어하다,싫어하더라면서
싫어하다,싫어하더람
싫어하다,싫어하던
싫어하다,싫어하던가
싫어하다,싫어하던데
싫어하다,싫어하던지
싫어하다,싫어하데
싫어하다,싫어하데요
싫어하다,싫어하도다
싫어하다,싫어하되
싫어하다,싫어하든
싫어하다,싫어하든지
싫어하다,싫어하듯
싫어하다,싫어하듯이
싫어하다,싫어하죠
싫어하다,싫어하지마는
싫어하다,싫어하지만
싫어하다,싫어하지요
싫어하다,싫어한걸
싫어하다,싫어한들
싫어하다,싫어하나마
싫어하다,싫어하니까
싫어하다,싫어할
싫어하다,싫어할걸
싫어하다,싫어할까
싫어하다,싫어할는지
싫어하다,싫어할라
싫어하다,싫어할라고
싫어하다,싫어할러니
싫어하다,싫어할러라
싫어하다,싫어할런고
싫어하다,싫어할망정
싫어하다,싫어할밖에
싫어하다,싫어할뿐더러
싫어하다,싫어할수록
싫어하다,싫어할지라도
싫어하다,싫어하며
싫어하다,싫어하면
싫어하다,싫어하면서
싫어하다,싫어하세요
싫어하다,싫어하셔요
싫어하다,싫어하지
싫어하다,싫어하건대
싫어하다,싫어하나니
싫어하다,싫어하느라
싫어하다,싫어하느라고
싫어하다,싫어하는구나
싫어하다,싫어하는군
싫어하다,싫어하도록
싫어하다,싫어하자
싫어하다,싫어하자고
싫어하다,싫어하자꾸나
싫어하다,싫어하자느니
싫어하다,싫어하자니까
싫어하다,싫어하자마자
싫어하다,싫어하자며
싫어하다,싫어하자면
싫어하다,싫어하자면서
싫어하다,싫어한
싫어하다,싫어한다
싫어하다,싫어한다고
싫어하다,싫어한다나
싫어하다,싫어한다네
싫어하다,싫어한다느니
싫어하다,싫어한다니
싫어하다,싫어한다니까
싫어하다,싫어한다더라
싫어하다,싫어한다며
싫어하다,싫어한다면
싫어하다,싫어한다면서
싫어하다,싫어한답니까
싫어하다,싫어한답니다
싫어하다,싫어한답시고
싫어하다,싫어한대
싫어하다,싫어한대요
싫어하다,싫어할거나
싫어하다,싫어할게
싫어하다,싫어할래
싫어하다,싫어하라고
싫어하다,싫어하러
싫어하다,싫어하려
싫어하다,싫어합시다
싫어하다,싫어하세
싫어하다,싫어하시라
싫어하다,싫어하십시다
싫어하다,싫어하십시오
싫어하다,싫어하고자
싫어하다,싫어하느냐
싫어하다,싫어하느냐고
싫어하다,싫어하느니
싫어하다,싫어하느니만
싫어하다,싫어하느니만큼
싫어하다,싫어하는
싫어하다,싫어하는걸
싫어하다,싫어하는데
싫어하다,싫어하는지
분배하다,분배하거나
분배하다,분배하거늘
분배하다,분배하거니
분배하다,분배하거든
분배하다,분배하건
분배하다,분배하것다
분배하다,분배하게
분배하다,분배하겠
분배하다,분배하고
분배하다,분배하고말고
분배하다,분배하기로
분배하다,분배하기로니
분배하다,분배하기로서
분배하다,분배하기로서니
분배하다,분배하기에
분배하다,분배하네
분배하다,분배하니
분배하다,분배하다
분배하다,분배하다가
분배하다,분배하다가는
분배하다,분배하다간
분배하다,분배하다니
분배하다,분배하다마다
분배하다,분배하더니
분배하다,분배하더니라
분배하다,분배하더라
분배하다,분배하더라니까
분배하다,분배하더라도
분배하다,분배하더라며
분배하다,분배하더라면
분배하다,분배하더라면서
분배하다,분배하더람
분배하다,분배하던
분배하다,분배하던가
분배하다,분배하던데
분배하다,분배하던지
분배하다,분배하데
분배하다,분배하데요
분배하다,분배하도다
분배하다,분배하되
분배하다,분배하든
분배하다,분배하든지
분배하다,분배하듯
분배하다,분배하듯이
분배하다,분배하죠
분배하다,분배하지마는
분배하다,분배하지만
분배하다,분배하지요
분배하다,분배한걸
분배하다,분배한들
분배하다,분배하나마
분배하다,분배하니까
분배하다,분배할
분배하다,분배할걸
분배하다,분배할까
분배하다,분배할는지
분배하다,분배할라
분배하다,분배할라고
분배하다,분배할러니
분배하다,분배할러라
분배하다,분배할런고
분배하다,분배할망정
분배하다,분배할밖에
분배하다,분배할뿐더러
분배하다,분배할수록
분배하다,분배할지라도
분배하다,분배하며
분배하다,분배하면
분배하다,분배하면서
분배하다,분배하세요
분배하다,분배하셔요
분배하다,분배하지
분배하다,분배하건대
분배하다,분배하나니
분배하다,분배하느라
분배하다,분배하느라고
분배하다,분배하는구나
분배하다,분배하는군
분배하다,분배하도록
분배하다,분배하자
분배하다,분배하자고
분배하다,분배하자꾸나
분배하다,분배하자느니
분배하다,분배하자니까
분배하다,분배하자마자
분배하다,분배하자며
분배하다,분배하자면
분배하다,분배하자면서
분배하다,분배한
분배하다,분배한다
분배하다,분배한다고
분배하다,분배한다나
분배하다,분배한다네
분배하다,분배한다느니
분배하다,분배한다니
분배하다,분배한다니까
분배하다,분배한다더라
분배하다,분배한다며
분배하다,분배한다면
분배하다,분배한다면서
분배하다,분배한답니까
분배하다,분배한답니다
분배하다,분배한답시고
분배하다,분배한대
분배하다,분배한대요
분배하다,분배할거나
분배하다,분배할게
분배하다,분배할래
분배하다,분배하라고
분배하다,분배하러
분배하다,분배하려
분배하다,분배합시다
분배하다,분배하세
분배하다,분배하시라
분배하다,분배하십시다
분배하다,분배하십시오
분배하다,분배하고자
분배하다,분배하느냐
분배하다,분배하느냐고
분배하다,분배하느니
분배하다,분배하느니만
분배하다,분배하느니만큼
분배하다,분배하는
분배하다,분배하는걸
분배하다,분배하는데
분배하다,분배하는지
나누어 주다,주거나
나누어 주다,주거늘
나누어 주다,주거니
나누어 주다,주거든
나누어 주다,주건
나누어 주다,주것다
나누어 주다,주게
나누어 주다,주겠
나누어 주다,주고
나누어 주다,주고말고
나누어 주다,주기로
나누어 주다,주기로니
나누어 주다,주기로서
나누어 주다,주기로서니
나누어 주다,주기에
나누어 주다,주네
나누어 주다,주니
나누어 주다,주다
나누어 주다,주다가
나누어 주다,주다가는
나누어 주다,주다간
나누어 주다,주다니
나누어 주다,주다마다
나누어 주다,주더니
나누어 주다,주더니라
나누어 주다,주더라
나누어 주다,주더라니까
나누어 주다,주더라도
나누어 주다,주더라며
나누어 주다,주더라면
나누어 주다,주더라면서
나누어 주다,주더람
나누어 주다,주던
나누어 주다,주던가
나누어 주다,주던데
나누어 주다,주던지
나누어 주다,주데
나누어 주다,주데요
나누어 주다,주도다
나누어 주다,주되
나누어 주다,주든
나누어 주다,주든지
나누어 주다,주듯
나누어 주다,주듯이
나누어 주다,주죠
나누어 주다,주지마는
나누어 주다,주지만
나누어 주다,주지요
나누어 주다,준걸
나누어 주다,준들
나누어 주다,주나마
나누어 주다,주니까
나누어 주다,줄
나누어 주다,줄걸
나누어 주다,줄까
나누어 주다,줄는지
나누어 주다,줄라
나누어 주다,줄라고
나누어 주다,줄러니
나누어 주다,줄러라
나누어 주다,줄런고
나누어 주다,줄망정
나누어 주다,줄밖에
나누어 주다,줄뿐더러
나누어 주다,줄수록
나누어 주다,줄지라도
나누어 주다,주며
나누어 주다,주면
나누어 주다,주면서
나누어 주다,주세요
나누어 주다,주셔요
나누어 주다,주지
나누어 주다,주건대
나누어 주다,주나니
나누어 주다,주느라
나누어 주다,주느라고
나누어 주다,주는구나
나누어 주다,주는군
나누어 주다,주도록
나누어 주다,주자
나누어 주다,주자고
나누어 주다,주자꾸나
나누어 주다,주자느니
나누어 주다,주자니까
나누어 주다,주자마자
나누어 주다,주자며
나누어 주다,주자면
나누어 주다,주자면서
나누어 주다,준
나누어 주다,준다
나누어 주다,준다고
나누어 주다,준다나
나누어 주다,준다네
나누어 주다,준다느니
나누어 주다,준다니
나누어 주다,준다니까
나누어 주다,준다더라
나누어 주다,준다며
나누어 주다,준다면
나누어 주다,준다면서
나누어 주다,준답니까
나누어 주다,준답니다
나누어 주다,준답시고
나누어 주다,준대
나누어 주다,준대요
나누어 주다,줄거나
나누어 주다,줄게
나누어 주다,줄래
나누어 주다,주라고
나누어 주다,주러
나누어 주다,주려
나누어 주다,줍시다
나누어 주다,주세
나누어 주다,주시라
나누어 주다,주십시다
나누어 주다,주십시오
나누어 주다,주고자
나누어 주다,주느냐
나누어 주다,주느냐고
나누어 주다,주느니
나누어 주다,주느니만
나누어 주다,주느니만큼
나누어 주다,주는
나누어 주다,주는걸
나누어 주다,주는데
나누어 주다,주는지
뛰어들다,뛰어들거나
뛰어들다,뛰어들거늘
뛰어들다,뛰어들거니
뛰어들다,뛰어들거든
뛰어들다,뛰어들건
뛰어들다,뛰어들것다
뛰어들다,뛰어들게
뛰어들다,뛰어들겠
뛰어들다,뛰어들고
뛰어들다,뛰어들고말고
뛰어들다,뛰어들기로
뛰어들다,뛰어들기로니
뛰어들다,뛰어들기로서
뛰어들다,뛰어들기로서니
뛰어들다,뛰어들기에
뛰어들다,뛰어들네
뛰어들다,뛰어들니
뛰어들다,뛰어들다
뛰어들다,뛰어들다가
뛰어들다,뛰어들다가는
뛰어들다,뛰어들다간
뛰어들다,뛰어들다니
뛰어들다,뛰어들다마다
뛰어들다,뛰어들더니
뛰어들다,뛰어들더니라
뛰어들다,뛰어들더라
뛰어들다,뛰어들더라니까
뛰어들다,뛰어들더라도
뛰어들다,뛰어들더라며
뛰어들다,뛰어들더라면
뛰어들다,뛰어들더라면서
뛰어들다,뛰어들더람
뛰어들다,뛰어들던
뛰어들다,뛰어들던가
뛰어들다,뛰어들던데
뛰어들다,뛰어들던지
뛰어들다,뛰어들데
뛰어들다,뛰어들데요
뛰어들다,뛰어들도다
뛰어들다,뛰어들되
뛰어들다,뛰어들든
뛰어들다,뛰어들든지
뛰어들다,뛰어들듯
뛰어들다,뛰어들듯이
뛰어들다,뛰어들죠
뛰어들다,뛰어들지마는
뛰어들다,뛰어들지만
뛰어들다,뛰어들지요
뛰어들다,뛰어든걸
뛰어들다,뛰어든들
뛰어들다,뛰어드나마
뛰어들다,뛰어드니
뛰어들다,뛰어드니까
뛰어들다,뛰어들
뛰어들다,뛰어들걸
뛰어들다,뛰어들까
뛰어들다,뛰어들는지
뛰어들다,뛰어들라
뛰어들다,뛰어들라고
뛰어들다,뛰어들러니
뛰어들다,뛰어들러라
뛰어들다,뛰어들런고
뛰어들다,뛰어들망정
뛰어들다,뛰어들밖에
뛰어들다,뛰어들뿐더러
뛰어들다,뛰어들수록
뛰어들다,뛰어들지라도
뛰어들다,뛰어드며
뛰어들다,뛰어드면
뛰어들다,뛰어드면서
뛰어들다,뛰어드세요
뛰어들다,뛰어드셔요
뛰어들다,뛰어들지
뛰어들다,뛰어들건대
뛰어들다,뛰어들나니
뛰어들다,뛰어들느라
뛰어들다,뛰어들느라고
뛰어들다,뛰어들는구나
뛰어들다,뛰어들는군
뛰어들다,뛰어들도록
뛰어들다,뛰어들자
뛰어들다,뛰어들자고
뛰어들다,뛰어들자꾸나
뛰어들다,뛰어들자느니
뛰어들다,뛰어들자니까
뛰어들다,뛰어들자마자
뛰어들다,뛰어들자며
뛰어들다,뛰어들자면
뛰어들다,뛰어들자면서
뛰어들다,뛰어든
뛰어들다,뛰어든다
뛰어들다,뛰어든다고
뛰어들다,뛰어든다나
뛰어들다,뛰어든다네
뛰어들다,뛰어든다느니
뛰어들다,뛰어든다니
뛰어들다,뛰어든다니까
뛰어들다,뛰어든다더라
뛰어들다,뛰어든다며
뛰어들다,뛰어든다면
뛰어들다,뛰어든다면서
뛰어들다,뛰어든답니까
뛰어들다,뛰어든답니다
뛰어들다,뛰어든답시고
뛰어들다,뛰어든대
뛰어들다,뛰어든대요
뛰어들다,뛰어들래
뛰어들다,뛰어드라고
뛰어들다,뛰어드러
뛰어들다,뛰어드려
뛰어들다,뛰어듭시다
뛰어들다,뛰어드세
뛰어들다,뛰어드시라
뛰어들다,뛰어드십시다
뛰어들다,뛰어드십시오
뛰어들다,뛰어들고자
뛰어들다,뛰어들느냐
뛰어들다,뛰어들느냐고
뛰어들다,뛰어들느니
뛰어들다,뛰어들느니만
뛰어들다,뛰어들느니만큼
뛰어들다,뛰어들는
뛰어들다,뛰어들는걸
뛰어들다,뛰어들는데
의심하다,의심하거나
의심하다,의심하거늘
의심하다,의심하거니
의심하다,의심하거든
의심하다,의심하건
의심하다,의심하것다
의심하다,의심하게
의심하다,의심하겠
의심하다,의심하고
의심하다,의심하고말고
의심하다,의심하기로
의심하다,의심하기로니
의심하다,의심하기로서
의심하다,의심하기로서니
의심하다,의심하기에
의심하다,의심하네
의심하다,의심하니
의심하다,의심하다
의심하다,의심하다가
의심하다,의심하다가는
의심하다,의심하다간
의심하다,의심하다니
의심하다,의심하다마다
의심하다,의심하더니
의심하다,의심하더니라
의심하다,의심하더라
의심하다,의심하더라니까
의심하다,의심하더라도
의심하다,의심하더라며
의심하다,의심하더라면
의심하다,의심하더라면서
의심하다,의심하더람
의심하다,의심하던
의심하다,의심하던가
의심하다,의심하던데
의심하다,의심하던지
의심하다,의심하데
의심하다,의심하데요
의심하다,의심하도다
의심하다,의심하되
의심하다,의심하든
의심하다,의심하든지
의심하다,의심하듯
의심하다,의심하듯이
의심하다,의심하죠
의심하다,의심하지마는
의심하다,의심하지만
의심하다,의심하지요
의심하다,의심한걸
의심하다,의심한들
의심하다,의심하나마
의심하다,의심하니까
의심하다,의심할
의심하다,의심할걸
의심하다,의심할까
의심하다,의심할는지
의심하다,의심할라
의심하다,의심할라고
의심하다,의심할러니
의심하다,의심할러라
의심하다,의심할런고
의심하다,의심할망정
의심하다,의심할밖에
의심하다,의심할뿐더러
의심하다,의심할수록
의심하다,의심할지라도
의심하다,의심하며
의심하다,의심하면
의심하다,의심하면서
의심하다,의심하세요
의심하다,의심하셔요
의심하다,의심하지
의심하다,의심하건대
의심하다,의심하나니
의심하다,의심하느라
의심하다,의심하느라고
의심하다,의심하는구나
의심하다,의심하는군
의심하다,의심하도록
의심하다,의심하자
의심하다,의심하자고
의심하다,의심하자꾸나
의심하다,의심하자느니
의심하다,의심하자니까
의심하다,의심하자마자
의심하다,의심하자며
의심하다,의심하자면
의심하다,의심하자면서
의심하다,의심한
의심하다,의심한다
의심하다,의심한다고
의심하다,의심한다나
의심하다,의심한다네
의심하다,의심한다느니
의심하다,의심한다니
의심하다,의심한다니까
의심하다,의심한다더라
의심하다,의심한다며
의심하다,의심한다면
의심하다,의심한다면서
의심하다,의심한답니까
의심하다,의심한답니다
의심하다,의심한답시고
의심하다,의심한대
의심하다,의심한대요
의심하다,의심할거나
의심하다,의심할게
의심하다,의심할래
의심하다,의심하라고
의심하다,의심하러
의심하다,의심하려
의심하다,의심합시다
의심하다,의심하세
의심하다,의심하시라
의심하다,의심하십시다
의심하다,의심하십시오
의심하다,의심하고자
의심하다,의심하느냐
의심하다,의심하느냐고
의심하다,의심하느니
의심하다,의심하느니만
의심하다,의심하느니만큼
의심하다,의심하는
의심하다,의심하는걸
의심하다,의심하는데
의심하다,의심하는지
배달하다,배달하거나
배달하다,배달하거늘
배달하다,배달하거니
배달하다,배달하거든
배달하다,배달하건
배달하다,배달하것다
배달하다,배달하게
배달하다,배달하겠
배달하다,배달하고
배달하다,배달하고말고
배달하다,배달하기로
배달하다,배달하기로니
배달하다,배달하기로서
배달하다,배달하기로서니
배달하다,배달하기에
배달하다,배달하네
배달하다,배달하니
배달하다,배달하다
배달하다,배달하다가
배달하다,배달하다가는
배달하다,배달하다간
배달하다,배달하다니
배달하다,배달하다마다
배달하다,배달하더니
배달하다,배달하더니라
배달하다,배달하더라
배달하다,배달하더라니까
배달하다,배달하더라도
배달하다,배달하더라며
배달하다,배달하더라면
배달하다,배달하더라면서
배달하다,배달하더람
배달하다,배달하던
배달하다,배달하던가
배달하다,배달하던데
배달하다,배달하던지
배달하다,배달하데
배달하다,배달하데요
배달하다,배달하도다
배달하다,배달하되
배달하다,배달하든
배달하다,배달하든지
배달하다,배달하듯
배달하다,배달하듯이
배달하다,배달하죠
배달하다,배달하지마는
배달하다,배달하지만
배달하다,배달하지요
배달하다,배달한걸
배달하다,배달한들
배달하다,배달하나마
배달하다,배달하니까
배달하다,배달할
배달하다,배달할걸
배달하다,배달할까
배달하다,배달할는지
배달하다,배달할라
배달하다,배달할라고
배달하다,배달할러니
배달하다,배달할러라
배달하다,배달할런고
배달하다,배달할망정
배달하다,배달할밖에
배달하다,배달할뿐더러
배달하다,배달할수록
배달하다,배달할지라도
배달하다,배달하며
배달하다,배달하면
배달하다,배달하면서
배달하다,배달하세요
배달하다,배달하셔요
배달하다,배달하지
배달하다,배달하건대
배달하다,배달하나니
배달하다,배달하느라
배달하다,배달하느라고
배달하다,배달하는구나
배달하다,배달하는군
배달하다,배달하도록
배달하다,배달하자
배달하다,배달하자고
배달하다,배달하자꾸나
배달하다,배달하자느니
배달하다,배달하자니까
배달하다,배달하자마자
배달하다,배달하자며
배달하다,배달하자면
배달하다,배달하자면서
배달하다,배달한
배달하다,배달한다
배달하다,배달한다고
배달하다,배달한다나
배달하다,배달한다네
배달하다,배달한다느니
배달하다,배달한다니
배달하다,배달한다니까
배달하다,배달한다더라
배달하다,배달한다며
배달하다,배달한다면
배달하다,배달한다면서
배달하다,배달한답니까
배달하다,배달한답니다
배달하다,배달한답시고
배달하다,배달한대
배달하다,배달한대요
배달하다,배달할거나
배달하다,배달할게
배달하다,배달할래
배달하다,배달하라고
배달하다,배달하러
배달하다,배달하려
배달하다,배달합시다
배달하다,배달하세
배달하다,배달하시라
배달하다,배달하십시다
배달하다,배달하십시오
배달하다,배달하고자
배달하다,배달하느냐
배달하다,배달하느냐고
배달하다,배달하느니
배달하다,배달하느니만
배달하다,배달하느니만큼
배달하다,배달하는
배달하다,배달하는걸
배달하다,배달하는데
배달하다,배달하는지
벌다,벌거나
벌다,벌거늘
벌다,벌거니
벌다,벌거든
벌다,벌건
벌다,벌것다
벌다,벌게
벌다,벌겠
벌다,벌고
벌다,벌고말고
벌다,벌기로
벌다,벌기로니
벌다,벌기로서
벌다,벌기로서니
벌다,벌기에
벌다,벌네
벌다,벌니
벌다,벌다
벌다,벌다가
벌다,벌다가는
벌다,벌다간
벌다,벌다니
벌다,벌다마다
벌다,벌더니
벌다,벌더니라
벌다,벌더라
벌다,벌더라니까
벌다,벌더라도
벌다,벌더라며
벌다,벌더라면
벌다,벌더라면서
벌다,벌더람
벌다,벌던
벌다,벌던가
벌다,벌던데
벌다,벌던지
벌다,벌데
벌다,벌데요
벌다,벌도다
벌다,벌되
벌다,벌든
벌다,벌든지
벌다,벌듯
벌다,벌듯이
벌다,벌죠
벌다,벌지마는
벌다,벌지만
벌다,벌지요
벌다,번걸
벌다,번들
벌다,버나마
벌다,버니
벌다,버니까
벌다,벌
벌다,벌걸
벌다,벌까
벌다,벌는지
벌다,벌라
벌다,벌라고
벌다,벌러니
벌다,벌러라
벌다,벌런고
벌다,벌망정
벌다,벌밖에
벌다,벌뿐더러
벌다,벌수록
벌다,벌지라도
벌다,버며
벌다,버면
벌다,버면서
벌다,버세요
벌다,버셔요
벌다,벌지
벌다,벌건대
벌다,벌나니
벌다,벌느라
벌다,벌느라고
벌다,벌는구나
벌다,벌는군
벌다,벌도록
벌다,벌자
벌다,벌자고
벌다,벌자꾸나
벌다,벌자느니
벌다,벌자니까
벌다,벌자마자
벌다,벌자며
벌다,벌자면
벌다,벌자면서
벌다,번
벌다,번다
벌다,번다고
벌다,번다나
벌다,번다네
벌다,번다느니
벌다,번다니
벌다,번다니까
벌다,번다더라
벌다,번다며
벌다,번다면
벌다,번다면서
벌다,번답니까
벌다,번답니다
벌다,번답시고
벌다,번대
벌다,번대요
벌다,벌래
벌다,버라고
벌다,버러
벌다,버려
벌다,법시다
벌다,버세
벌다,버시라
벌다,버십시다
벌다,버십시오
벌다,벌고자
벌다,벌느냐
벌다,벌느냐고
벌다,벌느니
벌다,벌느니만
벌다,벌느니만큼
벌다,벌는
벌다,벌는걸
벌다,벌는데
먹다,먹거나
먹다,먹거늘
먹다,먹거니
먹다,먹거든
먹다,먹건
먹다,먹것다
먹다,먹게
먹다,먹겠
먹다,먹고
먹다,먹고말고
먹다,먹기로
먹다,먹기로니
먹다,먹기로서
먹다,먹기로서니
먹다,먹기에
먹다,먹네
먹다,먹니
먹다,먹다
먹다,먹다가
먹다,먹다가는
먹다,먹다간
먹다,먹다니
먹다,먹다마다
먹다,먹더니
먹다,먹더니라
먹다,먹더라
먹다,먹더라니까
먹다,먹더라도
먹다,먹더라며
먹다,먹더라면
먹다,먹더라면서
먹다,먹더람
먹다,먹던
먹다,먹던가
먹다,먹던데
먹다,먹던지
먹다,먹데
먹다,먹데요
먹다,먹도다
먹다,먹되
먹다,먹든
먹다,먹든지
먹다,먹듯
먹다,먹듯이
먹다,먹죠
먹다,먹지마는
먹다,먹지만
먹다,먹지요
먹다,먹지
먹다,먹을
먹다,먹을걸
먹다,먹을밖에
먹다,먹을수록
먹다,먹을지
먹다,먹을지며
먹다,먹음
먹다,먹음에도
먹다,먹읍시오
먹다,먹건대
먹다,먹나니
먹다,먹느라
먹다,먹느라고
먹다,먹는구나
먹다,먹는군
먹다,먹도록
먹다,먹자
먹다,먹자고
먹다,먹자꾸나
먹다,먹자느니
먹다,먹자니까
먹다,먹자마자
먹다,먹자며
먹다,먹자면
먹다,먹자면서
먹다,먹고자
먹다,먹느냐
먹다,먹느냐고
먹다,먹느니
먹다,먹느니만
먹다,먹느니만큼
먹다,먹는
먹다,먹는걸
먹다,먹는데
먹다,먹는지
먹다,먹으러
먹다,먹읍시다
식사하다,식사하거나
식사하다,식사하거늘
식사하다,식사하거니
식사하다,식사하거든
식사하다,식사하건
식사하다,식사하것다
식사하다,식사하게
식사하다,식사하겠
식사하다,식사하고
식사하다,식사하고말고
식사하다,식사하기로
식사하다,식사하기로니
식사하다,식사하기로서
식사하다,식사하기로서니
식사하다,식사하기에
식사하다,식사하네
식사하다,식사하니
식사하다,식사하다
식사하다,식사하다가
식사하다,식사하다가는
식사하다,식사하다간
식사하다,식사하다니
식사하다,식사하다마다
식사하다,식사하더니
식사하다,식사하더니라
식사하다,식사하더라
식사하다,식사하더라니까
식사하다,식사하더라도
식사하다,식사하더라며
식사하다,식사하더라면
식사하다,식사하더라면서
식사하다,식사하더람
식사하다,식사하던
식사하다,식사하던가
식사하다,식사하던데
식사하다,식사하던지
식사하다,식사하데
식사하다,식사하데요
식사하다,식사하도다
식사하다,식사하되
식사하다,식사하든
식사하다,식사하든지
식사하다,식사하듯
식사하다,식사하듯이
식사하다,식사하죠
식사하다,식사하지마는
식사하다,식사하지만
식사하다,식사하지요
식사하다,식사한걸
식사하다,식사한들
식사하다,식사하나마
식사하다,식사하니까
식사하다,식사할
식사하다,식사할걸
식사하다,식사할까
식사하다,식사할는지
식사하다,식사할라
식사하다,식사할라고
식사하다,식사할러니
식사하다,식사할러라
식사하다,식사할런고
식사하다,식사할망정
식사하다,식사할밖에
식사하다,식사할뿐더러
식사하다,식사할수록
식사하다,식사할지라도
식사하다,식사하며
식사하다,식사하면
식사하다,식사하면서
식사하다,식사하세요
식사하다,식사하셔요
식사하다,식사하지
식사하다,식사하건대
식사하다,식사하나니
식사하다,식사하느라
식사하다,식사하느라고
식사하다,식사하는구나
식사하다,식사하는군
식사하다,식사하도록
식사하다,식사하자
식사하다,식사하자고
식사하다,식사하자꾸나
식사하다,식사하자느니
식사하다,식사하자니까
식사하다,식사하자마자
식사하다,식사하자며
식사하다,식사하자면
식사하다,식사하자면서
식사하다,식사한
식사하다,식사한다
식사하다,식사한다고
식사하다,식사한다나
식사하다,식사한다네
식사하다,식사한다느니
식사하다,식사한다니
식사하다,식사한다니까
식사하다,식사한다더라
식사하다,식사한다며
식사하다,식사한다면
식사하다,식사한다면서
식사하다,식사한답니까
식사하다,식사한답니다
식사하다,식사한답시고
식사하다,식사한대
식사하다,식사한대요
식사하다,식사할거나
식사하다,식사할게
식사하다,식사할래
식사하다,식사하라고
식사하다,식사하러
식사하다,식사하려
식사하다,식사합시다
식사하다,식사하세
식사하다,식사하시라
식사하다,식사하십시다
식사하다,식사하십시오
식사하다,식사하고자
식사하다,식사하느냐
식사하다,식사하느냐고
식사하다,식사하느니
식사하다,식사하느니만
식사하다,식사하느니만큼
식사하다,식사하는
식사하다,식사하는걸
식사하다,식사하는데
식사하다,식사하는지
강조하다,강조하거나
강조하다,강조하거늘
강조하다,강조하거니
강조하다,강조하거든
강조하다,강조하건
강조하다,강조하것다
강조하다,강조하게
강조하다,강조하겠
강조하다,강조하고
강조하다,강조하고말고
강조하다,강조하기로
강조하다,강조하기로니
강조하다,강조하기로서
강조하다,강조하기로서니
강조하다,강조하기에
강조하다,강조하네
강조하다,강조하니
강조하다,강조하다
강조하다,강조하다가
강조하다,강조하다가는
강조하다,강조하다간
강조하다,강조하다니
강조하다,강조하다마다
강조하다,강조하더니
강조하다,강조하더니라
강조하다,강조하더라
강조하다,강조하더라니까
강조하다,강조하더라도
강조하다,강조하더라며
강조하다,강조하더라면
강조하다,강조하더라면서
강조하다,강조하더람
강조하다,강조하던
강조하다,강조하던가
강조하다,강조하던데
강조하다,강조하던지
강조하다,강조하데
강조하다,강조하데요
강조하다,강조하도다
강조하다,강조하되
강조하다,강조하든
강조하다,강조하든지
강조하다,강조하듯
강조하다,강조하듯이
강조하다,강조하죠
강조하다,강조하지마는
강조하다,강조하지만
강조하다,강조하지요
강조하다,강조한걸
강조하다,강조한들
강조하다,강조하나마
강조하다,강조하니까
강조하다,강조할
강조하다,강조할걸
강조하다,강조할까
강조하다,강조할는지
강조하다,강조할라
강조하다,강조할라고
강조하다,강조할러니
강조하다,강조할러라
강조하다,강조할런고
강조하다,강조할망정
강조하다,강조할밖에
강조하다,강조할뿐더러
강조하다,강조할수록
강조하다,강조할지라도
강조하다,강조하며
강조하다,강조하면
강조하다,강조하면서
강조하다,강조하세요
강조하다,강조하셔요
강조하다,강조하지
강조하다,강조하건대
강조하다,강조하나니
강조하다,강조하느라
강조하다,강조하느라고
강조하다,강조하는구나
강조하다,강조하는군
강조하다,강조하도록
강조하다,강조하자
강조하다,강조하자고
강조하다,강조하자꾸나
강조하다,강조하자느니
강조하다,강조하자니까
강조하다,강조하자마자
강조하다,강조하자며
강조하다,강조하자면
강조하다,강조하자면서
강조하다,강조한
강조하다,강조한다
강조하다,강조한다고
강조하다,강조한다나
강조하다,강조한다네
강조하다,강조한다느니
강조하다,강조한다니
강조하다,강조한다니까
강조하다,강조한다더라
강조하다,강조한다며
강조하다,강조한다면
강조하다,강조한다면서
강조하다,강조한답니까
강조하다,강조한답니다
강조하다,강조한답시고
강조하다,강조한대
강조하다,강조한대요
강조하다,강조할거나
강조하다,강조할게
강조하다,강조할래
강조하다,강조하라고
강조하다,강조하러
강조하다,강조하려
강조하다,강조합시다
강조하다,강조하세
강조하다,강조하시라
강조하다,강조하십시다
강조하다,강조하십시오
강조하다,강조하고자
강조하다,강조하느냐
강조하다,강조하느냐고
강조하다,강조하느니
강조하다,강조하느니만
강조하다,강조하느니만큼
강조하다,강조하는
강조하다,강조하는걸
강조하다,강조하는데
강조하다,강조하는지
사로잡다,사로잡거나
사로잡다,사로잡거늘
사로잡다,사로잡거니
사로잡다,사로잡거든
사로잡다,사로잡건
사로잡다,사로잡것다
사로잡다,사로잡게
사로잡다,사로잡겠
사로잡다,사로잡고
사로잡다,사로잡고말고
사로잡다,사로잡기로
사로잡다,사로잡기로니
사로잡다,사로잡기로서
사로잡다,사로잡기로서니
사로잡다,사로잡기에
사로잡다,사로잡네
사로잡다,사로잡니
사로잡다,사로잡다
사로잡다,사로잡다가
사로잡다,사로잡다가는
사로잡다,사로잡다간
사로잡다,사로잡다니
사로잡다,사로잡다마다
사로잡다,사로잡더니
사로잡다,사로잡더니라
사로잡다,사로잡더라
사로잡다,사로잡더라니까
사로잡다,사로잡더라도
사로잡다,사로잡더라며
사로잡다,사로잡더라면
사로잡다,사로잡더라면서
사로잡다,사로잡더람
사로잡다,사로잡던
사로잡다,사로잡던가
사로잡다,사로잡던데
사로잡다,사로잡던지
사로잡다,사로잡데
사로잡다,사로잡데요
사로잡다,사로잡도다
사로잡다,사로잡되
사로잡다,사로잡든
사로잡다,사로잡든지
사로잡다,사로잡듯
사로잡다,사로잡듯이
사로잡다,사로잡죠
사로잡다,사로잡지마는
사로잡다,사로잡지만
사로잡다,사로잡지요
사로잡다,사로잡지
사로잡다,사로잡아도
사로잡다,사로잡아서
사로잡다,사로잡아야
사로잡다,사로잡아야만
사로잡다,사로잡아야지
사로잡다,사로잡아요
사로잡다,사로잡을
사로잡다,사로잡을걸
사로잡다,사로잡을밖에
사로잡다,사로잡을수록
사로잡다,사로잡을지
사로잡다,사로잡을지며
사로잡다,사로잡음
사로잡다,사로잡음에도
사로잡다,사로잡읍시오
사로잡다,사로잡건대
사로잡다,사로잡나니
사로잡다,사로잡느라
사로잡다,사로잡느라고
사로잡다,사로잡는구나
사로잡다,사로잡는군
사로잡다,사로잡도록
사로잡다,사로잡자
사로잡다,사로잡자고
사로잡다,사로잡자꾸나
사로잡다,사로잡자느니
사로잡다,사로잡자니까
사로잡다,사로잡자마자
사로잡다,사로잡자며
사로잡다,사로잡자면
사로잡다,사로잡자면서
사로잡다,사로잡아다
사로잡다,사로잡아다가
사로잡다,사로잡고자
사로잡다,사로잡느냐
사로잡다,사로잡느냐고
사로잡다,사로잡느니
사로잡다,사로잡느니만
사로잡다,사로잡느니만큼
사로잡다,사로잡는
사로잡다,사로잡는걸
사로잡다,사로잡는데
사로잡다,사로잡는지
사로잡다,사로잡으러
사로잡다,사로잡읍시다
즐기다,즐기거나
즐기다,즐기거늘
즐기다,즐기거니
즐기다,즐기거든
즐기다,즐기건
즐기다,즐기것다
즐기다,즐기게
즐기다,즐기겠
즐기다,즐기고
즐기다,즐기고말고
즐기다,즐기기로
즐기다,즐기기로니
즐기다,즐기기로서
즐기다,즐기기로서니
즐기다,즐기기에
즐기다,즐기네
즐기다,즐기니
즐기다,즐기다
즐기다,즐기다가
즐기다,즐기다가는
즐기다,즐기다간
즐기다,즐기다니
즐기다,즐기다마다
즐기다,즐기더니
즐기다,즐기더니라
즐기다,즐기더라
즐기다,즐기더라니까
즐기다,즐기더라도
즐기다,즐기더라며
즐기다,즐기더라면
즐기다,즐기더라면서
즐기다,즐기더람
즐기다,즐기던
즐기다,즐기던가
즐기다,즐기던데
즐기다,즐기던지
즐기다,즐기데
즐기다,즐기데요
즐기다,즐기도다
즐기다,즐기되
즐기다,즐기든
즐기다,즐기든지
즐기다,즐기듯
즐기다,즐기듯이
즐기다,즐기죠
즐기다,즐기지마는
즐기다,즐기지만
즐기다,즐기지요
즐기다,즐긴걸
즐기다,즐긴들
즐기다,즐기나마
즐기다,즐기니까
즐기다,즐길
즐기다,즐길걸
즐기다,즐길까
즐기다,즐길는지
즐기다,즐길라
즐기다,즐길라고
즐기다,즐길러니
즐기다,즐길러라
즐기다,즐길런고
즐기다,즐길망정
즐기다,즐길밖에
즐기다,즐길뿐더러
즐기다,즐길수록
즐기다,즐길지라도
즐기다,즐기며
즐기다,즐기면
즐기다,즐기면서
즐기다,즐기세요
즐기다,즐기셔요
즐기다,즐기지
즐기다,즐기건대
즐기다,즐기나니
즐기다,즐기느라
즐기다,즐기느라고
즐기다,즐기는구나
즐기다,즐기는군
즐기다,즐기도록
즐기다,즐기자
즐기다,즐기자고
즐기다,즐기자꾸나
즐기다,즐기자느니
즐기다,즐기자니까
즐기다,즐기자마자
즐기다,즐기자며
즐기다,즐기자면
즐기다,즐기자면서
즐기다,즐긴
즐기다,즐긴다
즐기다,즐긴다고
즐기다,즐긴다나
즐기다,즐긴다네
즐기다,즐긴다느니
즐기다,즐긴다니
즐기다,즐긴다니까
즐기다,즐긴다더라
즐기다,즐긴다며
즐기다,즐긴다면
즐기다,즐긴다면서
즐기다,즐긴답니까
즐기다,즐긴답니다
즐기다,즐긴답시고
즐기다,즐긴대
즐기다,즐긴대요
즐기다,즐길거나
즐기다,즐길게
즐기다,즐길래
즐기다,즐기라고
즐기다,즐기러
즐기다,즐기려
즐기다,즐깁시다
즐기다,즐기세
즐기다,즐기시라
즐기다,즐기십시다
즐기다,즐기십시오
즐기다,즐기고자
즐기다,즐기느냐
즐기다,즐기느냐고
즐기다,즐기느니
즐기다,즐기느니만
즐기다,즐기느니만큼
즐기다,즐기는
즐기다,즐기는걸
즐기다,즐기는데
즐기다,즐기는지
보장하다,보장하거나
보장하다,보장하거늘
보장하다,보장하거니
보장하다,보장하거든
보장하다,보장하건
보장하다,보장하것다
보장하다,보장하게
보장하다,보장하겠
보장하다,보장하고
보장하다,보장하고말고
보장하다,보장하기로
보장하다,보장하기로니
보장하다,보장하기로서
보장하다,보장하기로서니
보장하다,보장하기에
보장하다,보장하네
보장하다,보장하니
보장하다,보장하다
보장하다,보장하다가
보장하다,보장하다가는
보장하다,보장하다간
보장하다,보장하다니
보장하다,보장하다마다
보장하다,보장하더니
보장하다,보장하더니라
보장하다,보장하더라
보장하다,보장하더라니까
보장하다,보장하더라도
보장하다,보장하더라며
보장하다,보장하더라면
보장하다,보장하더라면서
보장하다,보장하더람
보장하다,보장하던
보장하다,보장하던가
보장하다,보장하던데
보장하다,보장하던지
보장하다,보장하데
보장하다,보장하데요
보장하다,보장하도다
보장하다,보장하되
보장하다,보장하든
보장하다,보장하든지
보장하다,보장하듯
보장하다,보장하듯이
보장하다,보장하죠
보장하다,보장하지마는
보장하다,보장하지만
보장하다,보장하지요
보장하다,보장한걸
보장하다,보장한들
보장하다,보장하나마
보장하다,보장하니까
보장하다,보장할
보장하다,보장할걸
보장하다,보장할까
보장하다,보장할는지
보장하다,보장할라
보장하다,보장할라고
보장하다,보장할러니
보장하다,보장할러라
보장하다,보장할런고
보장하다,보장할망정
보장하다,보장할밖에
보장하다,보장할뿐더러
보장하다,보장할수록
보장하다,보장할지라도
보장하다,보장하며
보장하다,보장하면
보장하다,보장하면서
보장하다,보장하세요
보장하다,보장하셔요
보장하다,보장하지
보장하다,보장하건대
보장하다,보장하나니
보장하다,보장하느라
보장하다,보장하느라고
보장하다,보장하는구나
보장하다,보장하는군
보장하다,보장하도록
보장하다,보장하자
보장하다,보장하자고
보장하다,보장하자꾸나
보장하다,보장하자느니
보장하다,보장하자니까
보장하다,보장하자마자
보장하다,보장하자며
보장하다,보장하자면
보장하다,보장하자면서
보장하다,보장한
보장하다,보장한다
보장하다,보장한다고
보장하다,보장한다나
보장하다,보장한다네
보장하다,보장한다느니
보장하다,보장한다니
보장하다,보장한다니까
보장하다,보장한다더라
보장하다,보장한다며
보장하다,보장한다면
보장하다,보장한다면서
보장하다,보장한답니까
보장하다,보장한답니다
보장하다,보장한답시고
보장하다,보장한대
보장하다,보장한대요
보장하다,보장할거나
보장하다,보장할게
보장하다,보장할래
보장하다,보장하라고
보장하다,보장하러
보장하다,보장하려
보장하다,보장합시다
보장하다,보장하세
보장하다,보장하시라
보장하다,보장하십시다
보장하다,보장하십시오
보장하다,보장하고자
보장하다,보장하느냐
보장하다,보장하느냐고
보장하다,보장하느니
보장하다,보장하느니만
보장하다,보장하느니만큼
보장하다,보장하는
보장하다,보장하는걸
보장하다,보장하는데
보장하다,보장하는지
수반하다,수반하거나
수반하다,수반하거늘
수반하다,수반하거니
수반하다,수반하거든
수반하다,수반하건
수반하다,수반하것다
수반하다,수반하게
수반하다,수반하겠
수반하다,수반하고
수반하다,수반하고말고
수반하다,수반하기로
수반하다,수반하기로니
수반하다,수반하기로서
수반하다,수반하기로서니
수반하다,수반하기에
수반하다,수반하네
수반하다,수반하니
수반하다,수반하다
수반하다,수반하다가
수반하다,수반하다가는
수반하다,수반하다간
수반하다,수반하다니
수반하다,수반하다마다
수반하다,수반하더니
수반하다,수반하더니라
수반하다,수반하더라
수반하다,수반하더라니까
수반하다,수반하더라도
수반하다,수반하더라며
수반하다,수반하더라면
수반하다,수반하더라면서
수반하다,수반하더람
수반하다,수반하던
수반하다,수반하던가
수반하다,수반하던데
수반하다,수반하던지
수반하다,수반하데
수반하다,수반하데요
수반하다,수반하도다
수반하다,수반하되
수반하다,수반하든
수반하다,수반하든지
수반하다,수반하듯
수반하다,수반하듯이
수반하다,수반하죠
수반하다,수반하지마는
수반하다,수반하지만
수반하다,수반하지요
수반하다,수반한걸
수반하다,수반한들
수반하다,수반하나마
수반하다,수반하니까
수반하다,수반할
수반하다,수반할걸
수반하다,수반할까
수반하다,수반할는지
수반하다,수반할라
수반하다,수반할라고
수반하다,수반할러니
수반하다,수반할러라
수반하다,수반할런고
수반하다,수반할망정
수반하다,수반할밖에
수반하다,수반할뿐더러
수반하다,수반할수록
수반하다,수반할지라도
수반하다,수반하며
수반하다,수반하면
수반하다,수반하면서
수반하다,수반하세요
수반하다,수반하셔요
수반하다,수반하지
수반하다,수반하건대
수반하다,수반하나니
수반하다,수반하느라
수반하다,수반하느라고
수반하다,수반하는구나
수반하다,수반하는군
수반하다,수반하도록
수반하다,수반하자
수반하다,수반하자고
수반하다,수반하자꾸나
수반하다,수반하자느니
수반하다,수반하자니까
수반하다,수반하자마자
수반하다,수반하자며
수반하다,수반하자면
수반하다,수반하자면서
수반하다,수반한
수반하다,수반한다
수반하다,수반한다고
수반하다,수반한다나
수반하다,수반한다네
수반하다,수반한다느니
수반하다,수반한다니
수반하다,수반한다니까
수반하다,수반한다더라
수반하다,수반한다며
수반하다,수반한다면
수반하다,수반한다면서
수반하다,수반한답니까
수반하다,수반한답니다
수반하다,수반한답시고
수반하다,수반한대
수반하다,수반한대요
수반하다,수반할거나
수반하다,수반할게
수반하다,수반할래
수반하다,수반하라고
수반하다,수반하러
수반하다,수반하려
수반하다,수반합시다
수반하다,수반하세
수반하다,수반하시라
수반하다,수반하십시다
수반하다,수반하십시오
수반하다,수반하고자
수반하다,수반하느냐
수반하다,수반하느냐고
수반하다,수반하느니
수반하다,수반하느니만
수반하다,수반하느니만큼
수반하다,수반하는
수반하다,수반하는걸
수반하다,수반하는데
수반하다,수반하는지
들어가다,들어가거나
들어가다,들어가거늘
들어가다,들어가거니
들어가다,들어가거든
들어가다,들어가건
들어가다,들어가것다
들어가다,들어가게
들어가다,들어가겠
들어가다,들어가고
들어가다,들어가고말고
들어가다,들어가기로
들어가다,들어가기로니
들어가다,들어가기로서
들어가다,들어가기로서니
들어가다,들어가기에
들어가다,들어가네
들어가다,들어가니
들어가다,들어가다
들어가다,들어가다가
들어가다,들어가다가는
들어가다,들어가다간
들어가다,들어가다니
들어가다,들어가다마다
들어가다,들어가더니
들어가다,들어가더니라
들어가다,들어가더라
들어가다,들어가더라니까
들어가다,들어가더라도
들어가다,들어가더라며
들어가다,들어가더라면
들어가다,들어가더라면서
들어가다,들어가더람
들어가다,들어가던
들어가다,들어가던가
들어가다,들어가던데
들어가다,들어가던지
들어가다,들어가데
들어가다,들어가데요
들어가다,들어가도다
들어가다,들어가되
들어가다,들어가든
들어가다,들어가든지
들어가다,들어가듯
들어가다,들어가듯이
들어가다,들어가죠
들어가다,들어가지마는
들어가다,들어가지만
들어가다,들어가지요
들어가다,들어간걸
들어가다,들어간들
들어가다,들어가나마
들어가다,들어가니까
들어가다,들어갈
들어가다,들어갈걸
들어가다,들어갈까
들어가다,들어갈는지
들어가다,들어갈라
들어가다,들어갈라고
들어가다,들어갈러니
들어가다,들어갈러라
들어가다,들어갈런고
들어가다,들어갈망정
들어가다,들어갈밖에
들어가다,들어갈뿐더러
들어가다,들어갈수록
들어가다,들어갈지라도
들어가다,들어가며
들어가다,들어가면
들어가다,들어가면서
들어가다,들어가세요
들어가다,들어가셔요
들어가다,들어가지
들어가다,들어가도
들어가다,들어가서
들어가다,들어가야
들어가다,들어가야만
들어가다,들어가야지
들어가다,들어가요
들어가다,들어가건대
들어가다,들어가나니
들어가다,들어가느라
들어가다,들어가느라고
들어가다,들어가는구나
들어가다,들어가는군
들어가다,들어가도록
들어가다,들어가자
들어가다,들어가자고
들어가다,들어가자꾸나
들어가다,들어가자느니
들어가다,들어가자니까
들어가다,들어가자마자
들어가다,들어가자며
들어가다,들어가자면
들어가다,들어가자면서
들어가다,들어간
들어가다,들어간다
들어가다,들어간다고
들어가다,들어간다나
들어가다,들어간다네
들어가다,들어간다느니
들어가다,들어간다니
들어가다,들어간다니까
들어가다,들어간다더라
들어가다,들어간다며
들어가다,들어간다면
들어가다,들어간다면서
들어가다,들어간답니까
들어가다,들어간답니다
들어가다,들어간답시고
들어가다,들어간대
들어가다,들어간대요
들어가다,들어갈거나
들어가다,들어갈게
들어가다,들어갈래
들어가다,들어가라고
들어가다,들어가러
들어가다,들어가려
들어가다,들어갑시다
들어가다,들어가세
들어가다,들어가시라
들어가다,들어가십시다
들어가다,들어가십시오
들어가다,들어가고자
들어가다,들어가느냐
들어가다,들어가느냐고
들어가다,들어가느니
들어가다,들어가느니만
들어가다,들어가느니만큼
들어가다,들어가는
들어가다,들어가는걸
들어가다,들어가는데
들어가다,들어가는지
들어오다,들어오거나
들어오다,들어오거늘
들어오다,들어오거니
들어오다,들어오거든
들어오다,들어오건
들어오다,들어오것다
들어오다,들어오게
들어오다,들어오겠
들어오다,들어오고
들어오다,들어오고말고
들어오다,들어오기로
들어오다,들어오기로니
들어오다,들어오기로서
들어오다,들어오기로서니
들어오다,들어오기에
들어오다,들어오네
들어오다,들어오니
들어오다,들어오다
들어오다,들어오다가
들어오다,들어오다가는
들어오다,들어오다간
들어오다,들어오다니
들어오다,들어오다마다
들어오다,들어오더니
들어오다,들어오더니라
들어오다,들어오더라
들어오다,들어오더라니까
들어오다,들어오더라도
들어오다,들어오더라며
들어오다,들어오더라면
들어오다,들어오더라면서
들어오다,들어오더람
들어오다,들어오던
들어오다,들어오던가
들어오다,들어오던데
들어오다,들어오던지
들어오다,들어오데
들어오다,들어오데요
들어오다,들어오도다
들어오다,들어오되
들어오다,들어오든
들어오다,들어오든지
들어오다,들어오듯
들어오다,들어오듯이
들어오다,들어오죠
들어오다,들어오지마는
들어오다,들어오지만
들어오다,들어오지요
들어오다,들어온걸
들어오다,들어온들
들어오다,들어오나마
들어오다,들어오니까
들어오다,들어올
들어오다,들어올걸
들어오다,들어올까
들어오다,들어올는지
들어오다,들어올라
들어오다,들어올라고
들어오다,들어올러니
들어오다,들어올러라
들어오다,들어올런고
들어오다,들어올망정
들어오다,들어올밖에
들어오다,들어올뿐더러
들어오다,들어올수록
들어오다,들어올지라도
들어오다,들어오며
들어오다,들어오면
들어오다,들어오면서
들어오다,들어오세요
들어오다,들어오셔요
들어오다,들어오지
들어오다,들어와도
들어오다,들어와서
들어오다,들어와야
들어오다,들어와야만
들어오다,들어와야지
들어오다,들어와요
들어오다,들어오건대
들어오다,들어오나니
들어오다,들어오느라
들어오다,들어오느라고
들어오다,들어오는구나
들어오다,들어오는군
들어오다,들어오도록
들어오다,들어오자
들어오다,들어오자고
들어오다,들어오자꾸나
들어오다,들어오자느니
들어오다,들어오자니까
들어오다,들어오자마자
들어오다,들어오자며
들어오다,들어오자면
들어오다,들어오자면서
들어오다,들어온
들어오다,들어온다
들어오다,들어온다고
들어오다,들어온다나
들어오다,들어온다네
들어오다,들어온다느니
들어오다,들어온다니
들어오다,들어온다니까
들어오다,들어온다더라
들어오다,들어온다며
들어오다,들어온다면
들어오다,들어온다면서
들어오다,들어온답니까
들어오다,들어온답니다
들어오다,들어온답시고
들어오다,들어온대
들어오다,들어온대요
들어오다,들어올거나
들어오다,들어올게
들어오다,들어올래
들어오다,들어오라고
들어오다,들어오러
들어오다,들어오려
들어오다,들어옵시다
들어오다,들어오세
들어오다,들어오시라
들어오다,들어오십시다
들어오다,들어오십시오
들어오다,들어와다
들어오다,들어와다가
들어오다,들어오고자
들어오다,들어오느냐
들어오다,들어오느냐고
들어오다,들어오느니
들어오다,들어오느니만
들어오다,들어오느니만큼
들어오다,들어오는
들어오다,들어오는걸
들어오다,들어오는데
들어오다,들어오는지
설립하다,설립하거나
설립하다,설립하거늘
설립하다,설립하거니
설립하다,설립하거든
설립하다,설립하건
설립하다,설립하것다
설립하다,설립하게
설립하다,설립하겠
설립하다,설립하고
설립하다,설립하고말고
설립하다,설립하기로
설립하다,설립하기로니
설립하다,설립하기로서
설립하다,설립하기로서니
설립하다,설립하기에
설립하다,설립하네
설립하다,설립하니
설립하다,설립하다
설립하다,설립하다가
설립하다,설립하다가는
설립하다,설립하다간
설립하다,설립하다니
설립하다,설립하다마다
설립하다,설립하더니
설립하다,설립하더니라
설립하다,설립하더라
설립하다,설립하더라니까
설립하다,설립하더라도
설립하다,설립하더라며
설립하다,설립하더라면
설립하다,설립하더라면서
설립하다,설립하더람
설립하다,설립하던
설립하다,설립하던가
설립하다,설립하던데
설립하다,설립하던지
설립하다,설립하데
설립하다,설립하데요
설립하다,설립하도다
설립하다,설립하되
설립하다,설립하든
설립하다,설립하든지
설립하다,설립하듯
설립하다,설립하듯이
설립하다,설립하죠
설립하다,설립하지마는
설립하다,설립하지만
설립하다,설립하지요
설립하다,설립한걸
설립하다,설립한들
설립하다,설립하나마
설립하다,설립하니까
설립하다,설립할
설립하다,설립할걸
설립하다,설립할까
설립하다,설립할는지
설립하다,설립할라
설립하다,설립할라고
설립하다,설립할러니
설립하다,설립할러라
설립하다,설립할런고
설립하다,설립할망정
설립하다,설립할밖에
설립하다,설립할뿐더러
설립하다,설립할수록
설립하다,설립할지라도
설립하다,설립하며
설립하다,설립하면
설립하다,설립하면서
설립하다,설립하세요
설립하다,설립하셔요
설립하다,설립하지
설립하다,설립하건대
설립하다,설립하나니
설립하다,설립하느라
설립하다,설립하느라고
설립하다,설립하는구나
설립하다,설립하는군
설립하다,설립하도록
설립하다,설립하자
설립하다,설립하자고
설립하다,설립하자꾸나
설립하다,설립하자느니
설립하다,설립하자니까
설립하다,설립하자마자
설립하다,설립하자며
설립하다,설립하자면
설립하다,설립하자면서
설립하다,설립한
설립하다,설립한다
설립하다,설립한다고
설립하다,설립한다나
설립하다,설립한다네
설립하다,설립한다느니
설립하다,설립한다니
설립하다,설립한다니까
설립하다,설립한다더라
설립하다,설립한다며
설립하다,설립한다면
설립하다,설립한다면서
설립하다,설립한답니까
설립하다,설립한답니다
설립하다,설립한답시고
설립하다,설립한대
설립하다,설립한대요
설립하다,설립할거나
설립하다,설립할게
설립하다,설립할래
설립하다,설립하라고
설립하다,설립하러
설립하다,설립하려
설립하다,설립합시다
설립하다,설립하세
설립하다,설립하시라
설립하다,설립하십시다
설립하다,설립하십시오
설립하다,설립하고자
설립하다,설립하느냐
설립하다,설립하느냐고
설립하다,설립하느니
설립하다,설립하느니만
설립하다,설립하느니만큼
설립하다,설립하는
설립하다,설립하는걸
설립하다,설립하는데
설립하다,설립하는지
검사하다,검사하거나
검사하다,검사하거늘
검사하다,검사하거니
검사하다,검사하거든
검사하다,검사하건
검사하다,검사하것다
검사하다,검사하게
검사하다,검사하겠
검사하다,검사하고
검사하다,검사하고말고
검사하다,검사하기로
검사하다,검사하기로니
검사하다,검사하기로서
검사하다,검사하기로서니
검사하다,검사하기에
검사하다,검사하네
검사하다,검사하니
검사하다,검사하다
검사하다,검사하다가
검사하다,검사하다가는
검사하다,검사하다간
검사하다,검사하다니
검사하다,검사하다마다
검사하다,검사하더니
검사하다,검사하더니라
검사하다,검사하더라
검사하다,검사하더라니까
검사하다,검사하더라도
검사하다,검사하더라며
검사하다,검사하더라면
검사하다,검사하더라면서
검사하다,검사하더람
검사하다,검사하던
검사하다,검사하던가
검사하다,검사하던데
검사하다,검사하던지
검사하다,검사하데
검사하다,검사하데요
검사하다,검사하도다
검사하다,검사하되
검사하다,검사하든
검사하다,검사하든지
검사하다,검사하듯
검사하다,검사하듯이
검사하다,검사하죠
검사하다,검사하지마는
검사하다,검사하지만
검사하다,검사하지요
검사하다,검사한걸
검사하다,검사한들
검사하다,검사하나마
검사하다,검사하니까
검사하다,검사할
검사하다,검사할걸
검사하다,검사할까
검사하다,검사할는지
검사하다,검사할라
검사하다,검사할라고
검사하다,검사할러니
검사하다,검사할러라
검사하다,검사할런고
검사하다,검사할망정
검사하다,검사할밖에
검사하다,검사할뿐더러
검사하다,검사할수록
검사하다,검사할지라도
검사하다,검사하며
검사하다,검사하면
검사하다,검사하면서
검사하다,검사하세요
검사하다,검사하셔요
검사하다,검사하지
검사하다,검사하건대
검사하다,검사하나니
검사하다,검사하느라
검사하다,검사하느라고
검사하다,검사하는구나
검사하다,검사하는군
검사하다,검사하도록
검사하다,검사하자
검사하다,검사하자고
검사하다,검사하자꾸나
검사하다,검사하자느니
검사하다,검사하자니까
검사하다,검사하자마자
검사하다,검사하자며
검사하다,검사하자면
검사하다,검사하자면서
검사하다,검사한
검사하다,검사한다
검사하다,검사한다고
검사하다,검사한다나
검사하다,검사한다네
검사하다,검사한다느니
검사하다,검사한다니
검사하다,검사한다니까
검사하다,검사한다더라
검사하다,검사한다며
검사하다,검사한다면
검사하다,검사한다면서
검사하다,검사한답니까
검사하다,검사한답니다
검사하다,검사한답시고
검사하다,검사한대
검사하다,검사한대요
검사하다,검사할거나
검사하다,검사할게
검사하다,검사할래
검사하다,검사하라고
검사하다,검사하러
검사하다,검사하려
검사하다,검사합시다
검사하다,검사하세
검사하다,검사하시라
검사하다,검사하십시다
검사하다,검사하십시오
검사하다,검사하고자
검사하다,검사하느냐
검사하다,검사하느냐고
검사하다,검사하느니
검사하다,검사하느니만
검사하다,검사하느니만큼
검사하다,검사하는
검사하다,검사하는걸
검사하다,검사하는데
검사하다,검사하는지
조사하다,조사하거나
조사하다,조사하거늘
조사하다,조사하거니
조사하다,조사하거든
조사하다,조사하건
조사하다,조사하것다
조사하다,조사하게
조사하다,조사하겠
조사하다,조사하고
조사하다,조사하고말고
조사하다,조사하기로
조사하다,조사하기로니
조사하다,조사하기로서
조사하다,조사하기로서니
조사하다,조사하기에
조사하다,조사하네
조사하다,조사하니
조사하다,조사하다
조사하다,조사하다가
조사하다,조사하다가는
조사하다,조사하다간
조사하다,조사하다니
조사하다,조사하다마다
조사하다,조사하더니
조사하다,조사하더니라
조사하다,조사하더라
조사하다,조사하더라니까
조사하다,조사하더라도
조사하다,조사하더라며
조사하다,조사하더라면
조사하다,조사하더라면서
조사하다,조사하더람
조사하다,조사하던
조사하다,조사하던가
조사하다,조사하던데
조사하다,조사하던지
조사하다,조사하데
조사하다,조사하데요
조사하다,조사하도다
조사하다,조사하되
조사하다,조사하든
조사하다,조사하든지
조사하다,조사하듯
조사하다,조사하듯이
조사하다,조사하죠
조사하다,조사하지마는
조사하다,조사하지만
조사하다,조사하지요
조사하다,조사한걸
조사하다,조사한들
조사하다,조사하나마
조사하다,조사하니까
조사하다,조사할
조사하다,조사할걸
조사하다,조사할까
조사하다,조사할는지
조사하다,조사할라
조사하다,조사할라고
조사하다,조사할러니
조사하다,조사할러라
조사하다,조사할런고
조사하다,조사할망정
조사하다,조사할밖에
조사하다,조사할뿐더러
조사하다,조사할수록
조사하다,조사할지라도
조사하다,조사하며
조사하다,조사하면
조사하다,조사하면서
조사하다,조사하세요
조사하다,조사하셔요
조사하다,조사하지
조사하다,조사하건대
조사하다,조사하나니
조사하다,조사하느라
조사하다,조사하느라고
조사하다,조사하는구나
조사하다,조사하는군
조사하다,조사하도록
조사하다,조사하자
조사하다,조사하자고
조사하다,조사하자꾸나
조사하다,조사하자느니
조사하다,조사하자니까
조사하다,조사하자마자
조사하다,조사하자며
조사하다,조사하자면
조사하다,조사하자면서
조사하다,조사한
조사하다,조사한다
조사하다,조사한다고
조사하다,조사한다나
조사하다,조사한다네
조사하다,조사한다느니
조사하다,조사한다니
조사하다,조사한다니까
조사하다,조사한다더라
조사하다,조사한다며
조사하다,조사한다면
조사하다,조사한다면서
조사하다,조사한답니까
조사하다,조사한답니다
조사하다,조사한답시고
조사하다,조사한대
조사하다,조사한대요
조사하다,조사할거나
조사하다,조사할게
조사하다,조사할래
조사하다,조사하라고
조사하다,조사하러
조사하다,조사하려
조사하다,조사합시다
조사하다,조사하세
조사하다,조사하시라
조사하다,조사하십시다
조사하다,조사하십시오
조사하다,조사하고자
조사하다,조사하느냐
조사하다,조사하느냐고
조사하다,조사하느니
조사하다,조사하느니만
조사하다,조사하느니만큼
조사하다,조사하는
조사하다,조사하는걸
조사하다,조사하는데
조사하다,조사하는지
검토하다,검토하거나
검토하다,검토하거늘
검토하다,검토하거니
검토하다,검토하거든
검토하다,검토하건
검토하다,검토하것다
검토하다,검토하게
검토하다,검토하겠
검토하다,검토하고
검토하다,검토하고말고
검토하다,검토하기로
검토하다,검토하기로니
검토하다,검토하기로서
검토하다,검토하기로서니
검토하다,검토하기에
검토하다,검토하네
검토하다,검토하니
검토하다,검토하다
검토하다,검토하다가
검토하다,검토하다가는
검토하다,검토하다간
검토하다,검토하다니
검토하다,검토하다마다
검토하다,검토하더니
검토하다,검토하더니라
검토하다,검토하더라
검토하다,검토하더라니까
검토하다,검토하더라도
검토하다,검토하더라며
검토하다,검토하더라면
검토하다,검토하더라면서
검토하다,검토하더람
검토하다,검토하던
검토하다,검토하던가
검토하다,검토하던데
검토하다,검토하던지
검토하다,검토하데
검토하다,검토하데요
검토하다,검토하도다
검토하다,검토하되
검토하다,검토하든
검토하다,검토하든지
검토하다,검토하듯
검토하다,검토하듯이
검토하다,검토하죠
검토하다,검토하지마는
검토하다,검토하지만
검토하다,검토하지요
검토하다,검토한걸
검토하다,검토한들
검토하다,검토하나마
검토하다,검토하니까
검토하다,검토할
검토하다,검토할걸
검토하다,검토할까
검토하다,검토할는지
검토하다,검토할라
검토하다,검토할라고
검토하다,검토할러니
검토하다,검토할러라
검토하다,검토할런고
검토하다,검토할망정
검토하다,검토할밖에
검토하다,검토할뿐더러
검토하다,검토할수록
검토하다,검토할지라도
검토하다,검토하며
검토하다,검토하면
검토하다,검토하면서
검토하다,검토하세요
검토하다,검토하셔요
검토하다,검토하지
검토하다,검토하건대
검토하다,검토하나니
검토하다,검토하느라
검토하다,검토하느라고
검토하다,검토하는구나
검토하다,검토하는군
검토하다,검토하도록
검토하다,검토하자
검토하다,검토하자고
검토하다,검토하자꾸나
검토하다,검토하자느니
검토하다,검토하자니까
검토하다,검토하자마자
검토하다,검토하자며
검토하다,검토하자면
검토하다,검토하자면서
검토하다,검토한
검토하다,검토한다
검토하다,검토한다고
검토하다,검토한다나
검토하다,검토한다네
검토하다,검토한다느니
검토하다,검토한다니
검토하다,검토한다니까
검토하다,검토한다더라
검토하다,검토한다며
검토하다,검토한다면
검토하다,검토한다면서
검토하다,검토한답니까
검토하다,검토한답니다
검토하다,검토한답시고
검토하다,검토한대
검토하다,검토한대요
검토하다,검토할거나
검토하다,검토할게
검토하다,검토할래
검토하다,검토하라고
검토하다,검토하러
검토하다,검토하려
검토하다,검토합시다
검토하다,검토하세
검토하다,검토하시라
검토하다,검토하십시다
검토하다,검토하십시오
검토하다,검토하고자
검토하다,검토하느냐
검토하다,검토하느냐고
검토하다,검토하느니
검토하다,검토하느니만
검토하다,검토하느니만큼
검토하다,검토하는
검토하다,검토하는걸
검토하다,검토하는데
검토하다,검토하는지
실재하다,실재하거나
실재하다,실재하거늘
실재하다,실재하거니
실재하다,실재하거든
실재하다,실재하건
실재하다,실재하것다
실재하다,실재하게
실재하다,실재하겠
실재하다,실재하고
실재하다,실재하고말고
실재하다,실재하기로
실재하다,실재하기로니
실재하다,실재하기로서
실재하다,실재하기로서니
실재하다,실재하기에
실재하다,실재하네
실재하다,실재하니
실재하다,실재하다
실재하다,실재하다가
실재하다,실재하다가는
실재하다,실재하다간
실재하다,실재하다니
실재하다,실재하다마다
실재하다,실재하더니
실재하다,실재하더니라
실재하다,실재하더라
실재하다,실재하더라니까
실재하다,실재하더라도
실재하다,실재하더라며
실재하다,실재하더라면
실재하다,실재하더라면서
실재하다,실재하더람
실재하다,실재하던
실재하다,실재하던가
실재하다,실재하던데
실재하다,실재하던지
실재하다,실재하데
실재하다,실재하데요
실재하다,실재하도다
실재하다,실재하되
실재하다,실재하든
실재하다,실재하든지
실재하다,실재하듯
실재하다,실재하듯이
실재하다,실재하죠
실재하다,실재하지마는
실재하다,실재하지만
실재하다,실재하지요
실재하다,실재한걸
실재하다,실재한들
실재하다,실재하나마
실재하다,실재하니까
실재하다,실재할
실재하다,실재할걸
실재하다,실재할까
실재하다,실재할는지
실재하다,실재할라
실재하다,실재할라고
실재하다,실재할러니
실재하다,실재할러라
실재하다,실재할런고
실재하다,실재할망정
실재하다,실재할밖에
실재하다,실재할뿐더러
실재하다,실재할수록
실재하다,실재할지라도
실재하다,실재하며
실재하다,실재하면
실재하다,실재하면서
실재하다,실재하세요
실재하다,실재하셔요
실재하다,실재하지
실재하다,실재하건대
실재하다,실재하나니
실재하다,실재하느라
실재하다,실재하느라고
실재하다,실재하는구나
실재하다,실재하는군
실재하다,실재하도록
실재하다,실재하자
실재하다,실재하자고
실재하다,실재하자꾸나
실재하다,실재하자느니
실재하다,실재하자니까
실재하다,실재하자마자
실재하다,실재하자며
실재하다,실재하자면
실재하다,실재하자면서
실재하다,실재한
실재하다,실재한다
실재하다,실재한다고
실재하다,실재한다나
실재하다,실재한다네
실재하다,실재한다느니
실재하다,실재한다니
실재하다,실재한다니까
실재하다,실재한다더라
실재하다,실재한다며
실재하다,실재한다면
실재하다,실재한다면서
실재하다,실재한답니까
실재하다,실재한답니다
실재하다,실재한답시고
실재하다,실재한대
실재하다,실재한대요
실재하다,실재할거나
실재하다,실재할게
실재하다,실재할래
실재하다,실재하라고
실재하다,실재하러
실재하다,실재하려
실재하다,실재합시다
실재하다,실재하세
실재하다,실재하시라
실재하다,실재하십시다
실재하다,실재하십시오
실재하다,실재하고자
실재하다,실재하느냐
실재하다,실재하느냐고
실재하다,실재하느니
실재하다,실재하느니만
실재하다,실재하느니만큼
실재하다,실재하는
실재하다,실재하는걸
실재하다,실재하는데
실재하다,실재하는지
확대되다,확대되거나
확대되다,확대되거늘
확대되다,확대되거니
확대되다,확대되거든
확대되다,확대되건
확대되다,확대되것다
확대되다,확대되게
확대되다,확대되겠
확대되다,확대되고
확대되다,확대되고말고
확대되다,확대되기로
확대되다,확대되기로니
확대되다,확대되기로서
확대되다,확대되기로서니
확대되다,확대되기에
확대되다,확대되네
확대되다,확대되니
확대되다,확대되다
확대되다,확대되다가
확대되다,확대되다가는
확대되다,확대되다간
확대되다,확대되다니
확대되다,확대되다마다
확대되다,확대되더니
확대되다,확대되더니라
확대되다,확대되더라
확대되다,확대되더라니까
확대되다,확대되더라도
확대되다,확대되더라며
확대되다,확대되더라면
확대되다,확대되더라면서
확대되다,확대되더람
확대되다,확대되던
확대되다,확대되던가
확대되다,확대되던데
확대되다,확대되던지
확대되다,확대되데
확대되다,확대되데요
확대되다,확대되도다
확대되다,확대되되
확대되다,확대되든
확대되다,확대되든지
확대되다,확대되듯
확대되다,확대되듯이
확대되다,확대되죠
확대되다,확대되지마는
확대되다,확대되지만
확대되다,확대되지요
확대되다,확대된걸
확대되다,확대된들
확대되다,확대되나마
확대되다,확대되니까
확대되다,확대될
확대되다,확대될걸
확대되다,확대될까
확대되다,확대될는지
확대되다,확대될라
확대되다,확대될라고
확대되다,확대될러니
확대되다,확대될러라
확대되다,확대될런고
확대되다,확대될망정
확대되다,확대될밖에
확대되다,확대될뿐더러
확대되다,확대될수록
확대되다,확대될지라도
확대되다,확대되며
확대되다,확대되면
확대되다,확대되면서
확대되다,확대되세요
확대되다,확대되셔요
확대되다,확대되지
확대되다,확대되건대
확대되다,확대되나니
확대되다,확대되느라
확대되다,확대되느라고
확대되다,확대되는구나
확대되다,확대되는군
확대되다,확대되도록
확대되다,확대되자
확대되다,확대되자고
확대되다,확대되자꾸나
확대되다,확대되자느니
확대되다,확대되자니까
확대되다,확대되자마자
확대되다,확대되자며
확대되다,확대되자면
확대되다,확대되자면서
확대되다,확대된
확대되다,확대된다
확대되다,확대된다고
확대되다,확대된다나
확대되다,확대된다네
확대되다,확대된다느니
확대되다,확대된다니
확대되다,확대된다니까
확대되다,확대된다더라
확대되다,확대된다며
확대되다,확대된다면
확대되다,확대된다면서
확대되다,확대된답니까
확대되다,확대된답니다
확대되다,확대된답시고
확대되다,확대된대
확대되다,확대된대요
확대되다,확대될거나
확대되다,확대될게
확대되다,확대될래
확대되다,확대되라고
확대되다,확대되러
확대되다,확대되려
확대되다,확대됩시다
확대되다,확대되세
확대되다,확대되시라
확대되다,확대되십시다
확대되다,확대되십시오
확대되다,확대되고자
확대되다,확대되느냐
확대되다,확대되느냐고
확대되다,확대되느니
확대되다,확대되느니만
확대되다,확대되느니만큼
확대되다,확대되는
확대되다,확대되는걸
확대되다,확대되는데
확대되다,확대되는지
답사하다,답사하거나
답사하다,답사하거늘
답사하다,답사하거니
답사하다,답사하거든
답사하다,답사하건
답사하다,답사하것다
답사하다,답사하게
답사하다,답사하겠
답사하다,답사하고
답사하다,답사하고말고
답사하다,답사하기로
답사하다,답사하기로니
답사하다,답사하기로서
답사하다,답사하기로서니
답사하다,답사하기에
답사하다,답사하네
답사하다,답사하니
답사하다,답사하다
답사하다,답사하다가
답사하다,답사하다가는
답사하다,답사하다간
답사하다,답사하다니
답사하다,답사하다마다
답사하다,답사하더니
답사하다,답사하더니라
답사하다,답사하더라
답사하다,답사하더라니까
답사하다,답사하더라도
답사하다,답사하더라며
답사하다,답사하더라면
답사하다,답사하더라면서
답사하다,답사하더람
답사하다,답사하던
답사하다,답사하던가
답사하다,답사하던데
답사하다,답사하던지
답사하다,답사하데
답사하다,답사하데요
답사하다,답사하도다
답사하다,답사하되
답사하다,답사하든
답사하다,답사하든지
답사하다,답사하듯
답사하다,답사하듯이
답사하다,답사하죠
답사하다,답사하지마는
답사하다,답사하지만
답사하다,답사하지요
답사하다,답사한걸
답사하다,답사한들
답사하다,답사하나마
답사하다,답사하니까
답사하다,답사할
답사하다,답사할걸
답사하다,답사할까
답사하다,답사할는지
답사하다,답사할라
답사하다,답사할라고
답사하다,답사할러니
답사하다,답사할러라
답사하다,답사할런고
답사하다,답사할망정
답사하다,답사할밖에
답사하다,답사할뿐더러
답사하다,답사할수록
답사하다,답사할지라도
답사하다,답사하며
답사하다,답사하면
답사하다,답사하면서
답사하다,답사하세요
답사하다,답사하셔요
답사하다,답사하지
답사하다,답사하건대
답사하다,답사하나니
답사하다,답사하느라
답사하다,답사하느라고
답사하다,답사하는구나
답사하다,답사하는군
답사하다,답사하도록
답사하다,답사하자
답사하다,답사하자고
답사하다,답사하자꾸나
답사하다,답사하자느니
답사하다,답사하자니까
답사하다,답사하자마자
답사하다,답사하자며
답사하다,답사하자면
답사하다,답사하자면서
답사하다,답사한
답사하다,답사한다
답사하다,답사한다고
답사하다,답사한다나
답사하다,답사한다네
답사하다,답사한다느니
답사하다,답사한다니
답사하다,답사한다니까
답사하다,답사한다더라
답사하다,답사한다며
답사하다,답사한다면
답사하다,답사한다면서
답사하다,답사한답니까
답사하다,답사한답니다
답사하다,답사한답시고
답사하다,답사한대
답사하다,답사한대요
답사하다,답사할거나
답사하다,답사할게
답사하다,답사할래
답사하다,답사하라고
답사하다,답사하러
답사하다,답사하려
답사하다,답사합시다
답사하다,답사하세
답사하다,답사하시라
답사하다,답사하십시다
답사하다,답사하십시오
답사하다,답사하고자
답사하다,답사하느냐
답사하다,답사하느냐고
답사하다,답사하느니
답사하다,답사하느니만
답사하다,답사하느니만큼
답사하다,답사하는
답사하다,답사하는걸
답사하다,답사하는데
답사하다,답사하는지
만들다,만들거나
만들다,만들거늘
만들다,만들거니
만들다,만들거든
만들다,만들건
만들다,만들것다
만들다,만들게
만들다,만들겠
만들다,만들고
만들다,만들고말고
만들다,만들기로
만들다,만들기로니
만들다,만들기로서
만들다,만들기로서니
만들다,만들기에
만들다,만들네
만들다,만들니
만들다,만들다
만들다,만들다가
만들다,만들다가는
만들다,만들다간
만들다,만들다니
만들다,만들다마다
만들다,만들더니
만들다,만들더니라
만들다,만들더라
만들다,만들더라니까
만들다,만들더라도
만들다,만들더라며
만들다,만들더라면
만들다,만들더라면서
만들다,만들더람
만들다,만들던
만들다,만들던가
만들다,만들던데
만들다,만들던지
만들다,만들데
만들다,만들데요
만들다,만들도다
만들다,만들되
만들다,만들든
만들다,만들든지
만들다,만들듯
만들다,만들듯이
만들다,만들죠
만들다,만들지마는
만들다,만들지만
만들다,만들지요
만들다,만든걸
만들다,만든들
만들다,만드나마
만들다,만드니
만들다,만드니까
만들다,만들
만들다,만들걸
만들다,만들까
만들다,만들는지
만들다,만들라
만들다,만들라고
만들다,만들러니
만들다,만들러라
만들다,만들런고
만들다,만들망정
만들다,만들밖에
만들다,만들뿐더러
만들다,만들수록
만들다,만들지라도
만들다,만드며
만들다,만드면
만들다,만드면서
만들다,만드세요
만들다,만드셔요
만들다,만들지
만들다,만들건대
만들다,만들나니
만들다,만들느라
만들다,만들느라고
만들다,만들는구나
만들다,만들는군
만들다,만들도록
만들다,만들자
만들다,만들자고
만들다,만들자꾸나
만들다,만들자느니
만들다,만들자니까
만들다,만들자마자
만들다,만들자며
만들다,만들자면
만들다,만들자면서
만들다,만든
만들다,만든다
만들다,만든다고
만들다,만든다나
만들다,만든다네
만들다,만든다느니
만들다,만든다니
만들다,만든다니까
만들다,만든다더라
만들다,만든다며
만들다,만든다면
만들다,만든다면서
만들다,만든답니까
만들다,만든답니다
만들다,만든답시고
만들다,만든대
만들다,만든대요
만들다,만들래
만들다,만드라고
만들다,만드러
만들다,만드려
만들다,만듭시다
만들다,만드세
만들다,만드시라
만들다,만드십시다
만들다,만드십시오
만들다,만들고자
만들다,만들느냐
만들다,만들느냐고
만들다,만들느니
만들다,만들느니만
만들다,만들느니만큼
만들다,만들는
만들다,만들는걸
만들다,만들는데
실패하다,실패하거나
실패하다,실패하거늘
실패하다,실패하거니
실패하다,실패하거든
실패하다,실패하건
실패하다,실패하것다
실패하다,실패하게
실패하다,실패하겠
실패하다,실패하고
실패하다,실패하고말고
실패하다,실패하기로
실패하다,실패하기로니
실패하다,실패하기로서
실패하다,실패하기로서니
실패하다,실패하기에
실패하다,실패하네
실패하다,실패하니
실패하다,실패하다
실패하다,실패하다가
실패하다,실패하다가는
실패하다,실패하다간
실패하다,실패하다니
실패하다,실패하다마다
실패하다,실패하더니
실패하다,실패하더니라
실패하다,실패하더라
실패하다,실패하더라니까
실패하다,실패하더라도
실패하다,실패하더라며
실패하다,실패하더라면
실패하다,실패하더라면서
실패하다,실패하더람
실패하다,실패하던
실패하다,실패하던가
실패하다,실패하던데
실패하다,실패하던지
실패하다,실패하데
실패하다,실패하데요
실패하다,실패하도다
실패하다,실패하되
실패하다,실패하든
실패하다,실패하든지
실패하다,실패하듯
실패하다,실패하듯이
실패하다,실패하죠
실패하다,실패하지마는
실패하다,실패하지만
실패하다,실패하지요
실패하다,실패한걸
실패하다,실패한들
실패하다,실패하나마
실패하다,실패하니까
실패하다,실패할
실패하다,실패할걸
실패하다,실패할까
실패하다,실패할는지
실패하다,실패할라
실패하다,실패할라고
실패하다,실패할러니
실패하다,실패할러라
실패하다,실패할런고
실패하다,실패할망정
실패하다,실패할밖에
실패하다,실패할뿐더러
실패하다,실패할수록
실패하다,실패할지라도
실패하다,실패하며
실패하다,실패하면
실패하다,실패하면서
실패하다,실패하세요
실패하다,실패하셔요
실패하다,실패하지
실패하다,실패하건대
실패하다,실패하나니
실패하다,실패하느라
실패하다,실패하느라고
실패하다,실패하는구나
실패하다,실패하는군
실패하다,실패하도록
실패하다,실패하자
실패하다,실패하자고
실패하다,실패하자꾸나
실패하다,실패하자느니
실패하다,실패하자니까
실패하다,실패하자마자
실패하다,실패하자며
실패하다,실패하자면
실패하다,실패하자면서
실패하다,실패한
실패하다,실패한다
실패하다,실패한다고
실패하다,실패한다나
실패하다,실패한다네
실패하다,실패한다느니
실패하다,실패한다니
실패하다,실패한다니까
실패하다,실패한다더라
실패하다,실패한다며
실패하다,실패한다면
실패하다,실패한다면서
실패하다,실패한답니까
실패하다,실패한답니다
실패하다,실패한답시고
실패하다,실패한대
실패하다,실패한대요
실패하다,실패할거나
실패하다,실패할게
실패하다,실패할래
실패하다,실패하라고
실패하다,실패하러
실패하다,실패하려
실패하다,실패합시다
실패하다,실패하세
실패하다,실패하시라
실패하다,실패하십시다
실패하다,실패하십시오
실패하다,실패하고자
실패하다,실패하느냐
실패하다,실패하느냐고
실패하다,실패하느니
실패하다,실패하느니만
실패하다,실패하느니만큼
실패하다,실패하는
실패하다,실패하는걸
실패하다,실패하는데
실패하다,실패하는지
느끼다,느끼거나
느끼다,느끼거늘
느끼다,느끼거니
느끼다,느끼거든
느끼다,느끼건
느끼다,느끼것다
느끼다,느끼게
느끼다,느끼겠
느끼다,느끼고
느끼다,느끼고말고
느끼다,느끼기로
느끼다,느끼기로니
느끼다,느끼기로서
느끼다,느끼기로서니
느끼다,느끼기에
느끼다,느끼네
느끼다,느끼니
느끼다,느끼다
느끼다,느끼다가
느끼다,느끼다가는
느끼다,느끼다간
느끼다,느끼다니
느끼다,느끼다마다
느끼다,느끼더니
느끼다,느끼더니라
느끼다,느끼더라
느끼다,느끼더라니까
느끼다,느끼더라도
느끼다,느끼더라며
느끼다,느끼더라면
느끼다,느끼더라면서
느끼다,느끼더람
느끼다,느끼던
느끼다,느끼던가
느끼다,느끼던데
느끼다,느끼던지
느끼다,느끼데
느끼다,느끼데요
느끼다,느끼도다
느끼다,느끼되
느끼다,느끼든
느끼다,느끼든지
느끼다,느끼듯
느끼다,느끼듯이
느끼다,느끼죠
느끼다,느끼지마는
느끼다,느끼지만
느끼다,느끼지요
느끼다,느낀걸
느끼다,느낀들
느끼다,느끼나마
느끼다,느끼니까
느끼다,느낄
느끼다,느낄걸
느끼다,느낄까
느끼다,느낄는지
느끼다,느낄라
느끼다,느낄라고
느끼다,느낄러니
느끼다,느낄러라
느끼다,느낄런고
느끼다,느낄망정
느끼다,느낄밖에
느끼다,느낄뿐더러
느끼다,느낄수록
느끼다,느낄지라도
느끼다,느끼며
느끼다,느끼면
느끼다,느끼면서
느끼다,느끼세요
느끼다,느끼셔요
느끼다,느끼지
느끼다,느끼건대
느끼다,느끼나니
느끼다,느끼느라
느끼다,느끼느라고
느끼다,느끼는구나
느끼다,느끼는군
느끼다,느끼도록
느끼다,느끼자
느끼다,느끼자고
느끼다,느끼자꾸나
느끼다,느끼자느니
느끼다,느끼자니까
느끼다,느끼자마자
느끼다,느끼자며
느끼다,느끼자면
느끼다,느끼자면서
느끼다,느낀
느끼다,느낀다
느끼다,느낀다고
느끼다,느낀다나
느끼다,느낀다네
느끼다,느낀다느니
느끼다,느낀다니
느끼다,느낀다니까
느끼다,느낀다더라
느끼다,느낀다며
느끼다,느낀다면
느끼다,느낀다면서
느끼다,느낀답니까
느끼다,느낀답니다
느끼다,느낀답시고
느끼다,느낀대
느끼다,느낀대요
느끼다,느낄거나
느끼다,느낄게
느끼다,느낄래
느끼다,느끼라고
느끼다,느끼러
느끼다,느끼려
느끼다,느낍시다
느끼다,느끼세
느끼다,느끼시라
느끼다,느끼십시다
느끼다,느끼십시오
느끼다,느끼고자
느끼다,느끼느냐
느끼다,느끼느냐고
느끼다,느끼느니
느끼다,느끼느니만
느끼다,느끼느니만큼
느끼다,느끼는
느끼다,느끼는걸
느끼다,느끼는데
느끼다,느끼는지
싸우다,싸우거나
싸우다,싸우거늘
싸우다,싸우거니
싸우다,싸우거든
싸우다,싸우건
싸우다,싸우것다
싸우다,싸우게
싸우다,싸우겠
싸우다,싸우고
싸우다,싸우고말고
싸우다,싸우기로
싸우다,싸우기로니
싸우다,싸우기로서
싸우다,싸우기로서니
싸우다,싸우기에
싸우다,싸우네
싸우다,싸우니
싸우다,싸우다
싸우다,싸우다가
싸우다,싸우다가는
싸우다,싸우다간
싸우다,싸우다니
싸우다,싸우다마다
싸우다,싸우더니
싸우다,싸우더니라
싸우다,싸우더라
싸우다,싸우더라니까
싸우다,싸우더라도
싸우다,싸우더라며
싸우다,싸우더라면
싸우다,싸우더라면서
싸우다,싸우더람
싸우다,싸우던
싸우다,싸우던가
싸우다,싸우던데
싸우다,싸우던지
싸우다,싸우데
싸우다,싸우데요
싸우다,싸우도다
싸우다,싸우되
싸우다,싸우든
싸우다,싸우든지
싸우다,싸우듯
싸우다,싸우듯이
싸우다,싸우죠
싸우다,싸우지마는
싸우다,싸우지만
싸우다,싸우지요
싸우다,싸운걸
싸우다,싸운들
싸우다,싸우나마
싸우다,싸우니까
싸우다,싸울
싸우다,싸울걸
싸우다,싸울까
싸우다,싸울는지
싸우다,싸울라
싸우다,싸울라고
싸우다,싸울러니
싸우다,싸울러라
싸우다,싸울런고
싸우다,싸울망정
싸우다,싸울밖에
싸우다,싸울뿐더러
싸우다,싸울수록
싸우다,싸울지라도
싸우다,싸우며
싸우다,싸우면
싸우다,싸우면서
싸우다,싸우세요
싸우다,싸우셔요
싸우다,싸우지
싸우다,싸우건대
싸우다,싸우나니
싸우다,싸우느라
싸우다,싸우느라고
싸우다,싸우는구나
싸우다,싸우는군
싸우다,싸우도록
싸우다,싸우자
싸우다,싸우자고
싸우다,싸우자꾸나
싸우다,싸우자느니
싸우다,싸우자니까
싸우다,싸우자마자
싸우다,싸우자며
싸우다,싸우자면
싸우다,싸우자면서
싸우다,싸운
싸우다,싸운다
싸우다,싸운다고
싸우다,싸운다나
싸우다,싸운다네
싸우다,싸운다느니
싸우다,싸운다니
싸우다,싸운다니까
싸우다,싸운다더라
싸우다,싸운다며
싸우다,싸운다면
싸우다,싸운다면서
싸우다,싸운답니까
싸우다,싸운답니다
싸우다,싸운답시고
싸우다,싸운대
싸우다,싸운대요
싸우다,싸울거나
싸우다,싸울게
싸우다,싸울래
싸우다,싸우라고
싸우다,싸우러
싸우다,싸우려
싸우다,싸웁시다
싸우다,싸우세
싸우다,싸우시라
싸우다,싸우십시다
싸우다,싸우십시오
싸우다,싸우고자
싸우다,싸우느냐
싸우다,싸우느냐고
싸우다,싸우느니
싸우다,싸우느니만
싸우다,싸우느니만큼
싸우다,싸우는
싸우다,싸우는걸
싸우다,싸우는데
싸우다,싸우는지
찾다,찾거나
찾다,찾거늘
찾다,찾거니
찾다,찾거든
찾다,찾건
찾다,찾것다
찾다,찾게
찾다,찾겠
찾다,찾고
찾다,찾고말고
찾다,찾기로
찾다,찾기로니
찾다,찾기로서
찾다,찾기로서니
찾다,찾기에
찾다,찾네
찾다,찾니
찾다,찾다
찾다,찾다가
찾다,찾다가는
찾다,찾다간
찾다,찾다니
찾다,찾다마다
찾다,찾더니
찾다,찾더니라
찾다,찾더라
찾다,찾더라니까
찾다,찾더라도
찾다,찾더라며
찾다,찾더라면
찾다,찾더라면서
찾다,찾더람
찾다,찾던
찾다,찾던가
찾다,찾던데
찾다,찾던지
찾다,찾데
찾다,찾데요
찾다,찾도다
찾다,찾되
찾다,찾든
찾다,찾든지
찾다,찾듯
찾다,찾듯이
찾다,찾죠
찾다,찾지마는
찾다,찾지만
찾다,찾지요
찾다,찾지
찾다,찾아도
찾다,찾아서
찾다,찾아야
찾다,찾아야만
찾다,찾아야지
찾다,찾아요
찾다,찾을
찾다,찾을걸
찾다,찾을밖에
찾다,찾을수록
찾다,찾을지
찾다,찾을지며
찾다,찾음
찾다,찾음에도
찾다,찾읍시오
찾다,찾건대
찾다,찾나니
찾다,찾느라
찾다,찾느라고
찾다,찾는구나
찾다,찾는군
찾다,찾도록
찾다,찾자
찾다,찾자고
찾다,찾자꾸나
찾다,찾자느니
찾다,찾자니까
찾다,찾자마자
찾다,찾자며
찾다,찾자면
찾다,찾자면서
찾다,찾아다
찾다,찾아다가
찾다,찾고자
찾다,찾느냐
찾다,찾느냐고
찾다,찾느니
찾다,찾느니만
찾다,찾느니만큼
찾다,찾는
찾다,찾는걸
찾다,찾는데
찾다,찾는지
찾다,찾으러
찾다,찾읍시다
발견하다,발견하거나
발견하다,발견하거늘
발견하다,발견하거니
발견하다,발견하거든
발견하다,발견하건
발견하다,발견하것다
발견하다,발견하게
발견하다,발견하겠
발견하다,발견하고
발견하다,발견하고말고
발견하다,발견하기로
발견하다,발견하기로니
발견하다,발견하기로서
발견하다,발견하기로서니
발견하다,발견하기에
발견하다,발견하네
발견하다,발견하니
발견하다,발견하다
발견하다,발견하다가
발견하다,발견하다가는
발견하다,발견하다간
발견하다,발견하다니
발견하다,발견하다마다
발견하다,발견하더니
발견하다,발견하더니라
발견하다,발견하더라
발견하다,발견하더라니까
발견하다,발견하더라도
발견하다,발견하더라며
발견하다,발견하더라면
발견하다,발견하더라면서
발견하다,발견하더람
발견하다,발견하던
발견하다,발견하던가
발견하다,발견하던데
발견하다,발견하던지
발견하다,발견하데
발견하다,발견하데요
발견하다,발견하도다
발견하다,발견하되
발견하다,발견하든
발견하다,발견하든지
발견하다,발견하듯
발견하다,발견하듯이
발견하다,발견하죠
발견하다,발견하지마는
발견하다,발견하지만
발견하다,발견하지요
발견하다,발견한걸
발견하다,발견한들
발견하다,발견하나마
발견하다,발견하니까
발견하다,발견할
발견하다,발견할걸
발견하다,발견할까
발견하다,발견할는지
발견하다,발견할라
발견하다,발견할라고
발견하다,발견할러니
발견하다,발견할러라
발견하다,발견할런고
발견하다,발견할망정
발견하다,발견할밖에
발견하다,발견할뿐더러
발견하다,발견할수록
발견하다,발견할지라도
발견하다,발견하며
발견하다,발견하면
발견하다,발견하면서
발견하다,발견하세요
발견하다,발견하셔요
발견하다,발견하지
발견하다,발견하건대
발견하다,발견하나니
발견하다,발견하느라
발견하다,발견하느라고
발견하다,발견하는구나
발견하다,발견하는군
발견하다,발견하도록
발견하다,발견하자
발견하다,발견하자고
발견하다,발견하자꾸나
발견하다,발견하자느니
발견하다,발견하자니까
발견하다,발견하자마자
발견하다,발견하자며
발견하다,발견하자면
발견하다,발견하자면서
발견하다,발견한
발견하다,발견한다
발견하다,발견한다고
발견하다,발견한다나
발견하다,발견한다네
발견하다,발견한다느니
발견하다,발견한다니
발견하다,발견한다니까
발견하다,발견한다더라
발견하다,발견한다며
발견하다,발견한다면
발견하다,발견한다면서
발견하다,발견한답니까
발견하다,발견한답니다
발견하다,발견한답시고
발견하다,발견한대
발견하다,발견한대요
발견하다,발견할거나
발견하다,발견할게
발견하다,발견할래
발견하다,발견하라고
발견하다,발견하러
발견하다,발견하려
발견하다,발견합시다
발견하다,발견하세
발견하다,발견하시라
발견하다,발견하십시다
발견하다,발견하십시오
발견하다,발견하고자
발견하다,발견하느냐
발견하다,발견하느냐고
발견하다,발견하느니
발견하다,발견하느니만
발견하다,발견하느니만큼
발견하다,발견하는
발견하다,발견하는걸
발견하다,발견하는데
발견하다,발견하는지
끝내다,끝내거나
끝내다,끝내거늘
끝내다,끝내거니
끝내다,끝내거든
끝내다,끝내건
끝내다,끝내것다
끝내다,끝내게
끝내다,끝내겠
끝내다,끝내고
끝내다,끝내고말고
끝내다,끝내기로
끝내다,끝내기로니
끝내다,끝내기로서
끝내다,끝내기로서니
끝내다,끝내기에
끝내다,끝내네
끝내다,끝내니
끝내다,끝내다
끝내다,끝내다가
끝내다,끝내다가는
끝내다,끝내다간
끝내다,끝내다니
끝내다,끝내다마다
끝내다,끝내더니
끝내다,끝내더니라
끝내다,끝내더라
끝내다,끝내더라니까
끝내다,끝내더라도
끝내다,끝내더라며
끝내다,끝내더라면
끝내다,끝내더라면서
끝내다,끝내더람
끝내다,끝내던
끝내다,끝내던가
끝내다,끝내던데
끝내다,끝내던지
끝내다,끝내데
끝내다,끝내데요
끝내다,끝내도다
끝내다,끝내되
끝내다,끝내든
끝내다,끝내든지
끝내다,끝내듯
끝내다,끝내듯이
끝내다,끝내죠
끝내다,끝내지마는
끝내다,끝내지만
끝내다,끝내지요
끝내다,끝낸걸
끝내다,끝낸들
끝내다,끝내나마
끝내다,끝내니까
끝내다,끝낼
끝내다,끝낼걸
끝내다,끝낼까
끝내다,끝낼는지
끝내다,끝낼라
끝내다,끝낼라고
끝내다,끝낼러니
끝내다,끝낼러라
끝내다,끝낼런고
끝내다,끝낼망정
끝내다,끝낼밖에
끝내다,끝낼뿐더러
끝내다,끝낼수록
끝내다,끝낼지라도
끝내다,끝내며
끝내다,끝내면
끝내다,끝내면서
끝내다,끝내세요
끝내다,끝내셔요
끝내다,끝내지
끝내다,끝내건대
끝내다,끝내나니
끝내다,끝내느라
끝내다,끝내느라고
끝내다,끝내는구나
끝내다,끝내는군
끝내다,끝내도록
끝내다,끝내자
끝내다,끝내자고
끝내다,끝내자꾸나
끝내다,끝내자느니
끝내다,끝내자니까
끝내다,끝내자마자
끝내다,끝내자며
끝내다,끝내자면
끝내다,끝내자면서
끝내다,끝낸
끝내다,끝낸다
끝내다,끝낸다고
끝내다,끝낸다나
끝내다,끝낸다네
끝내다,끝낸다느니
끝내다,끝낸다니
끝내다,끝낸다니까
끝내다,끝낸다더라
끝내다,끝낸다며
끝내다,끝낸다면
끝내다,끝낸다면서
끝내다,끝낸답니까
끝내다,끝낸답니다
끝내다,끝낸답시고
끝내다,끝낸대
끝내다,끝낸대요
끝내다,끝낼거나
끝내다,끝낼게
끝내다,끝낼래
끝내다,끝내라고
끝내다,끝내러
끝내다,끝내려
끝내다,끝냅시다
끝내다,끝내세
끝내다,끝내시라
끝내다,끝내십시다
끝내다,끝내십시오
끝내다,끝내고자
끝내다,끝내느냐
끝내다,끝내느냐고
끝내다,끝내느니
끝내다,끝내느니만
끝내다,끝내느니만큼
끝내다,끝내는
끝내다,끝내는걸
끝내다,끝내는데
끝내다,끝내는지
맞다,맞거나
맞다,맞거늘
맞다,맞거니
맞다,맞거든
맞다,맞건
맞다,맞것다
맞다,맞게
맞다,맞겠
맞다,맞고
맞다,맞고말고
맞다,맞기로
맞다,맞기로니
맞다,맞기로서
맞다,맞기로서니
맞다,맞기에
맞다,맞네
맞다,맞니
맞다,맞다
맞다,맞다가
맞다,맞다가는
맞다,맞다간
맞다,맞다니
맞다,맞다마다
맞다,맞더니
맞다,맞더니라
맞다,맞더라
맞다,맞더라니까
맞다,맞더라도
맞다,맞더라며
맞다,맞더라면
맞다,맞더라면서
맞다,맞더람
맞다,맞던
맞다,맞던가
맞다,맞던데
맞다,맞던지
맞다,맞데
맞다,맞데요
맞다,맞도다
맞다,맞되
맞다,맞든
맞다,맞든지
맞다,맞듯
맞다,맞듯이
맞다,맞죠
맞다,맞지마는
맞다,맞지만
맞다,맞지요
맞다,맞지
맞다,맞아도
맞다,맞아서
맞다,맞아야
맞다,맞아야만
맞다,맞아야지
맞다,맞아요
맞다,맞을
맞다,맞을걸
맞다,맞을밖에
맞다,맞을수록
맞다,맞을지
맞다,맞을지며
맞다,맞음
맞다,맞음에도
맞다,맞읍시오
맞다,맞건대
맞다,맞나니
맞다,맞느라
맞다,맞느라고
맞다,맞는구나
맞다,맞는군
맞다,맞도록
맞다,맞자
맞다,맞자고
맞다,맞자꾸나
맞다,맞자느니
맞다,맞자니까
맞다,맞자마자
맞다,맞자며
맞다,맞자면
맞다,맞자면서
맞다,맞아다
맞다,맞아다가
맞다,맞고자
맞다,맞느냐
맞다,맞느냐고
맞다,맞느니
맞다,맞느니만
맞다,맞느니만큼
맞다,맞는
맞다,맞는걸
맞다,맞는데
맞다,맞는지
맞다,맞으러
맞다,맞읍시다
접다,접거나
접다,접거늘
접다,접거니
접다,접거든
접다,접건
접다,접것다
접다,접게
접다,접겠
접다,접고
접다,접고말고
접다,접기로
접다,접기로니
접다,접기로서
접다,접기로서니
접다,접기에
접다,접네
접다,접니
접다,접다
접다,접다가
접다,접다가는
접다,접다간
접다,접다니
접다,접다마다
접다,접더니
접다,접더니라
접다,접더라
접다,접더라니까
접다,접더라도
접다,접더라며
접다,접더라면
접다,접더라면서
접다,접더람
접다,접던
접다,접던가
접다,접던데
접다,접던지
접다,접데
접다,접데요
접다,접도다
접다,접되
접다,접든
접다,접든지
접다,접듯
접다,접듯이
접다,접죠
접다,접지마는
접다,접지만
접다,접지요
접다,접지
접다,접을
접다,접을걸
접다,접을밖에
접다,접을수록
접다,접을지
접다,접을지며
접다,접음
접다,접음에도
접다,접읍시오
접다,접건대
접다,접나니
접다,접느라
접다,접느라고
접다,접는구나
접다,접는군
접다,접도록
접다,접자
접다,접자고
접다,접자꾸나
접다,접자느니
접다,접자니까
접다,접자마자
접다,접자며
접다,접자면
접다,접자면서
접다,접고자
접다,접느냐
접다,접느냐고
접다,접느니
접다,접느니만
접다,접느니만큼
접다,접는
접다,접는걸
접다,접는데
접다,접는지
접다,접으러
접다,접읍시다
뒤따르다,뒤따르거나
뒤따르다,뒤따르거늘
뒤따르다,뒤따르거니
뒤따르다,뒤따르거든
뒤따르다,뒤따르건
뒤따르다,뒤따르것다
뒤따르다,뒤따르게
뒤따르다,뒤따르겠
뒤따르다,뒤따르고
뒤따르다,뒤따르고말고
뒤따르다,뒤따르기로
뒤따르다,뒤따르기로니
뒤따르다,뒤따르기로서
뒤따르다,뒤따르기로서니
뒤따르다,뒤따르기에
뒤따르다,뒤따르네
뒤따르다,뒤따르니
뒤따르다,뒤따르다
뒤따르다,뒤따르다가
뒤따르다,뒤따르다가는
뒤따르다,뒤따르다간
뒤따르다,뒤따르다니
뒤따르다,뒤따르다마다
뒤따르다,뒤따르더니
뒤따르다,뒤따르더니라
뒤따르다,뒤따르더라
뒤따르다,뒤따르더라니까
뒤따르다,뒤따르더라도
뒤따르다,뒤따르더라며
뒤따르다,뒤따르더라면
뒤따르다,뒤따르더라면서
뒤따르다,뒤따르더람
뒤따르다,뒤따르던
뒤따르다,뒤따르던가
뒤따르다,뒤따르던데
뒤따르다,뒤따르던지
뒤따르다,뒤따르데
뒤따르다,뒤따르데요
뒤따르다,뒤따르도다
뒤따르다,뒤따르되
뒤따르다,뒤따르든
뒤따르다,뒤따르든지
뒤따르다,뒤따르듯
뒤따르다,뒤따르듯이
뒤따르다,뒤따르죠
뒤따르다,뒤따르지마는
뒤따르다,뒤따르지만
뒤따르다,뒤따르지요
뒤따르다,뒤따른걸
뒤따르다,뒤따른들
뒤따르다,뒤따르나마
뒤따르다,뒤따르니까
뒤따르다,뒤따를
뒤따르다,뒤따를걸
뒤따르다,뒤따를까
뒤따르다,뒤따를는지
뒤따르다,뒤따를라
뒤따르다,뒤따를라고
뒤따르다,뒤따를러니
뒤따르다,뒤따를러라
뒤따르다,뒤따를런고
뒤따르다,뒤따를망정
뒤따르다,뒤따를밖에
뒤따르다,뒤따를뿐더러
뒤따르다,뒤따를수록
뒤따르다,뒤따를지라도
뒤따르다,뒤따르며
뒤따르다,뒤따르면
뒤따르다,뒤따르면서
뒤따르다,뒤따르세요
뒤따르다,뒤따르셔요
뒤따르다,뒤따르지
뒤따르다,뒤따르건대
뒤따르다,뒤따르나니
뒤따르다,뒤따르느라
뒤따르다,뒤따르느라고
뒤따르다,뒤따르는구나
뒤따르다,뒤따르는군
뒤따르다,뒤따르도록
뒤따르다,뒤따르자
뒤따르다,뒤따르자고
뒤따르다,뒤따르자꾸나
뒤따르다,뒤따르자느니
뒤따르다,뒤따르자니까
뒤따르다,뒤따르자마자
뒤따르다,뒤따르자며
뒤따르다,뒤따르자면
뒤따르다,뒤따르자면서
뒤따르다,뒤따른
뒤따르다,뒤따른다
뒤따르다,뒤따른다고
뒤따르다,뒤따른다나
뒤따르다,뒤따른다네
뒤따르다,뒤따른다느니
뒤따르다,뒤따른다니
뒤따르다,뒤따른다니까
뒤따르다,뒤따른다더라
뒤따르다,뒤따른다며
뒤따르다,뒤따른다면
뒤따르다,뒤따른다면서
뒤따르다,뒤따른답니까
뒤따르다,뒤따른답니다
뒤따르다,뒤따른답시고
뒤따르다,뒤따른대
뒤따르다,뒤따른대요
뒤따르다,뒤따를거나
뒤따르다,뒤따를게
뒤따르다,뒤따를래
뒤따르다,뒤따르라고
뒤따르다,뒤따르러
뒤따르다,뒤따르려
뒤따르다,뒤따릅시다
뒤따르다,뒤따르세
뒤따르다,뒤따르시라
뒤따르다,뒤따르십시다
뒤따르다,뒤따르십시오
뒤따르다,뒤따르고자
뒤따르다,뒤따르느냐
뒤따르다,뒤따르느냐고
뒤따르다,뒤따르느니
뒤따르다,뒤따르느니만
뒤따르다,뒤따르느니만큼
뒤따르다,뒤따르는
뒤따르다,뒤따르는걸
뒤따르다,뒤따르는데
뒤따르다,뒤따르는지
금지하다,금지하거나
금지하다,금지하거늘
금지하다,금지하거니
금지하다,금지하거든
금지하다,금지하건
금지하다,금지하것다
금지하다,금지하게
금지하다,금지하겠
금지하다,금지하고
금지하다,금지하고말고
금지하다,금지하기로
금지하다,금지하기로니
금지하다,금지하기로서
금지하다,금지하기로서니
금지하다,금지하기에
금지하다,금지하네
금지하다,금지하니
금지하다,금지하다
금지하다,금지하다가
금지하다,금지하다가는
금지하다,금지하다간
금지하다,금지하다니
금지하다,금지하다마다
금지하다,금지하더니
금지하다,금지하더니라
금지하다,금지하더라
금지하다,금지하더라니까
금지하다,금지하더라도
금지하다,금지하더라며
금지하다,금지하더라면
금지하다,금지하더라면서
금지하다,금지하더람
금지하다,금지하던
금지하다,금지하던가
금지하다,금지하던데
금지하다,금지하던지
금지하다,금지하데
금지하다,금지하데요
금지하다,금지하도다
금지하다,금지하되
금지하다,금지하든
금지하다,금지하든지
금지하다,금지하듯
금지하다,금지하듯이
금지하다,금지하죠
금지하다,금지하지마는
금지하다,금지하지만
금지하다,금지하지요
금지하다,금지한걸
금지하다,금지한들
금지하다,금지하나마
금지하다,금지하니까
금지하다,금지할
금지하다,금지할걸
금지하다,금지할까
금지하다,금지할는지
금지하다,금지할라
금지하다,금지할라고
금지하다,금지할러니
금지하다,금지할러라
금지하다,금지할런고
금지하다,금지할망정
금지하다,금지할밖에
금지하다,금지할뿐더러
금지하다,금지할수록
금지하다,금지할지라도
금지하다,금지하며
금지하다,금지하면
금지하다,금지하면서
금지하다,금지하세요
금지하다,금지하셔요
금지하다,금지하지
금지하다,금지하건대
금지하다,금지하나니
금지하다,금지하느라
금지하다,금지하느라고
금지하다,금지하는구나
금지하다,금지하는군
금지하다,금지하도록
금지하다,금지하자
금지하다,금지하자고
금지하다,금지하자꾸나
금지하다,금지하자느니
금지하다,금지하자니까
금지하다,금지하자마자
금지하다,금지하자며
금지하다,금지하자면
금지하다,금지하자면서
금지하다,금지한
금지하다,금지한다
금지하다,금지한다고
금지하다,금지한다나
금지하다,금지한다네
금지하다,금지한다느니
금지하다,금지한다니
금지하다,금지한다니까
금지하다,금지한다더라
금지하다,금지한다며
금지하다,금지한다면
금지하다,금지한다면서
금지하다,금지한답니까
금지하다,금지한답니다
금지하다,금지한답시고
금지하다,금지한대
금지하다,금지한대요
금지하다,금지할거나
금지하다,금지할게
금지하다,금지할래
금지하다,금지하라고
금지하다,금지하러
금지하다,금지하려
금지하다,금지합시다
금지하다,금지하세
금지하다,금지하시라
금지하다,금지하십시다
금지하다,금지하십시오
금지하다,금지하고자
금지하다,금지하느냐
금지하다,금지하느냐고
금지하다,금지하느니
금지하다,금지하느니만
금지하다,금지하느니만큼
금지하다,금지하는
금지하다,금지하는걸
금지하다,금지하는데
금지하다,금지하는지
잊어버리다,잊어버리거나
잊어버리다,잊어버리거늘
잊어버리다,잊어버리거니
잊어버리다,잊어버리거든
잊어버리다,잊어버리건
잊어버리다,잊어버리것다
잊어버리다,잊어버리게
잊어버리다,잊어버리겠
잊어버리다,잊어버리고
잊어버리다,잊어버리고말고
잊어버리다,잊어버리기로
잊어버리다,잊어버리기로니
잊어버리다,잊어버리기로서
잊어버리다,잊어버리기로서니
잊어버리다,잊어버리기에
잊어버리다,잊어버리네
잊어버리다,잊어버리니
잊어버리다,잊어버리다
잊어버리다,잊어버리다가
잊어버리다,잊어버리다가는
잊어버리다,잊어버리다간
잊어버리다,잊어버리다니
잊어버리다,잊어버리다마다
잊어버리다,잊어버리더니
잊어버리다,잊어버리더니라
잊어버리다,잊어버리더라
잊어버리다,잊어버리더라니까
잊어버리다,잊어버리더라도
잊어버리다,잊어버리더라며
잊어버리다,잊어버리더라면
잊어버리다,잊어버리더라면서
잊어버리다,잊어버리더람
잊어버리다,잊어버리던
잊어버리다,잊어버리던가
잊어버리다,잊어버리던데
잊어버리다,잊어버리던지
잊어버리다,잊어버리데
잊어버리다,잊어버리데요
잊어버리다,잊어버리도다
잊어버리다,잊어버리되
잊어버리다,잊어버리든
잊어버리다,잊어버리든지
잊어버리다,잊어버리듯
잊어버리다,잊어버리듯이
잊어버리다,잊어버리죠
잊어버리다,잊어버리지마는
잊어버리다,잊어버리지만
잊어버리다,잊어버리지요
잊어버리다,잊어버린걸
잊어버리다,잊어버린들
잊어버리다,잊어버리나마
잊어버리다,잊어버리니까
잊어버리다,잊어버릴
잊어버리다,잊어버릴걸
잊어버리다,잊어버릴까
잊어버리다,잊어버릴는지
잊어버리다,잊어버릴라
잊어버리다,잊어버릴라고
잊어버리다,잊어버릴러니
잊어버리다,잊어버릴러라
잊어버리다,잊어버릴런고
잊어버리다,잊어버릴망정
잊어버리다,잊어버릴밖에
잊어버리다,잊어버릴뿐더러
잊어버리다,잊어버릴수록
잊어버리다,잊어버릴지라도
잊어버리다,잊어버리며
잊어버리다,잊어버리면
잊어버리다,잊어버리면서
잊어버리다,잊어버리세요
잊어버리다,잊어버리셔요
잊어버리다,잊어버리지
잊어버리다,잊어버리건대
잊어버리다,잊어버리나니
잊어버리다,잊어버리느라
잊어버리다,잊어버리느라고
잊어버리다,잊어버리는구나
잊어버리다,잊어버리는군
잊어버리다,잊어버리도록
잊어버리다,잊어버리자
잊어버리다,잊어버리자고
잊어버리다,잊어버리자꾸나
잊어버리다,잊어버리자느니
잊어버리다,잊어버리자니까
잊어버리다,잊어버리자마자
잊어버리다,잊어버리자며
잊어버리다,잊어버리자면
잊어버리다,잊어버리자면서
잊어버리다,잊어버린
잊어버리다,잊어버린다
잊어버리다,잊어버린다고
잊어버리다,잊어버린다나
잊어버리다,잊어버린다네
잊어버리다,잊어버린다느니
잊어버리다,잊어버린다니
잊어버리다,잊어버린다니까
잊어버리다,잊어버린다더라
잊어버리다,잊어버린다며
잊어버리다,잊어버린다면
잊어버리다,잊어버린다면서
잊어버리다,잊어버린답니까
잊어버리다,잊어버린답니다
잊어버리다,잊어버린답시고
잊어버리다,잊어버린대
잊어버리다,잊어버린대요
잊어버리다,잊어버릴거나
잊어버리다,잊어버릴게
잊어버리다,잊어버릴래
잊어버리다,잊어버리라고
잊어버리다,잊어버리러
잊어버리다,잊어버리려
잊어버리다,잊어버립시다
잊어버리다,잊어버리세
잊어버리다,잊어버리시라
잊어버리다,잊어버리십시다
잊어버리다,잊어버리십시오
잊어버리다,잊어버리고자
잊어버리다,잊어버리느냐
잊어버리다,잊어버리느냐고
잊어버리다,잊어버리느니
잊어버리다,잊어버리느니만
잊어버리다,잊어버리느니만큼
잊어버리다,잊어버리는
잊어버리다,잊어버리는걸
잊어버리다,잊어버리는데
잊어버리다,잊어버리는지
용서하다,용서하거나
용서하다,용서하거늘
용서하다,용서하거니
용서하다,용서하거든
용서하다,용서하건
용서하다,용서하것다
용서하다,용서하게
용서하다,용서하겠
용서하다,용서하고
용서하다,용서하고말고
용서하다,용서하기로
용서하다,용서하기로니
용서하다,용서하기로서
용서하다,용서하기로서니
용서하다,용서하기에
용서하다,용서하네
용서하다,용서하니
용서하다,용서하다
용서하다,용서하다가
용서하다,용서하다가는
용서하다,용서하다간
용서하다,용서하다니
용서하다,용서하다마다
용서하다,용서하더니
용서하다,용서하더니라
용서하다,용서하더라
용서하다,용서하더라니까
용서하다,용서하더라도
용서하다,용서하더라며
용서하다,용서하더라면
용서하다,용서하더라면서
용서하다,용서하더람
용서하다,용서하던
용서하다,용서하던가
용서하다,용서하던데
용서하다,용서하던지
용서하다,용서하데
용서하다,용서하데요
용서하다,용서하도다
용서하다,용서하되
용서하다,용서하든
용서하다,용서하든지
용서하다,용서하듯
용서하다,용서하듯이
용서하다,용서하죠
용서하다,용서하지마는
용서하다,용서하지만
용서하다,용서하지요
용서하다,용서한걸
용서하다,용서한들
용서하다,용서하나마
용서하다,용서하니까
용서하다,용서할
용서하다,용서할걸
용서하다,용서할까
용서하다,용서할는지
용서하다,용서할라
용서하다,용서할라고
용서하다,용서할러니
용서하다,용서할러라
용서하다,용서할런고
용서하다,용서할망정
용서하다,용서할밖에
용서하다,용서할뿐더러
용서하다,용서할수록
용서하다,용서할지라도
용서하다,용서하며
용서하다,용서하면
용서하다,용서하면서
용서하다,용서하세요
용서하다,용서하셔요
용서하다,용서하지
용서하다,용서하건대
용서하다,용서하나니
용서하다,용서하느라
용서하다,용서하느라고
용서하다,용서하는구나
용서하다,용서하는군
용서하다,용서하도록
용서하다,용서하자
용서하다,용서하자고
용서하다,용서하자꾸나
용서하다,용서하자느니
용서하다,용서하자니까
용서하다,용서하자마자
용서하다,용서하자며
용서하다,용서하자면
용서하다,용서하자면서
용서하다,용서한
용서하다,용서한다
용서하다,용서한다고
용서하다,용서한다나
용서하다,용서한다네
용서하다,용서한다느니
용서하다,용서한다니
용서하다,용서한다니까
용서하다,용서한다더라
용서하다,용서한다며
용서하다,용서한다면
용서하다,용서한다면서
용서하다,용서한답니까
용서하다,용서한답니다
용서하다,용서한답시고
용서하다,용서한대
용서하다,용서한대요
용서하다,용서할거나
용서하다,용서할게
용서하다,용서할래
용서하다,용서하라고
용서하다,용서하러
용서하다,용서하려
용서하다,용서합시다
용서하다,용서하세
용서하다,용서하시라
용서하다,용서하십시다
용서하다,용서하십시오
용서하다,용서하고자
용서하다,용서하느냐
용서하다,용서하느냐고
용서하다,용서하느니
용서하다,용서하느니만
용서하다,용서하느니만큼
용서하다,용서하는
용서하다,용서하는걸
용서하다,용서하는데
용서하다,용서하는지
얼다,얼거나
얼다,얼거늘
얼다,얼거니
얼다,얼거든
얼다,얼건
얼다,얼것다
얼다,얼게
얼다,얼겠
얼다,얼고
얼다,얼고말고
얼다,얼기로
얼다,얼기로니
얼다,얼기로서
얼다,얼기로서니
얼다,얼기에
얼다,얼네
얼다,얼니
얼다,얼다
얼다,얼다가
얼다,얼다가는
얼다,얼다간
얼다,얼다니
얼다,얼다마다
얼다,얼더니
얼다,얼더니라
얼다,얼더라
얼다,얼더라니까
얼다,얼더라도
얼다,얼더라며
얼다,얼더라면
얼다,얼더라면서
얼다,얼더람
얼다,얼던
얼다,얼던가
얼다,얼던데
얼다,얼던지
얼다,얼데
얼다,얼데요
얼다,얼도다
얼다,얼되
얼다,얼든
얼다,얼든지
얼다,얼듯
얼다,얼듯이
얼다,얼죠
얼다,얼지마는
얼다,얼지만
얼다,얼지요
얼다,언걸
얼다,언들
얼다,어나마
얼다,어니
얼다,어니까
얼다,얼
얼다,얼걸
얼다,얼까
얼다,얼는지
얼다,얼라
얼다,얼라고
얼다,얼러니
얼다,얼러라
얼다,얼런고
얼다,얼망정
얼다,얼밖에
얼다,얼뿐더러
얼다,얼수록
얼다,얼지라도
얼다,어며
얼다,어면
얼다,어면서
얼다,어세요
얼다,어셔요
얼다,얼지
얼다,얼건대
얼다,얼나니
얼다,얼느라
얼다,얼느라고
얼다,얼는구나
얼다,얼는군
얼다,얼도록
얼다,얼자
얼다,얼자고
얼다,얼자꾸나
얼다,얼자느니
얼다,얼자니까
얼다,얼자마자
얼다,얼자며
얼다,얼자면
얼다,얼자면서
얼다,언
얼다,언다
얼다,언다고
얼다,언다나
얼다,언다네
얼다,언다느니
얼다,언다니
얼다,언다니까
얼다,언다더라
얼다,언다며
얼다,언다면
얼다,언다면서
얼다,언답니까
얼다,언답니다
얼다,언답시고
얼다,언대
얼다,언대요
얼다,얼래
얼다,어라고
얼다,어러
얼다,어려
얼다,업시다
얼다,어세
얼다,어시라
얼다,어십시다
얼다,어십시오
얼다,얼고자
얼다,얼느냐
얼다,얼느냐고
얼다,얼느니
얼다,얼느니만
얼다,얼느니만큼
얼다,얼는
얼다,얼는걸
얼다,얼는데
얼리다,얼리거나
얼리다,얼리거늘
얼리다,얼리거니
얼리다,얼리거든
얼리다,얼리건
얼리다,얼리것다
얼리다,얼리게
얼리다,얼리겠
얼리다,얼리고
얼리다,얼리고말고
얼리다,얼리기로
얼리다,얼리기로니
얼리다,얼리기로서
얼리다,얼리기로서니
얼리다,얼리기에
얼리다,얼리네
얼리다,얼리니
얼리다,얼리다
얼리다,얼리다가
얼리다,얼리다가는
얼리다,얼리다간
얼리다,얼리다니
얼리다,얼리다마다
얼리다,얼리더니
얼리다,얼리더니라
얼리다,얼리더라
얼리다,얼리더라니까
얼리다,얼리더라도
얼리다,얼리더라며
얼리다,얼리더라면
얼리다,얼리더라면서
얼리다,얼리더람
얼리다,얼리던
얼리다,얼리던가
얼리다,얼리던데
얼리다,얼리던지
얼리다,얼리데
얼리다,얼리데요
얼리다,얼리도다
얼리다,얼리되
얼리다,얼리든
얼리다,얼리든지
얼리다,얼리듯
얼리다,얼리듯이
얼리다,얼리죠
얼리다,얼리지마는
얼리다,얼리지만
얼리다,얼리지요
얼리다,얼린걸
얼리다,얼린들
얼리다,얼리나마
얼리다,얼리니까
얼리다,얼릴
얼리다,얼릴걸
얼리다,얼릴까
얼리다,얼릴는지
얼리다,얼릴라
얼리다,얼릴라고
얼리다,얼릴러니
얼리다,얼릴러라
얼리다,얼릴런고
얼리다,얼릴망정
얼리다,얼릴밖에
얼리다,얼릴뿐더러
얼리다,얼릴수록
얼리다,얼릴지라도
얼리다,얼리며
얼리다,얼리면
얼리다,얼리면서
얼리다,얼리세요
얼리다,얼리셔요
얼리다,얼리지
얼리다,얼리건대
얼리다,얼리나니
얼리다,얼리느라
얼리다,얼리느라고
얼리다,얼리는구나
얼리다,얼리는군
얼리다,얼리도록
얼리다,얼리자
얼리다,얼리자고
얼리다,얼리자꾸나
얼리다,얼리자느니
얼리다,얼리자니까
얼리다,얼리자마자
얼리다,얼리자며
얼리다,얼리자면
얼리다,얼리자면서
얼리다,얼린
얼리다,얼린다
얼리다,얼린다고
얼리다,얼린다나
얼리다,얼린다네
얼리다,얼린다느니
얼리다,얼린다니
얼리다,얼린다니까
얼리다,얼린다더라
얼리다,얼린다며
얼리다,얼린다면
얼리다,얼린다면서
얼리다,얼린답니까
얼리다,얼린답니다
얼리다,얼린답시고
얼리다,얼린대
얼리다,얼린대요
얼리다,얼릴거나
얼리다,얼릴게
얼리다,얼릴래
얼리다,얼리라고
얼리다,얼리러
얼리다,얼리려
얼리다,얼립시다
얼리다,얼리세
얼리다,얼리시라
얼리다,얼리십시다
얼리다,얼리십시오
얼리다,얼리고자
얼리다,얼리느냐
얼리다,얼리느냐고
얼리다,얼리느니
얼리다,얼리느니만
얼리다,얼리느니만큼
얼리다,얼리는
얼리다,얼리는걸
얼리다,얼리는데
얼리다,얼리는지
굽다,굽거나
굽다,굽거늘
굽다,굽거니
굽다,굽거든
굽다,굽건
굽다,굽것다
굽다,굽게
굽다,굽겠
굽다,굽고
굽다,굽고말고
굽다,굽기로
굽다,굽기로니
굽다,굽기로서
굽다,굽기로서니
굽다,굽기에
굽다,굽네
굽다,굽니
굽다,굽다
굽다,굽다가
굽다,굽다가는
굽다,굽다간
굽다,굽다니
굽다,굽다마다
굽다,굽더니
굽다,굽더니라
굽다,굽더라
굽다,굽더라니까
굽다,굽더라도
굽다,굽더라며
굽다,굽더라면
굽다,굽더라면서
굽다,굽더람
굽다,굽던
굽다,굽던가
굽다,굽던데
굽다,굽던지
굽다,굽데
굽다,굽데요
굽다,굽도다
굽다,굽되
굽다,굽든
굽다,굽든지
굽다,굽듯
굽다,굽듯이
굽다,굽죠
굽다,굽지마는
굽다,굽지만
굽다,굽지요
굽다,굽지
굽다,굽을
굽다,굽을걸
굽다,굽을밖에
굽다,굽을수록
굽다,굽을지
굽다,굽을지며
굽다,굽음
굽다,굽음에도
굽다,굽읍시오
굽다,굽건대
굽다,굽나니
굽다,굽느라
굽다,굽느라고
굽다,굽는구나
굽다,굽는군
굽다,굽도록
굽다,굽자
굽다,굽자고
굽다,굽자꾸나
굽다,굽자느니
굽다,굽자니까
굽다,굽자마자
굽다,굽자며
굽다,굽자면
굽다,굽자면서
굽다,굽고자
굽다,굽느냐
굽다,굽느냐고
굽다,굽느니
굽다,굽느니만
굽다,굽느니만큼
굽다,굽는
굽다,굽는걸
굽다,굽는데
굽다,굽는지
굽다,굽으러
굽다,굽읍시다
굽다,굽은데
굽다,굽은지
굽다,구울
굽다,구울걸
굽다,구울밖에
굽다,구울수록
굽다,구울지
굽다,구울지며
굽다,구움
굽다,구움에도
굽다,구웁시오
굽다,구우러
굽다,구웁시다
받다,받거나
받다,받거늘
받다,받거니
받다,받거든
받다,받건
받다,받것다
받다,받게
받다,받겠
받다,받고
받다,받고말고
받다,받기로
받다,받기로니
받다,받기로서
받다,받기로서니
받다,받기에
받다,받네
받다,받니
받다,받다
받다,받다가
받다,받다가는
받다,받다간
받다,받다니
받다,받다마다
받다,받더니
받다,받더니라
받다,받더라
받다,받더라니까
받다,받더라도
받다,받더라며
받다,받더라면
받다,받더라면서
받다,받더람
받다,받던
받다,받던가
받다,받던데
받다,받던지
받다,받데
받다,받데요
받다,받도다
받다,받되
받다,받든
받다,받든지
받다,받듯
받다,받듯이
받다,받죠
받다,받지마는
받다,받지만
받다,받지요
받다,받지
받다,받아도
받다,받아서
받다,받아야
받다,받아야만
받다,받아야지
받다,받아요
받다,받을
받다,받을걸
받다,받을밖에
받다,받을수록
받다,받을지
받다,받을지며
받다,받음
받다,받음에도
받다,받읍시오
받다,받건대
받다,받나니
받다,받느라
받다,받느라고
받다,받는구나
받다,받는군
받다,받도록
받다,받자
받다,받자고
받다,받자꾸나
받다,받자느니
받다,받자니까
받다,받자마자
받다,받자며
받다,받자면
받다,받자면서
받다,받아다
받다,받아다가
받다,받고자
받다,받느냐
받다,받느냐고
받다,받느니
받다,받느니만
받다,받느니만큼
받다,받는
받다,받는걸
받다,받는데
받다,받는지
받다,받으러
받다,받읍시다
구하다,구하거나
구하다,구하거늘
구하다,구하거니
구하다,구하거든
구하다,구하건
구하다,구하것다
구하다,구하게
구하다,구하겠
구하다,구하고
구하다,구하고말고
구하다,구하기로
구하다,구하기로니
구하다,구하기로서
구하다,구하기로서니
구하다,구하기에
구하다,구하네
구하다,구하니
구하다,구하다
구하다,구하다가
구하다,구하다가는
구하다,구하다간
구하다,구하다니
구하다,구하다마다
구하다,구하더니
구하다,구하더니라
구하다,구하더라
구하다,구하더라니까
구하다,구하더라도
구하다,구하더라며
구하다,구하더라면
구하다,구하더라면서
구하다,구하더람
구하다,구하던
구하다,구하던가
구하다,구하던데
구하다,구하던지
구하다,구하데
구하다,구하데요
구하다,구하도다
구하다,구하되
구하다,구하든
구하다,구하든지
구하다,구하듯
구하다,구하듯이
구하다,구하죠
구하다,구하지마는
구하다,구하지만
구하다,구하지요
구하다,구한걸
구하다,구한들
구하다,구하나마
구하다,구하니까
구하다,구할
구하다,구할걸
구하다,구할까
구하다,구할는지
구하다,구할라
구하다,구할라고
구하다,구할러니
구하다,구할러라
구하다,구할런고
구하다,구할망정
구하다,구할밖에
구하다,구할뿐더러
구하다,구할수록
구하다,구할지라도
구하다,구하며
구하다,구하면
구하다,구하면서
구하다,구하세요
구하다,구하셔요
구하다,구하지
구하다,구하건대
구하다,구하나니
구하다,구하느라
구하다,구하느라고
구하다,구하는구나
구하다,구하는군
구하다,구하도록
구하다,구하자
구하다,구하자고
구하다,구하자꾸나
구하다,구하자느니
구하다,구하자니까
구하다,구하자마자
구하다,구하자며
구하다,구하자면
구하다,구하자면서
구하다,구한
구하다,구한다
구하다,구한다고
구하다,구한다나
구하다,구한다네
구하다,구한다느니
구하다,구한다니
구하다,구한다니까
구하다,구한다더라
구하다,구한다며
구하다,구한다면
구하다,구한다면서
구하다,구한답니까
구하다,구한답니다
구하다,구한답시고
구하다,구한대
구하다,구한대요
구하다,구할거나
구하다,구할게
구하다,구할래
구하다,구하라고
구하다,구하러
구하다,구하려
구하다,구합시다
구하다,구하세
구하다,구하시라
구하다,구하십시다
구하다,구하십시오
구하다,구하고자
구하다,구하느냐
구하다,구하느냐고
구하다,구하느니
구하다,구하느니만
구하다,구하느니만큼
구하다,구하는
구하다,구하는걸
구하다,구하는데
구하다,구하는지
주다,주거나
주다,주거늘
주다,주거니
주다,주거든
주다,주건
주다,주것다
주다,주게
주다,주겠
주다,주고
주다,주고말고
주다,주기로
주다,주기로니
주다,주기로서
주다,주기로서니
주다,주기에
주다,주네
주다,주니
주다,주다
주다,주다가
주다,주다가는
주다,주다간
주다,주다니
주다,주다마다
주다,주더니
주다,주더니라
주다,주더라
주다,주더라니까
주다,주더라도
주다,주더라며
주다,주더라면
주다,주더라면서
주다,주더람
주다,주던
주다,주던가
주다,주던데
주다,주던지
주다,주데
주다,주데요
주다,주도다
주다,주되
주다,주든
주다,주든지
주다,주듯
주다,주듯이
주다,주죠
주다,주지마는
주다,주지만
주다,주지요
주다,준걸
주다,준들
주다,주나마
주다,주니까
주다,줄
주다,줄걸
주다,줄까
주다,줄는지
주다,줄라
주다,줄라고
주다,줄러니
주다,줄러라
주다,줄런고
주다,줄망정
주다,줄밖에
주다,줄뿐더러
주다,줄수록
주다,줄지라도
주다,주며
주다,주면
주다,주면서
주다,주세요
주다,주셔요
주다,주지
주다,주건대
주다,주나니
주다,주느라
주다,주느라고
주다,주는구나
주다,주는군
주다,주도록
주다,주자
주다,주자고
주다,주자꾸나
주다,주자느니
주다,주자니까
주다,주자마자
주다,주자며
주다,주자면
주다,주자면서
주다,준
주다,준다
주다,준다고
주다,준다나
주다,준다네
주다,준다느니
주다,준다니
주다,준다니까
주다,준다더라
주다,준다며
주다,준다면
주다,준다면서
주다,준답니까
주다,준답니다
주다,준답시고
주다,준대
주다,준대요
주다,줄거나
주다,줄게
주다,줄래
주다,주라고
주다,주러
주다,주려
주다,줍시다
주다,주세
주다,주시라
주다,주십시다
주다,주십시오
주다,주고자
주다,주느냐
주다,주느냐고
주다,주느니
주다,주느니만
주다,주느니만큼
주다,주는
주다,주는걸
주다,주는데
주다,주는지
가다,가거나
가다,가거늘
가다,가거니
가다,가거든
가다,가건
가다,가것다
가다,가게
가다,가겠
가다,가고
가다,가고말고
가다,가기로
가다,가기로니
가다,가기로서
가다,가기로서니
가다,가기에
가다,가네
가다,가니
가다,가다
가다,가다가
가다,가다가는
가다,가다간
가다,가다니
가다,가다마다
가다,가더니
가다,가더니라
가다,가더라
가다,가더라니까
가다,가더라도
가다,가더라며
가다,가더라면
가다,가더라면서
가다,가더람
가다,가던
가다,가던가
가다,가던데
가다,가던지
가다,가데
가다,가데요
가다,가도다
가다,가되
가다,가든
가다,가든지
가다,가듯
가다,가듯이
가다,가죠
가다,가지마는
가다,가지만
가다,가지요
가다,간걸
가다,간들
가다,가나마
가다,가니까
가다,갈
가다,갈걸
가다,갈까
가다,갈는지
가다,갈라
가다,갈라고
가다,갈러니
가다,갈러라
가다,갈런고
가다,갈망정
가다,갈밖에
가다,갈뿐더러
가다,갈수록
가다,갈지라도
가다,가며
가다,가면
가다,가면서
가다,가세요
가다,가셔요
가다,가지
가다,가도
가다,가서
가다,가야
가다,가야만
가다,가야지
가다,가요
가다,가건대
가다,가나니
가다,가느라
가다,가느라고
가다,가는구나
가다,가는군
가다,가도록
가다,가자
가다,가자고
가다,가자꾸나
가다,가자느니
가다,가자니까
가다,가자마자
가다,가자며
가다,가자면
가다,가자면서
가다,간
가다,간다
가다,간다고
가다,간다나
가다,간다네
가다,간다느니
가다,간다니
가다,간다니까
가다,간다더라
가다,간다며
가다,간다면
가다,간다면서
가다,간답니까
가다,간답니다
가다,간답시고
가다,간대
가다,간대요
가다,갈거나
가다,갈게
가다,갈래
가다,가라고
가다,가러
가다,가려
가다,갑시다
가다,가세
가다,가시라
가다,가십시다
가다,가십시오
가다,가고자
가다,가느냐
가다,가느냐고
가다,가느니
가다,가느니만
가다,가느니만큼
가다,가는
가다,가는걸
가다,가는데
가다,가는지
비비다,비비거나
비비다,비비거늘
비비다,비비거니
비비다,비비거든
비비다,비비건
비비다,비비것다
비비다,비비게
비비다,비비겠
비비다,비비고
비비다,비비고말고
비비다,비비기로
비비다,비비기로니
비비다,비비기로서
비비다,비비기로서니
비비다,비비기에
비비다,비비네
비비다,비비니
비비다,비비다
비비다,비비다가
비비다,비비다가는
비비다,비비다간
비비다,비비다니
비비다,비비다마다
비비다,비비더니
비비다,비비더니라
비비다,비비더라
비비다,비비더라니까
비비다,비비더라도
비비다,비비더라며
비비다,비비더라면
비비다,비비더라면서
비비다,비비더람
비비다,비비던
비비다,비비던가
비비다,비비던데
비비다,비비던지
비비다,비비데
비비다,비비데요
비비다,비비도다
비비다,비비되
비비다,비비든
비비다,비비든지
비비다,비비듯
비비다,비비듯이
비비다,비비죠
비비다,비비지마는
비비다,비비지만
비비다,비비지요
비비다,비빈걸
비비다,비빈들
비비다,비비나마
비비다,비비니까
비비다,비빌
비비다,비빌걸
비비다,비빌까
비비다,비빌는지
비비다,비빌라
비비다,비빌라고
비비다,비빌러니
비비다,비빌러라
비비다,비빌런고
비비다,비빌망정
비비다,비빌밖에
비비다,비빌뿐더러
비비다,비빌수록
비비다,비빌지라도
비비다,비비며
비비다,비비면
비비다,비비면서
비비다,비비세요
비비다,비비셔요
비비다,비비지
비비다,비비건대
비비다,비비나니
비비다,비비느라
비비다,비비느라고
비비다,비비는구나
비비다,비비는군
비비다,비비도록
비비다,비비자
비비다,비비자고
비비다,비비자꾸나
비비다,비비자느니
비비다,비비자니까
비비다,비비자마자
비비다,비비자며
비비다,비비자면
비비다,비비자면서
비비다,비빈
비비다,비빈다
비비다,비빈다고
비비다,비빈다나
비비다,비빈다네
비비다,비빈다느니
비비다,비빈다니
비비다,비빈다니까
비비다,비빈다더라
비비다,비빈다며
비비다,비빈다면
비비다,비빈다면서
비비다,비빈답니까
비비다,비빈답니다
비비다,비빈답시고
비비다,비빈대
비비다,비빈대요
비비다,비빌거나
비비다,비빌게
비비다,비빌래
비비다,비비라고
비비다,비비러
비비다,비비려
비비다,비빕시다
비비다,비비세
비비다,비비시라
비비다,비비십시다
비비다,비비십시오
비비다,비비고자
비비다,비비느냐
비비다,비비느냐고
비비다,비비느니
비비다,비비느니만
비비다,비비느니만큼
비비다,비비는
비비다,비비는걸
비비다,비비는데
비비다,비비는지
갈다,갈거나
갈다,갈거늘
갈다,갈거니
갈다,갈거든
갈다,갈건
갈다,갈것다
갈다,갈게
갈다,갈겠
갈다,갈고
갈다,갈고말고
갈다,갈기로
갈다,갈기로니
갈다,갈기로서
갈다,갈기로서니
갈다,갈기에
갈다,갈네
갈다,갈니
갈다,갈다
갈다,갈다가
갈다,갈다가는
갈다,갈다간
갈다,갈다니
갈다,갈다마다
갈다,갈더니
갈다,갈더니라
갈다,갈더라
갈다,갈더라니까
갈다,갈더라도
갈다,갈더라며
갈다,갈더라면
갈다,갈더라면서
갈다,갈더람
갈다,갈던
갈다,갈던가
갈다,갈던데
갈다,갈던지
갈다,갈데
갈다,갈데요
갈다,갈도다
갈다,갈되
갈다,갈든
갈다,갈든지
갈다,갈듯
갈다,갈듯이
갈다,갈죠
갈다,갈지마는
갈다,갈지만
갈다,갈지요
갈다,간걸
갈다,간들
갈다,가나마
갈다,가니
갈다,가니까
갈다,갈
갈다,갈걸
갈다,갈까
갈다,갈는지
갈다,갈라
갈다,갈라고
갈다,갈러니
갈다,갈러라
갈다,갈런고
갈다,갈망정
갈다,갈밖에
갈다,갈뿐더러
갈다,갈수록
갈다,갈지라도
갈다,가며
갈다,가면
갈다,가면서
갈다,가세요
갈다,가셔요
갈다,갈지
갈다,갈아도
갈다,갈아서
갈다,갈아야
갈다,갈아야만
갈다,갈아야지
갈다,갈아요
갈다,갈건대
갈다,갈나니
갈다,갈느라
갈다,갈느라고
갈다,갈는구나
갈다,갈는군
갈다,갈도록
갈다,갈자
갈다,갈자고
갈다,갈자꾸나
갈다,갈자느니
갈다,갈자니까
갈다,갈자마자
갈다,갈자며
갈다,갈자면
갈다,갈자면서
갈다,간
갈다,간다
갈다,간다고
갈다,간다나
갈다,간다네
갈다,간다느니
갈다,간다니
갈다,간다니까
갈다,간다더라
갈다,간다며
갈다,간다면
갈다,간다면서
갈다,간답니까
갈다,간답니다
갈다,간답시고
갈다,간대
갈다,간대요
갈다,갈래
갈다,가라고
갈다,가러
갈다,가려
갈다,갑시다
갈다,가세
갈다,가시라
갈다,가십시다
갈다,가십시오
갈다,갈아다
갈다,갈아다가
갈다,갈고자
갈다,갈느냐
갈다,갈느냐고
갈다,갈느니
갈다,갈느니만
갈다,갈느니만큼
갈다,갈는
갈다,갈는걸
갈다,갈는데
문지르다,문지르거나
문지르다,문지르거늘
문지르다,문지르거니
문지르다,문지르거든
문지르다,문지르건
문지르다,문지르것다
문지르다,문지르게
문지르다,문지르겠
문지르다,문지르고
문지르다,문지르고말고
문지르다,문지르기로
문지르다,문지르기로니
문지르다,문지르기로서
문지르다,문지르기로서니
문지르다,문지르기에
문지르다,문지르네
문지르다,문지르니
문지르다,문지르다
문지르다,문지르다가
문지르다,문지르다가는
문지르다,문지르다간
문지르다,문지르다니
문지르다,문지르다마다
문지르다,문지르더니
문지르다,문지르더니라
문지르다,문지르더라
문지르다,문지르더라니까
문지르다,문지르더라도
문지르다,문지르더라며
문지르다,문지르더라면
문지르다,문지르더라면서
문지르다,문지르더람
문지르다,문지르던
문지르다,문지르던가
문지르다,문지르던데
문지르다,문지르던지
문지르다,문지르데
문지르다,문지르데요
문지르다,문지르도다
문지르다,문지르되
문지르다,문지르든
문지르다,문지르든지
문지르다,문지르듯
문지르다,문지르듯이
문지르다,문지르죠
문지르다,문지르지마는
문지르다,문지르지만
문지르다,문지르지요
문지르다,문지른걸
문지르다,문지른들
문지르다,문지르나마
문지르다,문지르니까
문지르다,문지를
문지르다,문지를걸
문지르다,문지를까
문지르다,문지를는지
문지르다,문지를라
문지르다,문지를라고
문지르다,문지를러니
문지르다,문지를러라
문지르다,문지를런고
문지르다,문지를망정
문지르다,문지를밖에
문지르다,문지를뿐더러
문지르다,문지를수록
문지르다,문지를지라도
문지르다,문지르며
문지르다,문지르면
문지르다,문지르면서
문지르다,문지르세요
문지르다,문지르셔요
문지르다,문지르지
문지르다,문지르건대
문지르다,문지르나니
문지르다,문지르느라
문지르다,문지르느라고
문지르다,문지르는구나
문지르다,문지르는군
문지르다,문지르도록
문지르다,문지르자
문지르다,문지르자고
문지르다,문지르자꾸나
문지르다,문지르자느니
문지르다,문지르자니까
문지르다,문지르자마자
문지르다,문지르자며
문지르다,문지르자면
문지르다,문지르자면서
문지르다,문지른
문지르다,문지른다
문지르다,문지른다고
문지르다,문지른다나
문지르다,문지른다네
문지르다,문지른다느니
문지르다,문지른다니
문지르다,문지른다니까
문지르다,문지른다더라
문지르다,문지른다며
문지르다,문지른다면
문지르다,문지른다면서
문지르다,문지른답니까
문지르다,문지른답니다
문지르다,문지른답시고
문지르다,문지른대
문지르다,문지른대요
문지르다,문지를거나
문지르다,문지를게
문지르다,문지를래
문지르다,문지르라고
문지르다,문지르러
문지르다,문지르려
문지르다,문지릅시다
문지르다,문지르세
문지르다,문지르시라
문지르다,문지르십시다
문지르다,문지르십시오
문지르다,문지르고자
문지르다,문지르느냐
문지르다,문지르느냐고
문지르다,문지르느니
문지르다,문지르느니만
문지르다,문지르느니만큼
문지르다,문지르는
문지르다,문지르는걸
문지르다,문지르는데
문지르다,문지르는지
생산하다,생산하거나
생산하다,생산하거늘
생산하다,생산하거니
생산하다,생산하거든
생산하다,생산하건
생산하다,생산하것다
생산하다,생산하게
생산하다,생산하겠
생산하다,생산하고
생산하다,생산하고말고
생산하다,생산하기로
생산하다,생산하기로니
생산하다,생산하기로서
생산하다,생산하기로서니
생산하다,생산하기에
생산하다,생산하네
생산하다,생산하니
생산하다,생산하다
생산하다,생산하다가
생산하다,생산하다가는
생산하다,생산하다간
생산하다,생산하다니
생산하다,생산하다마다
생산하다,생산하더니
생산하다,생산하더니라
생산하다,생산하더라
생산하다,생산하더라니까
생산하다,생산하더라도
생산하다,생산하더라며
생산하다,생산하더라면
생산하다,생산하더라면서
생산하다,생산하더람
생산하다,생산하던
생산하다,생산하던가
생산하다,생산하던데
생산하다,생산하던지
생산하다,생산하데
생산하다,생산하데요
생산하다,생산하도다
생산하다,생산하되
생산하다,생산하든
생산하다,생산하든지
생산하다,생산하듯
생산하다,생산하듯이
생산하다,생산하죠
생산하다,생산하지마는
생산하다,생산하지만
생산하다,생산하지요
생산하다,생산한걸
생산하다,생산한들
생산하다,생산하나마
생산하다,생산하니까
생산하다,생산할
생산하다,생산할걸
생산하다,생산할까
생산하다,생산할는지
생산하다,생산할라
생산하다,생산할라고
생산하다,생산할러니
생산하다,생산할러라
생산하다,생산할런고
생산하다,생산할망정
생산하다,생산할밖에
생산하다,생산할뿐더러
생산하다,생산할수록
생산하다,생산할지라도
생산하다,생산하며
생산하다,생산하면
생산하다,생산하면서
생산하다,생산하세요
생산하다,생산하셔요
생산하다,생산하지
생산하다,생산하건대
생산하다,생산하나니
생산하다,생산하느라
생산하다,생산하느라고
생산하다,생산하는구나
생산하다,생산하는군
생산하다,생산하도록
생산하다,생산하자
생산하다,생산하자고
생산하다,생산하자꾸나
생산하다,생산하자느니
생산하다,생산하자니까
생산하다,생산하자마자
생산하다,생산하자며
생산하다,생산하자면
생산하다,생산하자면서
생산하다,생산한
생산하다,생산한다
생산하다,생산한다고
생산하다,생산한다나
생산하다,생산한다네
생산하다,생산한다느니
생산하다,생산한다니
생산하다,생산한다니까
생산하다,생산한다더라
생산하다,생산한다며
생산하다,생산한다면
생산하다,생산한다면서
생산하다,생산한답니까
생산하다,생산한답니다
생산하다,생산한답시고
생산하다,생산한대
생산하다,생산한대요
생산하다,생산할거나
생산하다,생산할게
생산하다,생산할래
생산하다,생산하라고
생산하다,생산하러
생산하다,생산하려
생산하다,생산합시다
생산하다,생산하세
생산하다,생산하시라
생산하다,생산하십시다
생산하다,생산하십시오
생산하다,생산하고자
생산하다,생산하느냐
생산하다,생산하느냐고
생산하다,생산하느니
생산하다,생산하느니만
생산하다,생산하느니만큼
생산하다,생산하는
생산하다,생산하는걸
생산하다,생산하는데
생산하다,생산하는지
걸리다,걸리거나
걸리다,걸리거늘
걸리다,걸리거니
걸리다,걸리거든
걸리다,걸리건
걸리다,걸리것다
걸리다,걸리게
걸리다,걸리겠
걸리다,걸리고
걸리다,걸리고말고
걸리다,걸리기로
걸리다,걸리기로니
걸리다,걸리기로서
걸리다,걸리기로서니
걸리다,걸리기에
걸리다,걸리네
걸리다,걸리니
걸리다,걸리다
걸리다,걸리다가
걸리다,걸리다가는
걸리다,걸리다간
걸리다,걸리다니
걸리다,걸리다마다
걸리다,걸리더니
걸리다,걸리더니라
걸리다,걸리더라
걸리다,걸리더라니까
걸리다,걸리더라도
걸리다,걸리더라며
걸리다,걸리더라면
걸리다,걸리더라면서
걸리다,걸리더람
걸리다,걸리던
걸리다,걸리던가
걸리다,걸리던데
걸리다,걸리던지
걸리다,걸리데
걸리다,걸리데요
걸리다,걸리도다
걸리다,걸리되
걸리다,걸리든
걸리다,걸리든지
걸리다,걸리듯
걸리다,걸리듯이
걸리다,걸리죠
걸리다,걸리지마는
걸리다,걸리지만
걸리다,걸리지요
걸리다,걸린걸
걸리다,걸린들
걸리다,걸리나마
걸리다,걸리니까
걸리다,걸릴
걸리다,걸릴걸
걸리다,걸릴까
걸리다,걸릴는지
걸리다,걸릴라
걸리다,걸릴라고
걸리다,걸릴러니
걸리다,걸릴러라
걸리다,걸릴런고
걸리다,걸릴망정
걸리다,걸릴밖에
걸리다,걸릴뿐더러
걸리다,걸릴수록
걸리다,걸릴지라도
걸리다,걸리며
걸리다,걸리면
걸리다,걸리면서
걸리다,걸리세요
걸리다,걸리셔요
걸리다,걸리지
걸리다,걸리건대
걸리다,걸리나니
걸리다,걸리느라
걸리다,걸리느라고
걸리다,걸리는구나
걸리다,걸리는군
걸리다,걸리도록
걸리다,걸리자
걸리다,걸리자고
걸리다,걸리자꾸나
걸리다,걸리자느니
걸리다,걸리자니까
걸리다,걸리자마자
걸리다,걸리자며
걸리다,걸리자면
걸리다,걸리자면서
걸리다,걸린
걸리다,걸린다
걸리다,걸린다고
걸리다,걸린다나
걸리다,걸린다네
걸리다,걸린다느니
걸리다,걸린다니
걸리다,걸린다니까
걸리다,걸린다더라
걸리다,걸린다며
걸리다,걸린다면
걸리다,걸린다면서
걸리다,걸린답니까
걸리다,걸린답니다
걸리다,걸린답시고
걸리다,걸린대
걸리다,걸린대요
걸리다,걸릴거나
걸리다,걸릴게
걸리다,걸릴래
걸리다,걸리라고
걸리다,걸리러
걸리다,걸리려
걸리다,걸립시다
걸리다,걸리세
걸리다,걸리시라
걸리다,걸리십시다
걸리다,걸리십시오
걸리다,걸리고자
걸리다,걸리느냐
걸리다,걸리느냐고
걸리다,걸리느니
걸리다,걸리느니만
걸리다,걸리느니만큼
걸리다,걸리는
걸리다,걸리는걸
걸리다,걸리는데
걸리다,걸리는지
걸다,걸거나
걸다,걸거늘
걸다,걸거니
걸다,걸거든
걸다,걸건
걸다,걸것다
걸다,걸게
걸다,걸겠
걸다,걸고
걸다,걸고말고
걸다,걸기로
걸다,걸기로니
걸다,걸기로서
걸다,걸기로서니
걸다,걸기에
걸다,걸네
걸다,걸니
걸다,걸다
걸다,걸다가
걸다,걸다가는
걸다,걸다간
걸다,걸다니
걸다,걸다마다
걸다,걸더니
걸다,걸더니라
걸다,걸더라
걸다,걸더라니까
걸다,걸더라도
걸다,걸더라며
걸다,걸더라면
걸다,걸더라면서
걸다,걸더람
걸다,걸던
걸다,걸던가
걸다,걸던데
걸다,걸던지
걸다,걸데
걸다,걸데요
걸다,걸도다
걸다,걸되
걸다,걸든
걸다,걸든지
걸다,걸듯
걸다,걸듯이
걸다,걸죠
걸다,걸지마는
걸다,걸지만
걸다,걸지요
걸다,건걸
걸다,건들
걸다,거나마
걸다,거니
걸다,거니까
걸다,걸
걸다,걸걸
걸다,걸까
걸다,걸는지
걸다,걸라
걸다,걸라고
걸다,걸러니
걸다,걸러라
걸다,걸런고
걸다,걸망정
걸다,걸밖에
걸다,걸뿐더러
걸다,걸수록
걸다,걸지라도
걸다,거며
걸다,거면
걸다,거면서
걸다,거세요
걸다,거셔요
걸다,걸지
걸다,걸건대
걸다,걸나니
걸다,걸느라
걸다,걸느라고
걸다,걸는구나
걸다,걸는군
걸다,걸도록
걸다,걸자
걸다,걸자고
걸다,걸자꾸나
걸다,걸자느니
걸다,걸자니까
걸다,걸자마자
걸다,걸자며
걸다,걸자면
걸다,걸자면서
걸다,건
걸다,건다
걸다,건다고
걸다,건다나
걸다,건다네
걸다,건다느니
걸다,건다니
걸다,건다니까
걸다,건다더라
걸다,건다며
걸다,건다면
걸다,건다면서
걸다,건답니까
걸다,건답니다
걸다,건답시고
걸다,건대
걸다,건대요
걸다,걸래
걸다,거라고
걸다,거러
걸다,거려
걸다,겁시다
걸다,거세
걸다,거시라
걸다,거십시다
걸다,거십시오
걸다,걸고자
걸다,걸느냐
걸다,걸느냐고
걸다,걸느니
걸다,걸느니만
걸다,걸느니만큼
걸다,걸는
걸다,걸는걸
걸다,걸는데
매달다,매달거나
매달다,매달거늘
매달다,매달거니
매달다,매달거든
매달다,매달건
매달다,매달것다
매달다,매달게
매달다,매달겠
매달다,매달고
매달다,매달고말고
매달다,매달기로
매달다,매달기로니
매달다,매달기로서
매달다,매달기로서니
매달다,매달기에
매달다,매달네
매달다,매달니
매달다,매달다
매달다,매달다가
매달다,매달다가는
매달다,매달다간
매달다,매달다니
매달다,매달다마다
매달다,매달더니
매달다,매달더니라
매달다,매달더라
매달다,매달더라니까
매달다,매달더라도
매달다,매달더라며
매달다,매달더라면
매달다,매달더라면서
매달다,매달더람
매달다,매달던
매달다,매달던가
매달다,매달던데
매달다,매달던지
매달다,매달데
매달다,매달데요
매달다,매달도다
매달다,매달되
매달다,매달든
매달다,매달든지
매달다,매달듯
매달다,매달듯이
매달다,매달죠
매달다,매달지마는
매달다,매달지만
매달다,매달지요
매달다,매단걸
매달다,매단들
매달다,매다나마
매달다,매다니
매달다,매다니까
매달다,매달
매달다,매달걸
매달다,매달까
매달다,매달는지
매달다,매달라
매달다,매달라고
매달다,매달러니
매달다,매달러라
매달다,매달런고
매달다,매달망정
매달다,매달밖에
매달다,매달뿐더러
매달다,매달수록
매달다,매달지라도
매달다,매다며
매달다,매다면
매달다,매다면서
매달다,매다세요
매달다,매다셔요
매달다,매달지
매달다,매달아도
매달다,매달아서
매달다,매달아야
매달다,매달아야만
매달다,매달아야지
매달다,매달아요
매달다,매달건대
매달다,매달나니
매달다,매달느라
매달다,매달느라고
매달다,매달는구나
매달다,매달는군
매달다,매달도록
매달다,매달자
매달다,매달자고
매달다,매달자꾸나
매달다,매달자느니
매달다,매달자니까
매달다,매달자마자
매달다,매달자며
매달다,매달자면
매달다,매달자면서
매달다,매단
매달다,매단다
매달다,매단다고
매달다,매단다나
매달다,매단다네
매달다,매단다느니
매달다,매단다니
매달다,매단다니까
매달다,매단다더라
매달다,매단다며
매달다,매단다면
매달다,매단다면서
매달다,매단답니까
매달다,매단답니다
매달다,매단답시고
매달다,매단대
매달다,매단대요
매달다,매달래
매달다,매다라고
매달다,매다러
매달다,매다려
매달다,매답시다
매달다,매다세
매달다,매다시라
매달다,매다십시다
매달다,매다십시오
매달다,매달아다
매달다,매달아다가
매달다,매달고자
매달다,매달느냐
매달다,매달느냐고
매달다,매달느니
매달다,매달느니만
매달다,매달느니만큼
매달다,매달는
매달다,매달는걸
매달다,매달는데
벌어지다,벌어지거나
벌어지다,벌어지거늘
벌어지다,벌어지거니
벌어지다,벌어지거든
벌어지다,벌어지건
벌어지다,벌어지것다
벌어지다,벌어지게
벌어지다,벌어지겠
벌어지다,벌어지고
벌어지다,벌어지고말고
벌어지다,벌어지기로
벌어지다,벌어지기로니
벌어지다,벌어지기로서
벌어지다,벌어지기로서니
벌어지다,벌어지기에
벌어지다,벌어지네
벌어지다,벌어지니
벌어지다,벌어지다
벌어지다,벌어지다가
벌어지다,벌어지다가는
벌어지다,벌어지다간
벌어지다,벌어지다니
벌어지다,벌어지다마다
벌어지다,벌어지더니
벌어지다,벌어지더니라
벌어지다,벌어지더라
벌어지다,벌어지더라니까
벌어지다,벌어지더라도
벌어지다,벌어지더라며
벌어지다,벌어지더라면
벌어지다,벌어지더라면서
벌어지다,벌어지더람
벌어지다,벌어지던
벌어지다,벌어지던가
벌어지다,벌어지던데
벌어지다,벌어지던지
벌어지다,벌어지데
벌어지다,벌어지데요
벌어지다,벌어지도다
벌어지다,벌어지되
벌어지다,벌어지든
벌어지다,벌어지든지
벌어지다,벌어지듯
벌어지다,벌어지듯이
벌어지다,벌어지죠
벌어지다,벌어지지마는
벌어지다,벌어지지만
벌어지다,벌어지지요
벌어지다,벌어진걸
벌어지다,벌어진들
벌어지다,벌어지나마
벌어지다,벌어지니까
벌어지다,벌어질
벌어지다,벌어질걸
벌어지다,벌어질까
벌어지다,벌어질는지
벌어지다,벌어질라
벌어지다,벌어질라고
벌어지다,벌어질러니
벌어지다,벌어질러라
벌어지다,벌어질런고
벌어지다,벌어질망정
벌어지다,벌어질밖에
벌어지다,벌어질뿐더러
벌어지다,벌어질수록
벌어지다,벌어질지라도
벌어지다,벌어지며
벌어지다,벌어지면
벌어지다,벌어지면서
벌어지다,벌어지세요
벌어지다,벌어지셔요
벌어지다,벌어지지
벌어지다,벌어지건대
벌어지다,벌어지나니
벌어지다,벌어지느라
벌어지다,벌어지느라고
벌어지다,벌어지는구나
벌어지다,벌어지는군
벌어지다,벌어지도록
벌어지다,벌어지자
벌어지다,벌어지자고
벌어지다,벌어지자꾸나
벌어지다,벌어지자느니
벌어지다,벌어지자니까
벌어지다,벌어지자마자
벌어지다,벌어지자며
벌어지다,벌어지자면
벌어지다,벌어지자면서
벌어지다,벌어진
벌어지다,벌어진다
벌어지다,벌어진다고
벌어지다,벌어진다나
벌어지다,벌어진다네
벌어지다,벌어진다느니
벌어지다,벌어진다니
벌어지다,벌어진다니까
벌어지다,벌어진다더라
벌어지다,벌어진다며
벌어지다,벌어진다면
벌어지다,벌어진다면서
벌어지다,벌어진답니까
벌어지다,벌어진답니다
벌어지다,벌어진답시고
벌어지다,벌어진대
벌어지다,벌어진대요
벌어지다,벌어질거나
벌어지다,벌어질게
벌어지다,벌어질래
벌어지다,벌어지라고
벌어지다,벌어지러
벌어지다,벌어지려
벌어지다,벌어집시다
벌어지다,벌어지세
벌어지다,벌어지시라
벌어지다,벌어지십시다
벌어지다,벌어지십시오
벌어지다,벌어지고자
벌어지다,벌어지느냐
벌어지다,벌어지느냐고
벌어지다,벌어지느니
벌어지다,벌어지느니만
벌어지다,벌어지느니만큼
벌어지다,벌어지는
벌어지다,벌어지는걸
벌어지다,벌어지는데
벌어지다,벌어지는지
미워하다,미워하거나
미워하다,미워하거늘
미워하다,미워하거니
미워하다,미워하거든
미워하다,미워하건
미워하다,미워하것다
미워하다,미워하게
미워하다,미워하겠
미워하다,미워하고
미워하다,미워하고말고
미워하다,미워하기로
미워하다,미워하기로니
미워하다,미워하기로서
미워하다,미워하기로서니
미워하다,미워하기에
미워하다,미워하네
미워하다,미워하니
미워하다,미워하다
미워하다,미워하다가
미워하다,미워하다가는
미워하다,미워하다간
미워하다,미워하다니
미워하다,미워하다마다
미워하다,미워하더니
미워하다,미워하더니라
미워하다,미워하더라
미워하다,미워하더라니까
미워하다,미워하더라도
미워하다,미워하더라며
미워하다,미워하더라면
미워하다,미워하더라면서
미워하다,미워하더람
미워하다,미워하던
미워하다,미워하던가
미워하다,미워하던데
미워하다,미워하던지
미워하다,미워하데
미워하다,미워하데요
미워하다,미워하도다
미워하다,미워하되
미워하다,미워하든
미워하다,미워하든지
미워하다,미워하듯
미워하다,미워하듯이
미워하다,미워하죠
미워하다,미워하지마는
미워하다,미워하지만
미워하다,미워하지요
미워하다,미워한걸
미워하다,미워한들
미워하다,미워하나마
미워하다,미워하니까
미워하다,미워할
미워하다,미워할걸
미워하다,미워할까
미워하다,미워할는지
미워하다,미워할라
미워하다,미워할라고
미워하다,미워할러니
미워하다,미워할러라
미워하다,미워할런고
미워하다,미워할망정
미워하다,미워할밖에
미워하다,미워할뿐더러
미워하다,미워할수록
미워하다,미워할지라도
미워하다,미워하며
미워하다,미워하면
미워하다,미워하면서
미워하다,미워하세요
미워하다,미워하셔요
미워하다,미워하지
미워하다,미워하건대
미워하다,미워하나니
미워하다,미워하느라
미워하다,미워하느라고
미워하다,미워하는구나
미워하다,미워하는군
미워하다,미워하도록
미워하다,미워하자
미워하다,미워하자고
미워하다,미워하자꾸나
미워하다,미워하자느니
미워하다,미워하자니까
미워하다,미워하자마자
미워하다,미워하자며
미워하다,미워하자면
미워하다,미워하자면서
미워하다,미워한
미워하다,미워한다
미워하다,미워한다고
미워하다,미워한다나
미워하다,미워한다네
미워하다,미워한다느니
미워하다,미워한다니
미워하다,미워한다니까
미워하다,미워한다더라
미워하다,미워한다며
미워하다,미워한다면
미워하다,미워한다면서
미워하다,미워한답니까
미워하다,미워한답니다
미워하다,미워한답시고
미워하다,미워한대
미워하다,미워한대요
미워하다,미워할거나
미워하다,미워할게
미워하다,미워할래
미워하다,미워하라고
미워하다,미워하러
미워하다,미워하려
미워하다,미워합시다
미워하다,미워하세
미워하다,미워하시라
미워하다,미워하십시다
미워하다,미워하십시오
미워하다,미워하고자
미워하다,미워하느냐
미워하다,미워하느냐고
미워하다,미워하느니
미워하다,미워하느니만
미워하다,미워하느니만큼
미워하다,미워하는
미워하다,미워하는걸
미워하다,미워하는데
미워하다,미워하는지
가지다,가지거나
가지다,가지거늘
가지다,가지거니
가지다,가지거든
가지다,가지건
가지다,가지것다
가지다,가지게
가지다,가지겠
가지다,가지고
가지다,가지고말고
가지다,가지기로
가지다,가지기로니
가지다,가지기로서
가지다,가지기로서니
가지다,가지기에
가지다,가지네
가지다,가지니
가지다,가지다
가지다,가지다가
가지다,가지다가는
가지다,가지다간
가지다,가지다니
가지다,가지다마다
가지다,가지더니
가지다,가지더니라
가지다,가지더라
가지다,가지더라니까
가지다,가지더라도
가지다,가지더라며
가지다,가지더라면
가지다,가지더라면서
가지다,가지더람
가지다,가지던
가지다,가지던가
가지다,가지던데
가지다,가지던지
가지다,가지데
가지다,가지데요
가지다,가지도다
가지다,가지되
가지다,가지든
가지다,가지든지
가지다,가지듯
가지다,가지듯이
가지다,가지죠
가지다,가지지마는
가지다,가지지만
가지다,가지지요
가지다,가진걸
가지다,가진들
가지다,가지나마
가지다,가지니까
가지다,가질
가지다,가질걸
가지다,가질까
가지다,가질는지
가지다,가질라
가지다,가질라고
가지다,가질러니
가지다,가질러라
가지다,가질런고
가지다,가질망정
가지다,가질밖에
가지다,가질뿐더러
가지다,가질수록
가지다,가질지라도
가지다,가지며
가지다,가지면
가지다,가지면서
가지다,가지세요
가지다,가지셔요
가지다,가지지
가지다,가지건대
가지다,가지나니
가지다,가지느라
가지다,가지느라고
가지다,가지는구나
가지다,가지는군
가지다,가지도록
가지다,가지자
가지다,가지자고
가지다,가지자꾸나
가지다,가지자느니
가지다,가지자니까
가지다,가지자마자
가지다,가지자며
가지다,가지자면
가지다,가지자면서
가지다,가진
가지다,가진다
가지다,가진다고
가지다,가진다나
가지다,가진다네
가지다,가진다느니
가지다,가진다니
가지다,가진다니까
가지다,가진다더라
가지다,가진다며
가지다,가진다면
가지다,가진다면서
가지다,가진답니까
가지다,가진답니다
가지다,가진답시고
가지다,가진대
가지다,가진대요
가지다,가질거나
가지다,가질게
가지다,가질래
가지다,가지라고
가지다,가지러
가지다,가지려
가지다,가집시다
가지다,가지세
가지다,가지시라
가지다,가지십시다
가지다,가지십시오
가지다,가지고자
가지다,가지느냐
가지다,가지느냐고
가지다,가지느니
가지다,가지느니만
가지다,가지느니만큼
가지다,가지는
가지다,가지는걸
가지다,가지는데
가지다,가지는지
소유하다,소유하거나
소유하다,소유하거늘
소유하다,소유하거니
소유하다,소유하거든
소유하다,소유하건
소유하다,소유하것다
소유하다,소유하게
소유하다,소유하겠
소유하다,소유하고
소유하다,소유하고말고
소유하다,소유하기로
소유하다,소유하기로니
소유하다,소유하기로서
소유하다,소유하기로서니
소유하다,소유하기에
소유하다,소유하네
소유하다,소유하니
소유하다,소유하다
소유하다,소유하다가
소유하다,소유하다가는
소유하다,소유하다간
소유하다,소유하다니
소유하다,소유하다마다
소유하다,소유하더니
소유하다,소유하더니라
소유하다,소유하더라
소유하다,소유하더라니까
소유하다,소유하더라도
소유하다,소유하더라며
소유하다,소유하더라면
소유하다,소유하더라면서
소유하다,소유하더람
소유하다,소유하던
소유하다,소유하던가
소유하다,소유하던데
소유하다,소유하던지
소유하다,소유하데
소유하다,소유하데요
소유하다,소유하도다
소유하다,소유하되
소유하다,소유하든
소유하다,소유하든지
소유하다,소유하듯
소유하다,소유하듯이
소유하다,소유하죠
소유하다,소유하지마는
소유하다,소유하지만
소유하다,소유하지요
소유하다,소유한걸
소유하다,소유한들
소유하다,소유하나마
소유하다,소유하니까
소유하다,소유할
소유하다,소유할걸
소유하다,소유할까
소유하다,소유할는지
소유하다,소유할라
소유하다,소유할라고
소유하다,소유할러니
소유하다,소유할러라
소유하다,소유할런고
소유하다,소유할망정
소유하다,소유할밖에
소유하다,소유할뿐더러
소유하다,소유할수록
소유하다,소유할지라도
소유하다,소유하며
소유하다,소유하면
소유하다,소유하면서
소유하다,소유하세요
소유하다,소유하셔요
소유하다,소유하지
소유하다,소유하건대
소유하다,소유하나니
소유하다,소유하느라
소유하다,소유하느라고
소유하다,소유하는구나
소유하다,소유하는군
소유하다,소유하도록
소유하다,소유하자
소유하다,소유하자고
소유하다,소유하자꾸나
소유하다,소유하자느니
소유하다,소유하자니까
소유하다,소유하자마자
소유하다,소유하자며
소유하다,소유하자면
소유하다,소유하자면서
소유하다,소유한
소유하다,소유한다
소유하다,소유한다고
소유하다,소유한다나
소유하다,소유한다네
소유하다,소유한다느니
소유하다,소유한다니
소유하다,소유한다니까
소유하다,소유한다더라
소유하다,소유한다며
소유하다,소유한다면
소유하다,소유한다면서
소유하다,소유한답니까
소유하다,소유한답니다
소유하다,소유한답시고
소유하다,소유한대
소유하다,소유한대요
소유하다,소유할거나
소유하다,소유할게
소유하다,소유할래
소유하다,소유하라고
소유하다,소유하러
소유하다,소유하려
소유하다,소유합시다
소유하다,소유하세
소유하다,소유하시라
소유하다,소유하십시다
소유하다,소유하십시오
소유하다,소유하고자
소유하다,소유하느냐
소유하다,소유하느냐고
소유하다,소유하느니
소유하다,소유하느니만
소유하다,소유하느니만큼
소유하다,소유하는
소유하다,소유하는걸
소유하다,소유하는데
소유하다,소유하는지
듣다,듣거나
듣다,듣거늘
듣다,듣거니
듣다,듣거든
듣다,듣건
듣다,듣것다
듣다,듣게
듣다,듣겠
듣다,듣고
듣다,듣고말고
듣다,듣기로
듣다,듣기로니
듣다,듣기로서
듣다,듣기로서니
듣다,듣기에
듣다,듣네
듣다,듣니
듣다,듣다
듣다,듣다가
듣다,듣다가는
듣다,듣다간
듣다,듣다니
듣다,듣다마다
듣다,듣더니
듣다,듣더니라
듣다,듣더라
듣다,듣더라니까
듣다,듣더라도
듣다,듣더라며
듣다,듣더라면
듣다,듣더라면서
듣다,듣더람
듣다,듣던
듣다,듣던가
듣다,듣던데
듣다,듣던지
듣다,듣데
듣다,듣데요
듣다,듣도다
듣다,듣되
듣다,듣든
듣다,듣든지
듣다,듣듯
듣다,듣듯이
듣다,듣죠
듣다,듣지마는
듣다,듣지만
듣다,듣지요
듣다,듣지
듣다,들을
듣다,들을걸
듣다,들을밖에
듣다,들을수록
듣다,들을지
듣다,들을지며
듣다,들음
듣다,들음에도
듣다,들읍시오
듣다,듣건대
듣다,듣나니
듣다,듣느라
듣다,듣느라고
듣다,듣는구나
듣다,듣는군
듣다,듣도록
듣다,듣자
듣다,듣자고
듣다,듣자꾸나
듣다,듣자느니
듣다,듣자니까
듣다,듣자마자
듣다,듣자며
듣다,듣자면
듣다,듣자면서
듣다,듣고자
듣다,듣느냐
듣다,듣느냐고
듣다,듣느니
듣다,듣느니만
듣다,듣느니만큼
듣다,듣는
듣다,듣는걸
듣다,듣는데
듣다,듣는지
듣다,들으러
듣다,들읍시다
들리다,들리거나
들리다,들리거늘
들리다,들리거니
들리다,들리거든
들리다,들리건
들리다,들리것다
들리다,들리게
들리다,들리겠
들리다,들리고
들리다,들리고말고
들리다,들리기로
들리다,들리기로니
들리다,들리기로서
들리다,들리기로서니
들리다,들리기에
들리다,들리네
들리다,들리니
들리다,들리다
들리다,들리다가
들리다,들리다가는
들리다,들리다간
들리다,들리다니
들리다,들리다마다
들리다,들리더니
들리다,들리더니라
들리다,들리더라
들리다,들리더라니까
들리다,들리더라도
들리다,들리더라며
들리다,들리더라면
들리다,들리더라면서
들리다,들리더람
들리다,들리던
들리다,들리던가
들리다,들리던데
들리다,들리던지
들리다,들리데
들리다,들리데요
들리다,들리도다
들리다,들리되
들리다,들리든
들리다,들리든지
들리다,들리듯
들리다,들리듯이
들리다,들리죠
들리다,들리지마는
들리다,들리지만
들리다,들리지요
들리다,들린걸
들리다,들린들
들리다,들리나마
들리다,들리니까
들리다,들릴
들리다,들릴걸
들리다,들릴까
들리다,들릴는지
들리다,들릴라
들리다,들릴라고
들리다,들릴러니
들리다,들릴러라
들리다,들릴런고
들리다,들릴망정
들리다,들릴밖에
들리다,들릴뿐더러
들리다,들릴수록
들리다,들릴지라도
들리다,들리며
들리다,들리면
들리다,들리면서
들리다,들리세요
들리다,들리셔요
들리다,들리지
들리다,들리건대
들리다,들리나니
들리다,들리느라
들리다,들리느라고
들리다,들리는구나
들리다,들리는군
들리다,들리도록
들리다,들리자
들리다,들리자고
들리다,들리자꾸나
들리다,들리자느니
들리다,들리자니까
들리다,들리자마자
들리다,들리자며
들리다,들리자면
들리다,들리자면서
들리다,들린
들리다,들린다
들리다,들린다고
들리다,들린다나
들리다,들린다네
들리다,들린다느니
들리다,들린다니
들리다,들린다니까
들리다,들린다더라
들리다,들린다며
들리다,들린다면
들리다,들린다면서
들리다,들린답니까
들리다,들린답니다
들리다,들린답시고
들리다,들린대
들리다,들린대요
들리다,들릴거나
들리다,들릴게
들리다,들릴래
들리다,들리라고
들리다,들리러
들리다,들리려
들리다,들립시다
들리다,들리세
들리다,들리시라
들리다,들리십시다
들리다,들리십시오
들리다,들리고자
들리다,들리느냐
들리다,들리느냐고
들리다,들리느니
들리다,들리느니만
들리다,들리느니만큼
들리다,들리는
들리다,들리는걸
들리다,들리는데
들리다,들리는지
주저하다,주저하거나
주저하다,주저하거늘
주저하다,주저하거니
주저하다,주저하거든
주저하다,주저하건
주저하다,주저하것다
주저하다,주저하게
주저하다,주저하겠
주저하다,주저하고
주저하다,주저하고말고
주저하다,주저하기로
주저하다,주저하기로니
주저하다,주저하기로서
주저하다,주저하기로서니
주저하다,주저하기에
주저하다,주저하네
주저하다,주저하니
주저하다,주저하다
주저하다,주저하다가
주저하다,주저하다가는
주저하다,주저하다간
주저하다,주저하다니
주저하다,주저하다마다
주저하다,주저하더니
주저하다,주저하더니라
주저하다,주저하더라
주저하다,주저하더라니까
주저하다,주저하더라도
주저하다,주저하더라며
주저하다,주저하더라면
주저하다,주저하더라면서
주저하다,주저하더람
주저하다,주저하던
주저하다,주저하던가
주저하다,주저하던데
주저하다,주저하던지
주저하다,주저하데
주저하다,주저하데요
주저하다,주저하도다
주저하다,주저하되
주저하다,주저하든
주저하다,주저하든지
주저하다,주저하듯
주저하다,주저하듯이
주저하다,주저하죠
주저하다,주저하지마는
주저하다,주저하지만
주저하다,주저하지요
주저하다,주저한걸
주저하다,주저한들
주저하다,주저하나마
주저하다,주저하니까
주저하다,주저할
주저하다,주저할걸
주저하다,주저할까
주저하다,주저할는지
주저하다,주저할라
주저하다,주저할라고
주저하다,주저할러니
주저하다,주저할러라
주저하다,주저할런고
주저하다,주저할망정
주저하다,주저할밖에
주저하다,주저할뿐더러
주저하다,주저할수록
주저하다,주저할지라도
주저하다,주저하며
주저하다,주저하면
주저하다,주저하면서
주저하다,주저하세요
주저하다,주저하셔요
주저하다,주저하지
주저하다,주저하건대
주저하다,주저하나니
주저하다,주저하느라
주저하다,주저하느라고
주저하다,주저하는구나
주저하다,주저하는군
주저하다,주저하도록
주저하다,주저하자
주저하다,주저하자고
주저하다,주저하자꾸나
주저하다,주저하자느니
주저하다,주저하자니까
주저하다,주저하자마자
주저하다,주저하자며
주저하다,주저하자면
주저하다,주저하자면서
주저하다,주저한
주저하다,주저한다
주저하다,주저한다고
주저하다,주저한다나
주저하다,주저한다네
주저하다,주저한다느니
주저하다,주저한다니
주저하다,주저한다니까
주저하다,주저한다더라
주저하다,주저한다며
주저하다,주저한다면
주저하다,주저한다면서
주저하다,주저한답니까
주저하다,주저한답니다
주저하다,주저한답시고
주저하다,주저한대
주저하다,주저한대요
주저하다,주저할거나
주저하다,주저할게
주저하다,주저할래
주저하다,주저하라고
주저하다,주저하러
주저하다,주저하려
주저하다,주저합시다
주저하다,주저하세
주저하다,주저하시라
주저하다,주저하십시다
주저하다,주저하십시오
주저하다,주저하고자
주저하다,주저하느냐
주저하다,주저하느냐고
주저하다,주저하느니
주저하다,주저하느니만
주저하다,주저하느니만큼
주저하다,주저하는
주저하다,주저하는걸
주저하다,주저하는데
주저하다,주저하는지
감추다,감추거나
감추다,감추거늘
감추다,감추거니
감추다,감추거든
감추다,감추건
감추다,감추것다
감추다,감추게
감추다,감추겠
감추다,감추고
감추다,감추고말고
감추다,감추기로
감추다,감추기로니
감추다,감추기로서
감추다,감추기로서니
감추다,감추기에
감추다,감추네
감추다,감추니
감추다,감추다
감추다,감추다가
감추다,감추다가는
감추다,감추다간
감추다,감추다니
감추다,감추다마다
감추다,감추더니
감추다,감추더니라
감추다,감추더라
감추다,감추더라니까
감추다,감추더라도
감추다,감추더라며
감추다,감추더라면
감추다,감추더라면서
감추다,감추더람
감추다,감추던
감추다,감추던가
감추다,감추던데
감추다,감추던지
감추다,감추데
감추다,감추데요
감추다,감추도다
감추다,감추되
감추다,감추든
감추다,감추든지
감추다,감추듯
감추다,감추듯이
감추다,감추죠
감추다,감추지마는
감추다,감추지만
감추다,감추지요
감추다,감춘걸
감추다,감춘들
감추다,감추나마
감추다,감추니까
감추다,감출
감추다,감출걸
감추다,감출까
감추다,감출는지
감추다,감출라
감추다,감출라고
감추다,감출러니
감추다,감출러라
감추다,감출런고
감추다,감출망정
감추다,감출밖에
감추다,감출뿐더러
감추다,감출수록
감추다,감출지라도
감추다,감추며
감추다,감추면
감추다,감추면서
감추다,감추세요
감추다,감추셔요
감추다,감추지
감추다,감추건대
감추다,감추나니
감추다,감추느라
감추다,감추느라고
감추다,감추는구나
감추다,감추는군
감추다,감추도록
감추다,감추자
감추다,감추자고
감추다,감추자꾸나
감추다,감추자느니
감추다,감추자니까
감추다,감추자마자
감추다,감추자며
감추다,감추자면
감추다,감추자면서
감추다,감춘
감추다,감춘다
감추다,감춘다고
감추다,감춘다나
감추다,감춘다네
감추다,감춘다느니
감추다,감춘다니
감추다,감춘다니까
감추다,감춘다더라
감추다,감춘다며
감추다,감춘다면
감추다,감춘다면서
감추다,감춘답니까
감추다,감춘답니다
감추다,감춘답시고
감추다,감춘대
감추다,감춘대요
감추다,감출거나
감추다,감출게
감추다,감출래
감추다,감추라고
감추다,감추러
감추다,감추려
감추다,감춥시다
감추다,감추세
감추다,감추시라
감추다,감추십시다
감추다,감추십시오
감추다,감추고자
감추다,감추느냐
감추다,감추느냐고
감추다,감추느니
감추다,감추느니만
감추다,감추느니만큼
감추다,감추는
감추다,감추는걸
감추다,감추는데
감추다,감추는지
숨다,숨거나
숨다,숨거늘
숨다,숨거니
숨다,숨거든
숨다,숨건
숨다,숨것다
숨다,숨게
숨다,숨겠
숨다,숨고
숨다,숨고말고
숨다,숨기로
숨다,숨기로니
숨다,숨기로서
숨다,숨기로서니
숨다,숨기에
숨다,숨네
숨다,숨니
숨다,숨다
숨다,숨다가
숨다,숨다가는
숨다,숨다간
숨다,숨다니
숨다,숨다마다
숨다,숨더니
숨다,숨더니라
숨다,숨더라
숨다,숨더라니까
숨다,숨더라도
숨다,숨더라며
숨다,숨더라면
숨다,숨더라면서
숨다,숨더람
숨다,숨던
숨다,숨던가
숨다,숨던데
숨다,숨던지
숨다,숨데
숨다,숨데요
숨다,숨도다
숨다,숨되
숨다,숨든
숨다,숨든지
숨다,숨듯
숨다,숨듯이
숨다,숨죠
숨다,숨지마는
숨다,숨지만
숨다,숨지요
숨다,숨지
숨다,숨을
숨다,숨을걸
숨다,숨을밖에
숨다,숨을수록
숨다,숨을지
숨다,숨을지며
숨다,숨음
숨다,숨음에도
숨다,숨읍시오
숨다,숨건대
숨다,숨나니
숨다,숨느라
숨다,숨느라고
숨다,숨는구나
숨다,숨는군
숨다,숨도록
숨다,숨자
숨다,숨자고
숨다,숨자꾸나
숨다,숨자느니
숨다,숨자니까
숨다,숨자마자
숨다,숨자며
숨다,숨자면
숨다,숨자면서
숨다,숨고자
숨다,숨느냐
숨다,숨느냐고
숨다,숨느니
숨다,숨느니만
숨다,숨느니만큼
숨다,숨는
숨다,숨는걸
숨다,숨는데
숨다,숨는지
숨다,숨으러
숨다,숨읍시다
때리다,때리거나
때리다,때리거늘
때리다,때리거니
때리다,때리거든
때리다,때리건
때리다,때리것다
때리다,때리게
때리다,때리겠
때리다,때리고
때리다,때리고말고
때리다,때리기로
때리다,때리기로니
때리다,때리기로서
때리다,때리기로서니
때리다,때리기에
때리다,때리네
때리다,때리니
때리다,때리다
때리다,때리다가
때리다,때리다가는
때리다,때리다간
때리다,때리다니
때리다,때리다마다
때리다,때리더니
때리다,때리더니라
때리다,때리더라
때리다,때리더라니까
때리다,때리더라도
때리다,때리더라며
때리다,때리더라면
때리다,때리더라면서
때리다,때리더람
때리다,때리던
때리다,때리던가
때리다,때리던데
때리다,때리던지
때리다,때리데
때리다,때리데요
때리다,때리도다
때리다,때리되
때리다,때리든
때리다,때리든지
때리다,때리듯
때리다,때리듯이
때리다,때리죠
때리다,때리지마는
때리다,때리지만
때리다,때리지요
때리다,때린걸
때리다,때린들
때리다,때리나마
때리다,때리니까
때리다,때릴
때리다,때릴걸
때리다,때릴까
때리다,때릴는지
때리다,때릴라
때리다,때릴라고
때리다,때릴러니
때리다,때릴러라
때리다,때릴런고
때리다,때릴망정
때리다,때릴밖에
때리다,때릴뿐더러
때리다,때릴수록
때리다,때릴지라도
때리다,때리며
때리다,때리면
때리다,때리면서
때리다,때리세요
때리다,때리셔요
때리다,때리지
때리다,때리건대
때리다,때리나니
때리다,때리느라
때리다,때리느라고
때리다,때리는구나
때리다,때리는군
때리다,때리도록
때리다,때리자
때리다,때리자고
때리다,때리자꾸나
때리다,때리자느니
때리다,때리자니까
때리다,때리자마자
때리다,때리자며
때리다,때리자면
때리다,때리자면서
때리다,때린
때리다,때린다
때리다,때린다고
때리다,때린다나
때리다,때린다네
때리다,때린다느니
때리다,때린다니
때리다,때린다니까
때리다,때린다더라
때리다,때린다며
때리다,때린다면
때리다,때린다면서
때리다,때린답니까
때리다,때린답니다
때리다,때린답시고
때리다,때린대
때리다,때린대요
때리다,때릴거나
때리다,때릴게
때리다,때릴래
때리다,때리라고
때리다,때리러
때리다,때리려
때리다,때립시다
때리다,때리세
때리다,때리시라
때리다,때리십시다
때리다,때리십시오
때리다,때리고자
때리다,때리느냐
때리다,때리느냐고
때리다,때리느니
때리다,때리느니만
때리다,때리느니만큼
때리다,때리는
때리다,때리는걸
때리다,때리는데
때리다,때리는지
희망하다,희망하거나
희망하다,희망하거늘
희망하다,희망하거니
희망하다,희망하거든
희망하다,희망하건
희망하다,희망하것다
희망하다,희망하게
희망하다,희망하겠
희망하다,희망하고
희망하다,희망하고말고
희망하다,희망하기로
희망하다,희망하기로니
희망하다,희망하기로서
희망하다,희망하기로서니
희망하다,희망하기에
희망하다,희망하네
희망하다,희망하니
희망하다,희망하다
희망하다,희망하다가
희망하다,희망하다가는
희망하다,희망하다간
희망하다,희망하다니
희망하다,희망하다마다
희망하다,희망하더니
희망하다,희망하더니라
희망하다,희망하더라
희망하다,희망하더라니까
희망하다,희망하더라도
희망하다,희망하더라며
희망하다,희망하더라면
희망하다,희망하더라면서
희망하다,희망하더람
희망하다,희망하던
희망하다,희망하던가
희망하다,희망하던데
희망하다,희망하던지
희망하다,희망하데
희망하다,희망하데요
희망하다,희망하도다
희망하다,희망하되
희망하다,희망하든
희망하다,희망하든지
희망하다,희망하듯
희망하다,희망하듯이
희망하다,희망하죠
희망하다,희망하지마는
희망하다,희망하지만
희망하다,희망하지요
희망하다,희망한걸
희망하다,희망한들
희망하다,희망하나마
희망하다,희망하니까
희망하다,희망할
희망하다,희망할걸
희망하다,희망할까
희망하다,희망할는지
희망하다,희망할라
희망하다,희망할라고
희망하다,희망할러니
희망하다,희망할러라
희망하다,희망할런고
희망하다,희망할망정
희망하다,희망할밖에
희망하다,희망할뿐더러
희망하다,희망할수록
희망하다,희망할지라도
희망하다,희망하며
희망하다,희망하면
희망하다,희망하면서
희망하다,희망하세요
희망하다,희망하셔요
희망하다,희망하지
희망하다,희망하건대
희망하다,희망하나니
희망하다,희망하느라
희망하다,희망하느라고
희망하다,희망하는구나
희망하다,희망하는군
희망하다,희망하도록
희망하다,희망하자
희망하다,희망하자고
희망하다,희망하자꾸나
희망하다,희망하자느니
희망하다,희망하자니까
희망하다,희망하자마자
희망하다,희망하자며
희망하다,희망하자면
희망하다,희망하자면서
희망하다,희망한
희망하다,희망한다
희망하다,희망한다고
희망하다,희망한다나
희망하다,희망한다네
희망하다,희망한다느니
희망하다,희망한다니
희망하다,희망한다니까
희망하다,희망한다더라
희망하다,희망한다며
희망하다,희망한다면
희망하다,희망한다면서
희망하다,희망한답니까
희망하다,희망한답니다
희망하다,희망한답시고
희망하다,희망한대
희망하다,희망한대요
희망하다,희망할거나
희망하다,희망할게
희망하다,희망할래
희망하다,희망하라고
희망하다,희망하러
희망하다,희망하려
희망하다,희망합시다
희망하다,희망하세
희망하다,희망하시라
희망하다,희망하십시다
희망하다,희망하십시오
희망하다,희망하고자
희망하다,희망하느냐
희망하다,희망하느냐고
희망하다,희망하느니
희망하다,희망하느니만
희망하다,희망하느니만큼
희망하다,희망하는
희망하다,희망하는걸
희망하다,희망하는데
희망하다,희망하는지
껴안다,껴안거나
껴안다,껴안거늘
껴안다,껴안거니
껴안다,껴안거든
껴안다,껴안건
껴안다,껴안것다
껴안다,껴안게
껴안다,껴안겠
껴안다,껴안고
껴안다,껴안고말고
껴안다,껴안기로
껴안다,껴안기로니
껴안다,껴안기로서
껴안다,껴안기로서니
껴안다,껴안기에
껴안다,껴안네
껴안다,껴안니
껴안다,껴안다
껴안다,껴안다가
껴안다,껴안다가는
껴안다,껴안다간
껴안다,껴안다니
껴안다,껴안다마다
껴안다,껴안더니
껴안다,껴안더니라
껴안다,껴안더라
껴안다,껴안더라니까
껴안다,껴안더라도
껴안다,껴안더라며
껴안다,껴안더라면
껴안다,껴안더라면서
껴안다,껴안더람
껴안다,껴안던
껴안다,껴안던가
껴안다,껴안던데
껴안다,껴안던지
껴안다,껴안데
껴안다,껴안데요
껴안다,껴안도다
껴안다,껴안되
껴안다,껴안든
껴안다,껴안든지
껴안다,껴안듯
껴안다,껴안듯이
껴안다,껴안죠
껴안다,껴안지마는
껴안다,껴안지만
껴안다,껴안지요
껴안다,껴안지
껴안다,껴안아도
껴안다,껴안아서
껴안다,껴안아야
껴안다,껴안아야만
껴안다,껴안아야지
껴안다,껴안아요
껴안다,껴안을
껴안다,껴안을걸
껴안다,껴안을밖에
껴안다,껴안을수록
껴안다,껴안을지
껴안다,껴안을지며
껴안다,껴안음
껴안다,껴안음에도
껴안다,껴안읍시오
껴안다,껴안건대
껴안다,껴안나니
껴안다,껴안느라
껴안다,껴안느라고
껴안다,껴안는구나
껴안다,껴안는군
껴안다,껴안도록
껴안다,껴안자
껴안다,껴안자고
껴안다,껴안자꾸나
껴안다,껴안자느니
껴안다,껴안자니까
껴안다,껴안자마자
껴안다,껴안자며
껴안다,껴안자면
껴안다,껴안자면서
껴안다,껴안아다
껴안다,껴안아다가
껴안다,껴안고자
껴안다,껴안느냐
껴안다,껴안느냐고
껴안다,껴안느니
껴안다,껴안느니만
껴안다,껴안느니만큼
껴안다,껴안는
껴안다,껴안는걸
껴안다,껴안는데
껴안다,껴안는지
껴안다,껴안으러
껴안다,껴안읍시다
서두르다,서두르거나
서두르다,서두르거늘
서두르다,서두르거니
서두르다,서두르거든
서두르다,서두르건
서두르다,서두르것다
서두르다,서두르게
서두르다,서두르겠
서두르다,서두르고
서두르다,서두르고말고
서두르다,서두르기로
서두르다,서두르기로니
서두르다,서두르기로서
서두르다,서두르기로서니
서두르다,서두르기에
서두르다,서두르네
서두르다,서두르니
서두르다,서두르다
서두르다,서두르다가
서두르다,서두르다가는
서두르다,서두르다간
서두르다,서두르다니
서두르다,서두르다마다
서두르다,서두르더니
서두르다,서두르더니라
서두르다,서두르더라
서두르다,서두르더라니까
서두르다,서두르더라도
서두르다,서두르더라며
서두르다,서두르더라면
서두르다,서두르더라면서
서두르다,서두르더람
서두르다,서두르던
서두르다,서두르던가
서두르다,서두르던데
서두르다,서두르던지
서두르다,서두르데
서두르다,서두르데요
서두르다,서두르도다
서두르다,서두르되
서두르다,서두르든
서두르다,서두르든지
서두르다,서두르듯
서두르다,서두르듯이
서두르다,서두르죠
서두르다,서두르지마는
서두르다,서두르지만
서두르다,서두르지요
서두르다,서두른걸
서두르다,서두른들
서두르다,서두르나마
서두르다,서두르니까
서두르다,서두를
서두르다,서두를걸
서두르다,서두를까
서두르다,서두를는지
서두르다,서두를라
서두르다,서두를라고
서두르다,서두를러니
서두르다,서두를러라
서두르다,서두를런고
서두르다,서두를망정
서두르다,서두를밖에
서두르다,서두를뿐더러
서두르다,서두를수록
서두르다,서두를지라도
서두르다,서두르며
서두르다,서두르면
서두르다,서두르면서
서두르다,서두르세요
서두르다,서두르셔요
서두르다,서두르지
서두르다,서두르건대
서두르다,서두르나니
서두르다,서두르느라
서두르다,서두르느라고
서두르다,서두르는구나
서두르다,서두르는군
서두르다,서두르도록
서두르다,서두르자
서두르다,서두르자고
서두르다,서두르자꾸나
서두르다,서두르자느니
서두르다,서두르자니까
서두르다,서두르자마자
서두르다,서두르자며
서두르다,서두르자면
서두르다,서두르자면서
서두르다,서두른
서두르다,서두른다
서두르다,서두른다고
서두르다,서두른다나
서두르다,서두른다네
서두르다,서두른다느니
서두르다,서두른다니
서두르다,서두른다니까
서두르다,서두른다더라
서두르다,서두른다며
서두르다,서두른다면
서두르다,서두른다면서
서두르다,서두른답니까
서두르다,서두른답니다
서두르다,서두른답시고
서두르다,서두른대
서두르다,서두른대요
서두르다,서두를거나
서두르다,서두를게
서두르다,서두를래
서두르다,서두르라고
서두르다,서두르러
서두르다,서두르려
서두르다,서두릅시다
서두르다,서두르세
서두르다,서두르시라
서두르다,서두르십시다
서두르다,서두르십시오
서두르다,서두르고자
서두르다,서두르느냐
서두르다,서두르느냐고
서두르다,서두르느니
서두르다,서두르느니만
서두르다,서두르느니만큼
서두르다,서두르는
서두르다,서두르는걸
서두르다,서두르는데
서두르다,서두르는지
다치다,다치거나
다치다,다치거늘
다치다,다치거니
다치다,다치거든
다치다,다치건
다치다,다치것다
다치다,다치게
다치다,다치겠
다치다,다치고
다치다,다치고말고
다치다,다치기로
다치다,다치기로니
다치다,다치기로서
다치다,다치기로서니
다치다,다치기에
다치다,다치네
다치다,다치니
다치다,다치다
다치다,다치다가
다치다,다치다가는
다치다,다치다간
다치다,다치다니
다치다,다치다마다
다치다,다치더니
다치다,다치더니라
다치다,다치더라
다치다,다치더라니까
다치다,다치더라도
다치다,다치더라며
다치다,다치더라면
다치다,다치더라면서
다치다,다치더람
다치다,다치던
다치다,다치던가
다치다,다치던데
다치다,다치던지
다치다,다치데
다치다,다치데요
다치다,다치도다
다치다,다치되
다치다,다치든
다치다,다치든지
다치다,다치듯
다치다,다치듯이
다치다,다치죠
다치다,다치지마는
다치다,다치지만
다치다,다치지요
다치다,다친걸
다치다,다친들
다치다,다치나마
다치다,다치니까
다치다,다칠
다치다,다칠걸
다치다,다칠까
다치다,다칠는지
다치다,다칠라
다치다,다칠라고
다치다,다칠러니
다치다,다칠러라
다치다,다칠런고
다치다,다칠망정
다치다,다칠밖에
다치다,다칠뿐더러
다치다,다칠수록
다치다,다칠지라도
다치다,다치며
다치다,다치면
다치다,다치면서
다치다,다치세요
다치다,다치셔요
다치다,다치지
다치다,다치건대
다치다,다치나니
다치다,다치느라
다치다,다치느라고
다치다,다치는구나
다치다,다치는군
다치다,다치도록
다치다,다치자
다치다,다치자고
다치다,다치자꾸나
다치다,다치자느니
다치다,다치자니까
다치다,다치자마자
다치다,다치자며
다치다,다치자면
다치다,다치자면서
다치다,다친
다치다,다친다
다치다,다친다고
다치다,다친다나
다치다,다친다네
다치다,다친다느니
다치다,다친다니
다치다,다친다니까
다치다,다친다더라
다치다,다친다며
다치다,다친다면
다치다,다친다면서
다치다,다친답니까
다치다,다친답니다
다치다,다친답시고
다치다,다친대
다치다,다친대요
다치다,다칠거나
다치다,다칠게
다치다,다칠래
다치다,다치라고
다치다,다치러
다치다,다치려
다치다,다칩시다
다치다,다치세
다치다,다치시라
다치다,다치십시다
다치다,다치십시오
다치다,다치고자
다치다,다치느냐
다치다,다치느냐고
다치다,다치느니
다치다,다치느니만
다치다,다치느니만큼
다치다,다치는
다치다,다치는걸
다치다,다치는데
다치다,다치는지
아프다,아프거나
아프다,아프거늘
아프다,아프거니
아프다,아프거든
아프다,아프건
아프다,아프것다
아프다,아프게
아프다,아프겠
아프다,아프고
아프다,아프고말고
아프다,아프기로
아프다,아프기로니
아프다,아프기로서
아프다,아프기로서니
아프다,아프기에
아프다,아프네
아프다,아프니
아프다,아프다
아프다,아프다가
아프다,아프다가는
아프다,아프다간
아프다,아프다니
아프다,아프다마다
아프다,아프더니
아프다,아프더니라
아프다,아프더라
아프다,아프더라니까
아프다,아프더라도
아프다,아프더라며
아프다,아프더라면
아프다,아프더라면서
아프다,아프더람
아프다,아프던
아프다,아프던가
아프다,아프던데
아프다,아프던지
아프다,아프데
아프다,아프데요
아프다,아프도다
아프다,아프되
아프다,아프든
아프다,아프든지
아프다,아프듯
아프다,아프듯이
아프다,아프죠
아프다,아프지마는
아프다,아프지만
아프다,아프지요
아프다,아픈걸
아프다,아픈들
아프다,아프나마
아프다,아프니까
아프다,아플
아프다,아플걸
아프다,아플까
아프다,아플는지
아프다,아플라
아프다,아플라고
아프다,아플러니
아프다,아플러라
아프다,아플런고
아프다,아플망정
아프다,아플밖에
아프다,아플뿐더러
아프다,아플수록
아프다,아플지라도
아프다,아프며
아프다,아프면
아프다,아프면서
아프다,아프세요
아프다,아프셔요
아프다,아프지
확인하다,확인하거나
확인하다,확인하거늘
확인하다,확인하거니
확인하다,확인하거든
확인하다,확인하건
확인하다,확인하것다
확인하다,확인하게
확인하다,확인하겠
확인하다,확인하고
확인하다,확인하고말고
확인하다,확인하기로
확인하다,확인하기로니
확인하다,확인하기로서
확인하다,확인하기로서니
확인하다,확인하기에
확인하다,확인하네
확인하다,확인하니
확인하다,확인하다
확인하다,확인하다가
확인하다,확인하다가는
확인하다,확인하다간
확인하다,확인하다니
확인하다,확인하다마다
확인하다,확인하더니
확인하다,확인하더니라
확인하다,확인하더라
확인하다,확인하더라니까
확인하다,확인하더라도
확인하다,확인하더라며
확인하다,확인하더라면
확인하다,확인하더라면서
확인하다,확인하더람
확인하다,확인하던
확인하다,확인하던가
확인하다,확인하던데
확인하다,확인하던지
확인하다,확인하데
확인하다,확인하데요
확인하다,확인하도다
확인하다,확인하되
확인하다,확인하든
확인하다,확인하든지
확인하다,확인하듯
확인하다,확인하듯이
확인하다,확인하죠
확인하다,확인하지마는
확인하다,확인하지만
확인하다,확인하지요
확인하다,확인한걸
확인하다,확인한들
확인하다,확인하나마
확인하다,확인하니까
확인하다,확인할
확인하다,확인할걸
확인하다,확인할까
확인하다,확인할는지
확인하다,확인할라
확인하다,확인할라고
확인하다,확인할러니
확인하다,확인할러라
확인하다,확인할런고
확인하다,확인할망정
확인하다,확인할밖에
확인하다,확인할뿐더러
확인하다,확인할수록
확인하다,확인할지라도
확인하다,확인하며
확인하다,확인하면
확인하다,확인하면서
확인하다,확인하세요
확인하다,확인하셔요
확인하다,확인하지
확인하다,확인하건대
확인하다,확인하나니
확인하다,확인하느라
확인하다,확인하느라고
확인하다,확인하는구나
확인하다,확인하는군
확인하다,확인하도록
확인하다,확인하자
확인하다,확인하자고
확인하다,확인하자꾸나
확인하다,확인하자느니
확인하다,확인하자니까
확인하다,확인하자마자
확인하다,확인하자며
확인하다,확인하자면
확인하다,확인하자면서
확인하다,확인한
확인하다,확인한다
확인하다,확인한다고
확인하다,확인한다나
확인하다,확인한다네
확인하다,확인한다느니
확인하다,확인한다니
확인하다,확인한다니까
확인하다,확인한다더라
확인하다,확인한다며
확인하다,확인한다면
확인하다,확인한다면서
확인하다,확인한답니까
확인하다,확인한답니다
확인하다,확인한답시고
확인하다,확인한대
확인하다,확인한대요
확인하다,확인할거나
확인하다,확인할게
확인하다,확인할래
확인하다,확인하라고
확인하다,확인하러
확인하다,확인하려
확인하다,확인합시다
확인하다,확인하세
확인하다,확인하시라
확인하다,확인하십시다
확인하다,확인하십시오
확인하다,확인하고자
확인하다,확인하느냐
확인하다,확인하느냐고
확인하다,확인하느니
확인하다,확인하느니만
확인하다,확인하느니만큼
확인하다,확인하는
확인하다,확인하는걸
확인하다,확인하는데
확인하다,확인하는지
알아보다,알아보거나
알아보다,알아보거늘
알아보다,알아보거니
알아보다,알아보거든
알아보다,알아보건
알아보다,알아보것다
알아보다,알아보게
알아보다,알아보겠
알아보다,알아보고
알아보다,알아보고말고
알아보다,알아보기로
알아보다,알아보기로니
알아보다,알아보기로서
알아보다,알아보기로서니
알아보다,알아보기에
알아보다,알아보네
알아보다,알아보니
알아보다,알아보다
알아보다,알아보다가
알아보다,알아보다가는
알아보다,알아보다간
알아보다,알아보다니
알아보다,알아보다마다
알아보다,알아보더니
알아보다,알아보더니라
알아보다,알아보더라
알아보다,알아보더라니까
알아보다,알아보더라도
알아보다,알아보더라며
알아보다,알아보더라면
알아보다,알아보더라면서
알아보다,알아보더람
알아보다,알아보던
알아보다,알아보던가
알아보다,알아보던데
알아보다,알아보던지
알아보다,알아보데
알아보다,알아보데요
알아보다,알아보도다
알아보다,알아보되
알아보다,알아보든
알아보다,알아보든지
알아보다,알아보듯
알아보다,알아보듯이
알아보다,알아보죠
알아보다,알아보지마는
알아보다,알아보지만
알아보다,알아보지요
알아보다,알아본걸
알아보다,알아본들
알아보다,알아보나마
알아보다,알아보니까
알아보다,알아볼
알아보다,알아볼걸
알아보다,알아볼까
알아보다,알아볼는지
알아보다,알아볼라
알아보다,알아볼라고
알아보다,알아볼러니
알아보다,알아볼러라
알아보다,알아볼런고
알아보다,알아볼망정
알아보다,알아볼밖에
알아보다,알아볼뿐더러
알아보다,알아볼수록
알아보다,알아볼지라도
알아보다,알아보며
알아보다,알아보면
알아보다,알아보면서
알아보다,알아보세요
알아보다,알아보셔요
알아보다,알아보지
알아보다,알아보아도/알아봐도
알아보다,알아보아서/알아봐서
알아보다,알아보아야/알아봐야
알아보다,알아보아야만/알아봐야만
알아보다,알아보아야지/알아봐야지
알아보다,알아보아요/알아봐요
알아보다,알아보건대
알아보다,알아보나니
알아보다,알아보느라
알아보다,알아보느라고
알아보다,알아보는구나
알아보다,알아보는군
알아보다,알아보도록
알아보다,알아보자
알아보다,알아보자고
알아보다,알아보자꾸나
알아보다,알아보자느니
알아보다,알아보자니까
알아보다,알아보자마자
알아보다,알아보자며
알아보다,알아보자면
알아보다,알아보자면서
알아보다,알아본
알아보다,알아본다
알아보다,알아본다고
알아보다,알아본다나
알아보다,알아본다네
알아보다,알아본다느니
알아보다,알아본다니
알아보다,알아본다니까
알아보다,알아본다더라
알아보다,알아본다며
알아보다,알아본다면
알아보다,알아본다면서
알아보다,알아본답니까
알아보다,알아본답니다
알아보다,알아본답시고
알아보다,알아본대
알아보다,알아본대요
알아보다,알아볼거나
알아보다,알아볼게
알아보다,알아볼래
알아보다,알아보라고
알아보다,알아보러
알아보다,알아보려
알아보다,알아봅시다
알아보다,알아보세
알아보다,알아보시라
알아보다,알아보십시다
알아보다,알아보십시오
알아보다,알아보아다/알아봐다
알아보다,알아보아다가/알아봐다가
알아보다,알아보고자
알아보다,알아보느냐
알아보다,알아보느냐고
알아보다,알아보느니
알아보다,알아보느니만
알아보다,알아보느니만큼
알아보다,알아보는
알아보다,알아보는걸
알아보다,알아보는데
알아보다,알아보는지
무시하다,무시하거나
무시하다,무시하거늘
무시하다,무시하거니
무시하다,무시하거든
무시하다,무시하건
무시하다,무시하것다
무시하다,무시하게
무시하다,무시하겠
무시하다,무시하고
무시하다,무시하고말고
무시하다,무시하기로
무시하다,무시하기로니
무시하다,무시하기로서
무시하다,무시하기로서니
무시하다,무시하기에
무시하다,무시하네
무시하다,무시하니
무시하다,무시하다
무시하다,무시하다가
무시하다,무시하다가는
무시하다,무시하다간
무시하다,무시하다니
무시하다,무시하다마다
무시하다,무시하더니
무시하다,무시하더니라
무시하다,무시하더라
무시하다,무시하더라니까
무시하다,무시하더라도
무시하다,무시하더라며
무시하다,무시하더라면
무시하다,무시하더라면서
무시하다,무시하더람
무시하다,무시하던
무시하다,무시하던가
무시하다,무시하던데
무시하다,무시하던지
무시하다,무시하데
무시하다,무시하데요
무시하다,무시하도다
무시하다,무시하되
무시하다,무시하든
무시하다,무시하든지
무시하다,무시하듯
무시하다,무시하듯이
무시하다,무시하죠
무시하다,무시하지마는
무시하다,무시하지만
무시하다,무시하지요
무시하다,무시한걸
무시하다,무시한들
무시하다,무시하나마
무시하다,무시하니까
무시하다,무시할
무시하다,무시할걸
무시하다,무시할까
무시하다,무시할는지
무시하다,무시할라
무시하다,무시할라고
무시하다,무시할러니
무시하다,무시할러라
무시하다,무시할런고
무시하다,무시할망정
무시하다,무시할밖에
무시하다,무시할뿐더러
무시하다,무시할수록
무시하다,무시할지라도
무시하다,무시하며
무시하다,무시하면
무시하다,무시하면서
무시하다,무시하세요
무시하다,무시하셔요
무시하다,무시하지
무시하다,무시하건대
무시하다,무시하나니
무시하다,무시하느라
무시하다,무시하느라고
무시하다,무시하는구나
무시하다,무시하는군
무시하다,무시하도록
무시하다,무시하자
무시하다,무시하자고
무시하다,무시하자꾸나
무시하다,무시하자느니
무시하다,무시하자니까
무시하다,무시하자마자
무시하다,무시하자며
무시하다,무시하자면
무시하다,무시하자면서
무시하다,무시한
무시하다,무시한다
무시하다,무시한다고
무시하다,무시한다나
무시하다,무시한다네
무시하다,무시한다느니
무시하다,무시한다니
무시하다,무시한다니까
무시하다,무시한다더라
무시하다,무시한다며
무시하다,무시한다면
무시하다,무시한다면서
무시하다,무시한답니까
무시하다,무시한답니다
무시하다,무시한답시고
무시하다,무시한대
무시하다,무시한대요
무시하다,무시할거나
무시하다,무시할게
무시하다,무시할래
무시하다,무시하라고
무시하다,무시하러
무시하다,무시하려
무시하다,무시합시다
무시하다,무시하세
무시하다,무시하시라
무시하다,무시하십시다
무시하다,무시하십시오
무시하다,무시하고자
무시하다,무시하느냐
무시하다,무시하느냐고
무시하다,무시하느니
무시하다,무시하느니만
무시하다,무시하느니만큼
무시하다,무시하는
무시하다,무시하는걸
무시하다,무시하는데
무시하다,무시하는지
실증하다,실증하거나
실증하다,실증하거늘
실증하다,실증하거니
실증하다,실증하거든
실증하다,실증하건
실증하다,실증하것다
실증하다,실증하게
실증하다,실증하겠
실증하다,실증하고
실증하다,실증하고말고
실증하다,실증하기로
실증하다,실증하기로니
실증하다,실증하기로서
실증하다,실증하기로서니
실증하다,실증하기에
실증하다,실증하네
실증하다,실증하니
실증하다,실증하다
실증하다,실증하다가
실증하다,실증하다가는
실증하다,실증하다간
실증하다,실증하다니
실증하다,실증하다마다
실증하다,실증하더니
실증하다,실증하더니라
실증하다,실증하더라
실증하다,실증하더라니까
실증하다,실증하더라도
실증하다,실증하더라며
실증하다,실증하더라면
실증하다,실증하더라면서
실증하다,실증하더람
실증하다,실증하던
실증하다,실증하던가
실증하다,실증하던데
실증하다,실증하던지
실증하다,실증하데
실증하다,실증하데요
실증하다,실증하도다
실증하다,실증하되
실증하다,실증하든
실증하다,실증하든지
실증하다,실증하듯
실증하다,실증하듯이
실증하다,실증하죠
실증하다,실증하지마는
실증하다,실증하지만
실증하다,실증하지요
실증하다,실증한걸
실증하다,실증한들
실증하다,실증하나마
실증하다,실증하니까
실증하다,실증할
실증하다,실증할걸
실증하다,실증할까
실증하다,실증할는지
실증하다,실증할라
실증하다,실증할라고
실증하다,실증할러니
실증하다,실증할러라
실증하다,실증할런고
실증하다,실증할망정
실증하다,실증할밖에
실증하다,실증할뿐더러
실증하다,실증할수록
실증하다,실증할지라도
실증하다,실증하며
실증하다,실증하면
실증하다,실증하면서
실증하다,실증하세요
실증하다,실증하셔요
실증하다,실증하지
실증하다,실증하건대
실증하다,실증하나니
실증하다,실증하느라
실증하다,실증하느라고
실증하다,실증하는구나
실증하다,실증하는군
실증하다,실증하도록
실증하다,실증하자
실증하다,실증하자고
실증하다,실증하자꾸나
실증하다,실증하자느니
실증하다,실증하자니까
실증하다,실증하자마자
실증하다,실증하자며
실증하다,실증하자면
실증하다,실증하자면서
실증하다,실증한
실증하다,실증한다
실증하다,실증한다고
실증하다,실증한다나
실증하다,실증한다네
실증하다,실증한다느니
실증하다,실증한다니
실증하다,실증한다니까
실증하다,실증한다더라
실증하다,실증한다며
실증하다,실증한다면
실증하다,실증한다면서
실증하다,실증한답니까
실증하다,실증한답니다
실증하다,실증한답시고
실증하다,실증한대
실증하다,실증한대요
실증하다,실증할거나
실증하다,실증할게
실증하다,실증할래
실증하다,실증하라고
실증하다,실증하러
실증하다,실증하려
실증하다,실증합시다
실증하다,실증하세
실증하다,실증하시라
실증하다,실증하십시다
실증하다,실증하십시오
실증하다,실증하고자
실증하다,실증하느냐
실증하다,실증하느냐고
실증하다,실증하느니
실증하다,실증하느니만
실증하다,실증하느니만큼
실증하다,실증하는
실증하다,실증하는걸
실증하다,실증하는데
실증하다,실증하는지
상상하다,상상하거나
상상하다,상상하거늘
상상하다,상상하거니
상상하다,상상하거든
상상하다,상상하건
상상하다,상상하것다
상상하다,상상하게
상상하다,상상하겠
상상하다,상상하고
상상하다,상상하고말고
상상하다,상상하기로
상상하다,상상하기로니
상상하다,상상하기로서
상상하다,상상하기로서니
상상하다,상상하기에
상상하다,상상하네
상상하다,상상하니
상상하다,상상하다
상상하다,상상하다가
상상하다,상상하다가는
상상하다,상상하다간
상상하다,상상하다니
상상하다,상상하다마다
상상하다,상상하더니
상상하다,상상하더니라
상상하다,상상하더라
상상하다,상상하더라니까
상상하다,상상하더라도
상상하다,상상하더라며
상상하다,상상하더라면
상상하다,상상하더라면서
상상하다,상상하더람
상상하다,상상하던
상상하다,상상하던가
상상하다,상상하던데
상상하다,상상하던지
상상하다,상상하데
상상하다,상상하데요
상상하다,상상하도다
상상하다,상상하되
상상하다,상상하든
상상하다,상상하든지
상상하다,상상하듯
상상하다,상상하듯이
상상하다,상상하죠
상상하다,상상하지마는
상상하다,상상하지만
상상하다,상상하지요
상상하다,상상한걸
상상하다,상상한들
상상하다,상상하나마
상상하다,상상하니까
상상하다,상상할
상상하다,상상할걸
상상하다,상상할까
상상하다,상상할는지
상상하다,상상할라
상상하다,상상할라고
상상하다,상상할러니
상상하다,상상할러라
상상하다,상상할런고
상상하다,상상할망정
상상하다,상상할밖에
상상하다,상상할뿐더러
상상하다,상상할수록
상상하다,상상할지라도
상상하다,상상하며
상상하다,상상하면
상상하다,상상하면서
상상하다,상상하세요
상상하다,상상하셔요
상상하다,상상하지
상상하다,상상하건대
상상하다,상상하나니
상상하다,상상하느라
상상하다,상상하느라고
상상하다,상상하는구나
상상하다,상상하는군
상상하다,상상하도록
상상하다,상상하자
상상하다,상상하자고
상상하다,상상하자꾸나
상상하다,상상하자느니
상상하다,상상하자니까
상상하다,상상하자마자
상상하다,상상하자며
상상하다,상상하자면
상상하다,상상하자면서
상상하다,상상한
상상하다,상상한다
상상하다,상상한다고
상상하다,상상한다나
상상하다,상상한다네
상상하다,상상한다느니
상상하다,상상한다니
상상하다,상상한다니까
상상하다,상상한다더라
상상하다,상상한다며
상상하다,상상한다면
상상하다,상상한다면서
상상하다,상상한답니까
상상하다,상상한답니다
상상하다,상상한답시고
상상하다,상상한대
상상하다,상상한대요
상상하다,상상할거나
상상하다,상상할게
상상하다,상상할래
상상하다,상상하라고
상상하다,상상하러
상상하다,상상하려
상상하다,상상합시다
상상하다,상상하세
상상하다,상상하시라
상상하다,상상하십시다
상상하다,상상하십시오
상상하다,상상하고자
상상하다,상상하느냐
상상하다,상상하느냐고
상상하다,상상하느니
상상하다,상상하느니만
상상하다,상상하느니만큼
상상하다,상상하는
상상하다,상상하는걸
상상하다,상상하는데
상상하다,상상하는지
의미하다,의미하거나
의미하다,의미하거늘
의미하다,의미하거니
의미하다,의미하거든
의미하다,의미하건
의미하다,의미하것다
의미하다,의미하게
의미하다,의미하겠
의미하다,의미하고
의미하다,의미하고말고
의미하다,의미하기로
의미하다,의미하기로니
의미하다,의미하기로서
의미하다,의미하기로서니
의미하다,의미하기에
의미하다,의미하네
의미하다,의미하니
의미하다,의미하다
의미하다,의미하다가
의미하다,의미하다가는
의미하다,의미하다간
의미하다,의미하다니
의미하다,의미하다마다
의미하다,의미하더니
의미하다,의미하더니라
의미하다,의미하더라
의미하다,의미하더라니까
의미하다,의미하더라도
의미하다,의미하더라며
의미하다,의미하더라면
의미하다,의미하더라면서
의미하다,의미하더람
의미하다,의미하던
의미하다,의미하던가
의미하다,의미하던데
의미하다,의미하던지
의미하다,의미하데
의미하다,의미하데요
의미하다,의미하도다
의미하다,의미하되
의미하다,의미하든
의미하다,의미하든지
의미하다,의미하듯
의미하다,의미하듯이
의미하다,의미하죠
의미하다,의미하지마는
의미하다,의미하지만
의미하다,의미하지요
의미하다,의미한걸
의미하다,의미한들
의미하다,의미하나마
의미하다,의미하니까
의미하다,의미할
의미하다,의미할걸
의미하다,의미할까
의미하다,의미할는지
의미하다,의미할라
의미하다,의미할라고
의미하다,의미할러니
의미하다,의미할러라
의미하다,의미할런고
의미하다,의미할망정
의미하다,의미할밖에
의미하다,의미할뿐더러
의미하다,의미할수록
의미하다,의미할지라도
의미하다,의미하며
의미하다,의미하면
의미하다,의미하면서
의미하다,의미하세요
의미하다,의미하셔요
의미하다,의미하지
의미하다,의미하건대
의미하다,의미하나니
의미하다,의미하느라
의미하다,의미하느라고
의미하다,의미하는구나
의미하다,의미하는군
의미하다,의미하도록
의미하다,의미하자
의미하다,의미하자고
의미하다,의미하자꾸나
의미하다,의미하자느니
의미하다,의미하자니까
의미하다,의미하자마자
의미하다,의미하자며
의미하다,의미하자면
의미하다,의미하자면서
의미하다,의미한
의미하다,의미한다
의미하다,의미한다고
의미하다,의미한다나
의미하다,의미한다네
의미하다,의미한다느니
의미하다,의미한다니
의미하다,의미한다니까
의미하다,의미한다더라
의미하다,의미한다며
의미하다,의미한다면
의미하다,의미한다면서
의미하다,의미한답니까
의미하다,의미한답니다
의미하다,의미한답시고
의미하다,의미한대
의미하다,의미한대요
의미하다,의미할거나
의미하다,의미할게
의미하다,의미할래
의미하다,의미하라고
의미하다,의미하러
의미하다,의미하려
의미하다,의미합시다
의미하다,의미하세
의미하다,의미하시라
의미하다,의미하십시다
의미하다,의미하십시오
의미하다,의미하고자
의미하다,의미하느냐
의미하다,의미하느냐고
의미하다,의미하느니
의미하다,의미하느니만
의미하다,의미하느니만큼
의미하다,의미하는
의미하다,의미하는걸
의미하다,의미하는데
의미하다,의미하는지
암시하다,암시하거나
암시하다,암시하거늘
암시하다,암시하거니
암시하다,암시하거든
암시하다,암시하건
암시하다,암시하것다
암시하다,암시하게
암시하다,암시하겠
암시하다,암시하고
암시하다,암시하고말고
암시하다,암시하기로
암시하다,암시하기로니
암시하다,암시하기로서
암시하다,암시하기로서니
암시하다,암시하기에
암시하다,암시하네
암시하다,암시하니
암시하다,암시하다
암시하다,암시하다가
암시하다,암시하다가는
암시하다,암시하다간
암시하다,암시하다니
암시하다,암시하다마다
암시하다,암시하더니
암시하다,암시하더니라
암시하다,암시하더라
암시하다,암시하더라니까
암시하다,암시하더라도
암시하다,암시하더라며
암시하다,암시하더라면
암시하다,암시하더라면서
암시하다,암시하더람
암시하다,암시하던
암시하다,암시하던가
암시하다,암시하던데
암시하다,암시하던지
암시하다,암시하데
암시하다,암시하데요
암시하다,암시하도다
암시하다,암시하되
암시하다,암시하든
암시하다,암시하든지
암시하다,암시하듯
암시하다,암시하듯이
암시하다,암시하죠
암시하다,암시하지마는
암시하다,암시하지만
암시하다,암시하지요
암시하다,암시한걸
암시하다,암시한들
암시하다,암시하나마
암시하다,암시하니까
암시하다,암시할
암시하다,암시할걸
암시하다,암시할까
암시하다,암시할는지
암시하다,암시할라
암시하다,암시할라고
암시하다,암시할러니
암시하다,암시할러라
암시하다,암시할런고
암시하다,암시할망정
암시하다,암시할밖에
암시하다,암시할뿐더러
암시하다,암시할수록
암시하다,암시할지라도
암시하다,암시하며
암시하다,암시하면
암시하다,암시하면서
암시하다,암시하세요
암시하다,암시하셔요
암시하다,암시하지
암시하다,암시하건대
암시하다,암시하나니
암시하다,암시하느라
암시하다,암시하느라고
암시하다,암시하는구나
암시하다,암시하는군
암시하다,암시하도록
암시하다,암시하자
암시하다,암시하자고
암시하다,암시하자꾸나
암시하다,암시하자느니
암시하다,암시하자니까
암시하다,암시하자마자
암시하다,암시하자며
암시하다,암시하자면
암시하다,암시하자면서
암시하다,암시한
암시하다,암시한다
암시하다,암시한다고
암시하다,암시한다나
암시하다,암시한다네
암시하다,암시한다느니
암시하다,암시한다니
암시하다,암시한다니까
암시하다,암시한다더라
암시하다,암시한다며
암시하다,암시한다면
암시하다,암시한다면서
암시하다,암시한답니까
암시하다,암시한답니다
암시하다,암시한답시고
암시하다,암시한대
암시하다,암시한대요
암시하다,암시할거나
암시하다,암시할게
암시하다,암시할래
암시하다,암시하라고
암시하다,암시하러
암시하다,암시하려
암시하다,암시합시다
암시하다,암시하세
암시하다,암시하시라
암시하다,암시하십시다
암시하다,암시하십시오
암시하다,암시하고자
암시하다,암시하느냐
암시하다,암시하느냐고
암시하다,암시하느니
암시하다,암시하느니만
암시하다,암시하느니만큼
암시하다,암시하는
암시하다,암시하는걸
암시하다,암시하는데
암시하다,암시하는지
시사하다,시사하거나
시사하다,시사하거늘
시사하다,시사하거니
시사하다,시사하거든
시사하다,시사하건
시사하다,시사하것다
시사하다,시사하게
시사하다,시사하겠
시사하다,시사하고
시사하다,시사하고말고
시사하다,시사하기로
시사하다,시사하기로니
시사하다,시사하기로서
시사하다,시사하기로서니
시사하다,시사하기에
시사하다,시사하네
시사하다,시사하니
시사하다,시사하다
시사하다,시사하다가
시사하다,시사하다가는
시사하다,시사하다간
시사하다,시사하다니
시사하다,시사하다마다
시사하다,시사하더니
시사하다,시사하더니라
시사하다,시사하더라
시사하다,시사하더라니까
시사하다,시사하더라도
시사하다,시사하더라며
시사하다,시사하더라면
시사하다,시사하더라면서
시사하다,시사하더람
시사하다,시사하던
시사하다,시사하던가
시사하다,시사하던데
시사하다,시사하던지
시사하다,시사하데
시사하다,시사하데요
시사하다,시사하도다
시사하다,시사하되
시사하다,시사하든
시사하다,시사하든지
시사하다,시사하듯
시사하다,시사하듯이
시사하다,시사하죠
시사하다,시사하지마는
시사하다,시사하지만
시사하다,시사하지요
시사하다,시사한걸
시사하다,시사한들
시사하다,시사하나마
시사하다,시사하니까
시사하다,시사할
시사하다,시사할걸
시사하다,시사할까
시사하다,시사할는지
시사하다,시사할라
시사하다,시사할라고
시사하다,시사할러니
시사하다,시사할러라
시사하다,시사할런고
시사하다,시사할망정
시사하다,시사할밖에
시사하다,시사할뿐더러
시사하다,시사할수록
시사하다,시사할지라도
시사하다,시사하며
시사하다,시사하면
시사하다,시사하면서
시사하다,시사하세요
시사하다,시사하셔요
시사하다,시사하지
시사하다,시사하건대
시사하다,시사하나니
시사하다,시사하느라
시사하다,시사하느라고
시사하다,시사하는구나
시사하다,시사하는군
시사하다,시사하도록
시사하다,시사하자
시사하다,시사하자고
시사하다,시사하자꾸나
시사하다,시사하자느니
시사하다,시사하자니까
시사하다,시사하자마자
시사하다,시사하자며
시사하다,시사하자면
시사하다,시사하자면서
시사하다,시사한
시사하다,시사한다
시사하다,시사한다고
시사하다,시사한다나
시사하다,시사한다네
시사하다,시사한다느니
시사하다,시사한다니
시사하다,시사한다니까
시사하다,시사한다더라
시사하다,시사한다며
시사하다,시사한다면
시사하다,시사한다면서
시사하다,시사한답니까
시사하다,시사한답니다
시사하다,시사한답시고
시사하다,시사한대
시사하다,시사한대요
시사하다,시사할거나
시사하다,시사할게
시사하다,시사할래
시사하다,시사하라고
시사하다,시사하러
시사하다,시사하려
시사하다,시사합시다
시사하다,시사하세
시사하다,시사하시라
시사하다,시사하십시다
시사하다,시사하십시오
시사하다,시사하고자
시사하다,시사하느냐
시사하다,시사하느냐고
시사하다,시사하느니
시사하다,시사하느니만
시사하다,시사하느니만큼
시사하다,시사하는
시사하다,시사하는걸
시사하다,시사하는데
시사하다,시사하는지
개선되다,개선되거나
개선되다,개선되거늘
개선되다,개선되거니
개선되다,개선되거든
개선되다,개선되건
개선되다,개선되것다
개선되다,개선되게
개선되다,개선되겠
개선되다,개선되고
개선되다,개선되고말고
개선되다,개선되기로
개선되다,개선되기로니
개선되다,개선되기로서
개선되다,개선되기로서니
개선되다,개선되기에
개선되다,개선되네
개선되다,개선되니
개선되다,개선되다
개선되다,개선되다가
개선되다,개선되다가는
개선되다,개선되다간
개선되다,개선되다니
개선되다,개선되다마다
개선되다,개선되더니
개선되다,개선되더니라
개선되다,개선되더라
개선되다,개선되더라니까
개선되다,개선되더라도
개선되다,개선되더라며
개선되다,개선되더라면
개선되다,개선되더라면서
개선되다,개선되더람
개선되다,개선되던
개선되다,개선되던가
개선되다,개선되던데
개선되다,개선되던지
개선되다,개선되데
개선되다,개선되데요
개선되다,개선되도다
개선되다,개선되되
개선되다,개선되든
개선되다,개선되든지
개선되다,개선되듯
개선되다,개선되듯이
개선되다,개선되죠
개선되다,개선되지마는
개선되다,개선되지만
개선되다,개선되지요
개선되다,개선된걸
개선되다,개선된들
개선되다,개선되나마
개선되다,개선되니까
개선되다,개선될
개선되다,개선될걸
개선되다,개선될까
개선되다,개선될는지
개선되다,개선될라
개선되다,개선될라고
개선되다,개선될러니
개선되다,개선될러라
개선되다,개선될런고
개선되다,개선될망정
개선되다,개선될밖에
개선되다,개선될뿐더러
개선되다,개선될수록
개선되다,개선될지라도
개선되다,개선되며
개선되다,개선되면
개선되다,개선되면서
개선되다,개선되세요
개선되다,개선되셔요
개선되다,개선되지
개선되다,개선되건대
개선되다,개선되나니
개선되다,개선되느라
개선되다,개선되느라고
개선되다,개선되는구나
개선되다,개선되는군
개선되다,개선되도록
개선되다,개선되자
개선되다,개선되자고
개선되다,개선되자꾸나
개선되다,개선되자느니
개선되다,개선되자니까
개선되다,개선되자마자
개선되다,개선되자며
개선되다,개선되자면
개선되다,개선되자면서
개선되다,개선된
개선되다,개선된다
개선되다,개선된다고
개선되다,개선된다나
개선되다,개선된다네
개선되다,개선된다느니
개선되다,개선된다니
개선되다,개선된다니까
개선되다,개선된다더라
개선되다,개선된다며
개선되다,개선된다면
개선되다,개선된다면서
개선되다,개선된답니까
개선되다,개선된답니다
개선되다,개선된답시고
개선되다,개선된대
개선되다,개선된대요
개선되다,개선될거나
개선되다,개선될게
개선되다,개선될래
개선되다,개선되라고
개선되다,개선되러
개선되다,개선되려
개선되다,개선됩시다
개선되다,개선되세
개선되다,개선되시라
개선되다,개선되십시다
개선되다,개선되십시오
개선되다,개선되고자
개선되다,개선되느냐
개선되다,개선되느냐고
개선되다,개선되느니
개선되다,개선되느니만
개선되다,개선되느니만큼
개선되다,개선되는
개선되다,개선되는걸
개선되다,개선되는데
개선되다,개선되는지
나아지다,나아지거나
나아지다,나아지거늘
나아지다,나아지거니
나아지다,나아지거든
나아지다,나아지건
나아지다,나아지것다
나아지다,나아지게
나아지다,나아지겠
나아지다,나아지고
나아지다,나아지고말고
나아지다,나아지기로
나아지다,나아지기로니
나아지다,나아지기로서
나아지다,나아지기로서니
나아지다,나아지기에
나아지다,나아지네
나아지다,나아지니
나아지다,나아지다
나아지다,나아지다가
나아지다,나아지다가는
나아지다,나아지다간
나아지다,나아지다니
나아지다,나아지다마다
나아지다,나아지더니
나아지다,나아지더니라
나아지다,나아지더라
나아지다,나아지더라니까
나아지다,나아지더라도
나아지다,나아지더라며
나아지다,나아지더라면
나아지다,나아지더라면서
나아지다,나아지더람
나아지다,나아지던
나아지다,나아지던가
나아지다,나아지던데
나아지다,나아지던지
나아지다,나아지데
나아지다,나아지데요
나아지다,나아지도다
나아지다,나아지되
나아지다,나아지든
나아지다,나아지든지
나아지다,나아지듯
나아지다,나아지듯이
나아지다,나아지죠
나아지다,나아지지마는
나아지다,나아지지만
나아지다,나아지지요
나아지다,나아진걸
나아지다,나아진들
나아지다,나아지나마
나아지다,나아지니까
나아지다,나아질
나아지다,나아질걸
나아지다,나아질까
나아지다,나아질는지
나아지다,나아질라
나아지다,나아질라고
나아지다,나아질러니
나아지다,나아질러라
나아지다,나아질런고
나아지다,나아질망정
나아지다,나아질밖에
나아지다,나아질뿐더러
나아지다,나아질수록
나아지다,나아질지라도
나아지다,나아지며
나아지다,나아지면
나아지다,나아지면서
나아지다,나아지세요
나아지다,나아지셔요
나아지다,나아지지
나아지다,나아지건대
나아지다,나아지나니
나아지다,나아지느라
나아지다,나아지느라고
나아지다,나아지는구나
나아지다,나아지는군
나아지다,나아지도록
나아지다,나아지자
나아지다,나아지자고
나아지다,나아지자꾸나
나아지다,나아지자느니
나아지다,나아지자니까
나아지다,나아지자마자
나아지다,나아지자며
나아지다,나아지자면
나아지다,나아지자면서
나아지다,나아진
나아지다,나아진다
나아지다,나아진다고
나아지다,나아진다나
나아지다,나아진다네
나아지다,나아진다느니
나아지다,나아진다니
나아지다,나아진다니까
나아지다,나아진다더라
나아지다,나아진다며
나아지다,나아진다면
나아지다,나아진다면서
나아지다,나아진답니까
나아지다,나아진답니다
나아지다,나아진답시고
나아지다,나아진대
나아지다,나아진대요
나아지다,나아질거나
나아지다,나아질게
나아지다,나아질래
나아지다,나아지라고
나아지다,나아지러
나아지다,나아지려
나아지다,나아집시다
나아지다,나아지세
나아지다,나아지시라
나아지다,나아지십시다
나아지다,나아지십시오
나아지다,나아지고자
나아지다,나아지느냐
나아지다,나아지느냐고
나아지다,나아지느니
나아지다,나아지느니만
나아지다,나아지느니만큼
나아지다,나아지는
나아지다,나아지는걸
나아지다,나아지는데
나아지다,나아지는지
개선하다,개선하거나
개선하다,개선하거늘
개선하다,개선하거니
개선하다,개선하거든
개선하다,개선하건
개선하다,개선하것다
개선하다,개선하게
개선하다,개선하겠
개선하다,개선하고
개선하다,개선하고말고
개선하다,개선하기로
개선하다,개선하기로니
개선하다,개선하기로서
개선하다,개선하기로서니
개선하다,개선하기에
개선하다,개선하네
개선하다,개선하니
개선하다,개선하다
개선하다,개선하다가
개선하다,개선하다가는
개선하다,개선하다간
개선하다,개선하다니
개선하다,개선하다마다
개선하다,개선하더니
개선하다,개선하더니라
개선하다,개선하더라
개선하다,개선하더라니까
개선하다,개선하더라도
개선하다,개선하더라며
개선하다,개선하더라면
개선하다,개선하더라면서
개선하다,개선하더람
개선하다,개선하던
개선하다,개선하던가
개선하다,개선하던데
개선하다,개선하던지
개선하다,개선하데
개선하다,개선하데요
개선하다,개선하도다
개선하다,개선하되
개선하다,개선하든
개선하다,개선하든지
개선하다,개선하듯
개선하다,개선하듯이
개선하다,개선하죠
개선하다,개선하지마는
개선하다,개선하지만
개선하다,개선하지요
개선하다,개선한걸
개선하다,개선한들
개선하다,개선하나마
개선하다,개선하니까
개선하다,개선할
개선하다,개선할걸
개선하다,개선할까
개선하다,개선할는지
개선하다,개선할라
개선하다,개선할라고
개선하다,개선할러니
개선하다,개선할러라
개선하다,개선할런고
개선하다,개선할망정
개선하다,개선할밖에
개선하다,개선할뿐더러
개선하다,개선할수록
개선하다,개선할지라도
개선하다,개선하며
개선하다,개선하면
개선하다,개선하면서
개선하다,개선하세요
개선하다,개선하셔요
개선하다,개선하지
개선하다,개선하건대
개선하다,개선하나니
개선하다,개선하느라
개선하다,개선하느라고
개선하다,개선하는구나
개선하다,개선하는군
개선하다,개선하도록
개선하다,개선하자
개선하다,개선하자고
개선하다,개선하자꾸나
개선하다,개선하자느니
개선하다,개선하자니까
개선하다,개선하자마자
개선하다,개선하자며
개선하다,개선하자면
개선하다,개선하자면서
개선하다,개선한
개선하다,개선한다
개선하다,개선한다고
개선하다,개선한다나
개선하다,개선한다네
개선하다,개선한다느니
개선하다,개선한다니
개선하다,개선한다니까
개선하다,개선한다더라
개선하다,개선한다며
개선하다,개선한다면
개선하다,개선한다면서
개선하다,개선한답니까
개선하다,개선한답니다
개선하다,개선한답시고
개선하다,개선한대
개선하다,개선한대요
개선하다,개선할거나
개선하다,개선할게
개선하다,개선할래
개선하다,개선하라고
개선하다,개선하러
개선하다,개선하려
개선하다,개선합시다
개선하다,개선하세
개선하다,개선하시라
개선하다,개선하십시다
개선하다,개선하십시오
개선하다,개선하고자
개선하다,개선하느냐
개선하다,개선하느냐고
개선하다,개선하느니
개선하다,개선하느니만
개선하다,개선하느니만큼
개선하다,개선하는
개선하다,개선하는걸
개선하다,개선하는데
개선하다,개선하는지
포함하다,포함하거나
포함하다,포함하거늘
포함하다,포함하거니
포함하다,포함하거든
포함하다,포함하건
포함하다,포함하것다
포함하다,포함하게
포함하다,포함하겠
포함하다,포함하고
포함하다,포함하고말고
포함하다,포함하기로
포함하다,포함하기로니
포함하다,포함하기로서
포함하다,포함하기로서니
포함하다,포함하기에
포함하다,포함하네
포함하다,포함하니
포함하다,포함하다
포함하다,포함하다가
포함하다,포함하다가는
포함하다,포함하다간
포함하다,포함하다니
포함하다,포함하다마다
포함하다,포함하더니
포함하다,포함하더니라
포함하다,포함하더라
포함하다,포함하더라니까
포함하다,포함하더라도
포함하다,포함하더라며
포함하다,포함하더라면
포함하다,포함하더라면서
포함하다,포함하더람
포함하다,포함하던
포함하다,포함하던가
포함하다,포함하던데
포함하다,포함하던지
포함하다,포함하데
포함하다,포함하데요
포함하다,포함하도다
포함하다,포함하되
포함하다,포함하든
포함하다,포함하든지
포함하다,포함하듯
포함하다,포함하듯이
포함하다,포함하죠
포함하다,포함하지마는
포함하다,포함하지만
포함하다,포함하지요
포함하다,포함한걸
포함하다,포함한들
포함하다,포함하나마
포함하다,포함하니까
포함하다,포함할
포함하다,포함할걸
포함하다,포함할까
포함하다,포함할는지
포함하다,포함할라
포함하다,포함할라고
포함하다,포함할러니
포함하다,포함할러라
포함하다,포함할런고
포함하다,포함할망정
포함하다,포함할밖에
포함하다,포함할뿐더러
포함하다,포함할수록
포함하다,포함할지라도
포함하다,포함하며
포함하다,포함하면
포함하다,포함하면서
포함하다,포함하세요
포함하다,포함하셔요
포함하다,포함하지
포함하다,포함하건대
포함하다,포함하나니
포함하다,포함하느라
포함하다,포함하느라고
포함하다,포함하는구나
포함하다,포함하는군
포함하다,포함하도록
포함하다,포함하자
포함하다,포함하자고
포함하다,포함하자꾸나
포함하다,포함하자느니
포함하다,포함하자니까
포함하다,포함하자마자
포함하다,포함하자며
포함하다,포함하자면
포함하다,포함하자면서
포함하다,포함한
포함하다,포함한다
포함하다,포함한다고
포함하다,포함한다나
포함하다,포함한다네
포함하다,포함한다느니
포함하다,포함한다니
포함하다,포함한다니까
포함하다,포함한다더라
포함하다,포함한다며
포함하다,포함한다면
포함하다,포함한다면서
포함하다,포함한답니까
포함하다,포함한답니다
포함하다,포함한답시고
포함하다,포함한대
포함하다,포함한대요
포함하다,포함할거나
포함하다,포함할게
포함하다,포함할래
포함하다,포함하라고
포함하다,포함하러
포함하다,포함하려
포함하다,포함합시다
포함하다,포함하세
포함하다,포함하시라
포함하다,포함하십시다
포함하다,포함하십시오
포함하다,포함하고자
포함하다,포함하느냐
포함하다,포함하느냐고
포함하다,포함하느니
포함하다,포함하느니만
포함하다,포함하느니만큼
포함하다,포함하는
포함하다,포함하는걸
포함하다,포함하는데
포함하다,포함하는지
나타내다,나타내거나
나타내다,나타내거늘
나타내다,나타내거니
나타내다,나타내거든
나타내다,나타내건
나타내다,나타내것다
나타내다,나타내게
나타내다,나타내겠
나타내다,나타내고
나타내다,나타내고말고
나타내다,나타내기로
나타내다,나타내기로니
나타내다,나타내기로서
나타내다,나타내기로서니
나타내다,나타내기에
나타내다,나타내네
나타내다,나타내니
나타내다,나타내다
나타내다,나타내다가
나타내다,나타내다가는
나타내다,나타내다간
나타내다,나타내다니
나타내다,나타내다마다
나타내다,나타내더니
나타내다,나타내더니라
나타내다,나타내더라
나타내다,나타내더라니까
나타내다,나타내더라도
나타내다,나타내더라며
나타내다,나타내더라면
나타내다,나타내더라면서
나타내다,나타내더람
나타내다,나타내던
나타내다,나타내던가
나타내다,나타내던데
나타내다,나타내던지
나타내다,나타내데
나타내다,나타내데요
나타내다,나타내도다
나타내다,나타내되
나타내다,나타내든
나타내다,나타내든지
나타내다,나타내듯
나타내다,나타내듯이
나타내다,나타내죠
나타내다,나타내지마는
나타내다,나타내지만
나타내다,나타내지요
나타내다,나타낸걸
나타내다,나타낸들
나타내다,나타내나마
나타내다,나타내니까
나타내다,나타낼
나타내다,나타낼걸
나타내다,나타낼까
나타내다,나타낼는지
나타내다,나타낼라
나타내다,나타낼라고
나타내다,나타낼러니
나타내다,나타낼러라
나타내다,나타낼런고
나타내다,나타낼망정
나타내다,나타낼밖에
나타내다,나타낼뿐더러
나타내다,나타낼수록
나타내다,나타낼지라도
나타내다,나타내며
나타내다,나타내면
나타내다,나타내면서
나타내다,나타내세요
나타내다,나타내셔요
나타내다,나타내지
나타내다,나타내건대
나타내다,나타내나니
나타내다,나타내느라
나타내다,나타내느라고
나타내다,나타내는구나
나타내다,나타내는군
나타내다,나타내도록
나타내다,나타내자
나타내다,나타내자고
나타내다,나타내자꾸나
나타내다,나타내자느니
나타내다,나타내자니까
나타내다,나타내자마자
나타내다,나타내자며
나타내다,나타내자면
나타내다,나타내자면서
나타내다,나타낸
나타내다,나타낸다
나타내다,나타낸다고
나타내다,나타낸다나
나타내다,나타낸다네
나타내다,나타낸다느니
나타내다,나타낸다니
나타내다,나타낸다니까
나타내다,나타낸다더라
나타내다,나타낸다며
나타내다,나타낸다면
나타내다,나타낸다면서
나타내다,나타낸답니까
나타내다,나타낸답니다
나타내다,나타낸답시고
나타내다,나타낸대
나타내다,나타낸대요
나타내다,나타낼거나
나타내다,나타낼게
나타내다,나타낼래
나타내다,나타내라고
나타내다,나타내러
나타내다,나타내려
나타내다,나타냅시다
나타내다,나타내세
나타내다,나타내시라
나타내다,나타내십시다
나타내다,나타내십시오
나타내다,나타내고자
나타내다,나타내느냐
나타내다,나타내느냐고
나타내다,나타내느니
나타내다,나타내느니만
나타내다,나타내느니만큼
나타내다,나타내는
나타내다,나타내는걸
나타내다,나타내는데
나타내다,나타내는지
통지하다,통지하거나
통지하다,통지하거늘
통지하다,통지하거니
통지하다,통지하거든
통지하다,통지하건
통지하다,통지하것다
통지하다,통지하게
통지하다,통지하겠
통지하다,통지하고
통지하다,통지하고말고
통지하다,통지하기로
통지하다,통지하기로니
통지하다,통지하기로서
통지하다,통지하기로서니
통지하다,통지하기에
통지하다,통지하네
통지하다,통지하니
통지하다,통지하다
통지하다,통지하다가
통지하다,통지하다가는
통지하다,통지하다간
통지하다,통지하다니
통지하다,통지하다마다
통지하다,통지하더니
통지하다,통지하더니라
통지하다,통지하더라
통지하다,통지하더라니까
통지하다,통지하더라도
통지하다,통지하더라며
통지하다,통지하더라면
통지하다,통지하더라면서
통지하다,통지하더람
통지하다,통지하던
통지하다,통지하던가
통지하다,통지하던데
통지하다,통지하던지
통지하다,통지하데
통지하다,통지하데요
통지하다,통지하도다
통지하다,통지하되
통지하다,통지하든
통지하다,통지하든지
통지하다,통지하듯
통지하다,통지하듯이
통지하다,통지하죠
통지하다,통지하지마는
통지하다,통지하지만
통지하다,통지하지요
통지하다,통지한걸
통지하다,통지한들
통지하다,통지하나마
통지하다,통지하니까
통지하다,통지할
통지하다,통지할걸
통지하다,통지할까
통지하다,통지할는지
통지하다,통지할라
통지하다,통지할라고
통지하다,통지할러니
통지하다,통지할러라
통지하다,통지할런고
통지하다,통지할망정
통지하다,통지할밖에
통지하다,통지할뿐더러
통지하다,통지할수록
통지하다,통지할지라도
통지하다,통지하며
통지하다,통지하면
통지하다,통지하면서
통지하다,통지하세요
통지하다,통지하셔요
통지하다,통지하지
통지하다,통지하건대
통지하다,통지하나니
통지하다,통지하느라
통지하다,통지하느라고
통지하다,통지하는구나
통지하다,통지하는군
통지하다,통지하도록
통지하다,통지하자
통지하다,통지하자고
통지하다,통지하자꾸나
통지하다,통지하자느니
통지하다,통지하자니까
통지하다,통지하자마자
통지하다,통지하자며
통지하다,통지하자면
통지하다,통지하자면서
통지하다,통지한
통지하다,통지한다
통지하다,통지한다고
통지하다,통지한다나
통지하다,통지한다네
통지하다,통지한다느니
통지하다,통지한다니
통지하다,통지한다니까
통지하다,통지한다더라
통지하다,통지한다며
통지하다,통지한다면
통지하다,통지한다면서
통지하다,통지한답니까
통지하다,통지한답니다
통지하다,통지한답시고
통지하다,통지한대
통지하다,통지한대요
통지하다,통지할거나
통지하다,통지할게
통지하다,통지할래
통지하다,통지하라고
통지하다,통지하러
통지하다,통지하려
통지하다,통지합시다
통지하다,통지하세
통지하다,통지하시라
통지하다,통지하십시다
통지하다,통지하십시오
통지하다,통지하고자
통지하다,통지하느냐
통지하다,통지하느냐고
통지하다,통지하느니
통지하다,통지하느니만
통지하다,통지하느니만큼
통지하다,통지하는
통지하다,통지하는걸
통지하다,통지하는데
통지하다,통지하는지
고집하다,고집하거나
고집하다,고집하거늘
고집하다,고집하거니
고집하다,고집하거든
고집하다,고집하건
고집하다,고집하것다
고집하다,고집하게
고집하다,고집하겠
고집하다,고집하고
고집하다,고집하고말고
고집하다,고집하기로
고집하다,고집하기로니
고집하다,고집하기로서
고집하다,고집하기로서니
고집하다,고집하기에
고집하다,고집하네
고집하다,고집하니
고집하다,고집하다
고집하다,고집하다가
고집하다,고집하다가는
고집하다,고집하다간
고집하다,고집하다니
고집하다,고집하다마다
고집하다,고집하더니
고집하다,고집하더니라
고집하다,고집하더라
고집하다,고집하더라니까
고집하다,고집하더라도
고집하다,고집하더라며
고집하다,고집하더라면
고집하다,고집하더라면서
고집하다,고집하더람
고집하다,고집하던
고집하다,고집하던가
고집하다,고집하던데
고집하다,고집하던지
고집하다,고집하데
고집하다,고집하데요
고집하다,고집하도다
고집하다,고집하되
고집하다,고집하든
고집하다,고집하든지
고집하다,고집하듯
고집하다,고집하듯이
고집하다,고집하죠
고집하다,고집하지마는
고집하다,고집하지만
고집하다,고집하지요
고집하다,고집한걸
고집하다,고집한들
고집하다,고집하나마
고집하다,고집하니까
고집하다,고집할
고집하다,고집할걸
고집하다,고집할까
고집하다,고집할는지
고집하다,고집할라
고집하다,고집할라고
고집하다,고집할러니
고집하다,고집할러라
고집하다,고집할런고
고집하다,고집할망정
고집하다,고집할밖에
고집하다,고집할뿐더러
고집하다,고집할수록
고집하다,고집할지라도
고집하다,고집하며
고집하다,고집하면
고집하다,고집하면서
고집하다,고집하세요
고집하다,고집하셔요
고집하다,고집하지
고집하다,고집하건대
고집하다,고집하나니
고집하다,고집하느라
고집하다,고집하느라고
고집하다,고집하는구나
고집하다,고집하는군
고집하다,고집하도록
고집하다,고집하자
고집하다,고집하자고
고집하다,고집하자꾸나
고집하다,고집하자느니
고집하다,고집하자니까
고집하다,고집하자마자
고집하다,고집하자며
고집하다,고집하자면
고집하다,고집하자면서
고집하다,고집한
고집하다,고집한다
고집하다,고집한다고
고집하다,고집한다나
고집하다,고집한다네
고집하다,고집한다느니
고집하다,고집한다니
고집하다,고집한다니까
고집하다,고집한다더라
고집하다,고집한다며
고집하다,고집한다면
고집하다,고집한다면서
고집하다,고집한답니까
고집하다,고집한답니다
고집하다,고집한답시고
고집하다,고집한대
고집하다,고집한대요
고집하다,고집할거나
고집하다,고집할게
고집하다,고집할래
고집하다,고집하라고
고집하다,고집하러
고집하다,고집하려
고집하다,고집합시다
고집하다,고집하세
고집하다,고집하시라
고집하다,고집하십시다
고집하다,고집하십시오
고집하다,고집하고자
고집하다,고집하느냐
고집하다,고집하느냐고
고집하다,고집하느니
고집하다,고집하느니만
고집하다,고집하느니만큼
고집하다,고집하는
고집하다,고집하는걸
고집하다,고집하는데
고집하다,고집하는지
우기다,우기거나
우기다,우기거늘
우기다,우기거니
우기다,우기거든
우기다,우기건
우기다,우기것다
우기다,우기게
우기다,우기겠
우기다,우기고
우기다,우기고말고
우기다,우기기로
우기다,우기기로니
우기다,우기기로서
우기다,우기기로서니
우기다,우기기에
우기다,우기네
우기다,우기니
우기다,우기다
우기다,우기다가
우기다,우기다가는
우기다,우기다간
우기다,우기다니
우기다,우기다마다
우기다,우기더니
우기다,우기더니라
우기다,우기더라
우기다,우기더라니까
우기다,우기더라도
우기다,우기더라며
우기다,우기더라면
우기다,우기더라면서
우기다,우기더람
우기다,우기던
우기다,우기던가
우기다,우기던데
우기다,우기던지
우기다,우기데
우기다,우기데요
우기다,우기도다
우기다,우기되
우기다,우기든
우기다,우기든지
우기다,우기듯
우기다,우기듯이
우기다,우기죠
우기다,우기지마는
우기다,우기지만
우기다,우기지요
우기다,우긴걸
우기다,우긴들
우기다,우기나마
우기다,우기니까
우기다,우길
우기다,우길걸
우기다,우길까
우기다,우길는지
우기다,우길라
우기다,우길라고
우기다,우길러니
우기다,우길러라
우기다,우길런고
우기다,우길망정
우기다,우길밖에
우기다,우길뿐더러
우기다,우길수록
우기다,우길지라도
우기다,우기며
우기다,우기면
우기다,우기면서
우기다,우기세요
우기다,우기셔요
우기다,우기지
우기다,우기건대
우기다,우기나니
우기다,우기느라
우기다,우기느라고
우기다,우기는구나
우기다,우기는군
우기다,우기도록
우기다,우기자
우기다,우기자고
우기다,우기자꾸나
우기다,우기자느니
우기다,우기자니까
우기다,우기자마자
우기다,우기자며
우기다,우기자면
우기다,우기자면서
우기다,우긴
우기다,우긴다
우기다,우긴다고
우기다,우긴다나
우기다,우긴다네
우기다,우긴다느니
우기다,우긴다니
우기다,우긴다니까
우기다,우긴다더라
우기다,우긴다며
우기다,우긴다면
우기다,우긴다면서
우기다,우긴답니까
우기다,우긴답니다
우기다,우긴답시고
우기다,우긴대
우기다,우긴대요
우기다,우길거나
우기다,우길게
우기다,우길래
우기다,우기라고
우기다,우기러
우기다,우기려
우기다,우깁시다
우기다,우기세
우기다,우기시라
우기다,우기십시다
우기다,우기십시오
우기다,우기고자
우기다,우기느냐
우기다,우기느냐고
우기다,우기느니
우기다,우기느니만
우기다,우기느니만큼
우기다,우기는
우기다,우기는걸
우기다,우기는데
우기다,우기는지
설치하다,설치하거나
설치하다,설치하거늘
설치하다,설치하거니
설치하다,설치하거든
설치하다,설치하건
설치하다,설치하것다
설치하다,설치하게
설치하다,설치하겠
설치하다,설치하고
설치하다,설치하고말고
설치하다,설치하기로
설치하다,설치하기로니
설치하다,설치하기로서
설치하다,설치하기로서니
설치하다,설치하기에
설치하다,설치하네
설치하다,설치하니
설치하다,설치하다
설치하다,설치하다가
설치하다,설치하다가는
설치하다,설치하다간
설치하다,설치하다니
설치하다,설치하다마다
설치하다,설치하더니
설치하다,설치하더니라
설치하다,설치하더라
설치하다,설치하더라니까
설치하다,설치하더라도
설치하다,설치하더라며
설치하다,설치하더라면
설치하다,설치하더라면서
설치하다,설치하더람
설치하다,설치하던
설치하다,설치하던가
설치하다,설치하던데
설치하다,설치하던지
설치하다,설치하데
설치하다,설치하데요
설치하다,설치하도다
설치하다,설치하되
설치하다,설치하든
설치하다,설치하든지
설치하다,설치하듯
설치하다,설치하듯이
설치하다,설치하죠
설치하다,설치하지마는
설치하다,설치하지만
설치하다,설치하지요
설치하다,설치한걸
설치하다,설치한들
설치하다,설치하나마
설치하다,설치하니까
설치하다,설치할
설치하다,설치할걸
설치하다,설치할까
설치하다,설치할는지
설치하다,설치할라
설치하다,설치할라고
설치하다,설치할러니
설치하다,설치할러라
설치하다,설치할런고
설치하다,설치할망정
설치하다,설치할밖에
설치하다,설치할뿐더러
설치하다,설치할수록
설치하다,설치할지라도
설치하다,설치하며
설치하다,설치하면
설치하다,설치하면서
설치하다,설치하세요
설치하다,설치하셔요
설치하다,설치하지
설치하다,설치하건대
설치하다,설치하나니
설치하다,설치하느라
설치하다,설치하느라고
설치하다,설치하는구나
설치하다,설치하는군
설치하다,설치하도록
설치하다,설치하자
설치하다,설치하자고
설치하다,설치하자꾸나
설치하다,설치하자느니
설치하다,설치하자니까
설치하다,설치하자마자
설치하다,설치하자며
설치하다,설치하자면
설치하다,설치하자면서
설치하다,설치한
설치하다,설치한다
설치하다,설치한다고
설치하다,설치한다나
설치하다,설치한다네
설치하다,설치한다느니
설치하다,설치한다니
설치하다,설치한다니까
설치하다,설치한다더라
설치하다,설치한다며
설치하다,설치한다면
설치하다,설치한다면서
설치하다,설치한답니까
설치하다,설치한답니다
설치하다,설치한답시고
설치하다,설치한대
설치하다,설치한대요
설치하다,설치할거나
설치하다,설치할게
설치하다,설치할래
설치하다,설치하라고
설치하다,설치하러
설치하다,설치하려
설치하다,설치합시다
설치하다,설치하세
설치하다,설치하시라
설치하다,설치하십시다
설치하다,설치하십시오
설치하다,설치하고자
설치하다,설치하느냐
설치하다,설치하느냐고
설치하다,설치하느니
설치하다,설치하느니만
설치하다,설치하느니만큼
설치하다,설치하는
설치하다,설치하는걸
설치하다,설치하는데
설치하다,설치하는지
생각하다,생각하거나
생각하다,생각하거늘
생각하다,생각하거니
생각하다,생각하거든
생각하다,생각하건
생각하다,생각하것다
생각하다,생각하게
생각하다,생각하겠
생각하다,생각하고
생각하다,생각하고말고
생각하다,생각하기로
생각하다,생각하기로니
생각하다,생각하기로서
생각하다,생각하기로서니
생각하다,생각하기에
생각하다,생각하네
생각하다,생각하니
생각하다,생각하다
생각하다,생각하다가
생각하다,생각하다가는
생각하다,생각하다간
생각하다,생각하다니
생각하다,생각하다마다
생각하다,생각하더니
생각하다,생각하더니라
생각하다,생각하더라
생각하다,생각하더라니까
생각하다,생각하더라도
생각하다,생각하더라며
생각하다,생각하더라면
생각하다,생각하더라면서
생각하다,생각하더람
생각하다,생각하던
생각하다,생각하던가
생각하다,생각하던데
생각하다,생각하던지
생각하다,생각하데
생각하다,생각하데요
생각하다,생각하도다
생각하다,생각하되
생각하다,생각하든
생각하다,생각하든지
생각하다,생각하듯
생각하다,생각하듯이
생각하다,생각하죠
생각하다,생각하지마는
생각하다,생각하지만
생각하다,생각하지요
생각하다,생각한걸
생각하다,생각한들
생각하다,생각하나마
생각하다,생각하니까
생각하다,생각할
생각하다,생각할걸
생각하다,생각할까
생각하다,생각할는지
생각하다,생각할라
생각하다,생각할라고
생각하다,생각할러니
생각하다,생각할러라
생각하다,생각할런고
생각하다,생각할망정
생각하다,생각할밖에
생각하다,생각할뿐더러
생각하다,생각할수록
생각하다,생각할지라도
생각하다,생각하며
생각하다,생각하면
생각하다,생각하면서
생각하다,생각하세요
생각하다,생각하셔요
생각하다,생각하지
생각하다,생각하건대
생각하다,생각하나니
생각하다,생각하느라
생각하다,생각하느라고
생각하다,생각하는구나
생각하다,생각하는군
생각하다,생각하도록
생각하다,생각하자
생각하다,생각하자고
생각하다,생각하자꾸나
생각하다,생각하자느니
생각하다,생각하자니까
생각하다,생각하자마자
생각하다,생각하자며
생각하다,생각하자면
생각하다,생각하자면서
생각하다,생각한
생각하다,생각한다
생각하다,생각한다고
생각하다,생각한다나
생각하다,생각한다네
생각하다,생각한다느니
생각하다,생각한다니
생각하다,생각한다니까
생각하다,생각한다더라
생각하다,생각한다며
생각하다,생각한다면
생각하다,생각한다면서
생각하다,생각한답니까
생각하다,생각한답니다
생각하다,생각한답시고
생각하다,생각한대
생각하다,생각한대요
생각하다,생각할거나
생각하다,생각할게
생각하다,생각할래
생각하다,생각하라고
생각하다,생각하러
생각하다,생각하려
생각하다,생각합시다
생각하다,생각하세
생각하다,생각하시라
생각하다,생각하십시다
생각하다,생각하십시오
생각하다,생각하고자
생각하다,생각하느냐
생각하다,생각하느냐고
생각하다,생각하느니
생각하다,생각하느니만
생각하다,생각하느니만큼
생각하다,생각하는
생각하다,생각하는걸
생각하다,생각하는데
생각하다,생각하는지
소개하다,소개하거나
소개하다,소개하거늘
소개하다,소개하거니
소개하다,소개하거든
소개하다,소개하건
소개하다,소개하것다
소개하다,소개하게
소개하다,소개하겠
소개하다,소개하고
소개하다,소개하고말고
소개하다,소개하기로
소개하다,소개하기로니
소개하다,소개하기로서
소개하다,소개하기로서니
소개하다,소개하기에
소개하다,소개하네
소개하다,소개하니
소개하다,소개하다
소개하다,소개하다가
소개하다,소개하다가는
소개하다,소개하다간
소개하다,소개하다니
소개하다,소개하다마다
소개하다,소개하더니
소개하다,소개하더니라
소개하다,소개하더라
소개하다,소개하더라니까
소개하다,소개하더라도
소개하다,소개하더라며
소개하다,소개하더라면
소개하다,소개하더라면서
소개하다,소개하더람
소개하다,소개하던
소개하다,소개하던가
소개하다,소개하던데
소개하다,소개하던지
소개하다,소개하데
소개하다,소개하데요
소개하다,소개하도다
소개하다,소개하되
소개하다,소개하든
소개하다,소개하든지
소개하다,소개하듯
소개하다,소개하듯이
소개하다,소개하죠
소개하다,소개하지마는
소개하다,소개하지만
소개하다,소개하지요
소개하다,소개한걸
소개하다,소개한들
소개하다,소개하나마
소개하다,소개하니까
소개하다,소개할
소개하다,소개할걸
소개하다,소개할까
소개하다,소개할는지
소개하다,소개할라
소개하다,소개할라고
소개하다,소개할러니
소개하다,소개할러라
소개하다,소개할런고
소개하다,소개할망정
소개하다,소개할밖에
소개하다,소개할뿐더러
소개하다,소개할수록
소개하다,소개할지라도
소개하다,소개하며
소개하다,소개하면
소개하다,소개하면서
소개하다,소개하세요
소개하다,소개하셔요
소개하다,소개하지
소개하다,소개하건대
소개하다,소개하나니
소개하다,소개하느라
소개하다,소개하느라고
소개하다,소개하는구나
소개하다,소개하는군
소개하다,소개하도록
소개하다,소개하자
소개하다,소개하자고
소개하다,소개하자꾸나
소개하다,소개하자느니
소개하다,소개하자니까
소개하다,소개하자마자
소개하다,소개하자며
소개하다,소개하자면
소개하다,소개하자면서
소개하다,소개한
소개하다,소개한다
소개하다,소개한다고
소개하다,소개한다나
소개하다,소개한다네
소개하다,소개한다느니
소개하다,소개한다니
소개하다,소개한다니까
소개하다,소개한다더라
소개하다,소개한다며
소개하다,소개한다면
소개하다,소개한다면서
소개하다,소개한답니까
소개하다,소개한답니다
소개하다,소개한답시고
소개하다,소개한대
소개하다,소개한대요
소개하다,소개할거나
소개하다,소개할게
소개하다,소개할래
소개하다,소개하라고
소개하다,소개하러
소개하다,소개하려
소개하다,소개합시다
소개하다,소개하세
소개하다,소개하시라
소개하다,소개하십시다
소개하다,소개하십시오
소개하다,소개하고자
소개하다,소개하느냐
소개하다,소개하느냐고
소개하다,소개하느니
소개하다,소개하느니만
소개하다,소개하느니만큼
소개하다,소개하는
소개하다,소개하는걸
소개하다,소개하는데
소개하다,소개하는지
투자하다,투자하거나
투자하다,투자하거늘
투자하다,투자하거니
투자하다,투자하거든
투자하다,투자하건
투자하다,투자하것다
투자하다,투자하게
투자하다,투자하겠
투자하다,투자하고
투자하다,투자하고말고
투자하다,투자하기로
투자하다,투자하기로니
투자하다,투자하기로서
투자하다,투자하기로서니
투자하다,투자하기에
투자하다,투자하네
투자하다,투자하니
투자하다,투자하다
투자하다,투자하다가
투자하다,투자하다가는
투자하다,투자하다간
투자하다,투자하다니
투자하다,투자하다마다
투자하다,투자하더니
투자하다,투자하더니라
투자하다,투자하더라
투자하다,투자하더라니까
투자하다,투자하더라도
투자하다,투자하더라며
투자하다,투자하더라면
투자하다,투자하더라면서
투자하다,투자하더람
투자하다,투자하던
투자하다,투자하던가
투자하다,투자하던데
투자하다,투자하던지
투자하다,투자하데
투자하다,투자하데요
투자하다,투자하도다
투자하다,투자하되
투자하다,투자하든
투자하다,투자하든지
투자하다,투자하듯
투자하다,투자하듯이
투자하다,투자하죠
투자하다,투자하지마는
투자하다,투자하지만
투자하다,투자하지요
투자하다,투자한걸
투자하다,투자한들
투자하다,투자하나마
투자하다,투자하니까
투자하다,투자할
투자하다,투자할걸
투자하다,투자할까
투자하다,투자할는지
투자하다,투자할라
투자하다,투자할라고
투자하다,투자할러니
투자하다,투자할러라
투자하다,투자할런고
투자하다,투자할망정
투자하다,투자할밖에
투자하다,투자할뿐더러
투자하다,투자할수록
투자하다,투자할지라도
투자하다,투자하며
투자하다,투자하면
투자하다,투자하면서
투자하다,투자하세요
투자하다,투자하셔요
투자하다,투자하지
투자하다,투자하건대
투자하다,투자하나니
투자하다,투자하느라
투자하다,투자하느라고
투자하다,투자하는구나
투자하다,투자하는군
투자하다,투자하도록
투자하다,투자하자
투자하다,투자하자고
투자하다,투자하자꾸나
투자하다,투자하자느니
투자하다,투자하자니까
투자하다,투자하자마자
투자하다,투자하자며
투자하다,투자하자면
투자하다,투자하자면서
투자하다,투자한
투자하다,투자한다
투자하다,투자한다고
투자하다,투자한다나
투자하다,투자한다네
투자하다,투자한다느니
투자하다,투자한다니
투자하다,투자한다니까
투자하다,투자한다더라
투자하다,투자한다며
투자하다,투자한다면
투자하다,투자한다면서
투자하다,투자한답니까
투자하다,투자한답니다
투자하다,투자한답시고
투자하다,투자한대
투자하다,투자한대요
투자하다,투자할거나
투자하다,투자할게
투자하다,투자할래
투자하다,투자하라고
투자하다,투자하러
투자하다,투자하려
투자하다,투자합시다
투자하다,투자하세
투자하다,투자하시라
투자하다,투자하십시다
투자하다,투자하십시오
투자하다,투자하고자
투자하다,투자하느냐
투자하다,투자하느냐고
투자하다,투자하느니
투자하다,투자하느니만
투자하다,투자하느니만큼
투자하다,투자하는
투자하다,투자하는걸
투자하다,투자하는데
투자하다,투자하는지
살피다,살피거나
살피다,살피거늘
살피다,살피거니
살피다,살피거든
살피다,살피건
살피다,살피것다
살피다,살피게
살피다,살피겠
살피다,살피고
살피다,살피고말고
살피다,살피기로
살피다,살피기로니
살피다,살피기로서
살피다,살피기로서니
살피다,살피기에
살피다,살피네
살피다,살피니
살피다,살피다
살피다,살피다가
살피다,살피다가는
살피다,살피다간
살피다,살피다니
살피다,살피다마다
살피다,살피더니
살피다,살피더니라
살피다,살피더라
살피다,살피더라니까
살피다,살피더라도
살피다,살피더라며
살피다,살피더라면
살피다,살피더라면서
살피다,살피더람
살피다,살피던
살피다,살피던가
살피다,살피던데
살피다,살피던지
살피다,살피데
살피다,살피데요
살피다,살피도다
살피다,살피되
살피다,살피든
살피다,살피든지
살피다,살피듯
살피다,살피듯이
살피다,살피죠
살피다,살피지마는
살피다,살피지만
살피다,살피지요
살피다,살핀걸
살피다,살핀들
살피다,살피나마
살피다,살피니까
살피다,살필
살피다,살필걸
살피다,살필까
살피다,살필는지
살피다,살필라
살피다,살필라고
살피다,살필러니
살피다,살필러라
살피다,살필런고
살피다,살필망정
살피다,살필밖에
살피다,살필뿐더러
살피다,살필수록
살피다,살필지라도
살피다,살피며
살피다,살피면
살피다,살피면서
살피다,살피세요
살피다,살피셔요
살피다,살피지
살피다,살피건대
살피다,살피나니
살피다,살피느라
살피다,살피느라고
살피다,살피는구나
살피다,살피는군
살피다,살피도록
살피다,살피자
살피다,살피자고
살피다,살피자꾸나
살피다,살피자느니
살피다,살피자니까
살피다,살피자마자
살피다,살피자며
살피다,살피자면
살피다,살피자면서
살피다,살핀
살피다,살핀다
살피다,살핀다고
살피다,살핀다나
살피다,살핀다네
살피다,살핀다느니
살피다,살핀다니
살피다,살핀다니까
살피다,살핀다더라
살피다,살핀다며
살피다,살핀다면
살피다,살핀다면서
살피다,살핀답니까
살피다,살핀답니다
살피다,살핀답시고
살피다,살핀대
살피다,살핀대요
살피다,살필거나
살피다,살필게
살피다,살필래
살피다,살피라고
살피다,살피러
살피다,살피려
살피다,살핍시다
살피다,살피세
살피다,살피시라
살피다,살피십시다
살피다,살피십시오
살피다,살피고자
살피다,살피느냐
살피다,살피느냐고
살피다,살피느니
살피다,살피느니만
살피다,살피느니만큼
살피다,살피는
살피다,살피는걸
살피다,살피는데
살피다,살피는지
수사하다,수사하거나
수사하다,수사하거늘
수사하다,수사하거니
수사하다,수사하거든
수사하다,수사하건
수사하다,수사하것다
수사하다,수사하게
수사하다,수사하겠
수사하다,수사하고
수사하다,수사하고말고
수사하다,수사하기로
수사하다,수사하기로니
수사하다,수사하기로서
수사하다,수사하기로서니
수사하다,수사하기에
수사하다,수사하네
수사하다,수사하니
수사하다,수사하다
수사하다,수사하다가
수사하다,수사하다가는
수사하다,수사하다간
수사하다,수사하다니
수사하다,수사하다마다
수사하다,수사하더니
수사하다,수사하더니라
수사하다,수사하더라
수사하다,수사하더라니까
수사하다,수사하더라도
수사하다,수사하더라며
수사하다,수사하더라면
수사하다,수사하더라면서
수사하다,수사하더람
수사하다,수사하던
수사하다,수사하던가
수사하다,수사하던데
수사하다,수사하던지
수사하다,수사하데
수사하다,수사하데요
수사하다,수사하도다
수사하다,수사하되
수사하다,수사하든
수사하다,수사하든지
수사하다,수사하듯
수사하다,수사하듯이
수사하다,수사하죠
수사하다,수사하지마는
수사하다,수사하지만
수사하다,수사하지요
수사하다,수사한걸
수사하다,수사한들
수사하다,수사하나마
수사하다,수사하니까
수사하다,수사할
수사하다,수사할걸
수사하다,수사할까
수사하다,수사할는지
수사하다,수사할라
수사하다,수사할라고
수사하다,수사할러니
수사하다,수사할러라
수사하다,수사할런고
수사하다,수사할망정
수사하다,수사할밖에
수사하다,수사할뿐더러
수사하다,수사할수록
수사하다,수사할지라도
수사하다,수사하며
수사하다,수사하면
수사하다,수사하면서
수사하다,수사하세요
수사하다,수사하셔요
수사하다,수사하지
수사하다,수사하건대
수사하다,수사하나니
수사하다,수사하느라
수사하다,수사하느라고
수사하다,수사하는구나
수사하다,수사하는군
수사하다,수사하도록
수사하다,수사하자
수사하다,수사하자고
수사하다,수사하자꾸나
수사하다,수사하자느니
수사하다,수사하자니까
수사하다,수사하자마자
수사하다,수사하자며
수사하다,수사하자면
수사하다,수사하자면서
수사하다,수사한
수사하다,수사한다
수사하다,수사한다고
수사하다,수사한다나
수사하다,수사한다네
수사하다,수사한다느니
수사하다,수사한다니
수사하다,수사한다니까
수사하다,수사한다더라
수사하다,수사한다며
수사하다,수사한다면
수사하다,수사한다면서
수사하다,수사한답니까
수사하다,수사한답니다
수사하다,수사한답시고
수사하다,수사한대
수사하다,수사한대요
수사하다,수사할거나
수사하다,수사할게
수사하다,수사할래
수사하다,수사하라고
수사하다,수사하러
수사하다,수사하려
수사하다,수사합시다
수사하다,수사하세
수사하다,수사하시라
수사하다,수사하십시다
수사하다,수사하십시오
수사하다,수사하고자
수사하다,수사하느냐
수사하다,수사하느냐고
수사하다,수사하느니
수사하다,수사하느니만
수사하다,수사하느니만큼
수사하다,수사하는
수사하다,수사하는걸
수사하다,수사하는데
수사하다,수사하는지
뛰어넘다,뛰어넘거나
뛰어넘다,뛰어넘거늘
뛰어넘다,뛰어넘거니
뛰어넘다,뛰어넘거든
뛰어넘다,뛰어넘건
뛰어넘다,뛰어넘것다
뛰어넘다,뛰어넘게
뛰어넘다,뛰어넘겠
뛰어넘다,뛰어넘고
뛰어넘다,뛰어넘고말고
뛰어넘다,뛰어넘기로
뛰어넘다,뛰어넘기로니
뛰어넘다,뛰어넘기로서
뛰어넘다,뛰어넘기로서니
뛰어넘다,뛰어넘기에
뛰어넘다,뛰어넘네
뛰어넘다,뛰어넘니
뛰어넘다,뛰어넘다
뛰어넘다,뛰어넘다가
뛰어넘다,뛰어넘다가는
뛰어넘다,뛰어넘다간
뛰어넘다,뛰어넘다니
뛰어넘다,뛰어넘다마다
뛰어넘다,뛰어넘더니
뛰어넘다,뛰어넘더니라
뛰어넘다,뛰어넘더라
뛰어넘다,뛰어넘더라니까
뛰어넘다,뛰어넘더라도
뛰어넘다,뛰어넘더라며
뛰어넘다,뛰어넘더라면
뛰어넘다,뛰어넘더라면서
뛰어넘다,뛰어넘더람
뛰어넘다,뛰어넘던
뛰어넘다,뛰어넘던가
뛰어넘다,뛰어넘던데
뛰어넘다,뛰어넘던지
뛰어넘다,뛰어넘데
뛰어넘다,뛰어넘데요
뛰어넘다,뛰어넘도다
뛰어넘다,뛰어넘되
뛰어넘다,뛰어넘든
뛰어넘다,뛰어넘든지
뛰어넘다,뛰어넘듯
뛰어넘다,뛰어넘듯이
뛰어넘다,뛰어넘죠
뛰어넘다,뛰어넘지마는
뛰어넘다,뛰어넘지만
뛰어넘다,뛰어넘지요
뛰어넘다,뛰어넘지
뛰어넘다,뛰어넘을
뛰어넘다,뛰어넘을걸
뛰어넘다,뛰어넘을밖에
뛰어넘다,뛰어넘을수록
뛰어넘다,뛰어넘을지
뛰어넘다,뛰어넘을지며
뛰어넘다,뛰어넘음
뛰어넘다,뛰어넘음에도
뛰어넘다,뛰어넘읍시오
뛰어넘다,뛰어넘건대
뛰어넘다,뛰어넘나니
뛰어넘다,뛰어넘느라
뛰어넘다,뛰어넘느라고
뛰어넘다,뛰어넘는구나
뛰어넘다,뛰어넘는군
뛰어넘다,뛰어넘도록
뛰어넘다,뛰어넘자
뛰어넘다,뛰어넘자고
뛰어넘다,뛰어넘자꾸나
뛰어넘다,뛰어넘자느니
뛰어넘다,뛰어넘자니까
뛰어넘다,뛰어넘자마자
뛰어넘다,뛰어넘자며
뛰어넘다,뛰어넘자면
뛰어넘다,뛰어넘자면서
뛰어넘다,뛰어넘고자
뛰어넘다,뛰어넘느냐
뛰어넘다,뛰어넘느냐고
뛰어넘다,뛰어넘느니
뛰어넘다,뛰어넘느니만
뛰어넘다,뛰어넘느니만큼
뛰어넘다,뛰어넘는
뛰어넘다,뛰어넘는걸
뛰어넘다,뛰어넘는데
뛰어넘다,뛰어넘는지
뛰어넘다,뛰어넘으러
뛰어넘다,뛰어넘읍시다
유지하다,유지하거나
유지하다,유지하거늘
유지하다,유지하거니
유지하다,유지하거든
유지하다,유지하건
유지하다,유지하것다
유지하다,유지하게
유지하다,유지하겠
유지하다,유지하고
유지하다,유지하고말고
유지하다,유지하기로
유지하다,유지하기로니
유지하다,유지하기로서
유지하다,유지하기로서니
유지하다,유지하기에
유지하다,유지하네
유지하다,유지하니
유지하다,유지하다
유지하다,유지하다가
유지하다,유지하다가는
유지하다,유지하다간
유지하다,유지하다니
유지하다,유지하다마다
유지하다,유지하더니
유지하다,유지하더니라
유지하다,유지하더라
유지하다,유지하더라니까
유지하다,유지하더라도
유지하다,유지하더라며
유지하다,유지하더라면
유지하다,유지하더라면서
유지하다,유지하더람
유지하다,유지하던
유지하다,유지하던가
유지하다,유지하던데
유지하다,유지하던지
유지하다,유지하데
유지하다,유지하데요
유지하다,유지하도다
유지하다,유지하되
유지하다,유지하든
유지하다,유지하든지
유지하다,유지하듯
유지하다,유지하듯이
유지하다,유지하죠
유지하다,유지하지마는
유지하다,유지하지만
유지하다,유지하지요
유지하다,유지한걸
유지하다,유지한들
유지하다,유지하나마
유지하다,유지하니까
유지하다,유지할
유지하다,유지할걸
유지하다,유지할까
유지하다,유지할는지
유지하다,유지할라
유지하다,유지할라고
유지하다,유지할러니
유지하다,유지할러라
유지하다,유지할런고
유지하다,유지할망정
유지하다,유지할밖에
유지하다,유지할뿐더러
유지하다,유지할수록
유지하다,유지할지라도
유지하다,유지하며
유지하다,유지하면
유지하다,유지하면서
유지하다,유지하세요
유지하다,유지하셔요
유지하다,유지하지
유지하다,유지하건대
유지하다,유지하나니
유지하다,유지하느라
유지하다,유지하느라고
유지하다,유지하는구나
유지하다,유지하는군
유지하다,유지하도록
유지하다,유지하자
유지하다,유지하자고
유지하다,유지하자꾸나
유지하다,유지하자느니
유지하다,유지하자니까
유지하다,유지하자마자
유지하다,유지하자며
유지하다,유지하자면
유지하다,유지하자면서
유지하다,유지한
유지하다,유지한다
유지하다,유지한다고
유지하다,유지한다나
유지하다,유지한다네
유지하다,유지한다느니
유지하다,유지한다니
유지하다,유지한다니까
유지하다,유지한다더라
유지하다,유지한다며
유지하다,유지한다면
유지하다,유지한다면서
유지하다,유지한답니까
유지하다,유지한답니다
유지하다,유지한답시고
유지하다,유지한대
유지하다,유지한대요
유지하다,유지할거나
유지하다,유지할게
유지하다,유지할래
유지하다,유지하라고
유지하다,유지하러
유지하다,유지하려
유지하다,유지합시다
유지하다,유지하세
유지하다,유지하시라
유지하다,유지하십시다
유지하다,유지하십시오
유지하다,유지하고자
유지하다,유지하느냐
유지하다,유지하느냐고
유지하다,유지하느니
유지하다,유지하느니만
유지하다,유지하느니만큼
유지하다,유지하는
유지하다,유지하는걸
유지하다,유지하는데
유지하다,유지하는지
키스하다,키스하거나
키스하다,키스하거늘
키스하다,키스하거니
키스하다,키스하거든
키스하다,키스하건
키스하다,키스하것다
키스하다,키스하게
키스하다,키스하겠
키스하다,키스하고
키스하다,키스하고말고
키스하다,키스하기로
키스하다,키스하기로니
키스하다,키스하기로서
키스하다,키스하기로서니
키스하다,키스하기에
키스하다,키스하네
키스하다,키스하니
키스하다,키스하다
키스하다,키스하다가
키스하다,키스하다가는
키스하다,키스하다간
키스하다,키스하다니
키스하다,키스하다마다
키스하다,키스하더니
키스하다,키스하더니라
키스하다,키스하더라
키스하다,키스하더라니까
키스하다,키스하더라도
키스하다,키스하더라며
키스하다,키스하더라면
키스하다,키스하더라면서
키스하다,키스하더람
키스하다,키스하던
키스하다,키스하던가
키스하다,키스하던데
키스하다,키스하던지
키스하다,키스하데
키스하다,키스하데요
키스하다,키스하도다
키스하다,키스하되
키스하다,키스하든
키스하다,키스하든지
키스하다,키스하듯
키스하다,키스하듯이
키스하다,키스하죠
키스하다,키스하지마는
키스하다,키스하지만
키스하다,키스하지요
키스하다,키스한걸
키스하다,키스한들
키스하다,키스하나마
키스하다,키스하니까
키스하다,키스할
키스하다,키스할걸
키스하다,키스할까
키스하다,키스할는지
키스하다,키스할라
키스하다,키스할라고
키스하다,키스할러니
키스하다,키스할러라
키스하다,키스할런고
키스하다,키스할망정
키스하다,키스할밖에
키스하다,키스할뿐더러
키스하다,키스할수록
키스하다,키스할지라도
키스하다,키스하며
키스하다,키스하면
키스하다,키스하면서
키스하다,키스하세요
키스하다,키스하셔요
키스하다,키스하지
키스하다,키스하건대
키스하다,키스하나니
키스하다,키스하느라
키스하다,키스하느라고
키스하다,키스하는구나
키스하다,키스하는군
키스하다,키스하도록
키스하다,키스하자
키스하다,키스하자고
키스하다,키스하자꾸나
키스하다,키스하자느니
키스하다,키스하자니까
키스하다,키스하자마자
키스하다,키스하자며
키스하다,키스하자면
키스하다,키스하자면서
키스하다,키스한
키스하다,키스한다
키스하다,키스한다고
키스하다,키스한다나
키스하다,키스한다네
키스하다,키스한다느니
키스하다,키스한다니
키스하다,키스한다니까
키스하다,키스한다더라
키스하다,키스한다며
키스하다,키스한다면
키스하다,키스한다면서
키스하다,키스한답니까
키스하다,키스한답니다
키스하다,키스한답시고
키스하다,키스한대
키스하다,키스한대요
키스하다,키스할거나
키스하다,키스할게
키스하다,키스할래
키스하다,키스하라고
키스하다,키스하러
키스하다,키스하려
키스하다,키스합시다
키스하다,키스하세
키스하다,키스하시라
키스하다,키스하십시다
키스하다,키스하십시오
키스하다,키스하고자
키스하다,키스하느냐
키스하다,키스하느냐고
키스하다,키스하느니
키스하다,키스하느니만
키스하다,키스하느니만큼
키스하다,키스하는
키스하다,키스하는걸
키스하다,키스하는데
키스하다,키스하는지
뜨다,뜨거나
뜨다,뜨거늘
뜨다,뜨거니
뜨다,뜨거든
뜨다,뜨건
뜨다,뜨것다
뜨다,뜨게
뜨다,뜨겠
뜨다,뜨고
뜨다,뜨고말고
뜨다,뜨기로
뜨다,뜨기로니
뜨다,뜨기로서
뜨다,뜨기로서니
뜨다,뜨기에
뜨다,뜨네
뜨다,뜨니
뜨다,뜨다
뜨다,뜨다가
뜨다,뜨다가는
뜨다,뜨다간
뜨다,뜨다니
뜨다,뜨다마다
뜨다,뜨더니
뜨다,뜨더니라
뜨다,뜨더라
뜨다,뜨더라니까
뜨다,뜨더라도
뜨다,뜨더라며
뜨다,뜨더라면
뜨다,뜨더라면서
뜨다,뜨더람
뜨다,뜨던
뜨다,뜨던가
뜨다,뜨던데
뜨다,뜨던지
뜨다,뜨데
뜨다,뜨데요
뜨다,뜨도다
뜨다,뜨되
뜨다,뜨든
뜨다,뜨든지
뜨다,뜨듯
뜨다,뜨듯이
뜨다,뜨죠
뜨다,뜨지마는
뜨다,뜨지만
뜨다,뜨지요
뜨다,뜬걸
뜨다,뜬들
뜨다,뜨나마
뜨다,뜨니까
뜨다,뜰
뜨다,뜰걸
뜨다,뜰까
뜨다,뜰는지
뜨다,뜰라
뜨다,뜰라고
뜨다,뜰러니
뜨다,뜰러라
뜨다,뜰런고
뜨다,뜰망정
뜨다,뜰밖에
뜨다,뜰뿐더러
뜨다,뜰수록
뜨다,뜰지라도
뜨다,뜨며
뜨다,뜨면
뜨다,뜨면서
뜨다,뜨세요
뜨다,뜨셔요
뜨다,뜨지
뜨다,뜨건대
뜨다,뜨나니
뜨다,뜨느라
뜨다,뜨느라고
뜨다,뜨는구나
뜨다,뜨는군
뜨다,뜨도록
뜨다,뜨자
뜨다,뜨자고
뜨다,뜨자꾸나
뜨다,뜨자느니
뜨다,뜨자니까
뜨다,뜨자마자
뜨다,뜨자며
뜨다,뜨자면
뜨다,뜨자면서
뜨다,뜬
뜨다,뜬다
뜨다,뜬다고
뜨다,뜬다나
뜨다,뜬다네
뜨다,뜬다느니
뜨다,뜬다니
뜨다,뜬다니까
뜨다,뜬다더라
뜨다,뜬다며
뜨다,뜬다면
뜨다,뜬다면서
뜨다,뜬답니까
뜨다,뜬답니다
뜨다,뜬답시고
뜨다,뜬대
뜨다,뜬대요
뜨다,뜰거나
뜨다,뜰게
뜨다,뜰래
뜨다,뜨라고
뜨다,뜨러
뜨다,뜨려
뜨다,뜹시다
뜨다,뜨세
뜨다,뜨시라
뜨다,뜨십시다
뜨다,뜨십시오
뜨다,뜨고자
뜨다,뜨느냐
뜨다,뜨느냐고
뜨다,뜨느니
뜨다,뜨느니만
뜨다,뜨느니만큼
뜨다,뜨는
뜨다,뜨는걸
뜨다,뜨는데
뜨다,뜨는지
알다,알거나
알다,알거늘
알다,알거니
알다,알거든
알다,알건
알다,알것다
알다,알게
알다,알겠
알다,알고
알다,알고말고
알다,알기로
알다,알기로니
알다,알기로서
알다,알기로서니
알다,알기에
알다,알네
알다,알니
알다,알다
알다,알다가
알다,알다가는
알다,알다간
알다,알다니
알다,알다마다
알다,알더니
알다,알더니라
알다,알더라
알다,알더라니까
알다,알더라도
알다,알더라며
알다,알더라면
알다,알더라면서
알다,알더람
알다,알던
알다,알던가
알다,알던데
알다,알던지
알다,알데
알다,알데요
알다,알도다
알다,알되
알다,알든
알다,알든지
알다,알듯
알다,알듯이
알다,알죠
알다,알지마는
알다,알지만
알다,알지요
알다,안걸
알다,안들
알다,아나마
알다,아니
알다,아니까
알다,알
알다,알걸
알다,알까
알다,알는지
알다,알라
알다,알라고
알다,알러니
알다,알러라
알다,알런고
알다,알망정
알다,알밖에
알다,알뿐더러
알다,알수록
알다,알지라도
알다,아며
알다,아면
알다,아면서
알다,아세요
알다,아셔요
알다,알지
알다,알아도
알다,알아서
알다,알아야
알다,알아야만
알다,알아야지
알다,알아요
알다,알건대
알다,알나니
알다,알느라
알다,알느라고
알다,알는구나
알다,알는군
알다,알도록
알다,알자
알다,알자고
알다,알자꾸나
알다,알자느니
알다,알자니까
알다,알자마자
알다,알자며
알다,알자면
알다,알자면서
알다,안
알다,안다
알다,안다고
알다,안다나
알다,안다네
알다,안다느니
알다,안다니
알다,안다니까
알다,안다더라
알다,안다며
알다,안다면
알다,안다면서
알다,안답니까
알다,안답니다
알다,안답시고
알다,안대
알다,안대요
알다,알래
알다,아라고
알다,아러
알다,아려
알다,압시다
알다,아세
알다,아시라
알다,아십시다
알다,아십시오
알다,알아다
알다,알아다가
알다,알고자
알다,알느냐
알다,알느냐고
알다,알느니
알다,알느니만
알다,알느니만큼
알다,알는
알다,알는걸
알다,알는데
부족하다,부족하거나
부족하다,부족하거늘
부족하다,부족하거니
부족하다,부족하거든
부족하다,부족하건
부족하다,부족하것다
부족하다,부족하게
부족하다,부족하겠
부족하다,부족하고
부족하다,부족하고말고
부족하다,부족하기로
부족하다,부족하기로니
부족하다,부족하기로서
부족하다,부족하기로서니
부족하다,부족하기에
부족하다,부족하네
부족하다,부족하니
부족하다,부족하다
부족하다,부족하다가
부족하다,부족하다가는
부족하다,부족하다간
부족하다,부족하다니
부족하다,부족하다마다
부족하다,부족하더니
부족하다,부족하더니라
부족하다,부족하더라
부족하다,부족하더라니까
부족하다,부족하더라도
부족하다,부족하더라며
부족하다,부족하더라면
부족하다,부족하더라면서
부족하다,부족하더람
부족하다,부족하던
부족하다,부족하던가
부족하다,부족하던데
부족하다,부족하던지
부족하다,부족하데
부족하다,부족하데요
부족하다,부족하도다
부족하다,부족하되
부족하다,부족하든
부족하다,부족하든지
부족하다,부족하듯
부족하다,부족하듯이
부족하다,부족하죠
부족하다,부족하지마는
부족하다,부족하지만
부족하다,부족하지요
부족하다,부족한걸
부족하다,부족한들
부족하다,부족하나마
부족하다,부족하니까
부족하다,부족할
부족하다,부족할걸
부족하다,부족할까
부족하다,부족할는지
부족하다,부족할라
부족하다,부족할라고
부족하다,부족할러니
부족하다,부족할러라
부족하다,부족할런고
부족하다,부족할망정
부족하다,부족할밖에
부족하다,부족할뿐더러
부족하다,부족할수록
부족하다,부족할지라도
부족하다,부족하며
부족하다,부족하면
부족하다,부족하면서
부족하다,부족하세요
부족하다,부족하셔요
부족하다,부족하지
웃다,웃거나
웃다,웃거늘
웃다,웃거니
웃다,웃거든
웃다,웃건
웃다,웃것다
웃다,웃게
웃다,웃겠
웃다,웃고
웃다,웃고말고
웃다,웃기로
웃다,웃기로니
웃다,웃기로서
웃다,웃기로서니
웃다,웃기에
웃다,웃네
웃다,웃니
웃다,웃다
웃다,웃다가
웃다,웃다가는
웃다,웃다간
웃다,웃다니
웃다,웃다마다
웃다,웃더니
웃다,웃더니라
웃다,웃더라
웃다,웃더라니까
웃다,웃더라도
웃다,웃더라며
웃다,웃더라면
웃다,웃더라면서
웃다,웃더람
웃다,웃던
웃다,웃던가
웃다,웃던데
웃다,웃던지
웃다,웃데
웃다,웃데요
웃다,웃도다
웃다,웃되
웃다,웃든
웃다,웃든지
웃다,웃듯
웃다,웃듯이
웃다,웃죠
웃다,웃지마는
웃다,웃지만
웃다,웃지요
웃다,웃지
웃다,웃을
웃다,웃을걸
웃다,웃을밖에
웃다,웃을수록
웃다,웃을지
웃다,웃을지며
웃다,웃음
웃다,웃음에도
웃다,웃읍시오
웃다,웃건대
웃다,웃나니
웃다,웃느라
웃다,웃느라고
웃다,웃는구나
웃다,웃는군
웃다,웃도록
웃다,웃자
웃다,웃자고
웃다,웃자꾸나
웃다,웃자느니
웃다,웃자니까
웃다,웃자마자
웃다,웃자며
웃다,웃자면
웃다,웃자면서
웃다,웃고자
웃다,웃느냐
웃다,웃느냐고
웃다,웃느니
웃다,웃느니만
웃다,웃느니만큼
웃다,웃는
웃다,웃는걸
웃다,웃는데
웃다,웃는지
웃다,웃으러
웃다,웃읍시다
놓다,놓거나
놓다,놓거늘
놓다,놓거니
놓다,놓거든
놓다,놓건
놓다,놓것다
놓다,놓게
놓다,놓겠
놓다,놓고
놓다,놓고말고
놓다,놓기로
놓다,놓기로니
놓다,놓기로서
놓다,놓기로서니
놓다,놓기에
놓다,놓네
놓다,놓니
놓다,놓다
놓다,놓다가
놓다,놓다가는
놓다,놓다간
놓다,놓다니
놓다,놓다마다
놓다,놓더니
놓다,놓더니라
놓다,놓더라
놓다,놓더라니까
놓다,놓더라도
놓다,놓더라며
놓다,놓더라면
놓다,놓더라면서
놓다,놓더람
놓다,놓던
놓다,놓던가
놓다,놓던데
놓다,놓던지
놓다,놓데
놓다,놓데요
놓다,놓도다
놓다,놓되
놓다,놓든
놓다,놓든지
놓다,놓듯
놓다,놓듯이
놓다,놓죠
놓다,놓지마는
놓다,놓지만
놓다,놓지요
놓다,놓지
놓다,놓아도
놓다,놓아서
놓다,놓아야
놓다,놓아야만
놓다,놓아야지
놓다,놓아요
놓다,놓을
놓다,놓을걸
놓다,놓을밖에
놓다,놓을수록
놓다,놓을지
놓다,놓을지며
놓다,놓음
놓다,놓음에도
놓다,놓읍시오
놓다,놓건대
놓다,놓나니
놓다,놓느라
놓다,놓느라고
놓다,놓는구나
놓다,놓는군
놓다,놓도록
놓다,놓자
놓다,놓자고
놓다,놓자꾸나
놓다,놓자느니
놓다,놓자니까
놓다,놓자마자
놓다,놓자며
놓다,놓자면
놓다,놓자면서
놓다,놓아다
놓다,놓아다가
놓다,놓고자
놓다,놓느냐
놓다,놓느냐고
놓다,놓느니
놓다,놓느니만
놓다,놓느니만큼
놓다,놓는
놓다,놓는걸
놓다,놓는데
놓다,놓는지
놓다,놓으러
놓다,놓읍시다
두다,두거나
두다,두거늘
두다,두거니
두다,두거든
두다,두건
두다,두것다
두다,두게
두다,두겠
두다,두고
두다,두고말고
두다,두기로
두다,두기로니
두다,두기로서
두다,두기로서니
두다,두기에
두다,두네
두다,두니
두다,두다
두다,두다가
두다,두다가는
두다,두다간
두다,두다니
두다,두다마다
두다,두더니
두다,두더니라
두다,두더라
두다,두더라니까
두다,두더라도
두다,두더라며
두다,두더라면
두다,두더라면서
두다,두더람
두다,두던
두다,두던가
두다,두던데
두다,두던지
두다,두데
두다,두데요
두다,두도다
두다,두되
두다,두든
두다,두든지
두다,두듯
두다,두듯이
두다,두죠
두다,두지마는
두다,두지만
두다,두지요
두다,둔걸
두다,둔들
두다,두나마
두다,두니까
두다,둘
두다,둘걸
두다,둘까
두다,둘는지
두다,둘라
두다,둘라고
두다,둘러니
두다,둘러라
두다,둘런고
두다,둘망정
두다,둘밖에
두다,둘뿐더러
두다,둘수록
두다,둘지라도
두다,두며
두다,두면
두다,두면서
두다,두세요
두다,두셔요
두다,두지
두다,두건대
두다,두나니
두다,두느라
두다,두느라고
두다,두는구나
두다,두는군
두다,두도록
두다,두자
두다,두자고
두다,두자꾸나
두다,두자느니
두다,두자니까
두다,두자마자
두다,두자며
두다,두자면
두다,두자면서
두다,둔
두다,둔다
두다,둔다고
두다,둔다나
두다,둔다네
두다,둔다느니
두다,둔다니
두다,둔다니까
두다,둔다더라
두다,둔다며
두다,둔다면
두다,둔다면서
두다,둔답니까
두다,둔답니다
두다,둔답시고
두다,둔대
두다,둔대요
두다,둘거나
두다,둘게
두다,둘래
두다,두라고
두다,두러
두다,두려
두다,둡시다
두다,두세
두다,두시라
두다,두십시다
두다,두십시오
두다,두고자
두다,두느냐
두다,두느냐고
두다,두느니
두다,두느니만
두다,두느니만큼
두다,두는
두다,두는걸
두다,두는데
두다,두는지
쌓다,쌓거나
쌓다,쌓거늘
쌓다,쌓거니
쌓다,쌓거든
쌓다,쌓건
쌓다,쌓것다
쌓다,쌓게
쌓다,쌓겠
쌓다,쌓고
쌓다,쌓고말고
쌓다,쌓기로
쌓다,쌓기로니
쌓다,쌓기로서
쌓다,쌓기로서니
쌓다,쌓기에
쌓다,쌓네
쌓다,쌓니
쌓다,쌓다
쌓다,쌓다가
쌓다,쌓다가는
쌓다,쌓다간
쌓다,쌓다니
쌓다,쌓다마다
쌓다,쌓더니
쌓다,쌓더니라
쌓다,쌓더라
쌓다,쌓더라니까
쌓다,쌓더라도
쌓다,쌓더라며
쌓다,쌓더라면
쌓다,쌓더라면서
쌓다,쌓더람
쌓다,쌓던
쌓다,쌓던가
쌓다,쌓던데
쌓다,쌓던지
쌓다,쌓데
쌓다,쌓데요
쌓다,쌓도다
쌓다,쌓되
쌓다,쌓든
쌓다,쌓든지
쌓다,쌓듯
쌓다,쌓듯이
쌓다,쌓죠
쌓다,쌓지마는
쌓다,쌓지만
쌓다,쌓지요
쌓다,쌓지
쌓다,쌓아도
쌓다,쌓아서
쌓다,쌓아야
쌓다,쌓아야만
쌓다,쌓아야지
쌓다,쌓아요
쌓다,쌓을
쌓다,쌓을걸
쌓다,쌓을밖에
쌓다,쌓을수록
쌓다,쌓을지
쌓다,쌓을지며
쌓다,쌓음
쌓다,쌓음에도
쌓다,쌓읍시오
쌓다,쌓건대
쌓다,쌓나니
쌓다,쌓느라
쌓다,쌓느라고
쌓다,쌓는구나
쌓다,쌓는군
쌓다,쌓도록
쌓다,쌓자
쌓다,쌓자고
쌓다,쌓자꾸나
쌓다,쌓자느니
쌓다,쌓자니까
쌓다,쌓자마자
쌓다,쌓자며
쌓다,쌓자면
쌓다,쌓자면서
쌓다,쌓아다
쌓다,쌓아다가
쌓다,쌓고자
쌓다,쌓느냐
쌓다,쌓느냐고
쌓다,쌓느니
쌓다,쌓느니만
쌓다,쌓느니만큼
쌓다,쌓는
쌓다,쌓는걸
쌓다,쌓는데
쌓다,쌓는지
쌓다,쌓으러
쌓다,쌓읍시다
연결되다,연결되거나
연결되다,연결되거늘
연결되다,연결되거니
연결되다,연결되거든
연결되다,연결되건
연결되다,연결되것다
연결되다,연결되게
연결되다,연결되겠
연결되다,연결되고
연결되다,연결되고말고
연결되다,연결되기로
연결되다,연결되기로니
연결되다,연결되기로서
연결되다,연결되기로서니
연결되다,연결되기에
연결되다,연결되네
연결되다,연결되니
연결되다,연결되다
연결되다,연결되다가
연결되다,연결되다가는
연결되다,연결되다간
연결되다,연결되다니
연결되다,연결되다마다
연결되다,연결되더니
연결되다,연결되더니라
연결되다,연결되더라
연결되다,연결되더라니까
연결되다,연결되더라도
연결되다,연결되더라며
연결되다,연결되더라면
연결되다,연결되더라면서
연결되다,연결되더람
연결되다,연결되던
연결되다,연결되던가
연결되다,연결되던데
연결되다,연결되던지
연결되다,연결되데
연결되다,연결되데요
연결되다,연결되도다
연결되다,연결되되
연결되다,연결되든
연결되다,연결되든지
연결되다,연결되듯
연결되다,연결되듯이
연결되다,연결되죠
연결되다,연결되지마는
연결되다,연결되지만
연결되다,연결되지요
연결되다,연결된걸
연결되다,연결된들
연결되다,연결되나마
연결되다,연결되니까
연결되다,연결될
연결되다,연결될걸
연결되다,연결될까
연결되다,연결될는지
연결되다,연결될라
연결되다,연결될라고
연결되다,연결될러니
연결되다,연결될러라
연결되다,연결될런고
연결되다,연결될망정
연결되다,연결될밖에
연결되다,연결될뿐더러
연결되다,연결될수록
연결되다,연결될지라도
연결되다,연결되며
연결되다,연결되면
연결되다,연결되면서
연결되다,연결되세요
연결되다,연결되셔요
연결되다,연결되지
연결되다,연결되건대
연결되다,연결되나니
연결되다,연결되느라
연결되다,연결되느라고
연결되다,연결되는구나
연결되다,연결되는군
연결되다,연결되도록
연결되다,연결되자
연결되다,연결되자고
연결되다,연결되자꾸나
연결되다,연결되자느니
연결되다,연결되자니까
연결되다,연결되자마자
연결되다,연결되자며
연결되다,연결되자면
연결되다,연결되자면서
연결되다,연결된
연결되다,연결된다
연결되다,연결된다고
연결되다,연결된다나
연결되다,연결된다네
연결되다,연결된다느니
연결되다,연결된다니
연결되다,연결된다니까
연결되다,연결된다더라
연결되다,연결된다며
연결되다,연결된다면
연결되다,연결된다면서
연결되다,연결된답니까
연결되다,연결된답니다
연결되다,연결된답시고
연결되다,연결된대
연결되다,연결된대요
연결되다,연결될거나
연결되다,연결될게
연결되다,연결될래
연결되다,연결되라고
연결되다,연결되러
연결되다,연결되려
연결되다,연결됩시다
연결되다,연결되세
연결되다,연결되시라
연결되다,연결되십시다
연결되다,연결되십시오
연결되다,연결되고자
연결되다,연결되느냐
연결되다,연결되느냐고
연결되다,연결되느니
연결되다,연결되느니만
연결되다,연결되느니만큼
연결되다,연결되는
연결되다,연결되는걸
연결되다,연결되는데
연결되다,연결되는지
기울다,기울거나
기울다,기울거늘
기울다,기울거니
기울다,기울거든
기울다,기울건
기울다,기울것다
기울다,기울게
기울다,기울겠
기울다,기울고
기울다,기울고말고
기울다,기울기로
기울다,기울기로니
기울다,기울기로서
기울다,기울기로서니
기울다,기울기에
기울다,기울네
기울다,기울니
기울다,기울다
기울다,기울다가
기울다,기울다가는
기울다,기울다간
기울다,기울다니
기울다,기울다마다
기울다,기울더니
기울다,기울더니라
기울다,기울더라
기울다,기울더라니까
기울다,기울더라도
기울다,기울더라며
기울다,기울더라면
기울다,기울더라면서
기울다,기울더람
기울다,기울던
기울다,기울던가
기울다,기울던데
기울다,기울던지
기울다,기울데
기울다,기울데요
기울다,기울도다
기울다,기울되
기울다,기울든
기울다,기울든지
기울다,기울듯
기울다,기울듯이
기울다,기울죠
기울다,기울지마는
기울다,기울지만
기울다,기울지요
기울다,기운걸
기울다,기운들
기울다,기우나마
기울다,기우니
기울다,기우니까
기울다,기울
기울다,기울걸
기울다,기울까
기울다,기울는지
기울다,기울라
기울다,기울라고
기울다,기울러니
기울다,기울러라
기울다,기울런고
기울다,기울망정
기울다,기울밖에
기울다,기울뿐더러
기울다,기울수록
기울다,기울지라도
기울다,기우며
기울다,기우면
기울다,기우면서
기울다,기우세요
기울다,기우셔요
기울다,기울지
기울다,기울건대
기울다,기울나니
기울다,기울느라
기울다,기울느라고
기울다,기울는구나
기울다,기울는군
기울다,기울도록
기울다,기울자
기울다,기울자고
기울다,기울자꾸나
기울다,기울자느니
기울다,기울자니까
기울다,기울자마자
기울다,기울자며
기울다,기울자면
기울다,기울자면서
기울다,기운
기울다,기운다
기울다,기운다고
기울다,기운다나
기울다,기운다네
기울다,기운다느니
기울다,기운다니
기울다,기운다니까
기울다,기운다더라
기울다,기운다며
기울다,기운다면
기울다,기운다면서
기울다,기운답니까
기울다,기운답니다
기울다,기운답시고
기울다,기운대
기울다,기운대요
기울다,기울래
기울다,기우라고
기울다,기우러
기울다,기우려
기울다,기웁시다
기울다,기우세
기울다,기우시라
기울다,기우십시다
기울다,기우십시오
기울다,기울고자
기울다,기울느냐
기울다,기울느냐고
기울다,기울느니
기울다,기울느니만
기울다,기울느니만큼
기울다,기울는
기울다,기울는걸
기울다,기울는데
뛰어오르다,뛰어오르거나
뛰어오르다,뛰어오르거늘
뛰어오르다,뛰어오르거니
뛰어오르다,뛰어오르거든
뛰어오르다,뛰어오르건
뛰어오르다,뛰어오르것다
뛰어오르다,뛰어오르게
뛰어오르다,뛰어오르겠
뛰어오르다,뛰어오르고
뛰어오르다,뛰어오르고말고
뛰어오르다,뛰어오르기로
뛰어오르다,뛰어오르기로니
뛰어오르다,뛰어오르기로서
뛰어오르다,뛰어오르기로서니
뛰어오르다,뛰어오르기에
뛰어오르다,뛰어오르네
뛰어오르다,뛰어오르니
뛰어오르다,뛰어오르다
뛰어오르다,뛰어오르다가
뛰어오르다,뛰어오르다가는
뛰어오르다,뛰어오르다간
뛰어오르다,뛰어오르다니
뛰어오르다,뛰어오르다마다
뛰어오르다,뛰어오르더니
뛰어오르다,뛰어오르더니라
뛰어오르다,뛰어오르더라
뛰어오르다,뛰어오르더라니까
뛰어오르다,뛰어오르더라도
뛰어오르다,뛰어오르더라며
뛰어오르다,뛰어오르더라면
뛰어오르다,뛰어오르더라면서
뛰어오르다,뛰어오르더람
뛰어오르다,뛰어오르던
뛰어오르다,뛰어오르던가
뛰어오르다,뛰어오르던데
뛰어오르다,뛰어오르던지
뛰어오르다,뛰어오르데
뛰어오르다,뛰어오르데요
뛰어오르다,뛰어오르도다
뛰어오르다,뛰어오르되
뛰어오르다,뛰어오르든
뛰어오르다,뛰어오르든지
뛰어오르다,뛰어오르듯
뛰어오르다,뛰어오르듯이
뛰어오르다,뛰어오르죠
뛰어오르다,뛰어오르지마는
뛰어오르다,뛰어오르지만
뛰어오르다,뛰어오르지요
뛰어오르다,뛰어오른걸
뛰어오르다,뛰어오른들
뛰어오르다,뛰어오르나마
뛰어오르다,뛰어오르니까
뛰어오르다,뛰어오를
뛰어오르다,뛰어오를걸
뛰어오르다,뛰어오를까
뛰어오르다,뛰어오를는지
뛰어오르다,뛰어오를라
뛰어오르다,뛰어오를라고
뛰어오르다,뛰어오를러니
뛰어오르다,뛰어오를러라
뛰어오르다,뛰어오를런고
뛰어오르다,뛰어오를망정
뛰어오르다,뛰어오를밖에
뛰어오르다,뛰어오를뿐더러
뛰어오르다,뛰어오를수록
뛰어오르다,뛰어오를지라도
뛰어오르다,뛰어오르며
뛰어오르다,뛰어오르면
뛰어오르다,뛰어오르면서
뛰어오르다,뛰어오르세요
뛰어오르다,뛰어오르셔요
뛰어오르다,뛰어오르지
뛰어오르다,뛰어오르건대
뛰어오르다,뛰어오르나니
뛰어오르다,뛰어오르느라
뛰어오르다,뛰어오르느라고
뛰어오르다,뛰어오르는구나
뛰어오르다,뛰어오르는군
뛰어오르다,뛰어오르도록
뛰어오르다,뛰어오르자
뛰어오르다,뛰어오르자고
뛰어오르다,뛰어오르자꾸나
뛰어오르다,뛰어오르자느니
뛰어오르다,뛰어오르자니까
뛰어오르다,뛰어오르자마자
뛰어오르다,뛰어오르자며
뛰어오르다,뛰어오르자면
뛰어오르다,뛰어오르자면서
뛰어오르다,뛰어오른
뛰어오르다,뛰어오른다
뛰어오르다,뛰어오른다고
뛰어오르다,뛰어오른다나
뛰어오르다,뛰어오른다네
뛰어오르다,뛰어오른다느니
뛰어오르다,뛰어오른다니
뛰어오르다,뛰어오른다니까
뛰어오르다,뛰어오른다더라
뛰어오르다,뛰어오른다며
뛰어오르다,뛰어오른다면
뛰어오르다,뛰어오른다면서
뛰어오르다,뛰어오른답니까
뛰어오르다,뛰어오른답니다
뛰어오르다,뛰어오른답시고
뛰어오르다,뛰어오른대
뛰어오르다,뛰어오른대요
뛰어오르다,뛰어오를거나
뛰어오르다,뛰어오를게
뛰어오르다,뛰어오를래
뛰어오르다,뛰어오르라고
뛰어오르다,뛰어오르러
뛰어오르다,뛰어오르려
뛰어오르다,뛰어오릅시다
뛰어오르다,뛰어오르세
뛰어오르다,뛰어오르시라
뛰어오르다,뛰어오르십시다
뛰어오르다,뛰어오르십시오
뛰어오르다,뛰어오르고자
뛰어오르다,뛰어오르느냐
뛰어오르다,뛰어오르느냐고
뛰어오르다,뛰어오르느니
뛰어오르다,뛰어오르느니만
뛰어오르다,뛰어오르느니만큼
뛰어오르다,뛰어오르는
뛰어오르다,뛰어오르는걸
뛰어오르다,뛰어오르는데
뛰어오르다,뛰어오르는지
넘다,넘거나
넘다,넘거늘
넘다,넘거니
넘다,넘거든
넘다,넘건
넘다,넘것다
넘다,넘게
넘다,넘겠
넘다,넘고
넘다,넘고말고
넘다,넘기로
넘다,넘기로니
넘다,넘기로서
넘다,넘기로서니
넘다,넘기에
넘다,넘네
넘다,넘니
넘다,넘다
넘다,넘다가
넘다,넘다가는
넘다,넘다간
넘다,넘다니
넘다,넘다마다
넘다,넘더니
넘다,넘더니라
넘다,넘더라
넘다,넘더라니까
넘다,넘더라도
넘다,넘더라며
넘다,넘더라면
넘다,넘더라면서
넘다,넘더람
넘다,넘던
넘다,넘던가
넘다,넘던데
넘다,넘던지
넘다,넘데
넘다,넘데요
넘다,넘도다
넘다,넘되
넘다,넘든
넘다,넘든지
넘다,넘듯
넘다,넘듯이
넘다,넘죠
넘다,넘지마는
넘다,넘지만
넘다,넘지요
넘다,넘지
넘다,넘을
넘다,넘을걸
넘다,넘을밖에
넘다,넘을수록
넘다,넘을지
넘다,넘을지며
넘다,넘음
넘다,넘음에도
넘다,넘읍시오
넘다,넘건대
넘다,넘나니
넘다,넘느라
넘다,넘느라고
넘다,넘는구나
넘다,넘는군
넘다,넘도록
넘다,넘자
넘다,넘자고
넘다,넘자꾸나
넘다,넘자느니
넘다,넘자니까
넘다,넘자마자
넘다,넘자며
넘다,넘자면
넘다,넘자면서
넘다,넘고자
넘다,넘느냐
넘다,넘느냐고
넘다,넘느니
넘다,넘느니만
넘다,넘느니만큼
넘다,넘는
넘다,넘는걸
넘다,넘는데
넘다,넘는지
넘다,넘으러
넘다,넘읍시다
학습하다,학습하거나
학습하다,학습하거늘
학습하다,학습하거니
학습하다,학습하거든
학습하다,학습하건
학습하다,학습하것다
학습하다,학습하게
학습하다,학습하겠
학습하다,학습하고
학습하다,학습하고말고
학습하다,학습하기로
학습하다,학습하기로니
학습하다,학습하기로서
학습하다,학습하기로서니
학습하다,학습하기에
학습하다,학습하네
학습하다,학습하니
학습하다,학습하다
학습하다,학습하다가
학습하다,학습하다가는
학습하다,학습하다간
학습하다,학습하다니
학습하다,학습하다마다
학습하다,학습하더니
학습하다,학습하더니라
학습하다,학습하더라
학습하다,학습하더라니까
학습하다,학습하더라도
학습하다,학습하더라며
학습하다,학습하더라면
학습하다,학습하더라면서
학습하다,학습하더람
학습하다,학습하던
학습하다,학습하던가
학습하다,학습하던데
학습하다,학습하던지
학습하다,학습하데
학습하다,학습하데요
학습하다,학습하도다
학습하다,학습하되
학습하다,학습하든
학습하다,학습하든지
학습하다,학습하듯
학습하다,학습하듯이
학습하다,학습하죠
학습하다,학습하지마는
학습하다,학습하지만
학습하다,학습하지요
학습하다,학습한걸
학습하다,학습한들
학습하다,학습하나마
학습하다,학습하니까
학습하다,학습할
학습하다,학습할걸
학습하다,학습할까
학습하다,학습할는지
학습하다,학습할라
학습하다,학습할라고
학습하다,학습할러니
학습하다,학습할러라
학습하다,학습할런고
학습하다,학습할망정
학습하다,학습할밖에
학습하다,학습할뿐더러
학습하다,학습할수록
학습하다,학습할지라도
학습하다,학습하며
학습하다,학습하면
학습하다,학습하면서
학습하다,학습하세요
학습하다,학습하셔요
학습하다,학습하지
학습하다,학습하건대
학습하다,학습하나니
학습하다,학습하느라
학습하다,학습하느라고
학습하다,학습하는구나
학습하다,학습하는군
학습하다,학습하도록
학습하다,학습하자
학습하다,학습하자고
학습하다,학습하자꾸나
학습하다,학습하자느니
학습하다,학습하자니까
학습하다,학습하자마자
학습하다,학습하자며
학습하다,학습하자면
학습하다,학습하자면서
학습하다,학습한
학습하다,학습한다
학습하다,학습한다고
학습하다,학습한다나
학습하다,학습한다네
학습하다,학습한다느니
학습하다,학습한다니
학습하다,학습한다니까
학습하다,학습한다더라
학습하다,학습한다며
학습하다,학습한다면
학습하다,학습한다면서
학습하다,학습한답니까
학습하다,학습한답니다
학습하다,학습한답시고
학습하다,학습한대
학습하다,학습한대요
학습하다,학습할거나
학습하다,학습할게
학습하다,학습할래
학습하다,학습하라고
학습하다,학습하러
학습하다,학습하려
학습하다,학습합시다
학습하다,학습하세
학습하다,학습하시라
학습하다,학습하십시다
학습하다,학습하십시오
학습하다,학습하고자
학습하다,학습하느냐
학습하다,학습하느냐고
학습하다,학습하느니
학습하다,학습하느니만
학습하다,학습하느니만큼
학습하다,학습하는
학습하다,학습하는걸
학습하다,학습하는데
학습하다,학습하는지
떠나다,떠나거나
떠나다,떠나거늘
떠나다,떠나거니
떠나다,떠나거든
떠나다,떠나건
떠나다,떠나것다
떠나다,떠나게
떠나다,떠나겠
떠나다,떠나고
떠나다,떠나고말고
떠나다,떠나기로
떠나다,떠나기로니
떠나다,떠나기로서
떠나다,떠나기로서니
떠나다,떠나기에
떠나다,떠나네
떠나다,떠나니
떠나다,떠나다
떠나다,떠나다가
떠나다,떠나다가는
떠나다,떠나다간
떠나다,떠나다니
떠나다,떠나다마다
떠나다,떠나더니
떠나다,떠나더니라
떠나다,떠나더라
떠나다,떠나더라니까
떠나다,떠나더라도
떠나다,떠나더라며
떠나다,떠나더라면
떠나다,떠나더라면서
떠나다,떠나더람
떠나다,떠나던
떠나다,떠나던가
떠나다,떠나던데
떠나다,떠나던지
떠나다,떠나데
떠나다,떠나데요
떠나다,떠나도다
떠나다,떠나되
떠나다,떠나든
떠나다,떠나든지
떠나다,떠나듯
떠나다,떠나듯이
떠나다,떠나죠
떠나다,떠나지마는
떠나다,떠나지만
떠나다,떠나지요
떠나다,떠난걸
떠나다,떠난들
떠나다,떠나나마
떠나다,떠나니까
떠나다,떠날
떠나다,떠날걸
떠나다,떠날까
떠나다,떠날는지
떠나다,떠날라
떠나다,떠날라고
떠나다,떠날러니
떠나다,떠날러라
떠나다,떠날런고
떠나다,떠날망정
떠나다,떠날밖에
떠나다,떠날뿐더러
떠나다,떠날수록
떠나다,떠날지라도
떠나다,떠나며
떠나다,떠나면
떠나다,떠나면서
떠나다,떠나세요
떠나다,떠나셔요
떠나다,떠나지
떠나다,떠나도
떠나다,떠나서
떠나다,떠나야
떠나다,떠나야만
떠나다,떠나야지
떠나다,떠나요
떠나다,떠나건대
떠나다,떠나나니
떠나다,떠나느라
떠나다,떠나느라고
떠나다,떠나는구나
떠나다,떠나는군
떠나다,떠나도록
떠나다,떠나자
떠나다,떠나자고
떠나다,떠나자꾸나
떠나다,떠나자느니
떠나다,떠나자니까
떠나다,떠나자마자
떠나다,떠나자며
떠나다,떠나자면
떠나다,떠나자면서
떠나다,떠난
떠나다,떠난다
떠나다,떠난다고
떠나다,떠난다나
떠나다,떠난다네
떠나다,떠난다느니
떠나다,떠난다니
떠나다,떠난다니까
떠나다,떠난다더라
떠나다,떠난다며
떠나다,떠난다면
떠나다,떠난다면서
떠나다,떠난답니까
떠나다,떠난답니다
떠나다,떠난답시고
떠나다,떠난대
떠나다,떠난대요
떠나다,떠날거나
떠나다,떠날게
떠나다,떠날래
떠나다,떠나라고
떠나다,떠나러
떠나다,떠나려
떠나다,떠납시다
떠나다,떠나세
떠나다,떠나시라
떠나다,떠나십시다
떠나다,떠나십시오
떠나다,떠나고자
떠나다,떠나느냐
떠나다,떠나느냐고
떠나다,떠나느니
떠나다,떠나느니만
떠나다,떠나느니만큼
떠나다,떠나는
떠나다,떠나는걸
떠나다,떠나는데
떠나다,떠나는지
거짓말하다,거짓말하거나
거짓말하다,거짓말하거늘
거짓말하다,거짓말하거니
거짓말하다,거짓말하거든
거짓말하다,거짓말하건
거짓말하다,거짓말하것다
거짓말하다,거짓말하게
거짓말하다,거짓말하겠
거짓말하다,거짓말하고
거짓말하다,거짓말하고말고
거짓말하다,거짓말하기로
거짓말하다,거짓말하기로니
거짓말하다,거짓말하기로서
거짓말하다,거짓말하기로서니
거짓말하다,거짓말하기에
거짓말하다,거짓말하네
거짓말하다,거짓말하니
거짓말하다,거짓말하다
거짓말하다,거짓말하다가
거짓말하다,거짓말하다가는
거짓말하다,거짓말하다간
거짓말하다,거짓말하다니
거짓말하다,거짓말하다마다
거짓말하다,거짓말하더니
거짓말하다,거짓말하더니라
거짓말하다,거짓말하더라
거짓말하다,거짓말하더라니까
거짓말하다,거짓말하더라도
거짓말하다,거짓말하더라며
거짓말하다,거짓말하더라면
거짓말하다,거짓말하더라면서
거짓말하다,거짓말하더람
거짓말하다,거짓말하던
거짓말하다,거짓말하던가
거짓말하다,거짓말하던데
거짓말하다,거짓말하던지
거짓말하다,거짓말하데
거짓말하다,거짓말하데요
거짓말하다,거짓말하도다
거짓말하다,거짓말하되
거짓말하다,거짓말하든
거짓말하다,거짓말하든지
거짓말하다,거짓말하듯
거짓말하다,거짓말하듯이
거짓말하다,거짓말하죠
거짓말하다,거짓말하지마는
거짓말하다,거짓말하지만
거짓말하다,거짓말하지요
거짓말하다,거짓말한걸
거짓말하다,거짓말한들
거짓말하다,거짓말하나마
거짓말하다,거짓말하니까
거짓말하다,거짓말할
거짓말하다,거짓말할걸
거짓말하다,거짓말할까
거짓말하다,거짓말할는지
거짓말하다,거짓말할라
거짓말하다,거짓말할라고
거짓말하다,거짓말할러니
거짓말하다,거짓말할러라
거짓말하다,거짓말할런고
거짓말하다,거짓말할망정
거짓말하다,거짓말할밖에
거짓말하다,거짓말할뿐더러
거짓말하다,거짓말할수록
거짓말하다,거짓말할지라도
거짓말하다,거짓말하며
거짓말하다,거짓말하면
거짓말하다,거짓말하면서
거짓말하다,거짓말하세요
거짓말하다,거짓말하셔요
거짓말하다,거짓말하지
거짓말하다,거짓말하건대
거짓말하다,거짓말하나니
거짓말하다,거짓말하느라
거짓말하다,거짓말하느라고
거짓말하다,거짓말하는구나
거짓말하다,거짓말하는군
거짓말하다,거짓말하도록
거짓말하다,거짓말하자
거짓말하다,거짓말하자고
거짓말하다,거짓말하자꾸나
거짓말하다,거짓말하자느니
거짓말하다,거짓말하자니까
거짓말하다,거짓말하자마자
거짓말하다,거짓말하자며
거짓말하다,거짓말하자면
거짓말하다,거짓말하자면서
거짓말하다,거짓말한
거짓말하다,거짓말한다
거짓말하다,거짓말한다고
거짓말하다,거짓말한다나
거짓말하다,거짓말한다네
거짓말하다,거짓말한다느니
거짓말하다,거짓말한다니
거짓말하다,거짓말한다니까
거짓말하다,거짓말한다더라
거짓말하다,거짓말한다며
거짓말하다,거짓말한다면
거짓말하다,거짓말한다면서
거짓말하다,거짓말한답니까
거짓말하다,거짓말한답니다
거짓말하다,거짓말한답시고
거짓말하다,거짓말한대
거짓말하다,거짓말한대요
거짓말하다,거짓말할거나
거짓말하다,거짓말할게
거짓말하다,거짓말할래
거짓말하다,거짓말하라고
거짓말하다,거짓말하러
거짓말하다,거짓말하려
거짓말하다,거짓말합시다
거짓말하다,거짓말하세
거짓말하다,거짓말하시라
거짓말하다,거짓말하십시다
거짓말하다,거짓말하십시오
거짓말하다,거짓말하고자
거짓말하다,거짓말하느냐
거짓말하다,거짓말하느냐고
거짓말하다,거짓말하느니
거짓말하다,거짓말하느니만
거짓말하다,거짓말하느니만큼
거짓말하다,거짓말하는
거짓말하다,거짓말하는걸
거짓말하다,거짓말하는데
거짓말하다,거짓말하는지
올리다,올리거나
올리다,올리거늘
올리다,올리거니
올리다,올리거든
올리다,올리건
올리다,올리것다
올리다,올리게
올리다,올리겠
올리다,올리고
올리다,올리고말고
올리다,올리기로
올리다,올리기로니
올리다,올리기로서
올리다,올리기로서니
올리다,올리기에
올리다,올리네
올리다,올리니
올리다,올리다
올리다,올리다가
올리다,올리다가는
올리다,올리다간
올리다,올리다니
올리다,올리다마다
올리다,올리더니
올리다,올리더니라
올리다,올리더라
올리다,올리더라니까
올리다,올리더라도
올리다,올리더라며
올리다,올리더라면
올리다,올리더라면서
올리다,올리더람
올리다,올리던
올리다,올리던가
올리다,올리던데
올리다,올리던지
올리다,올리데
올리다,올리데요
올리다,올리도다
올리다,올리되
올리다,올리든
올리다,올리든지
올리다,올리듯
올리다,올리듯이
올리다,올리죠
올리다,올리지마는
올리다,올리지만
올리다,올리지요
올리다,올린걸
올리다,올린들
올리다,올리나마
올리다,올리니까
올리다,올릴
올리다,올릴걸
올리다,올릴까
올리다,올릴는지
올리다,올릴라
올리다,올릴라고
올리다,올릴러니
올리다,올릴러라
올리다,올릴런고
올리다,올릴망정
올리다,올릴밖에
올리다,올릴뿐더러
올리다,올릴수록
올리다,올릴지라도
올리다,올리며
올리다,올리면
올리다,올리면서
올리다,올리세요
올리다,올리셔요
올리다,올리지
올리다,올리건대
올리다,올리나니
올리다,올리느라
올리다,올리느라고
올리다,올리는구나
올리다,올리는군
올리다,올리도록
올리다,올리자
올리다,올리자고
올리다,올리자꾸나
올리다,올리자느니
올리다,올리자니까
올리다,올리자마자
올리다,올리자며
올리다,올리자면
올리다,올리자면서
올리다,올린
올리다,올린다
올리다,올린다고
올리다,올린다나
올리다,올린다네
올리다,올린다느니
올리다,올린다니
올리다,올린다니까
올리다,올린다더라
올리다,올린다며
올리다,올린다면
올리다,올린다면서
올리다,올린답니까
올리다,올린답니다
올리다,올린답시고
올리다,올린대
올리다,올린대요
올리다,올릴거나
올리다,올릴게
올리다,올릴래
올리다,올리라고
올리다,올리러
올리다,올리려
올리다,올립시다
올리다,올리세
올리다,올리시라
올리다,올리십시다
올리다,올리십시오
올리다,올리고자
올리다,올리느냐
올리다,올리느냐고
올리다,올리느니
올리다,올리느니만
올리다,올리느니만큼
올리다,올리는
올리다,올리는걸
올리다,올리는데
올리다,올리는지
좋아하다,좋아하거나
좋아하다,좋아하거늘
좋아하다,좋아하거니
좋아하다,좋아하거든
좋아하다,좋아하건
좋아하다,좋아하것다
좋아하다,좋아하게
좋아하다,좋아하겠
좋아하다,좋아하고
좋아하다,좋아하고말고
좋아하다,좋아하기로
좋아하다,좋아하기로니
좋아하다,좋아하기로서
좋아하다,좋아하기로서니
좋아하다,좋아하기에
좋아하다,좋아하네
좋아하다,좋아하니
좋아하다,좋아하다
좋아하다,좋아하다가
좋아하다,좋아하다가는
좋아하다,좋아하다간
좋아하다,좋아하다니
좋아하다,좋아하다마다
좋아하다,좋아하더니
좋아하다,좋아하더니라
좋아하다,좋아하더라
좋아하다,좋아하더라니까
좋아하다,좋아하더라도
좋아하다,좋아하더라며
좋아하다,좋아하더라면
좋아하다,좋아하더라면서
좋아하다,좋아하더람
좋아하다,좋아하던
좋아하다,좋아하던가
좋아하다,좋아하던데
좋아하다,좋아하던지
좋아하다,좋아하데
좋아하다,좋아하데요
좋아하다,좋아하도다
좋아하다,좋아하되
좋아하다,좋아하든
좋아하다,좋아하든지
좋아하다,좋아하듯
좋아하다,좋아하듯이
좋아하다,좋아하죠
좋아하다,좋아하지마는
좋아하다,좋아하지만
좋아하다,좋아하지요
좋아하다,좋아한걸
좋아하다,좋아한들
좋아하다,좋아하나마
좋아하다,좋아하니까
좋아하다,좋아할
좋아하다,좋아할걸
좋아하다,좋아할까
좋아하다,좋아할는지
좋아하다,좋아할라
좋아하다,좋아할라고
좋아하다,좋아할러니
좋아하다,좋아할러라
좋아하다,좋아할런고
좋아하다,좋아할망정
좋아하다,좋아할밖에
좋아하다,좋아할뿐더러
좋아하다,좋아할수록
좋아하다,좋아할지라도
좋아하다,좋아하며
좋아하다,좋아하면
좋아하다,좋아하면서
좋아하다,좋아하세요
좋아하다,좋아하셔요
좋아하다,좋아하지
좋아하다,좋아하건대
좋아하다,좋아하나니
좋아하다,좋아하느라
좋아하다,좋아하느라고
좋아하다,좋아하는구나
좋아하다,좋아하는군
좋아하다,좋아하도록
좋아하다,좋아하자
좋아하다,좋아하자고
좋아하다,좋아하자꾸나
좋아하다,좋아하자느니
좋아하다,좋아하자니까
좋아하다,좋아하자마자
좋아하다,좋아하자며
좋아하다,좋아하자면
좋아하다,좋아하자면서
좋아하다,좋아한
좋아하다,좋아한다
좋아하다,좋아한다고
좋아하다,좋아한다나
좋아하다,좋아한다네
좋아하다,좋아한다느니
좋아하다,좋아한다니
좋아하다,좋아한다니까
좋아하다,좋아한다더라
좋아하다,좋아한다며
좋아하다,좋아한다면
좋아하다,좋아한다면서
좋아하다,좋아한답니까
좋아하다,좋아한답니다
좋아하다,좋아한답시고
좋아하다,좋아한대
좋아하다,좋아한대요
좋아하다,좋아할거나
좋아하다,좋아할게
좋아하다,좋아할래
좋아하다,좋아하라고
좋아하다,좋아하러
좋아하다,좋아하려
좋아하다,좋아합시다
좋아하다,좋아하세
좋아하다,좋아하시라
좋아하다,좋아하십시다
좋아하다,좋아하십시오
좋아하다,좋아하고자
좋아하다,좋아하느냐
좋아하다,좋아하느냐고
좋아하다,좋아하느니
좋아하다,좋아하느니만
좋아하다,좋아하느니만큼
좋아하다,좋아하는
좋아하다,좋아하는걸
좋아하다,좋아하는데
좋아하다,좋아하는지
보다,보거나
보다,보거늘
보다,보거니
보다,보거든
보다,보건
보다,보것다
보다,보게
보다,보겠
보다,보고
보다,보고말고
보다,보기로
보다,보기로니
보다,보기로서
보다,보기로서니
보다,보기에
보다,보네
보다,보니
보다,보다
보다,보다가
보다,보다가는
보다,보다간
보다,보다니
보다,보다마다
보다,보더니
보다,보더니라
보다,보더라
보다,보더라니까
보다,보더라도
보다,보더라며
보다,보더라면
보다,보더라면서
보다,보더람
보다,보던
보다,보던가
보다,보던데
보다,보던지
보다,보데
보다,보데요
보다,보도다
보다,보되
보다,보든
보다,보든지
보다,보듯
보다,보듯이
보다,보죠
보다,보지마는
보다,보지만
보다,보지요
보다,본걸
보다,본들
보다,보나마
보다,보니까
보다,볼
보다,볼걸
보다,볼까
보다,볼는지
보다,볼라
보다,볼라고
보다,볼러니
보다,볼러라
보다,볼런고
보다,볼망정
보다,볼밖에
보다,볼뿐더러
보다,볼수록
보다,볼지라도
보다,보며
보다,보면
보다,보면서
보다,보세요
보다,보셔요
보다,보지
보다,보아도/봐도
보다,보아서/봐서
보다,보아야/봐야
보다,보아야만/봐야만
보다,보아야지/봐야지
보다,보아요/봐요
보다,보건대
보다,보나니
보다,보느라
보다,보느라고
보다,보는구나
보다,보는군
보다,보도록
보다,보자
보다,보자고
보다,보자꾸나
보다,보자느니
보다,보자니까
보다,보자마자
보다,보자며
보다,보자면
보다,보자면서
보다,본
보다,본다
보다,본다고
보다,본다나
보다,본다네
보다,본다느니
보다,본다니
보다,본다니까
보다,본다더라
보다,본다며
보다,본다면
보다,본다면서
보다,본답니까
보다,본답니다
보다,본답시고
보다,본대
보다,본대요
보다,볼거나
보다,볼게
보다,볼래
보다,보라고
보다,보러
보다,보려
보다,봅시다
보다,보세
보다,보시라
보다,보십시다
보다,보십시오
보다,보아다/봐다
보다,보아다가/봐다가
보다,보고자
보다,보느냐
보다,보느냐고
보다,보느니
보다,보느니만
보다,보느니만큼
보다,보는
보다,보는걸
보다,보는데
보다,보는지
보다,보아도
보다,보아서
보다,보아야
보다,보아야만
보다,보아야지
보다,보아요
잃어버리다,잃어버리거나
잃어버리다,잃어버리거늘
잃어버리다,잃어버리거니
잃어버리다,잃어버리거든
잃어버리다,잃어버리건
잃어버리다,잃어버리것다
잃어버리다,잃어버리게
잃어버리다,잃어버리겠
잃어버리다,잃어버리고
잃어버리다,잃어버리고말고
잃어버리다,잃어버리기로
잃어버리다,잃어버리기로니
잃어버리다,잃어버리기로서
잃어버리다,잃어버리기로서니
잃어버리다,잃어버리기에
잃어버리다,잃어버리네
잃어버리다,잃어버리니
잃어버리다,잃어버리다
잃어버리다,잃어버리다가
잃어버리다,잃어버리다가는
잃어버리다,잃어버리다간
잃어버리다,잃어버리다니
잃어버리다,잃어버리다마다
잃어버리다,잃어버리더니
잃어버리다,잃어버리더니라
잃어버리다,잃어버리더라
잃어버리다,잃어버리더라니까
잃어버리다,잃어버리더라도
잃어버리다,잃어버리더라며
잃어버리다,잃어버리더라면
잃어버리다,잃어버리더라면서
잃어버리다,잃어버리더람
잃어버리다,잃어버리던
잃어버리다,잃어버리던가
잃어버리다,잃어버리던데
잃어버리다,잃어버리던지
잃어버리다,잃어버리데
잃어버리다,잃어버리데요
잃어버리다,잃어버리도다
잃어버리다,잃어버리되
잃어버리다,잃어버리든
잃어버리다,잃어버리든지
잃어버리다,잃어버리듯
잃어버리다,잃어버리듯이
잃어버리다,잃어버리죠
잃어버리다,잃어버리지마는
잃어버리다,잃어버리지만
잃어버리다,잃어버리지요
잃어버리다,잃어버린걸
잃어버리다,잃어버린들
잃어버리다,잃어버리나마
잃어버리다,잃어버리니까
잃어버리다,잃어버릴
잃어버리다,잃어버릴걸
잃어버리다,잃어버릴까
잃어버리다,잃어버릴는지
잃어버리다,잃어버릴라
잃어버리다,잃어버릴라고
잃어버리다,잃어버릴러니
잃어버리다,잃어버릴러라
잃어버리다,잃어버릴런고
잃어버리다,잃어버릴망정
잃어버리다,잃어버릴밖에
잃어버리다,잃어버릴뿐더러
잃어버리다,잃어버릴수록
잃어버리다,잃어버릴지라도
잃어버리다,잃어버리며
잃어버리다,잃어버리면
잃어버리다,잃어버리면서
잃어버리다,잃어버리세요
잃어버리다,잃어버리셔요
잃어버리다,잃어버리지
잃어버리다,잃어버리건대
잃어버리다,잃어버리나니
잃어버리다,잃어버리느라
잃어버리다,잃어버리느라고
잃어버리다,잃어버리는구나
잃어버리다,잃어버리는군
잃어버리다,잃어버리도록
잃어버리다,잃어버리자
잃어버리다,잃어버리자고
잃어버리다,잃어버리자꾸나
잃어버리다,잃어버리자느니
잃어버리다,잃어버리자니까
잃어버리다,잃어버리자마자
잃어버리다,잃어버리자며
잃어버리다,잃어버리자면
잃어버리다,잃어버리자면서
잃어버리다,잃어버린
잃어버리다,잃어버린다
잃어버리다,잃어버린다고
잃어버리다,잃어버린다나
잃어버리다,잃어버린다네
잃어버리다,잃어버린다느니
잃어버리다,잃어버린다니
잃어버리다,잃어버린다니까
잃어버리다,잃어버린다더라
잃어버리다,잃어버린다며
잃어버리다,잃어버린다면
잃어버리다,잃어버린다면서
잃어버리다,잃어버린답니까
잃어버리다,잃어버린답니다
잃어버리다,잃어버린답시고
잃어버리다,잃어버린대
잃어버리다,잃어버린대요
잃어버리다,잃어버릴거나
잃어버리다,잃어버릴게
잃어버리다,잃어버릴래
잃어버리다,잃어버리라고
잃어버리다,잃어버리러
잃어버리다,잃어버리려
잃어버리다,잃어버립시다
잃어버리다,잃어버리세
잃어버리다,잃어버리시라
잃어버리다,잃어버리십시다
잃어버리다,잃어버리십시오
잃어버리다,잃어버리고자
잃어버리다,잃어버리느냐
잃어버리다,잃어버리느냐고
잃어버리다,잃어버리느니
잃어버리다,잃어버리느니만
잃어버리다,잃어버리느니만큼
잃어버리다,잃어버리는
잃어버리다,잃어버리는걸
잃어버리다,잃어버리는데
잃어버리다,잃어버리는지
사랑하다,사랑하거나
사랑하다,사랑하거늘
사랑하다,사랑하거니
사랑하다,사랑하거든
사랑하다,사랑하건
사랑하다,사랑하것다
사랑하다,사랑하게
사랑하다,사랑하겠
사랑하다,사랑하고
사랑하다,사랑하고말고
사랑하다,사랑하기로
사랑하다,사랑하기로니
사랑하다,사랑하기로서
사랑하다,사랑하기로서니
사랑하다,사랑하기에
사랑하다,사랑하네
사랑하다,사랑하니
사랑하다,사랑하다
사랑하다,사랑하다가
사랑하다,사랑하다가는
사랑하다,사랑하다간
사랑하다,사랑하다니
사랑하다,사랑하다마다
사랑하다,사랑하더니
사랑하다,사랑하더니라
사랑하다,사랑하더라
사랑하다,사랑하더라니까
사랑하다,사랑하더라도
사랑하다,사랑하더라며
사랑하다,사랑하더라면
사랑하다,사랑하더라면서
사랑하다,사랑하더람
사랑하다,사랑하던
사랑하다,사랑하던가
사랑하다,사랑하던데
사랑하다,사랑하던지
사랑하다,사랑하데
사랑하다,사랑하데요
사랑하다,사랑하도다
사랑하다,사랑하되
사랑하다,사랑하든
사랑하다,사랑하든지
사랑하다,사랑하듯
사랑하다,사랑하듯이
사랑하다,사랑하죠
사랑하다,사랑하지마는
사랑하다,사랑하지만
사랑하다,사랑하지요
사랑하다,사랑한걸
사랑하다,사랑한들
사랑하다,사랑하나마
사랑하다,사랑하니까
사랑하다,사랑할
사랑하다,사랑할걸
사랑하다,사랑할까
사랑하다,사랑할는지
사랑하다,사랑할라
사랑하다,사랑할라고
사랑하다,사랑할러니
사랑하다,사랑할러라
사랑하다,사랑할런고
사랑하다,사랑할망정
사랑하다,사랑할밖에
사랑하다,사랑할뿐더러
사랑하다,사랑할수록
사랑하다,사랑할지라도
사랑하다,사랑하며
사랑하다,사랑하면
사랑하다,사랑하면서
사랑하다,사랑하세요
사랑하다,사랑하셔요
사랑하다,사랑하지
사랑하다,사랑하건대
사랑하다,사랑하나니
사랑하다,사랑하느라
사랑하다,사랑하느라고
사랑하다,사랑하는구나
사랑하다,사랑하는군
사랑하다,사랑하도록
사랑하다,사랑하자
사랑하다,사랑하자고
사랑하다,사랑하자꾸나
사랑하다,사랑하자느니
사랑하다,사랑하자니까
사랑하다,사랑하자마자
사랑하다,사랑하자며
사랑하다,사랑하자면
사랑하다,사랑하자면서
사랑하다,사랑한
사랑하다,사랑한다
사랑하다,사랑한다고
사랑하다,사랑한다나
사랑하다,사랑한다네
사랑하다,사랑한다느니
사랑하다,사랑한다니
사랑하다,사랑한다니까
사랑하다,사랑한다더라
사랑하다,사랑한다며
사랑하다,사랑한다면
사랑하다,사랑한다면서
사랑하다,사랑한답니까
사랑하다,사랑한답니다
사랑하다,사랑한답시고
사랑하다,사랑한대
사랑하다,사랑한대요
사랑하다,사랑할거나
사랑하다,사랑할게
사랑하다,사랑할래
사랑하다,사랑하라고
사랑하다,사랑하러
사랑하다,사랑하려
사랑하다,사랑합시다
사랑하다,사랑하세
사랑하다,사랑하시라
사랑하다,사랑하십시다
사랑하다,사랑하십시오
사랑하다,사랑하고자
사랑하다,사랑하느냐
사랑하다,사랑하느냐고
사랑하다,사랑하느니
사랑하다,사랑하느니만
사랑하다,사랑하느니만큼
사랑하다,사랑하는
사랑하다,사랑하는걸
사랑하다,사랑하는데
사랑하다,사랑하는지
배우다,배우거나
배우다,배우거늘
배우다,배우거니
배우다,배우거든
배우다,배우건
배우다,배우것다
배우다,배우게
배우다,배우겠
배우다,배우고
배우다,배우고말고
배우다,배우기로
배우다,배우기로니
배우다,배우기로서
배우다,배우기로서니
배우다,배우기에
배우다,배우네
배우다,배우니
배우다,배우다
배우다,배우다가
배우다,배우다가는
배우다,배우다간
배우다,배우다니
배우다,배우다마다
배우다,배우더니
배우다,배우더니라
배우다,배우더라
배우다,배우더라니까
배우다,배우더라도
배우다,배우더라며
배우다,배우더라면
배우다,배우더라면서
배우다,배우더람
배우다,배우던
배우다,배우던가
배우다,배우던데
배우다,배우던지
배우다,배우데
배우다,배우데요
배우다,배우도다
배우다,배우되
배우다,배우든
배우다,배우든지
배우다,배우듯
배우다,배우듯이
배우다,배우죠
배우다,배우지마는
배우다,배우지만
배우다,배우지요
배우다,배운걸
배우다,배운들
배우다,배우나마
배우다,배우니까
배우다,배울
배우다,배울걸
배우다,배울까
배우다,배울는지
배우다,배울라
배우다,배울라고
배우다,배울러니
배우다,배울러라
배우다,배울런고
배우다,배울망정
배우다,배울밖에
배우다,배울뿐더러
배우다,배울수록
배우다,배울지라도
배우다,배우며
배우다,배우면
배우다,배우면서
배우다,배우세요
배우다,배우셔요
배우다,배우지
배우다,배우건대
배우다,배우나니
배우다,배우느라
배우다,배우느라고
배우다,배우는구나
배우다,배우는군
배우다,배우도록
배우다,배우자
배우다,배우자고
배우다,배우자꾸나
배우다,배우자느니
배우다,배우자니까
배우다,배우자마자
배우다,배우자며
배우다,배우자면
배우다,배우자면서
배우다,배운
배우다,배운다
배우다,배운다고
배우다,배운다나
배우다,배운다네
배우다,배운다느니
배우다,배운다니
배우다,배운다니까
배우다,배운다더라
배우다,배운다며
배우다,배운다면
배우다,배운다면서
배우다,배운답니까
배우다,배운답니다
배우다,배운답시고
배우다,배운대
배우다,배운대요
배우다,배울거나
배우다,배울게
배우다,배울래
배우다,배우라고
배우다,배우러
배우다,배우려
배우다,배웁시다
배우다,배우세
배우다,배우시라
배우다,배우십시다
배우다,배우십시오
배우다,배우고자
배우다,배우느냐
배우다,배우느냐고
배우다,배우느니
배우다,배우느니만
배우다,배우느니만큼
배우다,배우는
배우다,배우는걸
배우다,배우는데
배우다,배우는지
분실하다,분실하거나
분실하다,분실하거늘
분실하다,분실하거니
분실하다,분실하거든
분실하다,분실하건
분실하다,분실하것다
분실하다,분실하게
분실하다,분실하겠
분실하다,분실하고
분실하다,분실하고말고
분실하다,분실하기로
분실하다,분실하기로니
분실하다,분실하기로서
분실하다,분실하기로서니
분실하다,분실하기에
분실하다,분실하네
분실하다,분실하니
분실하다,분실하다
분실하다,분실하다가
분실하다,분실하다가는
분실하다,분실하다간
분실하다,분실하다니
분실하다,분실하다마다
분실하다,분실하더니
분실하다,분실하더니라
분실하다,분실하더라
분실하다,분실하더라니까
분실하다,분실하더라도
분실하다,분실하더라며
분실하다,분실하더라면
분실하다,분실하더라면서
분실하다,분실하더람
분실하다,분실하던
분실하다,분실하던가
분실하다,분실하던데
분실하다,분실하던지
분실하다,분실하데
분실하다,분실하데요
분실하다,분실하도다
분실하다,분실하되
분실하다,분실하든
분실하다,분실하든지
분실하다,분실하듯
분실하다,분실하듯이
분실하다,분실하죠
분실하다,분실하지마는
분실하다,분실하지만
분실하다,분실하지요
분실하다,분실한걸
분실하다,분실한들
분실하다,분실하나마
분실하다,분실하니까
분실하다,분실할
분실하다,분실할걸
분실하다,분실할까
분실하다,분실할는지
분실하다,분실할라
분실하다,분실할라고
분실하다,분실할러니
분실하다,분실할러라
분실하다,분실할런고
분실하다,분실할망정
분실하다,분실할밖에
분실하다,분실할뿐더러
분실하다,분실할수록
분실하다,분실할지라도
분실하다,분실하며
분실하다,분실하면
분실하다,분실하면서
분실하다,분실하세요
분실하다,분실하셔요
분실하다,분실하지
분실하다,분실하건대
분실하다,분실하나니
분실하다,분실하느라
분실하다,분실하느라고
분실하다,분실하는구나
분실하다,분실하는군
분실하다,분실하도록
분실하다,분실하자
분실하다,분실하자고
분실하다,분실하자꾸나
분실하다,분실하자느니
분실하다,분실하자니까
분실하다,분실하자마자
분실하다,분실하자며
분실하다,분실하자면
분실하다,분실하자면서
분실하다,분실한
분실하다,분실한다
분실하다,분실한다고
분실하다,분실한다나
분실하다,분실한다네
분실하다,분실한다느니
분실하다,분실한다니
분실하다,분실한다니까
분실하다,분실한다더라
분실하다,분실한다며
분실하다,분실한다면
분실하다,분실한다면서
분실하다,분실한답니까
분실하다,분실한답니다
분실하다,분실한답시고
분실하다,분실한대
분실하다,분실한대요
분실하다,분실할거나
분실하다,분실할게
분실하다,분실할래
분실하다,분실하라고
분실하다,분실하러
분실하다,분실하려
분실하다,분실합시다
분실하다,분실하세
분실하다,분실하시라
분실하다,분실하십시다
분실하다,분실하십시오
분실하다,분실하고자
분실하다,분실하느냐
분실하다,분실하느냐고
분실하다,분실하느니
분실하다,분실하느니만
분실하다,분실하느니만큼
분실하다,분실하는
분실하다,분실하는걸
분실하다,분실하는데
분실하다,분실하는지
켜다,켜거나
켜다,켜거늘
켜다,켜거니
켜다,켜거든
켜다,켜건
켜다,켜것다
켜다,켜게
켜다,켜겠
켜다,켜고
켜다,켜고말고
켜다,켜기로
켜다,켜기로니
켜다,켜기로서
켜다,켜기로서니
켜다,켜기에
켜다,켜네
켜다,켜니
켜다,켜다
켜다,켜다가
켜다,켜다가는
켜다,켜다간
켜다,켜다니
켜다,켜다마다
켜다,켜더니
켜다,켜더니라
켜다,켜더라
켜다,켜더라니까
켜다,켜더라도
켜다,켜더라며
켜다,켜더라면
켜다,켜더라면서
켜다,켜더람
켜다,켜던
켜다,켜던가
켜다,켜던데
켜다,켜던지
켜다,켜데
켜다,켜데요
켜다,켜도다
켜다,켜되
켜다,켜든
켜다,켜든지
켜다,켜듯
켜다,켜듯이
켜다,켜죠
켜다,켜지마는
켜다,켜지만
켜다,켜지요
켜다,켠걸
켜다,켠들
켜다,켜나마
켜다,켜니까
켜다,켤
켜다,켤걸
켜다,켤까
켜다,켤는지
켜다,켤라
켜다,켤라고
켜다,켤러니
켜다,켤러라
켜다,켤런고
켜다,켤망정
켜다,켤밖에
켜다,켤뿐더러
켜다,켤수록
켜다,켤지라도
켜다,켜며
켜다,켜면
켜다,켜면서
켜다,켜세요
켜다,켜셔요
켜다,켜지
켜다,켜건대
켜다,켜나니
켜다,켜느라
켜다,켜느라고
켜다,켜는구나
켜다,켜는군
켜다,켜도록
켜다,켜자
켜다,켜자고
켜다,켜자꾸나
켜다,켜자느니
켜다,켜자니까
켜다,켜자마자
켜다,켜자며
켜다,켜자면
켜다,켜자면서
켜다,켠
켜다,켠다
켜다,켠다고
켜다,켠다나
켜다,켠다네
켜다,켠다느니
켜다,켠다니
켜다,켠다니까
켜다,켠다더라
켜다,켠다며
켜다,켠다면
켜다,켠다면서
켜다,켠답니까
켜다,켠답니다
켜다,켠답시고
켜다,켠대
켜다,켠대요
켜다,켤거나
켜다,켤게
켜다,켤래
켜다,켜라고
켜다,켜러
켜다,켜려
켜다,켭시다
켜다,켜세
켜다,켜시라
켜다,켜십시다
켜다,켜십시오
켜다,켜고자
켜다,켜느냐
켜다,켜느냐고
켜다,켜느니
켜다,켜느니만
켜다,켜느니만큼
켜다,켜는
켜다,켜는걸
켜다,켜는데
켜다,켜는지
출발하다,출발하거나
출발하다,출발하거늘
출발하다,출발하거니
출발하다,출발하거든
출발하다,출발하건
출발하다,출발하것다
출발하다,출발하게
출발하다,출발하겠
출발하다,출발하고
출발하다,출발하고말고
출발하다,출발하기로
출발하다,출발하기로니
출발하다,출발하기로서
출발하다,출발하기로서니
출발하다,출발하기에
출발하다,출발하네
출발하다,출발하니
출발하다,출발하다
출발하다,출발하다가
출발하다,출발하다가는
출발하다,출발하다간
출발하다,출발하다니
출발하다,출발하다마다
출발하다,출발하더니
출발하다,출발하더니라
출발하다,출발하더라
출발하다,출발하더라니까
출발하다,출발하더라도
출발하다,출발하더라며
출발하다,출발하더라면
출발하다,출발하더라면서
출발하다,출발하더람
출발하다,출발하던
출발하다,출발하던가
출발하다,출발하던데
출발하다,출발하던지
출발하다,출발하데
출발하다,출발하데요
출발하다,출발하도다
출발하다,출발하되
출발하다,출발하든
출발하다,출발하든지
출발하다,출발하듯
출발하다,출발하듯이
출발하다,출발하죠
출발하다,출발하지마는
출발하다,출발하지만
출발하다,출발하지요
출발하다,출발한걸
출발하다,출발한들
출발하다,출발하나마
출발하다,출발하니까
출발하다,출발할
출발하다,출발할걸
출발하다,출발할까
출발하다,출발할는지
출발하다,출발할라
출발하다,출발할라고
출발하다,출발할러니
출발하다,출발할러라
출발하다,출발할런고
출발하다,출발할망정
출발하다,출발할밖에
출발하다,출발할뿐더러
출발하다,출발할수록
출발하다,출발할지라도
출발하다,출발하며
출발하다,출발하면
출발하다,출발하면서
출발하다,출발하세요
출발하다,출발하셔요
출발하다,출발하지
출발하다,출발하건대
출발하다,출발하나니
출발하다,출발하느라
출발하다,출발하느라고
출발하다,출발하는구나
출발하다,출발하는군
출발하다,출발하도록
출발하다,출발하자
출발하다,출발하자고
출발하다,출발하자꾸나
출발하다,출발하자느니
출발하다,출발하자니까
출발하다,출발하자마자
출발하다,출발하자며
출발하다,출발하자면
출발하다,출발하자면서
출발하다,출발한
출발하다,출발한다
출발하다,출발한다고
출발하다,출발한다나
출발하다,출발한다네
출발하다,출발한다느니
출발하다,출발한다니
출발하다,출발한다니까
출발하다,출발한다더라
출발하다,출발한다며
출발하다,출발한다면
출발하다,출발한다면서
출발하다,출발한답니까
출발하다,출발한답니다
출발하다,출발한답시고
출발하다,출발한대
출발하다,출발한대요
출발하다,출발할거나
출발하다,출발할게
출발하다,출발할래
출발하다,출발하라고
출발하다,출발하러
출발하다,출발하려
출발하다,출발합시다
출발하다,출발하세
출발하다,출발하시라
출발하다,출발하십시다
출발하다,출발하십시오
출발하다,출발하고자
출발하다,출발하느냐
출발하다,출발하느냐고
출발하다,출발하느니
출발하다,출발하느니만
출발하다,출발하느니만큼
출발하다,출발하는
출발하다,출발하는걸
출발하다,출발하는데
출발하다,출발하는지
눕다,눕거나
눕다,눕거늘
눕다,눕거니
눕다,눕거든
눕다,눕건
눕다,눕것다
눕다,눕게
눕다,눕겠
눕다,눕고
눕다,눕고말고
눕다,눕기로
눕다,눕기로니
눕다,눕기로서
눕다,눕기로서니
눕다,눕기에
눕다,눕네
눕다,눕니
눕다,눕다
눕다,눕다가
눕다,눕다가는
눕다,눕다간
눕다,눕다니
눕다,눕다마다
눕다,눕더니
눕다,눕더니라
눕다,눕더라
눕다,눕더라니까
눕다,눕더라도
눕다,눕더라며
눕다,눕더라면
눕다,눕더라면서
눕다,눕더람
눕다,눕던
눕다,눕던가
눕다,눕던데
눕다,눕던지
눕다,눕데
눕다,눕데요
눕다,눕도다
눕다,눕되
눕다,눕든
눕다,눕든지
눕다,눕듯
눕다,눕듯이
눕다,눕죠
눕다,눕지마는
눕다,눕지만
눕다,눕지요
눕다,눕지
눕다,누울
눕다,누울걸
눕다,누울밖에
눕다,누울수록
눕다,누울지
눕다,누울지며
눕다,누움
눕다,누움에도
눕다,누웁시오
눕다,눕건대
눕다,눕나니
눕다,눕느라
눕다,눕느라고
눕다,눕는구나
눕다,눕는군
눕다,눕도록
눕다,눕자
눕다,눕자고
눕다,눕자꾸나
눕다,눕자느니
눕다,눕자니까
눕다,눕자마자
눕다,눕자며
눕다,눕자면
눕다,눕자면서
눕다,눕고자
눕다,눕느냐
눕다,눕느냐고
눕다,눕느니
눕다,눕느니만
눕다,눕느니만큼
눕다,눕는
눕다,눕는걸
눕다,눕는데
눕다,눕는지
눕다,누우러
눕다,누웁시다
대출하다,대출하거나
대출하다,대출하거늘
대출하다,대출하거니
대출하다,대출하거든
대출하다,대출하건
대출하다,대출하것다
대출하다,대출하게
대출하다,대출하겠
대출하다,대출하고
대출하다,대출하고말고
대출하다,대출하기로
대출하다,대출하기로니
대출하다,대출하기로서
대출하다,대출하기로서니
대출하다,대출하기에
대출하다,대출하네
대출하다,대출하니
대출하다,대출하다
대출하다,대출하다가
대출하다,대출하다가는
대출하다,대출하다간
대출하다,대출하다니
대출하다,대출하다마다
대출하다,대출하더니
대출하다,대출하더니라
대출하다,대출하더라
대출하다,대출하더라니까
대출하다,대출하더라도
대출하다,대출하더라며
대출하다,대출하더라면
대출하다,대출하더라면서
대출하다,대출하더람
대출하다,대출하던
대출하다,대출하던가
대출하다,대출하던데
대출하다,대출하던지
대출하다,대출하데
대출하다,대출하데요
대출하다,대출하도다
대출하다,대출하되
대출하다,대출하든
대출하다,대출하든지
대출하다,대출하듯
대출하다,대출하듯이
대출하다,대출하죠
대출하다,대출하지마는
대출하다,대출하지만
대출하다,대출하지요
대출하다,대출한걸
대출하다,대출한들
대출하다,대출하나마
대출하다,대출하니까
대출하다,대출할
대출하다,대출할걸
대출하다,대출할까
대출하다,대출할는지
대출하다,대출할라
대출하다,대출할라고
대출하다,대출할러니
대출하다,대출할러라
대출하다,대출할런고
대출하다,대출할망정
대출하다,대출할밖에
대출하다,대출할뿐더러
대출하다,대출할수록
대출하다,대출할지라도
대출하다,대출하며
대출하다,대출하면
대출하다,대출하면서
대출하다,대출하세요
대출하다,대출하셔요
대출하다,대출하지
대출하다,대출하건대
대출하다,대출하나니
대출하다,대출하느라
대출하다,대출하느라고
대출하다,대출하는구나
대출하다,대출하는군
대출하다,대출하도록
대출하다,대출하자
대출하다,대출하자고
대출하다,대출하자꾸나
대출하다,대출하자느니
대출하다,대출하자니까
대출하다,대출하자마자
대출하다,대출하자며
대출하다,대출하자면
대출하다,대출하자면서
대출하다,대출한
대출하다,대출한다
대출하다,대출한다고
대출하다,대출한다나
대출하다,대출한다네
대출하다,대출한다느니
대출하다,대출한다니
대출하다,대출한다니까
대출하다,대출한다더라
대출하다,대출한다며
대출하다,대출한다면
대출하다,대출한다면서
대출하다,대출한답니까
대출하다,대출한답니다
대출하다,대출한답시고
대출하다,대출한대
대출하다,대출한대요
대출하다,대출할거나
대출하다,대출할게
대출하다,대출할래
대출하다,대출하라고
대출하다,대출하러
대출하다,대출하려
대출하다,대출합시다
대출하다,대출하세
대출하다,대출하시라
대출하다,대출하십시다
대출하다,대출하십시오
대출하다,대출하고자
대출하다,대출하느냐
대출하다,대출하느냐고
대출하다,대출하느니
대출하다,대출하느니만
대출하다,대출하느니만큼
대출하다,대출하는
대출하다,대출하는걸
대출하다,대출하는데
대출하다,대출하는지
지키다,지키거나
지키다,지키거늘
지키다,지키거니
지키다,지키거든
지키다,지키건
지키다,지키것다
지키다,지키게
지키다,지키겠
지키다,지키고
지키다,지키고말고
지키다,지키기로
지키다,지키기로니
지키다,지키기로서
지키다,지키기로서니
지키다,지키기에
지키다,지키네
지키다,지키니
지키다,지키다
지키다,지키다가
지키다,지키다가는
지키다,지키다간
지키다,지키다니
지키다,지키다마다
지키다,지키더니
지키다,지키더니라
지키다,지키더라
지키다,지키더라니까
지키다,지키더라도
지키다,지키더라며
지키다,지키더라면
지키다,지키더라면서
지키다,지키더람
지키다,지키던
지키다,지키던가
지키다,지키던데
지키다,지키던지
지키다,지키데
지키다,지키데요
지키다,지키도다
지키다,지키되
지키다,지키든
지키다,지키든지
지키다,지키듯
지키다,지키듯이
지키다,지키죠
지키다,지키지마는
지키다,지키지만
지키다,지키지요
지키다,지킨걸
지키다,지킨들
지키다,지키나마
지키다,지키니까
지키다,지킬
지키다,지킬걸
지키다,지킬까
지키다,지킬는지
지키다,지킬라
지키다,지킬라고
지키다,지킬러니
지키다,지킬러라
지키다,지킬런고
지키다,지킬망정
지키다,지킬밖에
지키다,지킬뿐더러
지키다,지킬수록
지키다,지킬지라도
지키다,지키며
지키다,지키면
지키다,지키면서
지키다,지키세요
지키다,지키셔요
지키다,지키지
지키다,지키건대
지키다,지키나니
지키다,지키느라
지키다,지키느라고
지키다,지키는구나
지키다,지키는군
지키다,지키도록
지키다,지키자
지키다,지키자고
지키다,지키자꾸나
지키다,지키자느니
지키다,지키자니까
지키다,지키자마자
지키다,지키자며
지키다,지키자면
지키다,지키자면서
지키다,지킨
지키다,지킨다
지키다,지킨다고
지키다,지킨다나
지키다,지킨다네
지키다,지킨다느니
지키다,지킨다니
지키다,지킨다니까
지키다,지킨다더라
지키다,지킨다며
지키다,지킨다면
지키다,지킨다면서
지키다,지킨답니까
지키다,지킨답니다
지키다,지킨답시고
지키다,지킨대
지키다,지킨대요
지키다,지킬거나
지키다,지킬게
지키다,지킬래
지키다,지키라고
지키다,지키러
지키다,지키려
지키다,지킵시다
지키다,지키세
지키다,지키시라
지키다,지키십시다
지키다,지키십시오
지키다,지키고자
지키다,지키느냐
지키다,지키느냐고
지키다,지키느니
지키다,지키느니만
지키다,지키느니만큼
지키다,지키는
지키다,지키는걸
지키다,지키는데
지키다,지키는지
중요하다,중요하거나
중요하다,중요하거늘
중요하다,중요하거니
중요하다,중요하거든
중요하다,중요하건
중요하다,중요하것다
중요하다,중요하게
중요하다,중요하겠
중요하다,중요하고
중요하다,중요하고말고
중요하다,중요하기로
중요하다,중요하기로니
중요하다,중요하기로서
중요하다,중요하기로서니
중요하다,중요하기에
중요하다,중요하네
중요하다,중요하니
중요하다,중요하다
중요하다,중요하다가
중요하다,중요하다가는
중요하다,중요하다간
중요하다,중요하다니
중요하다,중요하다마다
중요하다,중요하더니
중요하다,중요하더니라
중요하다,중요하더라
중요하다,중요하더라니까
중요하다,중요하더라도
중요하다,중요하더라며
중요하다,중요하더라면
중요하다,중요하더라면서
중요하다,중요하더람
중요하다,중요하던
중요하다,중요하던가
중요하다,중요하던데
중요하다,중요하던지
중요하다,중요하데
중요하다,중요하데요
중요하다,중요하도다
중요하다,중요하되
중요하다,중요하든
중요하다,중요하든지
중요하다,중요하듯
중요하다,중요하듯이
중요하다,중요하죠
중요하다,중요하지마는
중요하다,중요하지만
중요하다,중요하지요
중요하다,중요한걸
중요하다,중요한들
중요하다,중요하나마
중요하다,중요하니까
중요하다,중요할
중요하다,중요할걸
중요하다,중요할까
중요하다,중요할는지
중요하다,중요할라
중요하다,중요할라고
중요하다,중요할러니
중요하다,중요할러라
중요하다,중요할런고
중요하다,중요할망정
중요하다,중요할밖에
중요하다,중요할뿐더러
중요하다,중요할수록
중요하다,중요할지라도
중요하다,중요하며
중요하다,중요하면
중요하다,중요하면서
중요하다,중요하세요
중요하다,중요하셔요
중요하다,중요하지
중요하다,중요하건대
중요하다,중요하나니
중요하다,중요하느라
중요하다,중요하느라고
중요하다,중요하는구나
중요하다,중요하는군
중요하다,중요하도록
중요하다,중요하자
중요하다,중요하자고
중요하다,중요하자꾸나
중요하다,중요하자느니
중요하다,중요하자니까
중요하다,중요하자마자
중요하다,중요하자며
중요하다,중요하자면
중요하다,중요하자면서
중요하다,중요한
중요하다,중요한다
중요하다,중요한다고
중요하다,중요한다나
중요하다,중요한다네
중요하다,중요한다느니
중요하다,중요한다니
중요하다,중요한다니까
중요하다,중요한다더라
중요하다,중요한다며
중요하다,중요한다면
중요하다,중요한다면서
중요하다,중요한답니까
중요하다,중요한답니다
중요하다,중요한답시고
중요하다,중요한대
중요하다,중요한대요
중요하다,중요할거나
중요하다,중요할게
중요하다,중요할래
중요하다,중요하라고
중요하다,중요하러
중요하다,중요하려
중요하다,중요합시다
중요하다,중요하세
중요하다,중요하시라
중요하다,중요하십시다
중요하다,중요하십시오
중요하다,중요하고자
중요하다,중요하느냐
중요하다,중요하느냐고
중요하다,중요하느니
중요하다,중요하느니만
중요하다,중요하느니만큼
중요하다,중요하는
중요하다,중요하는걸
중요하다,중요하는데
중요하다,중요하는지
측정하다,측정하거나
측정하다,측정하거늘
측정하다,측정하거니
측정하다,측정하거든
측정하다,측정하건
측정하다,측정하것다
측정하다,측정하게
측정하다,측정하겠
측정하다,측정하고
측정하다,측정하고말고
측정하다,측정하기로
측정하다,측정하기로니
측정하다,측정하기로서
측정하다,측정하기로서니
측정하다,측정하기에
측정하다,측정하네
측정하다,측정하니
측정하다,측정하다
측정하다,측정하다가
측정하다,측정하다가는
측정하다,측정하다간
측정하다,측정하다니
측정하다,측정하다마다
측정하다,측정하더니
측정하다,측정하더니라
측정하다,측정하더라
측정하다,측정하더라니까
측정하다,측정하더라도
측정하다,측정하더라며
측정하다,측정하더라면
측정하다,측정하더라면서
측정하다,측정하더람
측정하다,측정하던
측정하다,측정하던가
측정하다,측정하던데
측정하다,측정하던지
측정하다,측정하데
측정하다,측정하데요
측정하다,측정하도다
측정하다,측정하되
측정하다,측정하든
측정하다,측정하든지
측정하다,측정하듯
측정하다,측정하듯이
측정하다,측정하죠
측정하다,측정하지마는
측정하다,측정하지만
측정하다,측정하지요
측정하다,측정한걸
측정하다,측정한들
측정하다,측정하나마
측정하다,측정하니까
측정하다,측정할
측정하다,측정할걸
측정하다,측정할까
측정하다,측정할는지
측정하다,측정할라
측정하다,측정할라고
측정하다,측정할러니
측정하다,측정할러라
측정하다,측정할런고
측정하다,측정할망정
측정하다,측정할밖에
측정하다,측정할뿐더러
측정하다,측정할수록
측정하다,측정할지라도
측정하다,측정하며
측정하다,측정하면
측정하다,측정하면서
측정하다,측정하세요
측정하다,측정하셔요
측정하다,측정하지
측정하다,측정하건대
측정하다,측정하나니
측정하다,측정하느라
측정하다,측정하느라고
측정하다,측정하는구나
측정하다,측정하는군
측정하다,측정하도록
측정하다,측정하자
측정하다,측정하자고
측정하다,측정하자꾸나
측정하다,측정하자느니
측정하다,측정하자니까
측정하다,측정하자마자
측정하다,측정하자며
측정하다,측정하자면
측정하다,측정하자면서
측정하다,측정한
측정하다,측정한다
측정하다,측정한다고
측정하다,측정한다나
측정하다,측정한다네
측정하다,측정한다느니
측정하다,측정한다니
측정하다,측정한다니까
측정하다,측정한다더라
측정하다,측정한다며
측정하다,측정한다면
측정하다,측정한다면서
측정하다,측정한답니까
측정하다,측정한답니다
측정하다,측정한답시고
측정하다,측정한대
측정하다,측정한대요
측정하다,측정할거나
측정하다,측정할게
측정하다,측정할래
측정하다,측정하라고
측정하다,측정하러
측정하다,측정하려
측정하다,측정합시다
측정하다,측정하세
측정하다,측정하시라
측정하다,측정하십시다
측정하다,측정하십시오
측정하다,측정하고자
측정하다,측정하느냐
측정하다,측정하느냐고
측정하다,측정하느니
측정하다,측정하느니만
측정하다,측정하느니만큼
측정하다,측정하는
측정하다,측정하는걸
측정하다,측정하는데
측정하다,측정하는지
만나다,만나거나
만나다,만나거늘
만나다,만나거니
만나다,만나거든
만나다,만나건
만나다,만나것다
만나다,만나게
만나다,만나겠
만나다,만나고
만나다,만나고말고
만나다,만나기로
만나다,만나기로니
만나다,만나기로서
만나다,만나기로서니
만나다,만나기에
만나다,만나네
만나다,만나니
만나다,만나다
만나다,만나다가
만나다,만나다가는
만나다,만나다간
만나다,만나다니
만나다,만나다마다
만나다,만나더니
만나다,만나더니라
만나다,만나더라
만나다,만나더라니까
만나다,만나더라도
만나다,만나더라며
만나다,만나더라면
만나다,만나더라면서
만나다,만나더람
만나다,만나던
만나다,만나던가
만나다,만나던데
만나다,만나던지
만나다,만나데
만나다,만나데요
만나다,만나도다
만나다,만나되
만나다,만나든
만나다,만나든지
만나다,만나듯
만나다,만나듯이
만나다,만나죠
만나다,만나지마는
만나다,만나지만
만나다,만나지요
만나다,만난걸
만나다,만난들
만나다,만나나마
만나다,만나니까
만나다,만날
만나다,만날걸
만나다,만날까
만나다,만날는지
만나다,만날라
만나다,만날라고
만나다,만날러니
만나다,만날러라
만나다,만날런고
만나다,만날망정
만나다,만날밖에
만나다,만날뿐더러
만나다,만날수록
만나다,만날지라도
만나다,만나며
만나다,만나면
만나다,만나면서
만나다,만나세요
만나다,만나셔요
만나다,만나지
만나다,만나도
만나다,만나서
만나다,만나야
만나다,만나야만
만나다,만나야지
만나다,만나요
만나다,만나건대
만나다,만나나니
만나다,만나느라
만나다,만나느라고
만나다,만나는구나
만나다,만나는군
만나다,만나도록
만나다,만나자
만나다,만나자고
만나다,만나자꾸나
만나다,만나자느니
만나다,만나자니까
만나다,만나자마자
만나다,만나자며
만나다,만나자면
만나다,만나자면서
만나다,만난
만나다,만난다
만나다,만난다고
만나다,만난다나
만나다,만난다네
만나다,만난다느니
만나다,만난다니
만나다,만난다니까
만나다,만난다더라
만나다,만난다며
만나다,만난다면
만나다,만난다면서
만나다,만난답니까
만나다,만난답니다
만나다,만난답시고
만나다,만난대
만나다,만난대요
만나다,만날거나
만나다,만날게
만나다,만날래
만나다,만나라고
만나다,만나러
만나다,만나려
만나다,만납시다
만나다,만나세
만나다,만나시라
만나다,만나십시다
만나다,만나십시오
만나다,만나고자
만나다,만나느냐
만나다,만나느냐고
만나다,만나느니
만나다,만나느니만
만나다,만나느니만큼
만나다,만나는
만나다,만나는걸
만나다,만나는데
만나다,만나는지
녹다,녹거나
녹다,녹거늘
녹다,녹거니
녹다,녹거든
녹다,녹건
녹다,녹것다
녹다,녹게
녹다,녹겠
녹다,녹고
녹다,녹고말고
녹다,녹기로
녹다,녹기로니
녹다,녹기로서
녹다,녹기로서니
녹다,녹기에
녹다,녹네
녹다,녹니
녹다,녹다
녹다,녹다가
녹다,녹다가는
녹다,녹다간
녹다,녹다니
녹다,녹다마다
녹다,녹더니
녹다,녹더니라
녹다,녹더라
녹다,녹더라니까
녹다,녹더라도
녹다,녹더라며
녹다,녹더라면
녹다,녹더라면서
녹다,녹더람
녹다,녹던
녹다,녹던가
녹다,녹던데
녹다,녹던지
녹다,녹데
녹다,녹데요
녹다,녹도다
녹다,녹되
녹다,녹든
녹다,녹든지
녹다,녹듯
녹다,녹듯이
녹다,녹죠
녹다,녹지마는
녹다,녹지만
녹다,녹지요
녹다,녹지
녹다,녹아도
녹다,녹아서
녹다,녹아야
녹다,녹아야만
녹다,녹아야지
녹다,녹아요
녹다,녹을
녹다,녹을걸
녹다,녹을밖에
녹다,녹을수록
녹다,녹을지
녹다,녹을지며
녹다,녹음
녹다,녹음에도
녹다,녹읍시오
녹다,녹건대
녹다,녹나니
녹다,녹느라
녹다,녹느라고
녹다,녹는구나
녹다,녹는군
녹다,녹도록
녹다,녹자
녹다,녹자고
녹다,녹자꾸나
녹다,녹자느니
녹다,녹자니까
녹다,녹자마자
녹다,녹자며
녹다,녹자면
녹다,녹자면서
녹다,녹아다
녹다,녹아다가
녹다,녹고자
녹다,녹느냐
녹다,녹느냐고
녹다,녹느니
녹다,녹느니만
녹다,녹느니만큼
녹다,녹는
녹다,녹는걸
녹다,녹는데
녹다,녹는지
녹다,녹으러
녹다,녹읍시다
언급하다,언급하거나
언급하다,언급하거늘
언급하다,언급하거니
언급하다,언급하거든
언급하다,언급하건
언급하다,언급하것다
언급하다,언급하게
언급하다,언급하겠
언급하다,언급하고
언급하다,언급하고말고
언급하다,언급하기로
언급하다,언급하기로니
언급하다,언급하기로서
언급하다,언급하기로서니
언급하다,언급하기에
언급하다,언급하네
언급하다,언급하니
언급하다,언급하다
언급하다,언급하다가
언급하다,언급하다가는
언급하다,언급하다간
언급하다,언급하다니
언급하다,언급하다마다
언급하다,언급하더니
언급하다,언급하더니라
언급하다,언급하더라
언급하다,언급하더라니까
언급하다,언급하더라도
언급하다,언급하더라며
언급하다,언급하더라면
언급하다,언급하더라면서
언급하다,언급하더람
언급하다,언급하던
언급하다,언급하던가
언급하다,언급하던데
언급하다,언급하던지
언급하다,언급하데
언급하다,언급하데요
언급하다,언급하도다
언급하다,언급하되
언급하다,언급하든
언급하다,언급하든지
언급하다,언급하듯
언급하다,언급하듯이
언급하다,언급하죠
언급하다,언급하지마는
언급하다,언급하지만
언급하다,언급하지요
언급하다,언급한걸
언급하다,언급한들
언급하다,언급하나마
언급하다,언급하니까
언급하다,언급할
언급하다,언급할걸
언급하다,언급할까
언급하다,언급할는지
언급하다,언급할라
언급하다,언급할라고
언급하다,언급할러니
언급하다,언급할러라
언급하다,언급할런고
언급하다,언급할망정
언급하다,언급할밖에
언급하다,언급할뿐더러
언급하다,언급할수록
언급하다,언급할지라도
언급하다,언급하며
언급하다,언급하면
언급하다,언급하면서
언급하다,언급하세요
언급하다,언급하셔요
언급하다,언급하지
언급하다,언급하건대
언급하다,언급하나니
언급하다,언급하느라
언급하다,언급하느라고
언급하다,언급하는구나
언급하다,언급하는군
언급하다,언급하도록
언급하다,언급하자
언급하다,언급하자고
언급하다,언급하자꾸나
언급하다,언급하자느니
언급하다,언급하자니까
언급하다,언급하자마자
언급하다,언급하자며
언급하다,언급하자면
언급하다,언급하자면서
언급하다,언급한
언급하다,언급한다
언급하다,언급한다고
언급하다,언급한다나
언급하다,언급한다네
언급하다,언급한다느니
언급하다,언급한다니
언급하다,언급한다니까
언급하다,언급한다더라
언급하다,언급한다며
언급하다,언급한다면
언급하다,언급한다면서
언급하다,언급한답니까
언급하다,언급한답니다
언급하다,언급한답시고
언급하다,언급한대
언급하다,언급한대요
언급하다,언급할거나
언급하다,언급할게
언급하다,언급할래
언급하다,언급하라고
언급하다,언급하러
언급하다,언급하려
언급하다,언급합시다
언급하다,언급하세
언급하다,언급하시라
언급하다,언급하십시다
언급하다,언급하십시오
언급하다,언급하고자
언급하다,언급하느냐
언급하다,언급하느냐고
언급하다,언급하느니
언급하다,언급하느니만
언급하다,언급하느니만큼
언급하다,언급하는
언급하다,언급하는걸
언급하다,언급하는데
언급하다,언급하는지
놓치다,놓치거나
놓치다,놓치거늘
놓치다,놓치거니
놓치다,놓치거든
놓치다,놓치건
놓치다,놓치것다
놓치다,놓치게
놓치다,놓치겠
놓치다,놓치고
놓치다,놓치고말고
놓치다,놓치기로
놓치다,놓치기로니
놓치다,놓치기로서
놓치다,놓치기로서니
놓치다,놓치기에
놓치다,놓치네
놓치다,놓치니
놓치다,놓치다
놓치다,놓치다가
놓치다,놓치다가는
놓치다,놓치다간
놓치다,놓치다니
놓치다,놓치다마다
놓치다,놓치더니
놓치다,놓치더니라
놓치다,놓치더라
놓치다,놓치더라니까
놓치다,놓치더라도
놓치다,놓치더라며
놓치다,놓치더라면
놓치다,놓치더라면서
놓치다,놓치더람
놓치다,놓치던
놓치다,놓치던가
놓치다,놓치던데
놓치다,놓치던지
놓치다,놓치데
놓치다,놓치데요
놓치다,놓치도다
놓치다,놓치되
놓치다,놓치든
놓치다,놓치든지
놓치다,놓치듯
놓치다,놓치듯이
놓치다,놓치죠
놓치다,놓치지마는
놓치다,놓치지만
놓치다,놓치지요
놓치다,놓친걸
놓치다,놓친들
놓치다,놓치나마
놓치다,놓치니까
놓치다,놓칠
놓치다,놓칠걸
놓치다,놓칠까
놓치다,놓칠는지
놓치다,놓칠라
놓치다,놓칠라고
놓치다,놓칠러니
놓치다,놓칠러라
놓치다,놓칠런고
놓치다,놓칠망정
놓치다,놓칠밖에
놓치다,놓칠뿐더러
놓치다,놓칠수록
놓치다,놓칠지라도
놓치다,놓치며
놓치다,놓치면
놓치다,놓치면서
놓치다,놓치세요
놓치다,놓치셔요
놓치다,놓치지
놓치다,놓치건대
놓치다,놓치나니
놓치다,놓치느라
놓치다,놓치느라고
놓치다,놓치는구나
놓치다,놓치는군
놓치다,놓치도록
놓치다,놓치자
놓치다,놓치자고
놓치다,놓치자꾸나
놓치다,놓치자느니
놓치다,놓치자니까
놓치다,놓치자마자
놓치다,놓치자며
놓치다,놓치자면
놓치다,놓치자면서
놓치다,놓친
놓치다,놓친다
놓치다,놓친다고
놓치다,놓친다나
놓치다,놓친다네
놓치다,놓친다느니
놓치다,놓친다니
놓치다,놓친다니까
놓치다,놓친다더라
놓치다,놓친다며
놓치다,놓친다면
놓치다,놓친다면서
놓치다,놓친답니까
놓치다,놓친답니다
놓치다,놓친답시고
놓치다,놓친대
놓치다,놓친대요
놓치다,놓칠거나
놓치다,놓칠게
놓치다,놓칠래
놓치다,놓치라고
놓치다,놓치러
놓치다,놓치려
놓치다,놓칩시다
놓치다,놓치세
놓치다,놓치시라
놓치다,놓치십시다
놓치다,놓치십시오
놓치다,놓치고자
놓치다,놓치느냐
놓치다,놓치느냐고
놓치다,놓치느니
놓치다,놓치느니만
놓치다,놓치느니만큼
놓치다,놓치는
놓치다,놓치는걸
놓치다,놓치는데
놓치다,놓치는지
섞이다,섞이거나
섞이다,섞이거늘
섞이다,섞이거니
섞이다,섞이거든
섞이다,섞이건
섞이다,섞이것다
섞이다,섞이게
섞이다,섞이겠
섞이다,섞이고
섞이다,섞이고말고
섞이다,섞이기로
섞이다,섞이기로니
섞이다,섞이기로서
섞이다,섞이기로서니
섞이다,섞이기에
섞이다,섞이네
섞이다,섞이니
섞이다,섞이다
섞이다,섞이다가
섞이다,섞이다가는
섞이다,섞이다간
섞이다,섞이다니
섞이다,섞이다마다
섞이다,섞이더니
섞이다,섞이더니라
섞이다,섞이더라
섞이다,섞이더라니까
섞이다,섞이더라도
섞이다,섞이더라며
섞이다,섞이더라면
섞이다,섞이더라면서
섞이다,섞이더람
섞이다,섞이던
섞이다,섞이던가
섞이다,섞이던데
섞이다,섞이던지
섞이다,섞이데
섞이다,섞이데요
섞이다,섞이도다
섞이다,섞이되
섞이다,섞이든
섞이다,섞이든지
섞이다,섞이듯
섞이다,섞이듯이
섞이다,섞이죠
섞이다,섞이지마는
섞이다,섞이지만
섞이다,섞이지요
섞이다,섞인걸
섞이다,섞인들
섞이다,섞이나마
섞이다,섞이니까
섞이다,섞일
섞이다,섞일걸
섞이다,섞일까
섞이다,섞일는지
섞이다,섞일라
섞이다,섞일라고
섞이다,섞일러니
섞이다,섞일러라
섞이다,섞일런고
섞이다,섞일망정
섞이다,섞일밖에
섞이다,섞일뿐더러
섞이다,섞일수록
섞이다,섞일지라도
섞이다,섞이며
섞이다,섞이면
섞이다,섞이면서
섞이다,섞이세요
섞이다,섞이셔요
섞이다,섞이지
섞이다,섞이건대
섞이다,섞이나니
섞이다,섞이느라
섞이다,섞이느라고
섞이다,섞이는구나
섞이다,섞이는군
섞이다,섞이도록
섞이다,섞이자
섞이다,섞이자고
섞이다,섞이자꾸나
섞이다,섞이자느니
섞이다,섞이자니까
섞이다,섞이자마자
섞이다,섞이자며
섞이다,섞이자면
섞이다,섞이자면서
섞이다,섞인
섞이다,섞인다
섞이다,섞인다고
섞이다,섞인다나
섞이다,섞인다네
섞이다,섞인다느니
섞이다,섞인다니
섞이다,섞인다니까
섞이다,섞인다더라
섞이다,섞인다며
섞이다,섞인다면
섞이다,섞인다면서
섞이다,섞인답니까
섞이다,섞인답니다
섞이다,섞인답시고
섞이다,섞인대
섞이다,섞인대요
섞이다,섞일거나
섞이다,섞일게
섞이다,섞일래
섞이다,섞이라고
섞이다,섞이러
섞이다,섞이려
섞이다,섞입시다
섞이다,섞이세
섞이다,섞이시라
섞이다,섞이십시다
섞이다,섞이십시오
섞이다,섞이고자
섞이다,섞이느냐
섞이다,섞이느냐고
섞이다,섞이느니
섞이다,섞이느니만
섞이다,섞이느니만큼
섞이다,섞이는
섞이다,섞이는걸
섞이다,섞이는데
섞이다,섞이는지
깎다,깎거나
깎다,깎거늘
깎다,깎거니
깎다,깎거든
깎다,깎건
깎다,깎것다
깎다,깎게
깎다,깎겠
깎다,깎고
깎다,깎고말고
깎다,깎기로
깎다,깎기로니
깎다,깎기로서
깎다,깎기로서니
깎다,깎기에
깎다,깎네
깎다,깎니
깎다,깎다
깎다,깎다가
깎다,깎다가는
깎다,깎다간
깎다,깎다니
깎다,깎다마다
깎다,깎더니
깎다,깎더니라
깎다,깎더라
깎다,깎더라니까
깎다,깎더라도
깎다,깎더라며
깎다,깎더라면
깎다,깎더라면서
깎다,깎더람
깎다,깎던
깎다,깎던가
깎다,깎던데
깎다,깎던지
깎다,깎데
깎다,깎데요
깎다,깎도다
깎다,깎되
깎다,깎든
깎다,깎든지
깎다,깎듯
깎다,깎듯이
깎다,깎죠
깎다,깎지마는
깎다,깎지만
깎다,깎지요
깎다,깎지
깎다,깎아도
깎다,깎아서
깎다,깎아야
깎다,깎아야만
깎다,깎아야지
깎다,깎아요
깎다,깎을
깎다,깎을걸
깎다,깎을밖에
깎다,깎을수록
깎다,깎을지
깎다,깎을지며
깎다,깎음
깎다,깎음에도
깎다,깎읍시오
깎다,깎건대
깎다,깎나니
깎다,깎느라
깎다,깎느라고
깎다,깎는구나
깎다,깎는군
깎다,깎도록
깎다,깎자
깎다,깎자고
깎다,깎자꾸나
깎다,깎자느니
깎다,깎자니까
깎다,깎자마자
깎다,깎자며
깎다,깎자면
깎다,깎자면서
깎다,깎아다
깎다,깎아다가
깎다,깎고자
깎다,깎느냐
깎다,깎느냐고
깎다,깎느니
깎다,깎느니만
깎다,깎느니만큼
깎다,깎는
깎다,깎는걸
깎다,깎는데
깎다,깎는지
깎다,깎으러
깎다,깎읍시다
제조하다,제조하거나
제조하다,제조하거늘
제조하다,제조하거니
제조하다,제조하거든
제조하다,제조하건
제조하다,제조하것다
제조하다,제조하게
제조하다,제조하겠
제조하다,제조하고
제조하다,제조하고말고
제조하다,제조하기로
제조하다,제조하기로니
제조하다,제조하기로서
제조하다,제조하기로서니
제조하다,제조하기에
제조하다,제조하네
제조하다,제조하니
제조하다,제조하다
제조하다,제조하다가
제조하다,제조하다가는
제조하다,제조하다간
제조하다,제조하다니
제조하다,제조하다마다
제조하다,제조하더니
제조하다,제조하더니라
제조하다,제조하더라
제조하다,제조하더라니까
제조하다,제조하더라도
제조하다,제조하더라며
제조하다,제조하더라면
제조하다,제조하더라면서
제조하다,제조하더람
제조하다,제조하던
제조하다,제조하던가
제조하다,제조하던데
제조하다,제조하던지
제조하다,제조하데
제조하다,제조하데요
제조하다,제조하도다
제조하다,제조하되
제조하다,제조하든
제조하다,제조하든지
제조하다,제조하듯
제조하다,제조하듯이
제조하다,제조하죠
제조하다,제조하지마는
제조하다,제조하지만
제조하다,제조하지요
제조하다,제조한걸
제조하다,제조한들
제조하다,제조하나마
제조하다,제조하니까
제조하다,제조할
제조하다,제조할걸
제조하다,제조할까
제조하다,제조할는지
제조하다,제조할라
제조하다,제조할라고
제조하다,제조할러니
제조하다,제조할러라
제조하다,제조할런고
제조하다,제조할망정
제조하다,제조할밖에
제조하다,제조할뿐더러
제조하다,제조할수록
제조하다,제조할지라도
제조하다,제조하며
제조하다,제조하면
제조하다,제조하면서
제조하다,제조하세요
제조하다,제조하셔요
제조하다,제조하지
제조하다,제조하건대
제조하다,제조하나니
제조하다,제조하느라
제조하다,제조하느라고
제조하다,제조하는구나
제조하다,제조하는군
제조하다,제조하도록
제조하다,제조하자
제조하다,제조하자고
제조하다,제조하자꾸나
제조하다,제조하자느니
제조하다,제조하자니까
제조하다,제조하자마자
제조하다,제조하자며
제조하다,제조하자면
제조하다,제조하자면서
제조하다,제조한
제조하다,제조한다
제조하다,제조한다고
제조하다,제조한다나
제조하다,제조한다네
제조하다,제조한다느니
제조하다,제조한다니
제조하다,제조한다니까
제조하다,제조한다더라
제조하다,제조한다며
제조하다,제조한다면
제조하다,제조한다면서
제조하다,제조한답니까
제조하다,제조한답니다
제조하다,제조한답시고
제조하다,제조한대
제조하다,제조한대요
제조하다,제조할거나
제조하다,제조할게
제조하다,제조할래
제조하다,제조하라고
제조하다,제조하러
제조하다,제조하려
제조하다,제조합시다
제조하다,제조하세
제조하다,제조하시라
제조하다,제조하십시다
제조하다,제조하십시오
제조하다,제조하고자
제조하다,제조하느냐
제조하다,제조하느냐고
제조하다,제조하느니
제조하다,제조하느니만
제조하다,제조하느니만큼
제조하다,제조하는
제조하다,제조하는걸
제조하다,제조하는데
제조하다,제조하는지
섞다,섞거나
섞다,섞거늘
섞다,섞거니
섞다,섞거든
섞다,섞건
섞다,섞것다
섞다,섞게
섞다,섞겠
섞다,섞고
섞다,섞고말고
섞다,섞기로
섞다,섞기로니
섞다,섞기로서
섞다,섞기로서니
섞다,섞기에
섞다,섞네
섞다,섞니
섞다,섞다
섞다,섞다가
섞다,섞다가는
섞다,섞다간
섞다,섞다니
섞다,섞다마다
섞다,섞더니
섞다,섞더니라
섞다,섞더라
섞다,섞더라니까
섞다,섞더라도
섞다,섞더라며
섞다,섞더라면
섞다,섞더라면서
섞다,섞더람
섞다,섞던
섞다,섞던가
섞다,섞던데
섞다,섞던지
섞다,섞데
섞다,섞데요
섞다,섞도다
섞다,섞되
섞다,섞든
섞다,섞든지
섞다,섞듯
섞다,섞듯이
섞다,섞죠
섞다,섞지마는
섞다,섞지만
섞다,섞지요
섞다,섞지
섞다,섞을
섞다,섞을걸
섞다,섞을밖에
섞다,섞을수록
섞다,섞을지
섞다,섞을지며
섞다,섞음
섞다,섞음에도
섞다,섞읍시오
섞다,섞건대
섞다,섞나니
섞다,섞느라
섞다,섞느라고
섞다,섞는구나
섞다,섞는군
섞다,섞도록
섞다,섞자
섞다,섞자고
섞다,섞자꾸나
섞다,섞자느니
섞다,섞자니까
섞다,섞자마자
섞다,섞자며
섞다,섞자면
섞다,섞자면서
섞다,섞고자
섞다,섞느냐
섞다,섞느냐고
섞다,섞느니
섞다,섞느니만
섞다,섞느니만큼
섞다,섞는
섞다,섞는걸
섞다,섞는데
섞다,섞는지
섞다,섞으러
섞다,섞읍시다
개의하다,개의하거나
개의하다,개의하거늘
개의하다,개의하거니
개의하다,개의하거든
개의하다,개의하건
개의하다,개의하것다
개의하다,개의하게
개의하다,개의하겠
개의하다,개의하고
개의하다,개의하고말고
개의하다,개의하기로
개의하다,개의하기로니
개의하다,개의하기로서
개의하다,개의하기로서니
개의하다,개의하기에
개의하다,개의하네
개의하다,개의하니
개의하다,개의하다
개의하다,개의하다가
개의하다,개의하다가는
개의하다,개의하다간
개의하다,개의하다니
개의하다,개의하다마다
개의하다,개의하더니
개의하다,개의하더니라
개의하다,개의하더라
개의하다,개의하더라니까
개의하다,개의하더라도
개의하다,개의하더라며
개의하다,개의하더라면
개의하다,개의하더라면서
개의하다,개의하더람
개의하다,개의하던
개의하다,개의하던가
개의하다,개의하던데
개의하다,개의하던지
개의하다,개의하데
개의하다,개의하데요
개의하다,개의하도다
개의하다,개의하되
개의하다,개의하든
개의하다,개의하든지
개의하다,개의하듯
개의하다,개의하듯이
개의하다,개의하죠
개의하다,개의하지마는
개의하다,개의하지만
개의하다,개의하지요
개의하다,개의한걸
개의하다,개의한들
개의하다,개의하나마
개의하다,개의하니까
개의하다,개의할
개의하다,개의할걸
개의하다,개의할까
개의하다,개의할는지
개의하다,개의할라
개의하다,개의할라고
개의하다,개의할러니
개의하다,개의할러라
개의하다,개의할런고
개의하다,개의할망정
개의하다,개의할밖에
개의하다,개의할뿐더러
개의하다,개의할수록
개의하다,개의할지라도
개의하다,개의하며
개의하다,개의하면
개의하다,개의하면서
개의하다,개의하세요
개의하다,개의하셔요
개의하다,개의하지
개의하다,개의하건대
개의하다,개의하나니
개의하다,개의하느라
개의하다,개의하느라고
개의하다,개의하는구나
개의하다,개의하는군
개의하다,개의하도록
개의하다,개의하자
개의하다,개의하자고
개의하다,개의하자꾸나
개의하다,개의하자느니
개의하다,개의하자니까
개의하다,개의하자마자
개의하다,개의하자며
개의하다,개의하자면
개의하다,개의하자면서
개의하다,개의한
개의하다,개의한다
개의하다,개의한다고
개의하다,개의한다나
개의하다,개의한다네
개의하다,개의한다느니
개의하다,개의한다니
개의하다,개의한다니까
개의하다,개의한다더라
개의하다,개의한다며
개의하다,개의한다면
개의하다,개의한다면서
개의하다,개의한답니까
개의하다,개의한답니다
개의하다,개의한답시고
개의하다,개의한대
개의하다,개의한대요
개의하다,개의할거나
개의하다,개의할게
개의하다,개의할래
개의하다,개의하라고
개의하다,개의하러
개의하다,개의하려
개의하다,개의합시다
개의하다,개의하세
개의하다,개의하시라
개의하다,개의하십시다
개의하다,개의하십시오
개의하다,개의하고자
개의하다,개의하느냐
개의하다,개의하느냐고
개의하다,개의하느니
개의하다,개의하느니만
개의하다,개의하느니만큼
개의하다,개의하는
개의하다,개의하는걸
개의하다,개의하는데
개의하다,개의하는지
목격하다,목격하거나
목격하다,목격하거늘
목격하다,목격하거니
목격하다,목격하거든
목격하다,목격하건
목격하다,목격하것다
목격하다,목격하게
목격하다,목격하겠
목격하다,목격하고
목격하다,목격하고말고
목격하다,목격하기로
목격하다,목격하기로니
목격하다,목격하기로서
목격하다,목격하기로서니
목격하다,목격하기에
목격하다,목격하네
목격하다,목격하니
목격하다,목격하다
목격하다,목격하다가
목격하다,목격하다가는
목격하다,목격하다간
목격하다,목격하다니
목격하다,목격하다마다
목격하다,목격하더니
목격하다,목격하더니라
목격하다,목격하더라
목격하다,목격하더라니까
목격하다,목격하더라도
목격하다,목격하더라며
목격하다,목격하더라면
목격하다,목격하더라면서
목격하다,목격하더람
목격하다,목격하던
목격하다,목격하던가
목격하다,목격하던데
목격하다,목격하던지
목격하다,목격하데
목격하다,목격하데요
목격하다,목격하도다
목격하다,목격하되
목격하다,목격하든
목격하다,목격하든지
목격하다,목격하듯
목격하다,목격하듯이
목격하다,목격하죠
목격하다,목격하지마는
목격하다,목격하지만
목격하다,목격하지요
목격하다,목격한걸
목격하다,목격한들
목격하다,목격하나마
목격하다,목격하니까
목격하다,목격할
목격하다,목격할걸
목격하다,목격할까
목격하다,목격할는지
목격하다,목격할라
목격하다,목격할라고
목격하다,목격할러니
목격하다,목격할러라
목격하다,목격할런고
목격하다,목격할망정
목격하다,목격할밖에
목격하다,목격할뿐더러
목격하다,목격할수록
목격하다,목격할지라도
목격하다,목격하며
목격하다,목격하면
목격하다,목격하면서
목격하다,목격하세요
목격하다,목격하셔요
목격하다,목격하지
목격하다,목격하건대
목격하다,목격하나니
목격하다,목격하느라
목격하다,목격하느라고
목격하다,목격하는구나
목격하다,목격하는군
목격하다,목격하도록
목격하다,목격하자
목격하다,목격하자고
목격하다,목격하자꾸나
목격하다,목격하자느니
목격하다,목격하자니까
목격하다,목격하자마자
목격하다,목격하자며
목격하다,목격하자면
목격하다,목격하자면서
목격하다,목격한
목격하다,목격한다
목격하다,목격한다고
목격하다,목격한다나
목격하다,목격한다네
목격하다,목격한다느니
목격하다,목격한다니
목격하다,목격한다니까
목격하다,목격한다더라
목격하다,목격한다며
목격하다,목격한다면
목격하다,목격한다면서
목격하다,목격한답니까
목격하다,목격한답니다
목격하다,목격한답시고
목격하다,목격한대
목격하다,목격한대요
목격하다,목격할거나
목격하다,목격할게
목격하다,목격할래
목격하다,목격하라고
목격하다,목격하러
목격하다,목격하려
목격하다,목격합시다
목격하다,목격하세
목격하다,목격하시라
목격하다,목격하십시다
목격하다,목격하십시오
목격하다,목격하고자
목격하다,목격하느냐
목격하다,목격하느냐고
목격하다,목격하느니
목격하다,목격하느니만
목격하다,목격하느니만큼
목격하다,목격하는
목격하다,목격하는걸
목격하다,목격하는데
목격하다,목격하는지
제안하다,제안하거나
제안하다,제안하거늘
제안하다,제안하거니
제안하다,제안하거든
제안하다,제안하건
제안하다,제안하것다
제안하다,제안하게
제안하다,제안하겠
제안하다,제안하고
제안하다,제안하고말고
제안하다,제안하기로
제안하다,제안하기로니
제안하다,제안하기로서
제안하다,제안하기로서니
제안하다,제안하기에
제안하다,제안하네
제안하다,제안하니
제안하다,제안하다
제안하다,제안하다가
제안하다,제안하다가는
제안하다,제안하다간
제안하다,제안하다니
제안하다,제안하다마다
제안하다,제안하더니
제안하다,제안하더니라
제안하다,제안하더라
제안하다,제안하더라니까
제안하다,제안하더라도
제안하다,제안하더라며
제안하다,제안하더라면
제안하다,제안하더라면서
제안하다,제안하더람
제안하다,제안하던
제안하다,제안하던가
제안하다,제안하던데
제안하다,제안하던지
제안하다,제안하데
제안하다,제안하데요
제안하다,제안하도다
제안하다,제안하되
제안하다,제안하든
제안하다,제안하든지
제안하다,제안하듯
제안하다,제안하듯이
제안하다,제안하죠
제안하다,제안하지마는
제안하다,제안하지만
제안하다,제안하지요
제안하다,제안한걸
제안하다,제안한들
제안하다,제안하나마
제안하다,제안하니까
제안하다,제안할
제안하다,제안할걸
제안하다,제안할까
제안하다,제안할는지
제안하다,제안할라
제안하다,제안할라고
제안하다,제안할러니
제안하다,제안할러라
제안하다,제안할런고
제안하다,제안할망정
제안하다,제안할밖에
제안하다,제안할뿐더러
제안하다,제안할수록
제안하다,제안할지라도
제안하다,제안하며
제안하다,제안하면
제안하다,제안하면서
제안하다,제안하세요
제안하다,제안하셔요
제안하다,제안하지
제안하다,제안하건대
제안하다,제안하나니
제안하다,제안하느라
제안하다,제안하느라고
제안하다,제안하는구나
제안하다,제안하는군
제안하다,제안하도록
제안하다,제안하자
제안하다,제안하자고
제안하다,제안하자꾸나
제안하다,제안하자느니
제안하다,제안하자니까
제안하다,제안하자마자
제안하다,제안하자며
제안하다,제안하자면
제안하다,제안하자면서
제안하다,제안한
제안하다,제안한다
제안하다,제안한다고
제안하다,제안한다나
제안하다,제안한다네
제안하다,제안한다느니
제안하다,제안한다니
제안하다,제안한다니까
제안하다,제안한다더라
제안하다,제안한다며
제안하다,제안한다면
제안하다,제안한다면서
제안하다,제안한답니까
제안하다,제안한답니다
제안하다,제안한답시고
제안하다,제안한대
제안하다,제안한대요
제안하다,제안할거나
제안하다,제안할게
제안하다,제안할래
제안하다,제안하라고
제안하다,제안하러
제안하다,제안하려
제안하다,제안합시다
제안하다,제안하세
제안하다,제안하시라
제안하다,제안하십시다
제안하다,제안하십시오
제안하다,제안하고자
제안하다,제안하느냐
제안하다,제안하느냐고
제안하다,제안하느니
제안하다,제안하느니만
제안하다,제안하느니만큼
제안하다,제안하는
제안하다,제안하는걸
제안하다,제안하는데
제안하다,제안하는지
열다,열거나
열다,열거늘
열다,열거니
열다,열거든
열다,열건
열다,열것다
열다,열게
열다,열겠
열다,열고
열다,열고말고
열다,열기로
열다,열기로니
열다,열기로서
열다,열기로서니
열다,열기에
열다,열네
열다,열니
열다,열다
열다,열다가
열다,열다가는
열다,열다간
열다,열다니
열다,열다마다
열다,열더니
열다,열더니라
열다,열더라
열다,열더라니까
열다,열더라도
열다,열더라며
열다,열더라면
열다,열더라면서
열다,열더람
열다,열던
열다,열던가
열다,열던데
열다,열던지
열다,열데
열다,열데요
열다,열도다
열다,열되
열다,열든
열다,열든지
열다,열듯
열다,열듯이
열다,열죠
열다,열지마는
열다,열지만
열다,열지요
열다,연걸
열다,연들
열다,여나마
열다,여니
열다,여니까
열다,열
열다,열걸
열다,열까
열다,열는지
열다,열라
열다,열라고
열다,열러니
열다,열러라
열다,열런고
열다,열망정
열다,열밖에
열다,열뿐더러
열다,열수록
열다,열지라도
열다,여며
열다,여면
열다,여면서
열다,여세요
열다,여셔요
열다,열지
열다,열건대
열다,열나니
열다,열느라
열다,열느라고
열다,열는구나
열다,열는군
열다,열도록
열다,열자
열다,열자고
열다,열자꾸나
열다,열자느니
열다,열자니까
열다,열자마자
열다,열자며
열다,열자면
열다,열자면서
열다,연
열다,연다
열다,연다고
열다,연다나
열다,연다네
열다,연다느니
열다,연다니
열다,연다니까
열다,연다더라
열다,연다며
열다,연다면
열다,연다면서
열다,연답니까
열다,연답니다
열다,연답시고
열다,연대
열다,연대요
열다,열래
열다,여라고
열다,여러
열다,여려
열다,엽시다
열다,여세
열다,여시라
열다,여십시다
열다,여십시오
열다,열고자
열다,열느냐
열다,열느냐고
열다,열느니
열다,열느니만
열다,열느니만큼
열다,열는
열다,열는걸
열다,열는데
작동하다,작동하거나
작동하다,작동하거늘
작동하다,작동하거니
작동하다,작동하거든
작동하다,작동하건
작동하다,작동하것다
작동하다,작동하게
작동하다,작동하겠
작동하다,작동하고
작동하다,작동하고말고
작동하다,작동하기로
작동하다,작동하기로니
작동하다,작동하기로서
작동하다,작동하기로서니
작동하다,작동하기에
작동하다,작동하네
작동하다,작동하니
작동하다,작동하다
작동하다,작동하다가
작동하다,작동하다가는
작동하다,작동하다간
작동하다,작동하다니
작동하다,작동하다마다
작동하다,작동하더니
작동하다,작동하더니라
작동하다,작동하더라
작동하다,작동하더라니까
작동하다,작동하더라도
작동하다,작동하더라며
작동하다,작동하더라면
작동하다,작동하더라면서
작동하다,작동하더람
작동하다,작동하던
작동하다,작동하던가
작동하다,작동하던데
작동하다,작동하던지
작동하다,작동하데
작동하다,작동하데요
작동하다,작동하도다
작동하다,작동하되
작동하다,작동하든
작동하다,작동하든지
작동하다,작동하듯
작동하다,작동하듯이
작동하다,작동하죠
작동하다,작동하지마는
작동하다,작동하지만
작동하다,작동하지요
작동하다,작동한걸
작동하다,작동한들
작동하다,작동하나마
작동하다,작동하니까
작동하다,작동할
작동하다,작동할걸
작동하다,작동할까
작동하다,작동할는지
작동하다,작동할라
작동하다,작동할라고
작동하다,작동할러니
작동하다,작동할러라
작동하다,작동할런고
작동하다,작동할망정
작동하다,작동할밖에
작동하다,작동할뿐더러
작동하다,작동할수록
작동하다,작동할지라도
작동하다,작동하며
작동하다,작동하면
작동하다,작동하면서
작동하다,작동하세요
작동하다,작동하셔요
작동하다,작동하지
작동하다,작동하건대
작동하다,작동하나니
작동하다,작동하느라
작동하다,작동하느라고
작동하다,작동하는구나
작동하다,작동하는군
작동하다,작동하도록
작동하다,작동하자
작동하다,작동하자고
작동하다,작동하자꾸나
작동하다,작동하자느니
작동하다,작동하자니까
작동하다,작동하자마자
작동하다,작동하자며
작동하다,작동하자면
작동하다,작동하자면서
작동하다,작동한
작동하다,작동한다
작동하다,작동한다고
작동하다,작동한다나
작동하다,작동한다네
작동하다,작동한다느니
작동하다,작동한다니
작동하다,작동한다니까
작동하다,작동한다더라
작동하다,작동한다며
작동하다,작동한다면
작동하다,작동한다면서
작동하다,작동한답니까
작동하다,작동한답니다
작동하다,작동한답시고
작동하다,작동한대
작동하다,작동한대요
작동하다,작동할거나
작동하다,작동할게
작동하다,작동할래
작동하다,작동하라고
작동하다,작동하러
작동하다,작동하려
작동하다,작동합시다
작동하다,작동하세
작동하다,작동하시라
작동하다,작동하십시다
작동하다,작동하십시오
작동하다,작동하고자
작동하다,작동하느냐
작동하다,작동하느냐고
작동하다,작동하느니
작동하다,작동하느니만
작동하다,작동하느니만큼
작동하다,작동하는
작동하다,작동하는걸
작동하다,작동하는데
작동하다,작동하는지
주문하다,주문하거나
주문하다,주문하거늘
주문하다,주문하거니
주문하다,주문하거든
주문하다,주문하건
주문하다,주문하것다
주문하다,주문하게
주문하다,주문하겠
주문하다,주문하고
주문하다,주문하고말고
주문하다,주문하기로
주문하다,주문하기로니
주문하다,주문하기로서
주문하다,주문하기로서니
주문하다,주문하기에
주문하다,주문하네
주문하다,주문하니
주문하다,주문하다
주문하다,주문하다가
주문하다,주문하다가는
주문하다,주문하다간
주문하다,주문하다니
주문하다,주문하다마다
주문하다,주문하더니
주문하다,주문하더니라
주문하다,주문하더라
주문하다,주문하더라니까
주문하다,주문하더라도
주문하다,주문하더라며
주문하다,주문하더라면
주문하다,주문하더라면서
주문하다,주문하더람
주문하다,주문하던
주문하다,주문하던가
주문하다,주문하던데
주문하다,주문하던지
주문하다,주문하데
주문하다,주문하데요
주문하다,주문하도다
주문하다,주문하되
주문하다,주문하든
주문하다,주문하든지
주문하다,주문하듯
주문하다,주문하듯이
주문하다,주문하죠
주문하다,주문하지마는
주문하다,주문하지만
주문하다,주문하지요
주문하다,주문한걸
주문하다,주문한들
주문하다,주문하나마
주문하다,주문하니까
주문하다,주문할
주문하다,주문할걸
주문하다,주문할까
주문하다,주문할는지
주문하다,주문할라
주문하다,주문할라고
주문하다,주문할러니
주문하다,주문할러라
주문하다,주문할런고
주문하다,주문할망정
주문하다,주문할밖에
주문하다,주문할뿐더러
주문하다,주문할수록
주문하다,주문할지라도
주문하다,주문하며
주문하다,주문하면
주문하다,주문하면서
주문하다,주문하세요
주문하다,주문하셔요
주문하다,주문하지
주문하다,주문하건대
주문하다,주문하나니
주문하다,주문하느라
주문하다,주문하느라고
주문하다,주문하는구나
주문하다,주문하는군
주문하다,주문하도록
주문하다,주문하자
주문하다,주문하자고
주문하다,주문하자꾸나
주문하다,주문하자느니
주문하다,주문하자니까
주문하다,주문하자마자
주문하다,주문하자며
주문하다,주문하자면
주문하다,주문하자면서
주문하다,주문한
주문하다,주문한다
주문하다,주문한다고
주문하다,주문한다나
주문하다,주문한다네
주문하다,주문한다느니
주문하다,주문한다니
주문하다,주문한다니까
주문하다,주문한다더라
주문하다,주문한다며
주문하다,주문한다면
주문하다,주문한다면서
주문하다,주문한답니까
주문하다,주문한답니다
주문하다,주문한답시고
주문하다,주문한대
주문하다,주문한대요
주문하다,주문할거나
주문하다,주문할게
주문하다,주문할래
주문하다,주문하라고
주문하다,주문하러
주문하다,주문하려
주문하다,주문합시다
주문하다,주문하세
주문하다,주문하시라
주문하다,주문하십시다
주문하다,주문하십시오
주문하다,주문하고자
주문하다,주문하느냐
주문하다,주문하느냐고
주문하다,주문하느니
주문하다,주문하느니만
주문하다,주문하느니만큼
주문하다,주문하는
주문하다,주문하는걸
주문하다,주문하는데
주문하다,주문하는지
극복하다,극복하거나
극복하다,극복하거늘
극복하다,극복하거니
극복하다,극복하거든
극복하다,극복하건
극복하다,극복하것다
극복하다,극복하게
극복하다,극복하겠
극복하다,극복하고
극복하다,극복하고말고
극복하다,극복하기로
극복하다,극복하기로니
극복하다,극복하기로서
극복하다,극복하기로서니
극복하다,극복하기에
극복하다,극복하네
극복하다,극복하니
극복하다,극복하다
극복하다,극복하다가
극복하다,극복하다가는
극복하다,극복하다간
극복하다,극복하다니
극복하다,극복하다마다
극복하다,극복하더니
극복하다,극복하더니라
극복하다,극복하더라
극복하다,극복하더라니까
극복하다,극복하더라도
극복하다,극복하더라며
극복하다,극복하더라면
극복하다,극복하더라면서
극복하다,극복하더람
극복하다,극복하던
극복하다,극복하던가
극복하다,극복하던데
극복하다,극복하던지
극복하다,극복하데
극복하다,극복하데요
극복하다,극복하도다
극복하다,극복하되
극복하다,극복하든
극복하다,극복하든지
극복하다,극복하듯
극복하다,극복하듯이
극복하다,극복하죠
극복하다,극복하지마는
극복하다,극복하지만
극복하다,극복하지요
극복하다,극복한걸
극복하다,극복한들
극복하다,극복하나마
극복하다,극복하니까
극복하다,극복할
극복하다,극복할걸
극복하다,극복할까
극복하다,극복할는지
극복하다,극복할라
극복하다,극복할라고
극복하다,극복할러니
극복하다,극복할러라
극복하다,극복할런고
극복하다,극복할망정
극복하다,극복할밖에
극복하다,극복할뿐더러
극복하다,극복할수록
극복하다,극복할지라도
극복하다,극복하며
극복하다,극복하면
극복하다,극복하면서
극복하다,극복하세요
극복하다,극복하셔요
극복하다,극복하지
극복하다,극복하건대
극복하다,극복하나니
극복하다,극복하느라
극복하다,극복하느라고
극복하다,극복하는구나
극복하다,극복하는군
극복하다,극복하도록
극복하다,극복하자
극복하다,극복하자고
극복하다,극복하자꾸나
극복하다,극복하자느니
극복하다,극복하자니까
극복하다,극복하자마자
극복하다,극복하자며
극복하다,극복하자면
극복하다,극복하자면서
극복하다,극복한
극복하다,극복한다
극복하다,극복한다고
극복하다,극복한다나
극복하다,극복한다네
극복하다,극복한다느니
극복하다,극복한다니
극복하다,극복한다니까
극복하다,극복한다더라
극복하다,극복한다며
극복하다,극복한다면
극복하다,극복한다면서
극복하다,극복한답니까
극복하다,극복한답니다
극복하다,극복한답시고
극복하다,극복한대
극복하다,극복한대요
극복하다,극복할거나
극복하다,극복할게
극복하다,극복할래
극복하다,극복하라고
극복하다,극복하러
극복하다,극복하려
극복하다,극복합시다
극복하다,극복하세
극복하다,극복하시라
극복하다,극복하십시다
극복하다,극복하십시오
극복하다,극복하고자
극복하다,극복하느냐
극복하다,극복하느냐고
극복하다,극복하느니
극복하다,극복하느니만
극복하다,극복하느니만큼
극복하다,극복하는
극복하다,극복하는걸
극복하다,극복하는데
극복하다,극복하는지
빚지고 있다,있거나
빚지고 있다,있거늘
빚지고 있다,있거니
빚지고 있다,있거든
빚지고 있다,있건
빚지고 있다,있것다
빚지고 있다,있게
빚지고 있다,있겠
빚지고 있다,있고
빚지고 있다,있고말고
빚지고 있다,있기로
빚지고 있다,있기로니
빚지고 있다,있기로서
빚지고 있다,있기로서니
빚지고 있다,있기에
빚지고 있다,있네
빚지고 있다,있니
빚지고 있다,있다
빚지고 있다,있다가
빚지고 있다,있다가는
빚지고 있다,있다간
빚지고 있다,있다니
빚지고 있다,있다마다
빚지고 있다,있더니
빚지고 있다,있더니라
빚지고 있다,있더라
빚지고 있다,있더라니까
빚지고 있다,있더라도
빚지고 있다,있더라며
빚지고 있다,있더라면
빚지고 있다,있더라면서
빚지고 있다,있더람
빚지고 있다,있던
빚지고 있다,있던가
빚지고 있다,있던데
빚지고 있다,있던지
빚지고 있다,있데
빚지고 있다,있데요
빚지고 있다,있도다
빚지고 있다,있되
빚지고 있다,있든
빚지고 있다,있든지
빚지고 있다,있듯
빚지고 있다,있듯이
빚지고 있다,있죠
빚지고 있다,있지마는
빚지고 있다,있지만
빚지고 있다,있지요
빚지고 있다,있지
빚지고 있다,있을
빚지고 있다,있을걸
빚지고 있다,있을밖에
빚지고 있다,있을수록
빚지고 있다,있을지
빚지고 있다,있을지며
빚지고 있다,있음
빚지고 있다,있음에도
빚지고 있다,있읍시오
빚지고 있다,있건대
빚지고 있다,있나니
빚지고 있다,있느라
빚지고 있다,있느라고
빚지고 있다,있는구나
빚지고 있다,있는군
빚지고 있다,있도록
빚지고 있다,있자
빚지고 있다,있자고
빚지고 있다,있자꾸나
빚지고 있다,있자느니
빚지고 있다,있자니까
빚지고 있다,있자마자
빚지고 있다,있자며
빚지고 있다,있자면
빚지고 있다,있자면서
빚지고 있다,있고자
빚지고 있다,있느냐
빚지고 있다,있느냐고
빚지고 있다,있느니
빚지고 있다,있느니만
빚지고 있다,있느니만큼
빚지고 있다,있는
빚지고 있다,있는걸
빚지고 있다,있는데
빚지고 있다,있는지
빚지고 있다,있으러
빚지고 있다,있읍시다
쉽게 이기다,이기거나
쉽게 이기다,이기거늘
쉽게 이기다,이기거니
쉽게 이기다,이기거든
쉽게 이기다,이기건
쉽게 이기다,이기것다
쉽게 이기다,이기게
쉽게 이기다,이기겠
쉽게 이기다,이기고
쉽게 이기다,이기고말고
쉽게 이기다,이기기로
쉽게 이기다,이기기로니
쉽게 이기다,이기기로서
쉽게 이기다,이기기로서니
쉽게 이기다,이기기에
쉽게 이기다,이기네
쉽게 이기다,이기니
쉽게 이기다,이기다
쉽게 이기다,이기다가
쉽게 이기다,이기다가는
쉽게 이기다,이기다간
쉽게 이기다,이기다니
쉽게 이기다,이기다마다
쉽게 이기다,이기더니
쉽게 이기다,이기더니라
쉽게 이기다,이기더라
쉽게 이기다,이기더라니까
쉽게 이기다,이기더라도
쉽게 이기다,이기더라며
쉽게 이기다,이기더라면
쉽게 이기다,이기더라면서
쉽게 이기다,이기더람
쉽게 이기다,이기던
쉽게 이기다,이기던가
쉽게 이기다,이기던데
쉽게 이기다,이기던지
쉽게 이기다,이기데
쉽게 이기다,이기데요
쉽게 이기다,이기도다
쉽게 이기다,이기되
쉽게 이기다,이기든
쉽게 이기다,이기든지
쉽게 이기다,이기듯
쉽게 이기다,이기듯이
쉽게 이기다,이기죠
쉽게 이기다,이기지마는
쉽게 이기다,이기지만
쉽게 이기다,이기지요
쉽게 이기다,이긴걸
쉽게 이기다,이긴들
쉽게 이기다,이기나마
쉽게 이기다,이기니까
쉽게 이기다,이길
쉽게 이기다,이길걸
쉽게 이기다,이길까
쉽게 이기다,이길는지
쉽게 이기다,이길라
쉽게 이기다,이길라고
쉽게 이기다,이길러니
쉽게 이기다,이길러라
쉽게 이기다,이길런고
쉽게 이기다,이길망정
쉽게 이기다,이길밖에
쉽게 이기다,이길뿐더러
쉽게 이기다,이길수록
쉽게 이기다,이길지라도
쉽게 이기다,이기며
쉽게 이기다,이기면
쉽게 이기다,이기면서
쉽게 이기다,이기세요
쉽게 이기다,이기셔요
쉽게 이기다,이기지
쉽게 이기다,이기건대
쉽게 이기다,이기나니
쉽게 이기다,이기느라
쉽게 이기다,이기느라고
쉽게 이기다,이기는구나
쉽게 이기다,이기는군
쉽게 이기다,이기도록
쉽게 이기다,이기자
쉽게 이기다,이기자고
쉽게 이기다,이기자꾸나
쉽게 이기다,이기자느니
쉽게 이기다,이기자니까
쉽게 이기다,이기자마자
쉽게 이기다,이기자며
쉽게 이기다,이기자면
쉽게 이기다,이기자면서
쉽게 이기다,이긴
쉽게 이기다,이긴다
쉽게 이기다,이긴다고
쉽게 이기다,이긴다나
쉽게 이기다,이긴다네
쉽게 이기다,이긴다느니
쉽게 이기다,이긴다니
쉽게 이기다,이긴다니까
쉽게 이기다,이긴다더라
쉽게 이기다,이긴다며
쉽게 이기다,이긴다면
쉽게 이기다,이긴다면서
쉽게 이기다,이긴답니까
쉽게 이기다,이긴답니다
쉽게 이기다,이긴답시고
쉽게 이기다,이긴대
쉽게 이기다,이긴대요
쉽게 이기다,이길거나
쉽게 이기다,이길게
쉽게 이기다,이길래
쉽게 이기다,이기라고
쉽게 이기다,이기러
쉽게 이기다,이기려
쉽게 이기다,이깁시다
쉽게 이기다,이기세
쉽게 이기다,이기시라
쉽게 이기다,이기십시다
쉽게 이기다,이기십시오
쉽게 이기다,이기고자
쉽게 이기다,이기느냐
쉽게 이기다,이기느냐고
쉽게 이기다,이기느니
쉽게 이기다,이기느니만
쉽게 이기다,이기느니만큼
쉽게 이기다,이기는
쉽게 이기다,이기는걸
쉽게 이기다,이기는데
쉽게 이기다,이기는지
열리다,열리거나
열리다,열리거늘
열리다,열리거니
열리다,열리거든
열리다,열리건
열리다,열리것다
열리다,열리게
열리다,열리겠
열리다,열리고
열리다,열리고말고
열리다,열리기로
열리다,열리기로니
열리다,열리기로서
열리다,열리기로서니
열리다,열리기에
열리다,열리네
열리다,열리니
열리다,열리다
열리다,열리다가
열리다,열리다가는
열리다,열리다간
열리다,열리다니
열리다,열리다마다
열리다,열리더니
열리다,열리더니라
열리다,열리더라
열리다,열리더라니까
열리다,열리더라도
열리다,열리더라며
열리다,열리더라면
열리다,열리더라면서
열리다,열리더람
열리다,열리던
열리다,열리던가
열리다,열리던데
열리다,열리던지
열리다,열리데
열리다,열리데요
열리다,열리도다
열리다,열리되
열리다,열리든
열리다,열리든지
열리다,열리듯
열리다,열리듯이
열리다,열리죠
열리다,열리지마는
열리다,열리지만
열리다,열리지요
열리다,열린걸
열리다,열린들
열리다,열리나마
열리다,열리니까
열리다,열릴
열리다,열릴걸
열리다,열릴까
열리다,열릴는지
열리다,열릴라
열리다,열릴라고
열리다,열릴러니
열리다,열릴러라
열리다,열릴런고
열리다,열릴망정
열리다,열릴밖에
열리다,열릴뿐더러
열리다,열릴수록
열리다,열릴지라도
열리다,열리며
열리다,열리면
열리다,열리면서
열리다,열리세요
열리다,열리셔요
열리다,열리지
열리다,열리건대
열리다,열리나니
열리다,열리느라
열리다,열리느라고
열리다,열리는구나
열리다,열리는군
열리다,열리도록
열리다,열리자
열리다,열리자고
열리다,열리자꾸나
열리다,열리자느니
열리다,열리자니까
열리다,열리자마자
열리다,열리자며
열리다,열리자면
열리다,열리자면서
열리다,열린
열리다,열린다
열리다,열린다고
열리다,열린다나
열리다,열린다네
열리다,열린다느니
열리다,열린다니
열리다,열린다니까
열리다,열린다더라
열리다,열린다며
열리다,열린다면
열리다,열린다면서
열리다,열린답니까
열리다,열린답니다
열리다,열린답시고
열리다,열린대
열리다,열린대요
열리다,열릴거나
열리다,열릴게
열리다,열릴래
열리다,열리라고
열리다,열리러
열리다,열리려
열리다,열립시다
열리다,열리세
열리다,열리시라
열리다,열리십시다
열리다,열리십시오
열리다,열리고자
열리다,열리느냐
열리다,열리느냐고
열리다,열리느니
열리다,열리느니만
열리다,열리느니만큼
열리다,열리는
열리다,열리는걸
열리다,열리는데
열리다,열리는지
권하다,권하거나
권하다,권하거늘
권하다,권하거니
권하다,권하거든
권하다,권하건
권하다,권하것다
권하다,권하게
권하다,권하겠
권하다,권하고
권하다,권하고말고
권하다,권하기로
권하다,권하기로니
권하다,권하기로서
권하다,권하기로서니
권하다,권하기에
권하다,권하네
권하다,권하니
권하다,권하다
권하다,권하다가
권하다,권하다가는
권하다,권하다간
권하다,권하다니
권하다,권하다마다
권하다,권하더니
권하다,권하더니라
권하다,권하더라
권하다,권하더라니까
권하다,권하더라도
권하다,권하더라며
권하다,권하더라면
권하다,권하더라면서
권하다,권하더람
권하다,권하던
권하다,권하던가
권하다,권하던데
권하다,권하던지
권하다,권하데
권하다,권하데요
권하다,권하도다
권하다,권하되
권하다,권하든
권하다,권하든지
권하다,권하듯
권하다,권하듯이
권하다,권하죠
권하다,권하지마는
권하다,권하지만
권하다,권하지요
권하다,권한걸
권하다,권한들
권하다,권하나마
권하다,권하니까
권하다,권할
권하다,권할걸
권하다,권할까
권하다,권할는지
권하다,권할라
권하다,권할라고
권하다,권할러니
권하다,권할러라
권하다,권할런고
권하다,권할망정
권하다,권할밖에
권하다,권할뿐더러
권하다,권할수록
권하다,권할지라도
권하다,권하며
권하다,권하면
권하다,권하면서
권하다,권하세요
권하다,권하셔요
권하다,권하지
권하다,권하건대
권하다,권하나니
권하다,권하느라
권하다,권하느라고
권하다,권하는구나
권하다,권하는군
권하다,권하도록
권하다,권하자
권하다,권하자고
권하다,권하자꾸나
권하다,권하자느니
권하다,권하자니까
권하다,권하자마자
권하다,권하자며
권하다,권하자면
권하다,권하자면서
권하다,권한
권하다,권한다
권하다,권한다고
권하다,권한다나
권하다,권한다네
권하다,권한다느니
권하다,권한다니
권하다,권한다니까
권하다,권한다더라
권하다,권한다며
권하다,권한다면
권하다,권한다면서
권하다,권한답니까
권하다,권한답니다
권하다,권한답시고
권하다,권한대
권하다,권한대요
권하다,권할거나
권하다,권할게
권하다,권할래
권하다,권하라고
권하다,권하러
권하다,권하려
권하다,권합시다
권하다,권하세
권하다,권하시라
권하다,권하십시다
권하다,권하십시오
권하다,권하고자
권하다,권하느냐
권하다,권하느냐고
권하다,권하느니
권하다,권하느니만
권하다,권하느니만큼
권하다,권하는
권하다,권하는걸
권하다,권하는데
권하다,권하는지
필요하다,필요하거나
필요하다,필요하거늘
필요하다,필요하거니
필요하다,필요하거든
필요하다,필요하건
필요하다,필요하것다
필요하다,필요하게
필요하다,필요하겠
필요하다,필요하고
필요하다,필요하고말고
필요하다,필요하기로
필요하다,필요하기로니
필요하다,필요하기로서
필요하다,필요하기로서니
필요하다,필요하기에
필요하다,필요하네
필요하다,필요하니
필요하다,필요하다
필요하다,필요하다가
필요하다,필요하다가는
필요하다,필요하다간
필요하다,필요하다니
필요하다,필요하다마다
필요하다,필요하더니
필요하다,필요하더니라
필요하다,필요하더라
필요하다,필요하더라니까
필요하다,필요하더라도
필요하다,필요하더라며
필요하다,필요하더라면
필요하다,필요하더라면서
필요하다,필요하더람
필요하다,필요하던
필요하다,필요하던가
필요하다,필요하던데
필요하다,필요하던지
필요하다,필요하데
필요하다,필요하데요
필요하다,필요하도다
필요하다,필요하되
필요하다,필요하든
필요하다,필요하든지
필요하다,필요하듯
필요하다,필요하듯이
필요하다,필요하죠
필요하다,필요하지마는
필요하다,필요하지만
필요하다,필요하지요
필요하다,필요한걸
필요하다,필요한들
필요하다,필요하나마
필요하다,필요하니까
필요하다,필요할
필요하다,필요할걸
필요하다,필요할까
필요하다,필요할는지
필요하다,필요할라
필요하다,필요할라고
필요하다,필요할러니
필요하다,필요할러라
필요하다,필요할런고
필요하다,필요할망정
필요하다,필요할밖에
필요하다,필요할뿐더러
필요하다,필요할수록
필요하다,필요할지라도
필요하다,필요하며
필요하다,필요하면
필요하다,필요하면서
필요하다,필요하세요
필요하다,필요하셔요
필요하다,필요하지
등한하다,등한하거나
등한하다,등한하거늘
등한하다,등한하거니
등한하다,등한하거든
등한하다,등한하건
등한하다,등한하것다
등한하다,등한하게
등한하다,등한하겠
등한하다,등한하고
등한하다,등한하고말고
등한하다,등한하기로
등한하다,등한하기로니
등한하다,등한하기로서
등한하다,등한하기로서니
등한하다,등한하기에
등한하다,등한하네
등한하다,등한하니
등한하다,등한하다
등한하다,등한하다가
등한하다,등한하다가는
등한하다,등한하다간
등한하다,등한하다니
등한하다,등한하다마다
등한하다,등한하더니
등한하다,등한하더니라
등한하다,등한하더라
등한하다,등한하더라니까
등한하다,등한하더라도
등한하다,등한하더라며
등한하다,등한하더라면
등한하다,등한하더라면서
등한하다,등한하더람
등한하다,등한하던
등한하다,등한하던가
등한하다,등한하던데
등한하다,등한하던지
등한하다,등한하데
등한하다,등한하데요
등한하다,등한하도다
등한하다,등한하되
등한하다,등한하든
등한하다,등한하든지
등한하다,등한하듯
등한하다,등한하듯이
등한하다,등한하죠
등한하다,등한하지마는
등한하다,등한하지만
등한하다,등한하지요
등한하다,등한한걸
등한하다,등한한들
등한하다,등한하나마
등한하다,등한하니까
등한하다,등한할
등한하다,등한할걸
등한하다,등한할까
등한하다,등한할는지
등한하다,등한할라
등한하다,등한할라고
등한하다,등한할러니
등한하다,등한할러라
등한하다,등한할런고
등한하다,등한할망정
등한하다,등한할밖에
등한하다,등한할뿐더러
등한하다,등한할수록
등한하다,등한할지라도
등한하다,등한하며
등한하다,등한하면
등한하다,등한하면서
등한하다,등한하세요
등한하다,등한하셔요
등한하다,등한하지
협상하다,협상하거나
협상하다,협상하거늘
협상하다,협상하거니
협상하다,협상하거든
협상하다,협상하건
협상하다,협상하것다
협상하다,협상하게
협상하다,협상하겠
협상하다,협상하고
협상하다,협상하고말고
협상하다,협상하기로
협상하다,협상하기로니
협상하다,협상하기로서
협상하다,협상하기로서니
협상하다,협상하기에
협상하다,협상하네
협상하다,협상하니
협상하다,협상하다
협상하다,협상하다가
협상하다,협상하다가는
협상하다,협상하다간
협상하다,협상하다니
협상하다,협상하다마다
협상하다,협상하더니
협상하다,협상하더니라
협상하다,협상하더라
협상하다,협상하더라니까
협상하다,협상하더라도
협상하다,협상하더라며
협상하다,협상하더라면
협상하다,협상하더라면서
협상하다,협상하더람
협상하다,협상하던
협상하다,협상하던가
협상하다,협상하던데
협상하다,협상하던지
협상하다,협상하데
협상하다,협상하데요
협상하다,협상하도다
협상하다,협상하되
협상하다,협상하든
협상하다,협상하든지
협상하다,협상하듯
협상하다,협상하듯이
협상하다,협상하죠
협상하다,협상하지마는
협상하다,협상하지만
협상하다,협상하지요
협상하다,협상한걸
협상하다,협상한들
협상하다,협상하나마
협상하다,협상하니까
협상하다,협상할
협상하다,협상할걸
협상하다,협상할까
협상하다,협상할는지
협상하다,협상할라
협상하다,협상할라고
협상하다,협상할러니
협상하다,협상할러라
협상하다,협상할런고
협상하다,협상할망정
협상하다,협상할밖에
협상하다,협상할뿐더러
협상하다,협상할수록
협상하다,협상할지라도
협상하다,협상하며
협상하다,협상하면
협상하다,협상하면서
협상하다,협상하세요
협상하다,협상하셔요
협상하다,협상하지
협상하다,협상하건대
협상하다,협상하나니
협상하다,협상하느라
협상하다,협상하느라고
협상하다,협상하는구나
협상하다,협상하는군
협상하다,협상하도록
협상하다,협상하자
협상하다,협상하자고
협상하다,협상하자꾸나
협상하다,협상하자느니
협상하다,협상하자니까
협상하다,협상하자마자
협상하다,협상하자며
협상하다,협상하자면
협상하다,협상하자면서
협상하다,협상한
협상하다,협상한다
협상하다,협상한다고
협상하다,협상한다나
협상하다,협상한다네
협상하다,협상한다느니
협상하다,협상한다니
협상하다,협상한다니까
협상하다,협상한다더라
협상하다,협상한다며
협상하다,협상한다면
협상하다,협상한다면서
협상하다,협상한답니까
협상하다,협상한답니다
협상하다,협상한답시고
협상하다,협상한대
협상하다,협상한대요
협상하다,협상할거나
협상하다,협상할게
협상하다,협상할래
협상하다,협상하라고
협상하다,협상하러
협상하다,협상하려
협상하다,협상합시다
협상하다,협상하세
협상하다,협상하시라
협상하다,협상하십시다
협상하다,협상하십시오
협상하다,협상하고자
협상하다,협상하느냐
협상하다,협상하느냐고
협상하다,협상하느니
협상하다,협상하느니만
협상하다,협상하느니만큼
협상하다,협상하는
협상하다,협상하는걸
협상하다,협상하는데
협상하다,협상하는지
교섭하다,교섭하거나
교섭하다,교섭하거늘
교섭하다,교섭하거니
교섭하다,교섭하거든
교섭하다,교섭하건
교섭하다,교섭하것다
교섭하다,교섭하게
교섭하다,교섭하겠
교섭하다,교섭하고
교섭하다,교섭하고말고
교섭하다,교섭하기로
교섭하다,교섭하기로니
교섭하다,교섭하기로서
교섭하다,교섭하기로서니
교섭하다,교섭하기에
교섭하다,교섭하네
교섭하다,교섭하니
교섭하다,교섭하다
교섭하다,교섭하다가
교섭하다,교섭하다가는
교섭하다,교섭하다간
교섭하다,교섭하다니
교섭하다,교섭하다마다
교섭하다,교섭하더니
교섭하다,교섭하더니라
교섭하다,교섭하더라
교섭하다,교섭하더라니까
교섭하다,교섭하더라도
교섭하다,교섭하더라며
교섭하다,교섭하더라면
교섭하다,교섭하더라면서
교섭하다,교섭하더람
교섭하다,교섭하던
교섭하다,교섭하던가
교섭하다,교섭하던데
교섭하다,교섭하던지
교섭하다,교섭하데
교섭하다,교섭하데요
교섭하다,교섭하도다
교섭하다,교섭하되
교섭하다,교섭하든
교섭하다,교섭하든지
교섭하다,교섭하듯
교섭하다,교섭하듯이
교섭하다,교섭하죠
교섭하다,교섭하지마는
교섭하다,교섭하지만
교섭하다,교섭하지요
교섭하다,교섭한걸
교섭하다,교섭한들
교섭하다,교섭하나마
교섭하다,교섭하니까
교섭하다,교섭할
교섭하다,교섭할걸
교섭하다,교섭할까
교섭하다,교섭할는지
교섭하다,교섭할라
교섭하다,교섭할라고
교섭하다,교섭할러니
교섭하다,교섭할러라
교섭하다,교섭할런고
교섭하다,교섭할망정
교섭하다,교섭할밖에
교섭하다,교섭할뿐더러
교섭하다,교섭할수록
교섭하다,교섭할지라도
교섭하다,교섭하며
교섭하다,교섭하면
교섭하다,교섭하면서
교섭하다,교섭하세요
교섭하다,교섭하셔요
교섭하다,교섭하지
교섭하다,교섭하건대
교섭하다,교섭하나니
교섭하다,교섭하느라
교섭하다,교섭하느라고
교섭하다,교섭하는구나
교섭하다,교섭하는군
교섭하다,교섭하도록
교섭하다,교섭하자
교섭하다,교섭하자고
교섭하다,교섭하자꾸나
교섭하다,교섭하자느니
교섭하다,교섭하자니까
교섭하다,교섭하자마자
교섭하다,교섭하자며
교섭하다,교섭하자면
교섭하다,교섭하자면서
교섭하다,교섭한
교섭하다,교섭한다
교섭하다,교섭한다고
교섭하다,교섭한다나
교섭하다,교섭한다네
교섭하다,교섭한다느니
교섭하다,교섭한다니
교섭하다,교섭한다니까
교섭하다,교섭한다더라
교섭하다,교섭한다며
교섭하다,교섭한다면
교섭하다,교섭한다면서
교섭하다,교섭한답니까
교섭하다,교섭한답니다
교섭하다,교섭한답시고
교섭하다,교섭한대
교섭하다,교섭한대요
교섭하다,교섭할거나
교섭하다,교섭할게
교섭하다,교섭할래
교섭하다,교섭하라고
교섭하다,교섭하러
교섭하다,교섭하려
교섭하다,교섭합시다
교섭하다,교섭하세
교섭하다,교섭하시라
교섭하다,교섭하십시다
교섭하다,교섭하십시오
교섭하다,교섭하고자
교섭하다,교섭하느냐
교섭하다,교섭하느냐고
교섭하다,교섭하느니
교섭하다,교섭하느니만
교섭하다,교섭하느니만큼
교섭하다,교섭하는
교섭하다,교섭하는걸
교섭하다,교섭하는데
교섭하다,교섭하는지
관찰하다,관찰하거나
관찰하다,관찰하거늘
관찰하다,관찰하거니
관찰하다,관찰하거든
관찰하다,관찰하건
관찰하다,관찰하것다
관찰하다,관찰하게
관찰하다,관찰하겠
관찰하다,관찰하고
관찰하다,관찰하고말고
관찰하다,관찰하기로
관찰하다,관찰하기로니
관찰하다,관찰하기로서
관찰하다,관찰하기로서니
관찰하다,관찰하기에
관찰하다,관찰하네
관찰하다,관찰하니
관찰하다,관찰하다
관찰하다,관찰하다가
관찰하다,관찰하다가는
관찰하다,관찰하다간
관찰하다,관찰하다니
관찰하다,관찰하다마다
관찰하다,관찰하더니
관찰하다,관찰하더니라
관찰하다,관찰하더라
관찰하다,관찰하더라니까
관찰하다,관찰하더라도
관찰하다,관찰하더라며
관찰하다,관찰하더라면
관찰하다,관찰하더라면서
관찰하다,관찰하더람
관찰하다,관찰하던
관찰하다,관찰하던가
관찰하다,관찰하던데
관찰하다,관찰하던지
관찰하다,관찰하데
관찰하다,관찰하데요
관찰하다,관찰하도다
관찰하다,관찰하되
관찰하다,관찰하든
관찰하다,관찰하든지
관찰하다,관찰하듯
관찰하다,관찰하듯이
관찰하다,관찰하죠
관찰하다,관찰하지마는
관찰하다,관찰하지만
관찰하다,관찰하지요
관찰하다,관찰한걸
관찰하다,관찰한들
관찰하다,관찰하나마
관찰하다,관찰하니까
관찰하다,관찰할
관찰하다,관찰할걸
관찰하다,관찰할까
관찰하다,관찰할는지
관찰하다,관찰할라
관찰하다,관찰할라고
관찰하다,관찰할러니
관찰하다,관찰할러라
관찰하다,관찰할런고
관찰하다,관찰할망정
관찰하다,관찰할밖에
관찰하다,관찰할뿐더러
관찰하다,관찰할수록
관찰하다,관찰할지라도
관찰하다,관찰하며
관찰하다,관찰하면
관찰하다,관찰하면서
관찰하다,관찰하세요
관찰하다,관찰하셔요
관찰하다,관찰하지
관찰하다,관찰하건대
관찰하다,관찰하나니
관찰하다,관찰하느라
관찰하다,관찰하느라고
관찰하다,관찰하는구나
관찰하다,관찰하는군
관찰하다,관찰하도록
관찰하다,관찰하자
관찰하다,관찰하자고
관찰하다,관찰하자꾸나
관찰하다,관찰하자느니
관찰하다,관찰하자니까
관찰하다,관찰하자마자
관찰하다,관찰하자며
관찰하다,관찰하자면
관찰하다,관찰하자면서
관찰하다,관찰한
관찰하다,관찰한다
관찰하다,관찰한다고
관찰하다,관찰한다나
관찰하다,관찰한다네
관찰하다,관찰한다느니
관찰하다,관찰한다니
관찰하다,관찰한다니까
관찰하다,관찰한다더라
관찰하다,관찰한다며
관찰하다,관찰한다면
관찰하다,관찰한다면서
관찰하다,관찰한답니까
관찰하다,관찰한답니다
관찰하다,관찰한답시고
관찰하다,관찰한대
관찰하다,관찰한대요
관찰하다,관찰할거나
관찰하다,관찰할게
관찰하다,관찰할래
관찰하다,관찰하라고
관찰하다,관찰하러
관찰하다,관찰하려
관찰하다,관찰합시다
관찰하다,관찰하세
관찰하다,관찰하시라
관찰하다,관찰하십시다
관찰하다,관찰하십시오
관찰하다,관찰하고자
관찰하다,관찰하느냐
관찰하다,관찰하느냐고
관찰하다,관찰하느니
관찰하다,관찰하느니만
관찰하다,관찰하느니만큼
관찰하다,관찰하는
관찰하다,관찰하는걸
관찰하다,관찰하는데
관찰하다,관찰하는지
입수하다,입수하거나
입수하다,입수하거늘
입수하다,입수하거니
입수하다,입수하거든
입수하다,입수하건
입수하다,입수하것다
입수하다,입수하게
입수하다,입수하겠
입수하다,입수하고
입수하다,입수하고말고
입수하다,입수하기로
입수하다,입수하기로니
입수하다,입수하기로서
입수하다,입수하기로서니
입수하다,입수하기에
입수하다,입수하네
입수하다,입수하니
입수하다,입수하다
입수하다,입수하다가
입수하다,입수하다가는
입수하다,입수하다간
입수하다,입수하다니
입수하다,입수하다마다
입수하다,입수하더니
입수하다,입수하더니라
입수하다,입수하더라
입수하다,입수하더라니까
입수하다,입수하더라도
입수하다,입수하더라며
입수하다,입수하더라면
입수하다,입수하더라면서
입수하다,입수하더람
입수하다,입수하던
입수하다,입수하던가
입수하다,입수하던데
입수하다,입수하던지
입수하다,입수하데
입수하다,입수하데요
입수하다,입수하도다
입수하다,입수하되
입수하다,입수하든
입수하다,입수하든지
입수하다,입수하듯
입수하다,입수하듯이
입수하다,입수하죠
입수하다,입수하지마는
입수하다,입수하지만
입수하다,입수하지요
입수하다,입수한걸
입수하다,입수한들
입수하다,입수하나마
입수하다,입수하니까
입수하다,입수할
입수하다,입수할걸
입수하다,입수할까
입수하다,입수할는지
입수하다,입수할라
입수하다,입수할라고
입수하다,입수할러니
입수하다,입수할러라
입수하다,입수할런고
입수하다,입수할망정
입수하다,입수할밖에
입수하다,입수할뿐더러
입수하다,입수할수록
입수하다,입수할지라도
입수하다,입수하며
입수하다,입수하면
입수하다,입수하면서
입수하다,입수하세요
입수하다,입수하셔요
입수하다,입수하지
입수하다,입수하건대
입수하다,입수하나니
입수하다,입수하느라
입수하다,입수하느라고
입수하다,입수하는구나
입수하다,입수하는군
입수하다,입수하도록
입수하다,입수하자
입수하다,입수하자고
입수하다,입수하자꾸나
입수하다,입수하자느니
입수하다,입수하자니까
입수하다,입수하자마자
입수하다,입수하자며
입수하다,입수하자면
입수하다,입수하자면서
입수하다,입수한
입수하다,입수한다
입수하다,입수한다고
입수하다,입수한다나
입수하다,입수한다네
입수하다,입수한다느니
입수하다,입수한다니
입수하다,입수한다니까
입수하다,입수한다더라
입수하다,입수한다며
입수하다,입수한다면
입수하다,입수한다면서
입수하다,입수한답니까
입수하다,입수한답니다
입수하다,입수한답시고
입수하다,입수한대
입수하다,입수한대요
입수하다,입수할거나
입수하다,입수할게
입수하다,입수할래
입수하다,입수하라고
입수하다,입수하러
입수하다,입수하려
입수하다,입수합시다
입수하다,입수하세
입수하다,입수하시라
입수하다,입수하십시다
입수하다,입수하십시오
입수하다,입수하고자
입수하다,입수하느냐
입수하다,입수하느냐고
입수하다,입수하느니
입수하다,입수하느니만
입수하다,입수하느니만큼
입수하다,입수하는
입수하다,입수하는걸
입수하다,입수하는데
입수하다,입수하는지
참가하다,참가하거나
참가하다,참가하거늘
참가하다,참가하거니
참가하다,참가하거든
참가하다,참가하건
참가하다,참가하것다
참가하다,참가하게
참가하다,참가하겠
참가하다,참가하고
참가하다,참가하고말고
참가하다,참가하기로
참가하다,참가하기로니
참가하다,참가하기로서
참가하다,참가하기로서니
참가하다,참가하기에
참가하다,참가하네
참가하다,참가하니
참가하다,참가하다
참가하다,참가하다가
참가하다,참가하다가는
참가하다,참가하다간
참가하다,참가하다니
참가하다,참가하다마다
참가하다,참가하더니
참가하다,참가하더니라
참가하다,참가하더라
참가하다,참가하더라니까
참가하다,참가하더라도
참가하다,참가하더라며
참가하다,참가하더라면
참가하다,참가하더라면서
참가하다,참가하더람
참가하다,참가하던
참가하다,참가하던가
참가하다,참가하던데
참가하다,참가하던지
참가하다,참가하데
참가하다,참가하데요
참가하다,참가하도다
참가하다,참가하되
참가하다,참가하든
참가하다,참가하든지
참가하다,참가하듯
참가하다,참가하듯이
참가하다,참가하죠
참가하다,참가하지마는
참가하다,참가하지만
참가하다,참가하지요
참가하다,참가한걸
참가하다,참가한들
참가하다,참가하나마
참가하다,참가하니까
참가하다,참가할
참가하다,참가할걸
참가하다,참가할까
참가하다,참가할는지
참가하다,참가할라
참가하다,참가할라고
참가하다,참가할러니
참가하다,참가할러라
참가하다,참가할런고
참가하다,참가할망정
참가하다,참가할밖에
참가하다,참가할뿐더러
참가하다,참가할수록
참가하다,참가할지라도
참가하다,참가하며
참가하다,참가하면
참가하다,참가하면서
참가하다,참가하세요
참가하다,참가하셔요
참가하다,참가하지
참가하다,참가하건대
참가하다,참가하나니
참가하다,참가하느라
참가하다,참가하느라고
참가하다,참가하는구나
참가하다,참가하는군
참가하다,참가하도록
참가하다,참가하자
참가하다,참가하자고
참가하다,참가하자꾸나
참가하다,참가하자느니
참가하다,참가하자니까
참가하다,참가하자마자
참가하다,참가하자며
참가하다,참가하자면
참가하다,참가하자면서
참가하다,참가한
참가하다,참가한다
참가하다,참가한다고
참가하다,참가한다나
참가하다,참가한다네
참가하다,참가한다느니
참가하다,참가한다니
참가하다,참가한다니까
참가하다,참가한다더라
참가하다,참가한다며
참가하다,참가한다면
참가하다,참가한다면서
참가하다,참가한답니까
참가하다,참가한답니다
참가하다,참가한답시고
참가하다,참가한대
참가하다,참가한대요
참가하다,참가할거나
참가하다,참가할게
참가하다,참가할래
참가하다,참가하라고
참가하다,참가하러
참가하다,참가하려
참가하다,참가합시다
참가하다,참가하세
참가하다,참가하시라
참가하다,참가하십시다
참가하다,참가하십시오
참가하다,참가하고자
참가하다,참가하느냐
참가하다,참가하느냐고
참가하다,참가하느니
참가하다,참가하느니만
참가하다,참가하느니만큼
참가하다,참가하는
참가하다,참가하는걸
참가하다,참가하는데
참가하다,참가하는지
지불하다,지불하거나
지불하다,지불하거늘
지불하다,지불하거니
지불하다,지불하거든
지불하다,지불하건
지불하다,지불하것다
지불하다,지불하게
지불하다,지불하겠
지불하다,지불하고
지불하다,지불하고말고
지불하다,지불하기로
지불하다,지불하기로니
지불하다,지불하기로서
지불하다,지불하기로서니
지불하다,지불하기에
지불하다,지불하네
지불하다,지불하니
지불하다,지불하다
지불하다,지불하다가
지불하다,지불하다가는
지불하다,지불하다간
지불하다,지불하다니
지불하다,지불하다마다
지불하다,지불하더니
지불하다,지불하더니라
지불하다,지불하더라
지불하다,지불하더라니까
지불하다,지불하더라도
지불하다,지불하더라며
지불하다,지불하더라면
지불하다,지불하더라면서
지불하다,지불하더람
지불하다,지불하던
지불하다,지불하던가
지불하다,지불하던데
지불하다,지불하던지
지불하다,지불하데
지불하다,지불하데요
지불하다,지불하도다
지불하다,지불하되
지불하다,지불하든
지불하다,지불하든지
지불하다,지불하듯
지불하다,지불하듯이
지불하다,지불하죠
지불하다,지불하지마는
지불하다,지불하지만
지불하다,지불하지요
지불하다,지불한걸
지불하다,지불한들
지불하다,지불하나마
지불하다,지불하니까
지불하다,지불할
지불하다,지불할걸
지불하다,지불할까
지불하다,지불할는지
지불하다,지불할라
지불하다,지불할라고
지불하다,지불할러니
지불하다,지불할러라
지불하다,지불할런고
지불하다,지불할망정
지불하다,지불할밖에
지불하다,지불할뿐더러
지불하다,지불할수록
지불하다,지불할지라도
지불하다,지불하며
지불하다,지불하면
지불하다,지불하면서
지불하다,지불하세요
지불하다,지불하셔요
지불하다,지불하지
지불하다,지불하건대
지불하다,지불하나니
지불하다,지불하느라
지불하다,지불하느라고
지불하다,지불하는구나
지불하다,지불하는군
지불하다,지불하도록
지불하다,지불하자
지불하다,지불하자고
지불하다,지불하자꾸나
지불하다,지불하자느니
지불하다,지불하자니까
지불하다,지불하자마자
지불하다,지불하자며
지불하다,지불하자면
지불하다,지불하자면서
지불하다,지불한
지불하다,지불한다
지불하다,지불한다고
지불하다,지불한다나
지불하다,지불한다네
지불하다,지불한다느니
지불하다,지불한다니
지불하다,지불한다니까
지불하다,지불한다더라
지불하다,지불한다며
지불하다,지불한다면
지불하다,지불한다면서
지불하다,지불한답니까
지불하다,지불한답니다
지불하다,지불한답시고
지불하다,지불한대
지불하다,지불한대요
지불하다,지불할거나
지불하다,지불할게
지불하다,지불할래
지불하다,지불하라고
지불하다,지불하러
지불하다,지불하려
지불하다,지불합시다
지불하다,지불하세
지불하다,지불하시라
지불하다,지불하십시다
지불하다,지불하십시오
지불하다,지불하고자
지불하다,지불하느냐
지불하다,지불하느냐고
지불하다,지불하느니
지불하다,지불하느니만
지불하다,지불하느니만큼
지불하다,지불하는
지불하다,지불하는걸
지불하다,지불하는데
지불하다,지불하는지
벗기다,벗기거나
벗기다,벗기거늘
벗기다,벗기거니
벗기다,벗기거든
벗기다,벗기건
벗기다,벗기것다
벗기다,벗기게
벗기다,벗기겠
벗기다,벗기고
벗기다,벗기고말고
벗기다,벗기기로
벗기다,벗기기로니
벗기다,벗기기로서
벗기다,벗기기로서니
벗기다,벗기기에
벗기다,벗기네
벗기다,벗기니
벗기다,벗기다
벗기다,벗기다가
벗기다,벗기다가는
벗기다,벗기다간
벗기다,벗기다니
벗기다,벗기다마다
벗기다,벗기더니
벗기다,벗기더니라
벗기다,벗기더라
벗기다,벗기더라니까
벗기다,벗기더라도
벗기다,벗기더라며
벗기다,벗기더라면
벗기다,벗기더라면서
벗기다,벗기더람
벗기다,벗기던
벗기다,벗기던가
벗기다,벗기던데
벗기다,벗기던지
벗기다,벗기데
벗기다,벗기데요
벗기다,벗기도다
벗기다,벗기되
벗기다,벗기든
벗기다,벗기든지
벗기다,벗기듯
벗기다,벗기듯이
벗기다,벗기죠
벗기다,벗기지마는
벗기다,벗기지만
벗기다,벗기지요
벗기다,벗긴걸
벗기다,벗긴들
벗기다,벗기나마
벗기다,벗기니까
벗기다,벗길
벗기다,벗길걸
벗기다,벗길까
벗기다,벗길는지
벗기다,벗길라
벗기다,벗길라고
벗기다,벗길러니
벗기다,벗길러라
벗기다,벗길런고
벗기다,벗길망정
벗기다,벗길밖에
벗기다,벗길뿐더러
벗기다,벗길수록
벗기다,벗길지라도
벗기다,벗기며
벗기다,벗기면
벗기다,벗기면서
벗기다,벗기세요
벗기다,벗기셔요
벗기다,벗기지
벗기다,벗기건대
벗기다,벗기나니
벗기다,벗기느라
벗기다,벗기느라고
벗기다,벗기는구나
벗기다,벗기는군
벗기다,벗기도록
벗기다,벗기자
벗기다,벗기자고
벗기다,벗기자꾸나
벗기다,벗기자느니
벗기다,벗기자니까
벗기다,벗기자마자
벗기다,벗기자며
벗기다,벗기자면
벗기다,벗기자면서
벗기다,벗긴
벗기다,벗긴다
벗기다,벗긴다고
벗기다,벗긴다나
벗기다,벗긴다네
벗기다,벗긴다느니
벗기다,벗긴다니
벗기다,벗긴다니까
벗기다,벗긴다더라
벗기다,벗긴다며
벗기다,벗긴다면
벗기다,벗긴다면서
벗기다,벗긴답니까
벗기다,벗긴답니다
벗기다,벗긴답시고
벗기다,벗긴대
벗기다,벗긴대요
벗기다,벗길거나
벗기다,벗길게
벗기다,벗길래
벗기다,벗기라고
벗기다,벗기러
벗기다,벗기려
벗기다,벗깁시다
벗기다,벗기세
벗기다,벗기시라
벗기다,벗기십시다
벗기다,벗기십시오
벗기다,벗기고자
벗기다,벗기느냐
벗기다,벗기느냐고
벗기다,벗기느니
벗기다,벗기느니만
벗기다,벗기느니만큼
벗기다,벗기는
벗기다,벗기는걸
벗기다,벗기는데
벗기다,벗기는지
수행하다,수행하거나
수행하다,수행하거늘
수행하다,수행하거니
수행하다,수행하거든
수행하다,수행하건
수행하다,수행하것다
수행하다,수행하게
수행하다,수행하겠
수행하다,수행하고
수행하다,수행하고말고
수행하다,수행하기로
수행하다,수행하기로니
수행하다,수행하기로서
수행하다,수행하기로서니
수행하다,수행하기에
수행하다,수행하네
수행하다,수행하니
수행하다,수행하다
수행하다,수행하다가
수행하다,수행하다가는
수행하다,수행하다간
수행하다,수행하다니
수행하다,수행하다마다
수행하다,수행하더니
수행하다,수행하더니라
수행하다,수행하더라
수행하다,수행하더라니까
수행하다,수행하더라도
수행하다,수행하더라며
수행하다,수행하더라면
수행하다,수행하더라면서
수행하다,수행하더람
수행하다,수행하던
수행하다,수행하던가
수행하다,수행하던데
수행하다,수행하던지
수행하다,수행하데
수행하다,수행하데요
수행하다,수행하도다
수행하다,수행하되
수행하다,수행하든
수행하다,수행하든지
수행하다,수행하듯
수행하다,수행하듯이
수행하다,수행하죠
수행하다,수행하지마는
수행하다,수행하지만
수행하다,수행하지요
수행하다,수행한걸
수행하다,수행한들
수행하다,수행하나마
수행하다,수행하니까
수행하다,수행할
수행하다,수행할걸
수행하다,수행할까
수행하다,수행할는지
수행하다,수행할라
수행하다,수행할라고
수행하다,수행할러니
수행하다,수행할러라
수행하다,수행할런고
수행하다,수행할망정
수행하다,수행할밖에
수행하다,수행할뿐더러
수행하다,수행할수록
수행하다,수행할지라도
수행하다,수행하며
수행하다,수행하면
수행하다,수행하면서
수행하다,수행하세요
수행하다,수행하셔요
수행하다,수행하지
수행하다,수행하건대
수행하다,수행하나니
수행하다,수행하느라
수행하다,수행하느라고
수행하다,수행하는구나
수행하다,수행하는군
수행하다,수행하도록
수행하다,수행하자
수행하다,수행하자고
수행하다,수행하자꾸나
수행하다,수행하자느니
수행하다,수행하자니까
수행하다,수행하자마자
수행하다,수행하자며
수행하다,수행하자면
수행하다,수행하자면서
수행하다,수행한
수행하다,수행한다
수행하다,수행한다고
수행하다,수행한다나
수행하다,수행한다네
수행하다,수행한다느니
수행하다,수행한다니
수행하다,수행한다니까
수행하다,수행한다더라
수행하다,수행한다며
수행하다,수행한다면
수행하다,수행한다면서
수행하다,수행한답니까
수행하다,수행한답니다
수행하다,수행한답시고
수행하다,수행한대
수행하다,수행한대요
수행하다,수행할거나
수행하다,수행할게
수행하다,수행할래
수행하다,수행하라고
수행하다,수행하러
수행하다,수행하려
수행하다,수행합시다
수행하다,수행하세
수행하다,수행하시라
수행하다,수행하십시다
수행하다,수행하십시오
수행하다,수행하고자
수행하다,수행하느냐
수행하다,수행하느냐고
수행하다,수행하느니
수행하다,수행하느니만
수행하다,수행하느니만큼
수행하다,수행하는
수행하다,수행하는걸
수행하다,수행하는데
수행하다,수행하는지
설득하다,설득하거나
설득하다,설득하거늘
설득하다,설득하거니
설득하다,설득하거든
설득하다,설득하건
설득하다,설득하것다
설득하다,설득하게
설득하다,설득하겠
설득하다,설득하고
설득하다,설득하고말고
설득하다,설득하기로
설득하다,설득하기로니
설득하다,설득하기로서
설득하다,설득하기로서니
설득하다,설득하기에
설득하다,설득하네
설득하다,설득하니
설득하다,설득하다
설득하다,설득하다가
설득하다,설득하다가는
설득하다,설득하다간
설득하다,설득하다니
설득하다,설득하다마다
설득하다,설득하더니
설득하다,설득하더니라
설득하다,설득하더라
설득하다,설득하더라니까
설득하다,설득하더라도
설득하다,설득하더라며
설득하다,설득하더라면
설득하다,설득하더라면서
설득하다,설득하더람
설득하다,설득하던
설득하다,설득하던가
설득하다,설득하던데
설득하다,설득하던지
설득하다,설득하데
설득하다,설득하데요
설득하다,설득하도다
설득하다,설득하되
설득하다,설득하든
설득하다,설득하든지
설득하다,설득하듯
설득하다,설득하듯이
설득하다,설득하죠
설득하다,설득하지마는
설득하다,설득하지만
설득하다,설득하지요
설득하다,설득한걸
설득하다,설득한들
설득하다,설득하나마
설득하다,설득하니까
설득하다,설득할
설득하다,설득할걸
설득하다,설득할까
설득하다,설득할는지
설득하다,설득할라
설득하다,설득할라고
설득하다,설득할러니
설득하다,설득할러라
설득하다,설득할런고
설득하다,설득할망정
설득하다,설득할밖에
설득하다,설득할뿐더러
설득하다,설득할수록
설득하다,설득할지라도
설득하다,설득하며
설득하다,설득하면
설득하다,설득하면서
설득하다,설득하세요
설득하다,설득하셔요
설득하다,설득하지
설득하다,설득하건대
설득하다,설득하나니
설득하다,설득하느라
설득하다,설득하느라고
설득하다,설득하는구나
설득하다,설득하는군
설득하다,설득하도록
설득하다,설득하자
설득하다,설득하자고
설득하다,설득하자꾸나
설득하다,설득하자느니
설득하다,설득하자니까
설득하다,설득하자마자
설득하다,설득하자며
설득하다,설득하자면
설득하다,설득하자면서
설득하다,설득한
설득하다,설득한다
설득하다,설득한다고
설득하다,설득한다나
설득하다,설득한다네
설득하다,설득한다느니
설득하다,설득한다니
설득하다,설득한다니까
설득하다,설득한다더라
설득하다,설득한다며
설득하다,설득한다면
설득하다,설득한다면서
설득하다,설득한답니까
설득하다,설득한답니다
설득하다,설득한답시고
설득하다,설득한대
설득하다,설득한대요
설득하다,설득할거나
설득하다,설득할게
설득하다,설득할래
설득하다,설득하라고
설득하다,설득하러
설득하다,설득하려
설득하다,설득합시다
설득하다,설득하세
설득하다,설득하시라
설득하다,설득하십시다
설득하다,설득하십시오
설득하다,설득하고자
설득하다,설득하느냐
설득하다,설득하느냐고
설득하다,설득하느니
설득하다,설득하느니만
설득하다,설득하느니만큼
설득하다,설득하는
설득하다,설득하는걸
설득하다,설득하는데
설득하다,설득하는지
꼬집다,꼬집거나
꼬집다,꼬집거늘
꼬집다,꼬집거니
꼬집다,꼬집거든
꼬집다,꼬집건
꼬집다,꼬집것다
꼬집다,꼬집게
꼬집다,꼬집겠
꼬집다,꼬집고
꼬집다,꼬집고말고
꼬집다,꼬집기로
꼬집다,꼬집기로니
꼬집다,꼬집기로서
꼬집다,꼬집기로서니
꼬집다,꼬집기에
꼬집다,꼬집네
꼬집다,꼬집니
꼬집다,꼬집다
꼬집다,꼬집다가
꼬집다,꼬집다가는
꼬집다,꼬집다간
꼬집다,꼬집다니
꼬집다,꼬집다마다
꼬집다,꼬집더니
꼬집다,꼬집더니라
꼬집다,꼬집더라
꼬집다,꼬집더라니까
꼬집다,꼬집더라도
꼬집다,꼬집더라며
꼬집다,꼬집더라면
꼬집다,꼬집더라면서
꼬집다,꼬집더람
꼬집다,꼬집던
꼬집다,꼬집던가
꼬집다,꼬집던데
꼬집다,꼬집던지
꼬집다,꼬집데
꼬집다,꼬집데요
꼬집다,꼬집도다
꼬집다,꼬집되
꼬집다,꼬집든
꼬집다,꼬집든지
꼬집다,꼬집듯
꼬집다,꼬집듯이
꼬집다,꼬집죠
꼬집다,꼬집지마는
꼬집다,꼬집지만
꼬집다,꼬집지요
꼬집다,꼬집지
꼬집다,꼬집을
꼬집다,꼬집을걸
꼬집다,꼬집을밖에
꼬집다,꼬집을수록
꼬집다,꼬집을지
꼬집다,꼬집을지며
꼬집다,꼬집음
꼬집다,꼬집음에도
꼬집다,꼬집읍시오
꼬집다,꼬집건대
꼬집다,꼬집나니
꼬집다,꼬집느라
꼬집다,꼬집느라고
꼬집다,꼬집는구나
꼬집다,꼬집는군
꼬집다,꼬집도록
꼬집다,꼬집자
꼬집다,꼬집자고
꼬집다,꼬집자꾸나
꼬집다,꼬집자느니
꼬집다,꼬집자니까
꼬집다,꼬집자마자
꼬집다,꼬집자며
꼬집다,꼬집자면
꼬집다,꼬집자면서
꼬집다,꼬집고자
꼬집다,꼬집느냐
꼬집다,꼬집느냐고
꼬집다,꼬집느니
꼬집다,꼬집느니만
꼬집다,꼬집느니만큼
꼬집다,꼬집는
꼬집다,꼬집는걸
꼬집다,꼬집는데
꼬집다,꼬집는지
꼬집다,꼬집으러
꼬집다,꼬집읍시다
놀다,놀거나
놀다,놀거늘
놀다,놀거니
놀다,놀거든
놀다,놀건
놀다,놀것다
놀다,놀게
놀다,놀겠
놀다,놀고
놀다,놀고말고
놀다,놀기로
놀다,놀기로니
놀다,놀기로서
놀다,놀기로서니
놀다,놀기에
놀다,놀네
놀다,놀니
놀다,놀다
놀다,놀다가
놀다,놀다가는
놀다,놀다간
놀다,놀다니
놀다,놀다마다
놀다,놀더니
놀다,놀더니라
놀다,놀더라
놀다,놀더라니까
놀다,놀더라도
놀다,놀더라며
놀다,놀더라면
놀다,놀더라면서
놀다,놀더람
놀다,놀던
놀다,놀던가
놀다,놀던데
놀다,놀던지
놀다,놀데
놀다,놀데요
놀다,놀도다
놀다,놀되
놀다,놀든
놀다,놀든지
놀다,놀듯
놀다,놀듯이
놀다,놀죠
놀다,놀지마는
놀다,놀지만
놀다,놀지요
놀다,논걸
놀다,논들
놀다,노나마
놀다,노니
놀다,노니까
놀다,놀
놀다,놀걸
놀다,놀까
놀다,놀는지
놀다,놀라
놀다,놀라고
놀다,놀러니
놀다,놀러라
놀다,놀런고
놀다,놀망정
놀다,놀밖에
놀다,놀뿐더러
놀다,놀수록
놀다,놀지라도
놀다,노며
놀다,노면
놀다,노면서
놀다,노세요
놀다,노셔요
놀다,놀지
놀다,놀아도
놀다,놀아서
놀다,놀아야
놀다,놀아야만
놀다,놀아야지
놀다,놀아요
놀다,놀건대
놀다,놀나니
놀다,놀느라
놀다,놀느라고
놀다,놀는구나
놀다,놀는군
놀다,놀도록
놀다,놀자
놀다,놀자고
놀다,놀자꾸나
놀다,놀자느니
놀다,놀자니까
놀다,놀자마자
놀다,놀자며
놀다,놀자면
놀다,놀자면서
놀다,논
놀다,논다
놀다,논다고
놀다,논다나
놀다,논다네
놀다,논다느니
놀다,논다니
놀다,논다니까
놀다,논다더라
놀다,논다며
놀다,논다면
놀다,논다면서
놀다,논답니까
놀다,논답니다
놀다,논답시고
놀다,논대
놀다,논대요
놀다,놀래
놀다,노라고
놀다,노러
놀다,노려
놀다,놉시다
놀다,노세
놀다,노시라
놀다,노십시다
놀다,노십시오
놀다,놀아다
놀다,놀아다가
놀다,놀고자
놀다,놀느냐
놀다,놀느냐고
놀다,놀느니
놀다,놀느니만
놀다,놀느니만큼
놀다,놀는
놀다,놀는걸
놀다,놀는데
가리키다,가리키거나
가리키다,가리키거늘
가리키다,가리키거니
가리키다,가리키거든
가리키다,가리키건
가리키다,가리키것다
가리키다,가리키게
가리키다,가리키겠
가리키다,가리키고
가리키다,가리키고말고
가리키다,가리키기로
가리키다,가리키기로니
가리키다,가리키기로서
가리키다,가리키기로서니
가리키다,가리키기에
가리키다,가리키네
가리키다,가리키니
가리키다,가리키다
가리키다,가리키다가
가리키다,가리키다가는
가리키다,가리키다간
가리키다,가리키다니
가리키다,가리키다마다
가리키다,가리키더니
가리키다,가리키더니라
가리키다,가리키더라
가리키다,가리키더라니까
가리키다,가리키더라도
가리키다,가리키더라며
가리키다,가리키더라면
가리키다,가리키더라면서
가리키다,가리키더람
가리키다,가리키던
가리키다,가리키던가
가리키다,가리키던데
가리키다,가리키던지
가리키다,가리키데
가리키다,가리키데요
가리키다,가리키도다
가리키다,가리키되
가리키다,가리키든
가리키다,가리키든지
가리키다,가리키듯
가리키다,가리키듯이
가리키다,가리키죠
가리키다,가리키지마는
가리키다,가리키지만
가리키다,가리키지요
가리키다,가리킨걸
가리키다,가리킨들
가리키다,가리키나마
가리키다,가리키니까
가리키다,가리킬
가리키다,가리킬걸
가리키다,가리킬까
가리키다,가리킬는지
가리키다,가리킬라
가리키다,가리킬라고
가리키다,가리킬러니
가리키다,가리킬러라
가리키다,가리킬런고
가리키다,가리킬망정
가리키다,가리킬밖에
가리키다,가리킬뿐더러
가리키다,가리킬수록
가리키다,가리킬지라도
가리키다,가리키며
가리키다,가리키면
가리키다,가리키면서
가리키다,가리키세요
가리키다,가리키셔요
가리키다,가리키지
가리키다,가리키건대
가리키다,가리키나니
가리키다,가리키느라
가리키다,가리키느라고
가리키다,가리키는구나
가리키다,가리키는군
가리키다,가리키도록
가리키다,가리키자
가리키다,가리키자고
가리키다,가리키자꾸나
가리키다,가리키자느니
가리키다,가리키자니까
가리키다,가리키자마자
가리키다,가리키자며
가리키다,가리키자면
가리키다,가리키자면서
가리키다,가리킨
가리키다,가리킨다
가리키다,가리킨다고
가리키다,가리킨다나
가리키다,가리킨다네
가리키다,가리킨다느니
가리키다,가리킨다니
가리키다,가리킨다니까
가리키다,가리킨다더라
가리키다,가리킨다며
가리키다,가리킨다면
가리키다,가리킨다면서
가리키다,가리킨답니까
가리키다,가리킨답니다
가리키다,가리킨답시고
가리키다,가리킨대
가리키다,가리킨대요
가리키다,가리킬거나
가리키다,가리킬게
가리키다,가리킬래
가리키다,가리키라고
가리키다,가리키러
가리키다,가리키려
가리키다,가리킵시다
가리키다,가리키세
가리키다,가리키시라
가리키다,가리키십시다
가리키다,가리키십시오
가리키다,가리키고자
가리키다,가리키느냐
가리키다,가리키느냐고
가리키다,가리키느니
가리키다,가리키느니만
가리키다,가리키느니만큼
가리키다,가리키는
가리키다,가리키는걸
가리키다,가리키는데
가리키다,가리키는지
붓다,붓거나
붓다,붓거늘
붓다,붓거니
붓다,붓거든
붓다,붓건
붓다,붓것다
붓다,붓게
붓다,붓겠
붓다,붓고
붓다,붓고말고
붓다,붓기로
붓다,붓기로니
붓다,붓기로서
붓다,붓기로서니
붓다,붓기에
붓다,붓네
붓다,붓니
붓다,붓다
붓다,붓다가
붓다,붓다가는
붓다,붓다간
붓다,붓다니
붓다,붓다마다
붓다,붓더니
붓다,붓더니라
붓다,붓더라
붓다,붓더라니까
붓다,붓더라도
붓다,붓더라며
붓다,붓더라면
붓다,붓더라면서
붓다,붓더람
붓다,붓던
붓다,붓던가
붓다,붓던데
붓다,붓던지
붓다,붓데
붓다,붓데요
붓다,붓도다
붓다,붓되
붓다,붓든
붓다,붓든지
붓다,붓듯
붓다,붓듯이
붓다,붓죠
붓다,붓지마는
붓다,붓지만
붓다,붓지요
붓다,붓지
붓다,부을
붓다,부을걸
붓다,부을밖에
붓다,부을수록
붓다,부을지
붓다,부을지며
붓다,부음
붓다,부음에도
붓다,부읍시오
붓다,붓건대
붓다,붓나니
붓다,붓느라
붓다,붓느라고
붓다,붓는구나
붓다,붓는군
붓다,붓도록
붓다,붓자
붓다,붓자고
붓다,붓자꾸나
붓다,붓자느니
붓다,붓자니까
붓다,붓자마자
붓다,붓자며
붓다,붓자면
붓다,붓자면서
붓다,붓고자
붓다,붓느냐
붓다,붓느냐고
붓다,붓느니
붓다,붓느니만
붓다,붓느니만큼
붓다,붓는
붓다,붓는걸
붓다,붓는데
붓다,붓는지
붓다,부으러
붓다,부읍시다
연습하다,연습하거나
연습하다,연습하거늘
연습하다,연습하거니
연습하다,연습하거든
연습하다,연습하건
연습하다,연습하것다
연습하다,연습하게
연습하다,연습하겠
연습하다,연습하고
연습하다,연습하고말고
연습하다,연습하기로
연습하다,연습하기로니
연습하다,연습하기로서
연습하다,연습하기로서니
연습하다,연습하기에
연습하다,연습하네
연습하다,연습하니
연습하다,연습하다
연습하다,연습하다가
연습하다,연습하다가는
연습하다,연습하다간
연습하다,연습하다니
연습하다,연습하다마다
연습하다,연습하더니
연습하다,연습하더니라
연습하다,연습하더라
연습하다,연습하더라니까
연습하다,연습하더라도
연습하다,연습하더라며
연습하다,연습하더라면
연습하다,연습하더라면서
연습하다,연습하더람
연습하다,연습하던
연습하다,연습하던가
연습하다,연습하던데
연습하다,연습하던지
연습하다,연습하데
연습하다,연습하데요
연습하다,연습하도다
연습하다,연습하되
연습하다,연습하든
연습하다,연습하든지
연습하다,연습하듯
연습하다,연습하듯이
연습하다,연습하죠
연습하다,연습하지마는
연습하다,연습하지만
연습하다,연습하지요
연습하다,연습한걸
연습하다,연습한들
연습하다,연습하나마
연습하다,연습하니까
연습하다,연습할
연습하다,연습할걸
연습하다,연습할까
연습하다,연습할는지
연습하다,연습할라
연습하다,연습할라고
연습하다,연습할러니
연습하다,연습할러라
연습하다,연습할런고
연습하다,연습할망정
연습하다,연습할밖에
연습하다,연습할뿐더러
연습하다,연습할수록
연습하다,연습할지라도
연습하다,연습하며
연습하다,연습하면
연습하다,연습하면서
연습하다,연습하세요
연습하다,연습하셔요
연습하다,연습하지
연습하다,연습하건대
연습하다,연습하나니
연습하다,연습하느라
연습하다,연습하느라고
연습하다,연습하는구나
연습하다,연습하는군
연습하다,연습하도록
연습하다,연습하자
연습하다,연습하자고
연습하다,연습하자꾸나
연습하다,연습하자느니
연습하다,연습하자니까
연습하다,연습하자마자
연습하다,연습하자며
연습하다,연습하자면
연습하다,연습하자면서
연습하다,연습한
연습하다,연습한다
연습하다,연습한다고
연습하다,연습한다나
연습하다,연습한다네
연습하다,연습한다느니
연습하다,연습한다니
연습하다,연습한다니까
연습하다,연습한다더라
연습하다,연습한다며
연습하다,연습한다면
연습하다,연습한다면서
연습하다,연습한답니까
연습하다,연습한답니다
연습하다,연습한답시고
연습하다,연습한대
연습하다,연습한대요
연습하다,연습할거나
연습하다,연습할게
연습하다,연습할래
연습하다,연습하라고
연습하다,연습하러
연습하다,연습하려
연습하다,연습합시다
연습하다,연습하세
연습하다,연습하시라
연습하다,연습하십시다
연습하다,연습하십시오
연습하다,연습하고자
연습하다,연습하느냐
연습하다,연습하느냐고
연습하다,연습하느니
연습하다,연습하느니만
연습하다,연습하느니만큼
연습하다,연습하는
연습하다,연습하는걸
연습하다,연습하는데
연습하다,연습하는지
준비하다,준비하거나
준비하다,준비하거늘
준비하다,준비하거니
준비하다,준비하거든
준비하다,준비하건
준비하다,준비하것다
준비하다,준비하게
준비하다,준비하겠
준비하다,준비하고
준비하다,준비하고말고
준비하다,준비하기로
준비하다,준비하기로니
준비하다,준비하기로서
준비하다,준비하기로서니
준비하다,준비하기에
준비하다,준비하네
준비하다,준비하니
준비하다,준비하다
준비하다,준비하다가
준비하다,준비하다가는
준비하다,준비하다간
준비하다,준비하다니
준비하다,준비하다마다
준비하다,준비하더니
준비하다,준비하더니라
준비하다,준비하더라
준비하다,준비하더라니까
준비하다,준비하더라도
준비하다,준비하더라며
준비하다,준비하더라면
준비하다,준비하더라면서
준비하다,준비하더람
준비하다,준비하던
준비하다,준비하던가
준비하다,준비하던데
준비하다,준비하던지
준비하다,준비하데
준비하다,준비하데요
준비하다,준비하도다
준비하다,준비하되
준비하다,준비하든
준비하다,준비하든지
준비하다,준비하듯
준비하다,준비하듯이
준비하다,준비하죠
준비하다,준비하지마는
준비하다,준비하지만
준비하다,준비하지요
준비하다,준비한걸
준비하다,준비한들
준비하다,준비하나마
준비하다,준비하니까
준비하다,준비할
준비하다,준비할걸
준비하다,준비할까
준비하다,준비할는지
준비하다,준비할라
준비하다,준비할라고
준비하다,준비할러니
준비하다,준비할러라
준비하다,준비할런고
준비하다,준비할망정
준비하다,준비할밖에
준비하다,준비할뿐더러
준비하다,준비할수록
준비하다,준비할지라도
준비하다,준비하며
준비하다,준비하면
준비하다,준비하면서
준비하다,준비하세요
준비하다,준비하셔요
준비하다,준비하지
준비하다,준비하건대
준비하다,준비하나니
준비하다,준비하느라
준비하다,준비하느라고
준비하다,준비하는구나
준비하다,준비하는군
준비하다,준비하도록
준비하다,준비하자
준비하다,준비하자고
준비하다,준비하자꾸나
준비하다,준비하자느니
준비하다,준비하자니까
준비하다,준비하자마자
준비하다,준비하자며
준비하다,준비하자면
준비하다,준비하자면서
준비하다,준비한
준비하다,준비한다
준비하다,준비한다고
준비하다,준비한다나
준비하다,준비한다네
준비하다,준비한다느니
준비하다,준비한다니
준비하다,준비한다니까
준비하다,준비한다더라
준비하다,준비한다며
준비하다,준비한다면
준비하다,준비한다면서
준비하다,준비한답니까
준비하다,준비한답니다
준비하다,준비한답시고
준비하다,준비한대
준비하다,준비한대요
준비하다,준비할거나
준비하다,준비할게
준비하다,준비할래
준비하다,준비하라고
준비하다,준비하러
준비하다,준비하려
준비하다,준비합시다
준비하다,준비하세
준비하다,준비하시라
준비하다,준비하십시다
준비하다,준비하십시오
준비하다,준비하고자
준비하다,준비하느냐
준비하다,준비하느냐고
준비하다,준비하느니
준비하다,준비하느니만
준비하다,준비하느니만큼
준비하다,준비하는
준비하다,준비하는걸
준비하다,준비하는데
준비하다,준비하는지
선호하다,선호하거나
선호하다,선호하거늘
선호하다,선호하거니
선호하다,선호하거든
선호하다,선호하건
선호하다,선호하것다
선호하다,선호하게
선호하다,선호하겠
선호하다,선호하고
선호하다,선호하고말고
선호하다,선호하기로
선호하다,선호하기로니
선호하다,선호하기로서
선호하다,선호하기로서니
선호하다,선호하기에
선호하다,선호하네
선호하다,선호하니
선호하다,선호하다
선호하다,선호하다가
선호하다,선호하다가는
선호하다,선호하다간
선호하다,선호하다니
선호하다,선호하다마다
선호하다,선호하더니
선호하다,선호하더니라
선호하다,선호하더라
선호하다,선호하더라니까
선호하다,선호하더라도
선호하다,선호하더라며
선호하다,선호하더라면
선호하다,선호하더라면서
선호하다,선호하더람
선호하다,선호하던
선호하다,선호하던가
선호하다,선호하던데
선호하다,선호하던지
선호하다,선호하데
선호하다,선호하데요
선호하다,선호하도다
선호하다,선호하되
선호하다,선호하든
선호하다,선호하든지
선호하다,선호하듯
선호하다,선호하듯이
선호하다,선호하죠
선호하다,선호하지마는
선호하다,선호하지만
선호하다,선호하지요
선호하다,선호한걸
선호하다,선호한들
선호하다,선호하나마
선호하다,선호하니까
선호하다,선호할
선호하다,선호할걸
선호하다,선호할까
선호하다,선호할는지
선호하다,선호할라
선호하다,선호할라고
선호하다,선호할러니
선호하다,선호할러라
선호하다,선호할런고
선호하다,선호할망정
선호하다,선호할밖에
선호하다,선호할뿐더러
선호하다,선호할수록
선호하다,선호할지라도
선호하다,선호하며
선호하다,선호하면
선호하다,선호하면서
선호하다,선호하세요
선호하다,선호하셔요
선호하다,선호하지
선호하다,선호하건대
선호하다,선호하나니
선호하다,선호하느라
선호하다,선호하느라고
선호하다,선호하는구나
선호하다,선호하는군
선호하다,선호하도록
선호하다,선호하자
선호하다,선호하자고
선호하다,선호하자꾸나
선호하다,선호하자느니
선호하다,선호하자니까
선호하다,선호하자마자
선호하다,선호하자며
선호하다,선호하자면
선호하다,선호하자면서
선호하다,선호한
선호하다,선호한다
선호하다,선호한다고
선호하다,선호한다나
선호하다,선호한다네
선호하다,선호한다느니
선호하다,선호한다니
선호하다,선호한다니까
선호하다,선호한다더라
선호하다,선호한다며
선호하다,선호한다면
선호하다,선호한다면서
선호하다,선호한답니까
선호하다,선호한답니다
선호하다,선호한답시고
선호하다,선호한대
선호하다,선호한대요
선호하다,선호할거나
선호하다,선호할게
선호하다,선호할래
선호하다,선호하라고
선호하다,선호하러
선호하다,선호하려
선호하다,선호합시다
선호하다,선호하세
선호하다,선호하시라
선호하다,선호하십시다
선호하다,선호하십시오
선호하다,선호하고자
선호하다,선호하느냐
선호하다,선호하느냐고
선호하다,선호하느니
선호하다,선호하느니만
선호하다,선호하느니만큼
선호하다,선호하는
선호하다,선호하는걸
선호하다,선호하는데
선호하다,선호하는지
예방하다,예방하거나
예방하다,예방하거늘
예방하다,예방하거니
예방하다,예방하거든
예방하다,예방하건
예방하다,예방하것다
예방하다,예방하게
예방하다,예방하겠
예방하다,예방하고
예방하다,예방하고말고
예방하다,예방하기로
예방하다,예방하기로니
예방하다,예방하기로서
예방하다,예방하기로서니
예방하다,예방하기에
예방하다,예방하네
예방하다,예방하니
예방하다,예방하다
예방하다,예방하다가
예방하다,예방하다가는
예방하다,예방하다간
예방하다,예방하다니
예방하다,예방하다마다
예방하다,예방하더니
예방하다,예방하더니라
예방하다,예방하더라
예방하다,예방하더라니까
예방하다,예방하더라도
예방하다,예방하더라며
예방하다,예방하더라면
예방하다,예방하더라면서
예방하다,예방하더람
예방하다,예방하던
예방하다,예방하던가
예방하다,예방하던데
예방하다,예방하던지
예방하다,예방하데
예방하다,예방하데요
예방하다,예방하도다
예방하다,예방하되
예방하다,예방하든
예방하다,예방하든지
예방하다,예방하듯
예방하다,예방하듯이
예방하다,예방하죠
예방하다,예방하지마는
예방하다,예방하지만
예방하다,예방하지요
예방하다,예방한걸
예방하다,예방한들
예방하다,예방하나마
예방하다,예방하니까
예방하다,예방할
예방하다,예방할걸
예방하다,예방할까
예방하다,예방할는지
예방하다,예방할라
예방하다,예방할라고
예방하다,예방할러니
예방하다,예방할러라
예방하다,예방할런고
예방하다,예방할망정
예방하다,예방할밖에
예방하다,예방할뿐더러
예방하다,예방할수록
예방하다,예방할지라도
예방하다,예방하며
예방하다,예방하면
예방하다,예방하면서
예방하다,예방하세요
예방하다,예방하셔요
예방하다,예방하지
예방하다,예방하건대
예방하다,예방하나니
예방하다,예방하느라
예방하다,예방하느라고
예방하다,예방하는구나
예방하다,예방하는군
예방하다,예방하도록
예방하다,예방하자
예방하다,예방하자고
예방하다,예방하자꾸나
예방하다,예방하자느니
예방하다,예방하자니까
예방하다,예방하자마자
예방하다,예방하자며
예방하다,예방하자면
예방하다,예방하자면서
예방하다,예방한
예방하다,예방한다
예방하다,예방한다고
예방하다,예방한다나
예방하다,예방한다네
예방하다,예방한다느니
예방하다,예방한다니
예방하다,예방한다니까
예방하다,예방한다더라
예방하다,예방한다며
예방하다,예방한다면
예방하다,예방한다면서
예방하다,예방한답니까
예방하다,예방한답니다
예방하다,예방한답시고
예방하다,예방한대
예방하다,예방한대요
예방하다,예방할거나
예방하다,예방할게
예방하다,예방할래
예방하다,예방하라고
예방하다,예방하러
예방하다,예방하려
예방하다,예방합시다
예방하다,예방하세
예방하다,예방하시라
예방하다,예방하십시다
예방하다,예방하십시오
예방하다,예방하고자
예방하다,예방하느냐
예방하다,예방하느냐고
예방하다,예방하느니
예방하다,예방하느니만
예방하다,예방하느니만큼
예방하다,예방하는
예방하다,예방하는걸
예방하다,예방하는데
예방하다,예방하는지
진행하다,진행하거나
진행하다,진행하거늘
진행하다,진행하거니
진행하다,진행하거든
진행하다,진행하건
진행하다,진행하것다
진행하다,진행하게
진행하다,진행하겠
진행하다,진행하고
진행하다,진행하고말고
진행하다,진행하기로
진행하다,진행하기로니
진행하다,진행하기로서
진행하다,진행하기로서니
진행하다,진행하기에
진행하다,진행하네
진행하다,진행하니
진행하다,진행하다
진행하다,진행하다가
진행하다,진행하다가는
진행하다,진행하다간
진행하다,진행하다니
진행하다,진행하다마다
진행하다,진행하더니
진행하다,진행하더니라
진행하다,진행하더라
진행하다,진행하더라니까
진행하다,진행하더라도
진행하다,진행하더라며
진행하다,진행하더라면
진행하다,진행하더라면서
진행하다,진행하더람
진행하다,진행하던
진행하다,진행하던가
진행하다,진행하던데
진행하다,진행하던지
진행하다,진행하데
진행하다,진행하데요
진행하다,진행하도다
진행하다,진행하되
진행하다,진행하든
진행하다,진행하든지
진행하다,진행하듯
진행하다,진행하듯이
진행하다,진행하죠
진행하다,진행하지마는
진행하다,진행하지만
진행하다,진행하지요
진행하다,진행한걸
진행하다,진행한들
진행하다,진행하나마
진행하다,진행하니까
진행하다,진행할
진행하다,진행할걸
진행하다,진행할까
진행하다,진행할는지
진행하다,진행할라
진행하다,진행할라고
진행하다,진행할러니
진행하다,진행할러라
진행하다,진행할런고
진행하다,진행할망정
진행하다,진행할밖에
진행하다,진행할뿐더러
진행하다,진행할수록
진행하다,진행할지라도
진행하다,진행하며
진행하다,진행하면
진행하다,진행하면서
진행하다,진행하세요
진행하다,진행하셔요
진행하다,진행하지
진행하다,진행하건대
진행하다,진행하나니
진행하다,진행하느라
진행하다,진행하느라고
진행하다,진행하는구나
진행하다,진행하는군
진행하다,진행하도록
진행하다,진행하자
진행하다,진행하자고
진행하다,진행하자꾸나
진행하다,진행하자느니
진행하다,진행하자니까
진행하다,진행하자마자
진행하다,진행하자며
진행하다,진행하자면
진행하다,진행하자면서
진행하다,진행한
진행하다,진행한다
진행하다,진행한다고
진행하다,진행한다나
진행하다,진행한다네
진행하다,진행한다느니
진행하다,진행한다니
진행하다,진행한다니까
진행하다,진행한다더라
진행하다,진행한다며
진행하다,진행한다면
진행하다,진행한다면서
진행하다,진행한답니까
진행하다,진행한답니다
진행하다,진행한답시고
진행하다,진행한대
진행하다,진행한대요
진행하다,진행할거나
진행하다,진행할게
진행하다,진행할래
진행하다,진행하라고
진행하다,진행하러
진행하다,진행하려
진행하다,진행합시다
진행하다,진행하세
진행하다,진행하시라
진행하다,진행하십시다
진행하다,진행하십시오
진행하다,진행하고자
진행하다,진행하느냐
진행하다,진행하느냐고
진행하다,진행하느니
진행하다,진행하느니만
진행하다,진행하느니만큼
진행하다,진행하는
진행하다,진행하는걸
진행하다,진행하는데
진행하다,진행하는지
약속하다,약속하거나
약속하다,약속하거늘
약속하다,약속하거니
약속하다,약속하거든
약속하다,약속하건
약속하다,약속하것다
약속하다,약속하게
약속하다,약속하겠
약속하다,약속하고
약속하다,약속하고말고
약속하다,약속하기로
약속하다,약속하기로니
약속하다,약속하기로서
약속하다,약속하기로서니
약속하다,약속하기에
약속하다,약속하네
약속하다,약속하니
약속하다,약속하다
약속하다,약속하다가
약속하다,약속하다가는
약속하다,약속하다간
약속하다,약속하다니
약속하다,약속하다마다
약속하다,약속하더니
약속하다,약속하더니라
약속하다,약속하더라
약속하다,약속하더라니까
약속하다,약속하더라도
약속하다,약속하더라며
약속하다,약속하더라면
약속하다,약속하더라면서
약속하다,약속하더람
약속하다,약속하던
약속하다,약속하던가
약속하다,약속하던데
약속하다,약속하던지
약속하다,약속하데
약속하다,약속하데요
약속하다,약속하도다
약속하다,약속하되
약속하다,약속하든
약속하다,약속하든지
약속하다,약속하듯
약속하다,약속하듯이
약속하다,약속하죠
약속하다,약속하지마는
약속하다,약속하지만
약속하다,약속하지요
약속하다,약속한걸
약속하다,약속한들
약속하다,약속하나마
약속하다,약속하니까
약속하다,약속할
약속하다,약속할걸
약속하다,약속할까
약속하다,약속할는지
약속하다,약속할라
약속하다,약속할라고
약속하다,약속할러니
약속하다,약속할러라
약속하다,약속할런고
약속하다,약속할망정
약속하다,약속할밖에
약속하다,약속할뿐더러
약속하다,약속할수록
약속하다,약속할지라도
약속하다,약속하며
약속하다,약속하면
약속하다,약속하면서
약속하다,약속하세요
약속하다,약속하셔요
약속하다,약속하지
약속하다,약속하건대
약속하다,약속하나니
약속하다,약속하느라
약속하다,약속하느라고
약속하다,약속하는구나
약속하다,약속하는군
약속하다,약속하도록
약속하다,약속하자
약속하다,약속하자고
약속하다,약속하자꾸나
약속하다,약속하자느니
약속하다,약속하자니까
약속하다,약속하자마자
약속하다,약속하자며
약속하다,약속하자면
약속하다,약속하자면서
약속하다,약속한
약속하다,약속한다
약속하다,약속한다고
약속하다,약속한다나
약속하다,약속한다네
약속하다,약속한다느니
약속하다,약속한다니
약속하다,약속한다니까
약속하다,약속한다더라
약속하다,약속한다며
약속하다,약속한다면
약속하다,약속한다면서
약속하다,약속한답니까
약속하다,약속한답니다
약속하다,약속한답시고
약속하다,약속한대
약속하다,약속한대요
약속하다,약속할거나
약속하다,약속할게
약속하다,약속할래
약속하다,약속하라고
약속하다,약속하러
약속하다,약속하려
약속하다,약속합시다
약속하다,약속하세
약속하다,약속하시라
약속하다,약속하십시다
약속하다,약속하십시오
약속하다,약속하고자
약속하다,약속하느냐
약속하다,약속하느냐고
약속하다,약속하느니
약속하다,약속하느니만
약속하다,약속하느니만큼
약속하다,약속하는
약속하다,약속하는걸
약속하다,약속하는데
약속하다,약속하는지
제의하다,제의하거나
제의하다,제의하거늘
제의하다,제의하거니
제의하다,제의하거든
제의하다,제의하건
제의하다,제의하것다
제의하다,제의하게
제의하다,제의하겠
제의하다,제의하고
제의하다,제의하고말고
제의하다,제의하기로
제의하다,제의하기로니
제의하다,제의하기로서
제의하다,제의하기로서니
제의하다,제의하기에
제의하다,제의하네
제의하다,제의하니
제의하다,제의하다
제의하다,제의하다가
제의하다,제의하다가는
제의하다,제의하다간
제의하다,제의하다니
제의하다,제의하다마다
제의하다,제의하더니
제의하다,제의하더니라
제의하다,제의하더라
제의하다,제의하더라니까
제의하다,제의하더라도
제의하다,제의하더라며
제의하다,제의하더라면
제의하다,제의하더라면서
제의하다,제의하더람
제의하다,제의하던
제의하다,제의하던가
제의하다,제의하던데
제의하다,제의하던지
제의하다,제의하데
제의하다,제의하데요
제의하다,제의하도다
제의하다,제의하되
제의하다,제의하든
제의하다,제의하든지
제의하다,제의하듯
제의하다,제의하듯이
제의하다,제의하죠
제의하다,제의하지마는
제의하다,제의하지만
제의하다,제의하지요
제의하다,제의한걸
제의하다,제의한들
제의하다,제의하나마
제의하다,제의하니까
제의하다,제의할
제의하다,제의할걸
제의하다,제의할까
제의하다,제의할는지
제의하다,제의할라
제의하다,제의할라고
제의하다,제의할러니
제의하다,제의할러라
제의하다,제의할런고
제의하다,제의할망정
제의하다,제의할밖에
제의하다,제의할뿐더러
제의하다,제의할수록
제의하다,제의할지라도
제의하다,제의하며
제의하다,제의하면
제의하다,제의하면서
제의하다,제의하세요
제의하다,제의하셔요
제의하다,제의하지
제의하다,제의하건대
제의하다,제의하나니
제의하다,제의하느라
제의하다,제의하느라고
제의하다,제의하는구나
제의하다,제의하는군
제의하다,제의하도록
제의하다,제의하자
제의하다,제의하자고
제의하다,제의하자꾸나
제의하다,제의하자느니
제의하다,제의하자니까
제의하다,제의하자마자
제의하다,제의하자며
제의하다,제의하자면
제의하다,제의하자면서
제의하다,제의한
제의하다,제의한다
제의하다,제의한다고
제의하다,제의한다나
제의하다,제의한다네
제의하다,제의한다느니
제의하다,제의한다니
제의하다,제의한다니까
제의하다,제의한다더라
제의하다,제의한다며
제의하다,제의한다면
제의하다,제의한다면서
제의하다,제의한답니까
제의하다,제의한답니다
제의하다,제의한답시고
제의하다,제의한대
제의하다,제의한대요
제의하다,제의할거나
제의하다,제의할게
제의하다,제의할래
제의하다,제의하라고
제의하다,제의하러
제의하다,제의하려
제의하다,제의합시다
제의하다,제의하세
제의하다,제의하시라
제의하다,제의하십시다
제의하다,제의하십시오
제의하다,제의하고자
제의하다,제의하느냐
제의하다,제의하느냐고
제의하다,제의하느니
제의하다,제의하느니만
제의하다,제의하느니만큼
제의하다,제의하는
제의하다,제의하는걸
제의하다,제의하는데
제의하다,제의하는지
보호하다,보호하거나
보호하다,보호하거늘
보호하다,보호하거니
보호하다,보호하거든
보호하다,보호하건
보호하다,보호하것다
보호하다,보호하게
보호하다,보호하겠
보호하다,보호하고
보호하다,보호하고말고
보호하다,보호하기로
보호하다,보호하기로니
보호하다,보호하기로서
보호하다,보호하기로서니
보호하다,보호하기에
보호하다,보호하네
보호하다,보호하니
보호하다,보호하다
보호하다,보호하다가
보호하다,보호하다가는
보호하다,보호하다간
보호하다,보호하다니
보호하다,보호하다마다
보호하다,보호하더니
보호하다,보호하더니라
보호하다,보호하더라
보호하다,보호하더라니까
보호하다,보호하더라도
보호하다,보호하더라며
보호하다,보호하더라면
보호하다,보호하더라면서
보호하다,보호하더람
보호하다,보호하던
보호하다,보호하던가
보호하다,보호하던데
보호하다,보호하던지
보호하다,보호하데
보호하다,보호하데요
보호하다,보호하도다
보호하다,보호하되
보호하다,보호하든
보호하다,보호하든지
보호하다,보호하듯
보호하다,보호하듯이
보호하다,보호하죠
보호하다,보호하지마는
보호하다,보호하지만
보호하다,보호하지요
보호하다,보호한걸
보호하다,보호한들
보호하다,보호하나마
보호하다,보호하니까
보호하다,보호할
보호하다,보호할걸
보호하다,보호할까
보호하다,보호할는지
보호하다,보호할라
보호하다,보호할라고
보호하다,보호할러니
보호하다,보호할러라
보호하다,보호할런고
보호하다,보호할망정
보호하다,보호할밖에
보호하다,보호할뿐더러
보호하다,보호할수록
보호하다,보호할지라도
보호하다,보호하며
보호하다,보호하면
보호하다,보호하면서
보호하다,보호하세요
보호하다,보호하셔요
보호하다,보호하지
보호하다,보호하건대
보호하다,보호하나니
보호하다,보호하느라
보호하다,보호하느라고
보호하다,보호하는구나
보호하다,보호하는군
보호하다,보호하도록
보호하다,보호하자
보호하다,보호하자고
보호하다,보호하자꾸나
보호하다,보호하자느니
보호하다,보호하자니까
보호하다,보호하자마자
보호하다,보호하자며
보호하다,보호하자면
보호하다,보호하자면서
보호하다,보호한
보호하다,보호한다
보호하다,보호한다고
보호하다,보호한다나
보호하다,보호한다네
보호하다,보호한다느니
보호하다,보호한다니
보호하다,보호한다니까
보호하다,보호한다더라
보호하다,보호한다며
보호하다,보호한다면
보호하다,보호한다면서
보호하다,보호한답니까
보호하다,보호한답니다
보호하다,보호한답시고
보호하다,보호한대
보호하다,보호한대요
보호하다,보호할거나
보호하다,보호할게
보호하다,보호할래
보호하다,보호하라고
보호하다,보호하러
보호하다,보호하려
보호하다,보호합시다
보호하다,보호하세
보호하다,보호하시라
보호하다,보호하십시다
보호하다,보호하십시오
보호하다,보호하고자
보호하다,보호하느냐
보호하다,보호하느냐고
보호하다,보호하느니
보호하다,보호하느니만
보호하다,보호하느니만큼
보호하다,보호하는
보호하다,보호하는걸
보호하다,보호하는데
보호하다,보호하는지
증명하다,증명하거나
증명하다,증명하거늘
증명하다,증명하거니
증명하다,증명하거든
증명하다,증명하건
증명하다,증명하것다
증명하다,증명하게
증명하다,증명하겠
증명하다,증명하고
증명하다,증명하고말고
증명하다,증명하기로
증명하다,증명하기로니
증명하다,증명하기로서
증명하다,증명하기로서니
증명하다,증명하기에
증명하다,증명하네
증명하다,증명하니
증명하다,증명하다
증명하다,증명하다가
증명하다,증명하다가는
증명하다,증명하다간
증명하다,증명하다니
증명하다,증명하다마다
증명하다,증명하더니
증명하다,증명하더니라
증명하다,증명하더라
증명하다,증명하더라니까
증명하다,증명하더라도
증명하다,증명하더라며
증명하다,증명하더라면
증명하다,증명하더라면서
증명하다,증명하더람
증명하다,증명하던
증명하다,증명하던가
증명하다,증명하던데
증명하다,증명하던지
증명하다,증명하데
증명하다,증명하데요
증명하다,증명하도다
증명하다,증명하되
증명하다,증명하든
증명하다,증명하든지
증명하다,증명하듯
증명하다,증명하듯이
증명하다,증명하죠
증명하다,증명하지마는
증명하다,증명하지만
증명하다,증명하지요
증명하다,증명한걸
증명하다,증명한들
증명하다,증명하나마
증명하다,증명하니까
증명하다,증명할
증명하다,증명할걸
증명하다,증명할까
증명하다,증명할는지
증명하다,증명할라
증명하다,증명할라고
증명하다,증명할러니
증명하다,증명할러라
증명하다,증명할런고
증명하다,증명할망정
증명하다,증명할밖에
증명하다,증명할뿐더러
증명하다,증명할수록
증명하다,증명할지라도
증명하다,증명하며
증명하다,증명하면
증명하다,증명하면서
증명하다,증명하세요
증명하다,증명하셔요
증명하다,증명하지
증명하다,증명하건대
증명하다,증명하나니
증명하다,증명하느라
증명하다,증명하느라고
증명하다,증명하는구나
증명하다,증명하는군
증명하다,증명하도록
증명하다,증명하자
증명하다,증명하자고
증명하다,증명하자꾸나
증명하다,증명하자느니
증명하다,증명하자니까
증명하다,증명하자마자
증명하다,증명하자며
증명하다,증명하자면
증명하다,증명하자면서
증명하다,증명한
증명하다,증명한다
증명하다,증명한다고
증명하다,증명한다나
증명하다,증명한다네
증명하다,증명한다느니
증명하다,증명한다니
증명하다,증명한다니까
증명하다,증명한다더라
증명하다,증명한다며
증명하다,증명한다면
증명하다,증명한다면서
증명하다,증명한답니까
증명하다,증명한답니다
증명하다,증명한답시고
증명하다,증명한대
증명하다,증명한대요
증명하다,증명할거나
증명하다,증명할게
증명하다,증명할래
증명하다,증명하라고
증명하다,증명하러
증명하다,증명하려
증명하다,증명합시다
증명하다,증명하세
증명하다,증명하시라
증명하다,증명하십시다
증명하다,증명하십시오
증명하다,증명하고자
증명하다,증명하느냐
증명하다,증명하느냐고
증명하다,증명하느니
증명하다,증명하느니만
증명하다,증명하느니만큼
증명하다,증명하는
증명하다,증명하는걸
증명하다,증명하는데
증명하다,증명하는지
당기다,당기거나
당기다,당기거늘
당기다,당기거니
당기다,당기거든
당기다,당기건
당기다,당기것다
당기다,당기게
당기다,당기겠
당기다,당기고
당기다,당기고말고
당기다,당기기로
당기다,당기기로니
당기다,당기기로서
당기다,당기기로서니
당기다,당기기에
당기다,당기네
당기다,당기니
당기다,당기다
당기다,당기다가
당기다,당기다가는
당기다,당기다간
당기다,당기다니
당기다,당기다마다
당기다,당기더니
당기다,당기더니라
당기다,당기더라
당기다,당기더라니까
당기다,당기더라도
당기다,당기더라며
당기다,당기더라면
당기다,당기더라면서
당기다,당기더람
당기다,당기던
당기다,당기던가
당기다,당기던데
당기다,당기던지
당기다,당기데
당기다,당기데요
당기다,당기도다
당기다,당기되
당기다,당기든
당기다,당기든지
당기다,당기듯
당기다,당기듯이
당기다,당기죠
당기다,당기지마는
당기다,당기지만
당기다,당기지요
당기다,당긴걸
당기다,당긴들
당기다,당기나마
당기다,당기니까
당기다,당길
당기다,당길걸
당기다,당길까
당기다,당길는지
당기다,당길라
당기다,당길라고
당기다,당길러니
당기다,당길러라
당기다,당길런고
당기다,당길망정
당기다,당길밖에
당기다,당길뿐더러
당기다,당길수록
당기다,당길지라도
당기다,당기며
당기다,당기면
당기다,당기면서
당기다,당기세요
당기다,당기셔요
당기다,당기지
당기다,당기건대
당기다,당기나니
당기다,당기느라
당기다,당기느라고
당기다,당기는구나
당기다,당기는군
당기다,당기도록
당기다,당기자
당기다,당기자고
당기다,당기자꾸나
당기다,당기자느니
당기다,당기자니까
당기다,당기자마자
당기다,당기자며
당기다,당기자면
당기다,당기자면서
당기다,당긴
당기다,당긴다
당기다,당긴다고
당기다,당긴다나
당기다,당긴다네
당기다,당긴다느니
당기다,당긴다니
당기다,당긴다니까
당기다,당긴다더라
당기다,당긴다며
당기다,당긴다면
당기다,당긴다면서
당기다,당긴답니까
당기다,당긴답니다
당기다,당긴답시고
당기다,당긴대
당기다,당긴대요
당기다,당길거나
당기다,당길게
당기다,당길래
당기다,당기라고
당기다,당기러
당기다,당기려
당기다,당깁시다
당기다,당기세
당기다,당기시라
당기다,당기십시다
당기다,당기십시오
당기다,당기고자
당기다,당기느냐
당기다,당기느냐고
당기다,당기느니
당기다,당기느니만
당기다,당기느니만큼
당기다,당기는
당기다,당기는걸
당기다,당기는데
당기다,당기는지
추구하다,추구하거나
추구하다,추구하거늘
추구하다,추구하거니
추구하다,추구하거든
추구하다,추구하건
추구하다,추구하것다
추구하다,추구하게
추구하다,추구하겠
추구하다,추구하고
추구하다,추구하고말고
추구하다,추구하기로
추구하다,추구하기로니
추구하다,추구하기로서
추구하다,추구하기로서니
추구하다,추구하기에
추구하다,추구하네
추구하다,추구하니
추구하다,추구하다
추구하다,추구하다가
추구하다,추구하다가는
추구하다,추구하다간
추구하다,추구하다니
추구하다,추구하다마다
추구하다,추구하더니
추구하다,추구하더니라
추구하다,추구하더라
추구하다,추구하더라니까
추구하다,추구하더라도
추구하다,추구하더라며
추구하다,추구하더라면
추구하다,추구하더라면서
추구하다,추구하더람
추구하다,추구하던
추구하다,추구하던가
추구하다,추구하던데
추구하다,추구하던지
추구하다,추구하데
추구하다,추구하데요
추구하다,추구하도다
추구하다,추구하되
추구하다,추구하든
추구하다,추구하든지
추구하다,추구하듯
추구하다,추구하듯이
추구하다,추구하죠
추구하다,추구하지마는
추구하다,추구하지만
추구하다,추구하지요
추구하다,추구한걸
추구하다,추구한들
추구하다,추구하나마
추구하다,추구하니까
추구하다,추구할
추구하다,추구할걸
추구하다,추구할까
추구하다,추구할는지
추구하다,추구할라
추구하다,추구할라고
추구하다,추구할러니
추구하다,추구할러라
추구하다,추구할런고
추구하다,추구할망정
추구하다,추구할밖에
추구하다,추구할뿐더러
추구하다,추구할수록
추구하다,추구할지라도
추구하다,추구하며
추구하다,추구하면
추구하다,추구하면서
추구하다,추구하세요
추구하다,추구하셔요
추구하다,추구하지
추구하다,추구하건대
추구하다,추구하나니
추구하다,추구하느라
추구하다,추구하느라고
추구하다,추구하는구나
추구하다,추구하는군
추구하다,추구하도록
추구하다,추구하자
추구하다,추구하자고
추구하다,추구하자꾸나
추구하다,추구하자느니
추구하다,추구하자니까
추구하다,추구하자마자
추구하다,추구하자며
추구하다,추구하자면
추구하다,추구하자면서
추구하다,추구한
추구하다,추구한다
추구하다,추구한다고
추구하다,추구한다나
추구하다,추구한다네
추구하다,추구한다느니
추구하다,추구한다니
추구하다,추구한다니까
추구하다,추구한다더라
추구하다,추구한다며
추구하다,추구한다면
추구하다,추구한다면서
추구하다,추구한답니까
추구하다,추구한답니다
추구하다,추구한답시고
추구하다,추구한대
추구하다,추구한대요
추구하다,추구할거나
추구하다,추구할게
추구하다,추구할래
추구하다,추구하라고
추구하다,추구하러
추구하다,추구하려
추구하다,추구합시다
추구하다,추구하세
추구하다,추구하시라
추구하다,추구하십시다
추구하다,추구하십시오
추구하다,추구하고자
추구하다,추구하느냐
추구하다,추구하느냐고
추구하다,추구하느니
추구하다,추구하느니만
추구하다,추구하느니만큼
추구하다,추구하는
추구하다,추구하는걸
추구하다,추구하는데
추구하다,추구하는지
밀다,밀거나
밀다,밀거늘
밀다,밀거니
밀다,밀거든
밀다,밀건
밀다,밀것다
밀다,밀게
밀다,밀겠
밀다,밀고
밀다,밀고말고
밀다,밀기로
밀다,밀기로니
밀다,밀기로서
밀다,밀기로서니
밀다,밀기에
밀다,밀네
밀다,밀니
밀다,밀다
밀다,밀다가
밀다,밀다가는
밀다,밀다간
밀다,밀다니
밀다,밀다마다
밀다,밀더니
밀다,밀더니라
밀다,밀더라
밀다,밀더라니까
밀다,밀더라도
밀다,밀더라며
밀다,밀더라면
밀다,밀더라면서
밀다,밀더람
밀다,밀던
밀다,밀던가
밀다,밀던데
밀다,밀던지
밀다,밀데
밀다,밀데요
밀다,밀도다
밀다,밀되
밀다,밀든
밀다,밀든지
밀다,밀듯
밀다,밀듯이
밀다,밀죠
밀다,밀지마는
밀다,밀지만
밀다,밀지요
밀다,민걸
밀다,민들
밀다,미나마
밀다,미니
밀다,미니까
밀다,밀
밀다,밀걸
밀다,밀까
밀다,밀는지
밀다,밀라
밀다,밀라고
밀다,밀러니
밀다,밀러라
밀다,밀런고
밀다,밀망정
밀다,밀밖에
밀다,밀뿐더러
밀다,밀수록
밀다,밀지라도
밀다,미며
밀다,미면
밀다,미면서
밀다,미세요
밀다,미셔요
밀다,밀지
밀다,밀건대
밀다,밀나니
밀다,밀느라
밀다,밀느라고
밀다,밀는구나
밀다,밀는군
밀다,밀도록
밀다,밀자
밀다,밀자고
밀다,밀자꾸나
밀다,밀자느니
밀다,밀자니까
밀다,밀자마자
밀다,밀자며
밀다,밀자면
밀다,밀자면서
밀다,민
밀다,민다
밀다,민다고
밀다,민다나
밀다,민다네
밀다,민다느니
밀다,민다니
밀다,민다니까
밀다,민다더라
밀다,민다며
밀다,민다면
밀다,민다면서
밀다,민답니까
밀다,민답니다
밀다,민답시고
밀다,민대
밀다,민대요
밀다,밀래
밀다,미라고
밀다,미러
밀다,미려
밀다,밉시다
밀다,미세
밀다,미시라
밀다,미십시다
밀다,미십시오
밀다,밀고자
밀다,밀느냐
밀다,밀느냐고
밀다,밀느니
밀다,밀느니만
밀다,밀느니만큼
밀다,밀는
밀다,밀는걸
밀다,밀는데
드러나다,드러나거나
드러나다,드러나거늘
드러나다,드러나거니
드러나다,드러나거든
드러나다,드러나건
드러나다,드러나것다
드러나다,드러나게
드러나다,드러나겠
드러나다,드러나고
드러나다,드러나고말고
드러나다,드러나기로
드러나다,드러나기로니
드러나다,드러나기로서
드러나다,드러나기로서니
드러나다,드러나기에
드러나다,드러나네
드러나다,드러나니
드러나다,드러나다
드러나다,드러나다가
드러나다,드러나다가는
드러나다,드러나다간
드러나다,드러나다니
드러나다,드러나다마다
드러나다,드러나더니
드러나다,드러나더니라
드러나다,드러나더라
드러나다,드러나더라니까
드러나다,드러나더라도
드러나다,드러나더라며
드러나다,드러나더라면
드러나다,드러나더라면서
드러나다,드러나더람
드러나다,드러나던
드러나다,드러나던가
드러나다,드러나던데
드러나다,드러나던지
드러나다,드러나데
드러나다,드러나데요
드러나다,드러나도다
드러나다,드러나되
드러나다,드러나든
드러나다,드러나든지
드러나다,드러나듯
드러나다,드러나듯이
드러나다,드러나죠
드러나다,드러나지마는
드러나다,드러나지만
드러나다,드러나지요
드러나다,드러난걸
드러나다,드러난들
드러나다,드러나나마
드러나다,드러나니까
드러나다,드러날
드러나다,드러날걸
드러나다,드러날까
드러나다,드러날는지
드러나다,드러날라
드러나다,드러날라고
드러나다,드러날러니
드러나다,드러날러라
드러나다,드러날런고
드러나다,드러날망정
드러나다,드러날밖에
드러나다,드러날뿐더러
드러나다,드러날수록
드러나다,드러날지라도
드러나다,드러나며
드러나다,드러나면
드러나다,드러나면서
드러나다,드러나세요
드러나다,드러나셔요
드러나다,드러나지
드러나다,드러나도
드러나다,드러나서
드러나다,드러나야
드러나다,드러나야만
드러나다,드러나야지
드러나다,드러나요
드러나다,드러나건대
드러나다,드러나나니
드러나다,드러나느라
드러나다,드러나느라고
드러나다,드러나는구나
드러나다,드러나는군
드러나다,드러나도록
드러나다,드러나자
드러나다,드러나자고
드러나다,드러나자꾸나
드러나다,드러나자느니
드러나다,드러나자니까
드러나다,드러나자마자
드러나다,드러나자며
드러나다,드러나자면
드러나다,드러나자면서
드러나다,드러난
드러나다,드러난다
드러나다,드러난다고
드러나다,드러난다나
드러나다,드러난다네
드러나다,드러난다느니
드러나다,드러난다니
드러나다,드러난다니까
드러나다,드러난다더라
드러나다,드러난다며
드러나다,드러난다면
드러나다,드러난다면서
드러나다,드러난답니까
드러나다,드러난답니다
드러나다,드러난답시고
드러나다,드러난대
드러나다,드러난대요
드러나다,드러날거나
드러나다,드러날게
드러나다,드러날래
드러나다,드러나라고
드러나다,드러나러
드러나다,드러나려
드러나다,드러납시다
드러나다,드러나세
드러나다,드러나시라
드러나다,드러나십시다
드러나다,드러나십시오
드러나다,드러나고자
드러나다,드러나느냐
드러나다,드러나느냐고
드러나다,드러나느니
드러나다,드러나느니만
드러나다,드러나느니만큼
드러나다,드러나는
드러나다,드러나는걸
드러나다,드러나는데
드러나다,드러나는지
실시하다,실시하거나
실시하다,실시하거늘
실시하다,실시하거니
실시하다,실시하거든
실시하다,실시하건
실시하다,실시하것다
실시하다,실시하게
실시하다,실시하겠
실시하다,실시하고
실시하다,실시하고말고
실시하다,실시하기로
실시하다,실시하기로니
실시하다,실시하기로서
실시하다,실시하기로서니
실시하다,실시하기에
실시하다,실시하네
실시하다,실시하니
실시하다,실시하다
실시하다,실시하다가
실시하다,실시하다가는
실시하다,실시하다간
실시하다,실시하다니
실시하다,실시하다마다
실시하다,실시하더니
실시하다,실시하더니라
실시하다,실시하더라
실시하다,실시하더라니까
실시하다,실시하더라도
실시하다,실시하더라며
실시하다,실시하더라면
실시하다,실시하더라면서
실시하다,실시하더람
실시하다,실시하던
실시하다,실시하던가
실시하다,실시하던데
실시하다,실시하던지
실시하다,실시하데
실시하다,실시하데요
실시하다,실시하도다
실시하다,실시하되
실시하다,실시하든
실시하다,실시하든지
실시하다,실시하듯
실시하다,실시하듯이
실시하다,실시하죠
실시하다,실시하지마는
실시하다,실시하지만
실시하다,실시하지요
실시하다,실시한걸
실시하다,실시한들
실시하다,실시하나마
실시하다,실시하니까
실시하다,실시할
실시하다,실시할걸
실시하다,실시할까
실시하다,실시할는지
실시하다,실시할라
실시하다,실시할라고
실시하다,실시할러니
실시하다,실시할러라
실시하다,실시할런고
실시하다,실시할망정
실시하다,실시할밖에
실시하다,실시할뿐더러
실시하다,실시할수록
실시하다,실시할지라도
실시하다,실시하며
실시하다,실시하면
실시하다,실시하면서
실시하다,실시하세요
실시하다,실시하셔요
실시하다,실시하지
실시하다,실시하건대
실시하다,실시하나니
실시하다,실시하느라
실시하다,실시하느라고
실시하다,실시하는구나
실시하다,실시하는군
실시하다,실시하도록
실시하다,실시하자
실시하다,실시하자고
실시하다,실시하자꾸나
실시하다,실시하자느니
실시하다,실시하자니까
실시하다,실시하자마자
실시하다,실시하자며
실시하다,실시하자면
실시하다,실시하자면서
실시하다,실시한
실시하다,실시한다
실시하다,실시한다고
실시하다,실시한다나
실시하다,실시한다네
실시하다,실시한다느니
실시하다,실시한다니
실시하다,실시한다니까
실시하다,실시한다더라
실시하다,실시한다며
실시하다,실시한다면
실시하다,실시한다면서
실시하다,실시한답니까
실시하다,실시한답니다
실시하다,실시한답시고
실시하다,실시한대
실시하다,실시한대요
실시하다,실시할거나
실시하다,실시할게
실시하다,실시할래
실시하다,실시하라고
실시하다,실시하러
실시하다,실시하려
실시하다,실시합시다
실시하다,실시하세
실시하다,실시하시라
실시하다,실시하십시다
실시하다,실시하십시오
실시하다,실시하고자
실시하다,실시하느냐
실시하다,실시하느냐고
실시하다,실시하느니
실시하다,실시하느니만
실시하다,실시하느니만큼
실시하다,실시하는
실시하다,실시하는걸
실시하다,실시하는데
실시하다,실시하는지
계획하다,계획하거나
계획하다,계획하거늘
계획하다,계획하거니
계획하다,계획하거든
계획하다,계획하건
계획하다,계획하것다
계획하다,계획하게
계획하다,계획하겠
계획하다,계획하고
계획하다,계획하고말고
계획하다,계획하기로
계획하다,계획하기로니
계획하다,계획하기로서
계획하다,계획하기로서니
계획하다,계획하기에
계획하다,계획하네
계획하다,계획하니
계획하다,계획하다
계획하다,계획하다가
계획하다,계획하다가는
계획하다,계획하다간
계획하다,계획하다니
계획하다,계획하다마다
계획하다,계획하더니
계획하다,계획하더니라
계획하다,계획하더라
계획하다,계획하더라니까
계획하다,계획하더라도
계획하다,계획하더라며
계획하다,계획하더라면
계획하다,계획하더라면서
계획하다,계획하더람
계획하다,계획하던
계획하다,계획하던가
계획하다,계획하던데
계획하다,계획하던지
계획하다,계획하데
계획하다,계획하데요
계획하다,계획하도다
계획하다,계획하되
계획하다,계획하든
계획하다,계획하든지
계획하다,계획하듯
계획하다,계획하듯이
계획하다,계획하죠
계획하다,계획하지마는
계획하다,계획하지만
계획하다,계획하지요
계획하다,계획한걸
계획하다,계획한들
계획하다,계획하나마
계획하다,계획하니까
계획하다,계획할
계획하다,계획할걸
계획하다,계획할까
계획하다,계획할는지
계획하다,계획할라
계획하다,계획할라고
계획하다,계획할러니
계획하다,계획할러라
계획하다,계획할런고
계획하다,계획할망정
계획하다,계획할밖에
계획하다,계획할뿐더러
계획하다,계획할수록
계획하다,계획할지라도
계획하다,계획하며
계획하다,계획하면
계획하다,계획하면서
계획하다,계획하세요
계획하다,계획하셔요
계획하다,계획하지
계획하다,계획하건대
계획하다,계획하나니
계획하다,계획하느라
계획하다,계획하느라고
계획하다,계획하는구나
계획하다,계획하는군
계획하다,계획하도록
계획하다,계획하자
계획하다,계획하자고
계획하다,계획하자꾸나
계획하다,계획하자느니
계획하다,계획하자니까
계획하다,계획하자마자
계획하다,계획하자며
계획하다,계획하자면
계획하다,계획하자면서
계획하다,계획한
계획하다,계획한다
계획하다,계획한다고
계획하다,계획한다나
계획하다,계획한다네
계획하다,계획한다느니
계획하다,계획한다니
계획하다,계획한다니까
계획하다,계획한다더라
계획하다,계획한다며
계획하다,계획한다면
계획하다,계획한다면서
계획하다,계획한답니까
계획하다,계획한답니다
계획하다,계획한답시고
계획하다,계획한대
계획하다,계획한대요
계획하다,계획할거나
계획하다,계획할게
계획하다,계획할래
계획하다,계획하라고
계획하다,계획하러
계획하다,계획하려
계획하다,계획합시다
계획하다,계획하세
계획하다,계획하시라
계획하다,계획하십시다
계획하다,계획하십시오
계획하다,계획하고자
계획하다,계획하느냐
계획하다,계획하느냐고
계획하다,계획하느니
계획하다,계획하느니만
계획하다,계획하느니만큼
계획하다,계획하는
계획하다,계획하는걸
계획하다,계획하는데
계획하다,계획하는지
그만두다,그만두거나
그만두다,그만두거늘
그만두다,그만두거니
그만두다,그만두거든
그만두다,그만두건
그만두다,그만두것다
그만두다,그만두게
그만두다,그만두겠
그만두다,그만두고
그만두다,그만두고말고
그만두다,그만두기로
그만두다,그만두기로니
그만두다,그만두기로서
그만두다,그만두기로서니
그만두다,그만두기에
그만두다,그만두네
그만두다,그만두니
그만두다,그만두다
그만두다,그만두다가
그만두다,그만두다가는
그만두다,그만두다간
그만두다,그만두다니
그만두다,그만두다마다
그만두다,그만두더니
그만두다,그만두더니라
그만두다,그만두더라
그만두다,그만두더라니까
그만두다,그만두더라도
그만두다,그만두더라며
그만두다,그만두더라면
그만두다,그만두더라면서
그만두다,그만두더람
그만두다,그만두던
그만두다,그만두던가
그만두다,그만두던데
그만두다,그만두던지
그만두다,그만두데
그만두다,그만두데요
그만두다,그만두도다
그만두다,그만두되
그만두다,그만두든
그만두다,그만두든지
그만두다,그만두듯
그만두다,그만두듯이
그만두다,그만두죠
그만두다,그만두지마는
그만두다,그만두지만
그만두다,그만두지요
그만두다,그만둔걸
그만두다,그만둔들
그만두다,그만두나마
그만두다,그만두니까
그만두다,그만둘
그만두다,그만둘걸
그만두다,그만둘까
그만두다,그만둘는지
그만두다,그만둘라
그만두다,그만둘라고
그만두다,그만둘러니
그만두다,그만둘러라
그만두다,그만둘런고
그만두다,그만둘망정
그만두다,그만둘밖에
그만두다,그만둘뿐더러
그만두다,그만둘수록
그만두다,그만둘지라도
그만두다,그만두며
그만두다,그만두면
그만두다,그만두면서
그만두다,그만두세요
그만두다,그만두셔요
그만두다,그만두지
그만두다,그만두건대
그만두다,그만두나니
그만두다,그만두느라
그만두다,그만두느라고
그만두다,그만두는구나
그만두다,그만두는군
그만두다,그만두도록
그만두다,그만두자
그만두다,그만두자고
그만두다,그만두자꾸나
그만두다,그만두자느니
그만두다,그만두자니까
그만두다,그만두자마자
그만두다,그만두자며
그만두다,그만두자면
그만두다,그만두자면서
그만두다,그만둔
그만두다,그만둔다
그만두다,그만둔다고
그만두다,그만둔다나
그만두다,그만둔다네
그만두다,그만둔다느니
그만두다,그만둔다니
그만두다,그만둔다니까
그만두다,그만둔다더라
그만두다,그만둔다며
그만두다,그만둔다면
그만두다,그만둔다면서
그만두다,그만둔답니까
그만두다,그만둔답니다
그만두다,그만둔답시고
그만두다,그만둔대
그만두다,그만둔대요
그만두다,그만둘거나
그만두다,그만둘게
그만두다,그만둘래
그만두다,그만두라고
그만두다,그만두러
그만두다,그만두려
그만두다,그만둡시다
그만두다,그만두세
그만두다,그만두시라
그만두다,그만두십시다
그만두다,그만두십시오
그만두다,그만두고자
그만두다,그만두느냐
그만두다,그만두느냐고
그만두다,그만두느니
그만두다,그만두느니만
그만두다,그만두느니만큼
그만두다,그만두는
그만두다,그만두는걸
그만두다,그만두는데
그만두다,그만두는지
반응하다,반응하거나
반응하다,반응하거늘
반응하다,반응하거니
반응하다,반응하거든
반응하다,반응하건
반응하다,반응하것다
반응하다,반응하게
반응하다,반응하겠
반응하다,반응하고
반응하다,반응하고말고
반응하다,반응하기로
반응하다,반응하기로니
반응하다,반응하기로서
반응하다,반응하기로서니
반응하다,반응하기에
반응하다,반응하네
반응하다,반응하니
반응하다,반응하다
반응하다,반응하다가
반응하다,반응하다가는
반응하다,반응하다간
반응하다,반응하다니
반응하다,반응하다마다
반응하다,반응하더니
반응하다,반응하더니라
반응하다,반응하더라
반응하다,반응하더라니까
반응하다,반응하더라도
반응하다,반응하더라며
반응하다,반응하더라면
반응하다,반응하더라면서
반응하다,반응하더람
반응하다,반응하던
반응하다,반응하던가
반응하다,반응하던데
반응하다,반응하던지
반응하다,반응하데
반응하다,반응하데요
반응하다,반응하도다
반응하다,반응하되
반응하다,반응하든
반응하다,반응하든지
반응하다,반응하듯
반응하다,반응하듯이
반응하다,반응하죠
반응하다,반응하지마는
반응하다,반응하지만
반응하다,반응하지요
반응하다,반응한걸
반응하다,반응한들
반응하다,반응하나마
반응하다,반응하니까
반응하다,반응할
반응하다,반응할걸
반응하다,반응할까
반응하다,반응할는지
반응하다,반응할라
반응하다,반응할라고
반응하다,반응할러니
반응하다,반응할러라
반응하다,반응할런고
반응하다,반응할망정
반응하다,반응할밖에
반응하다,반응할뿐더러
반응하다,반응할수록
반응하다,반응할지라도
반응하다,반응하며
반응하다,반응하면
반응하다,반응하면서
반응하다,반응하세요
반응하다,반응하셔요
반응하다,반응하지
반응하다,반응하건대
반응하다,반응하나니
반응하다,반응하느라
반응하다,반응하느라고
반응하다,반응하는구나
반응하다,반응하는군
반응하다,반응하도록
반응하다,반응하자
반응하다,반응하자고
반응하다,반응하자꾸나
반응하다,반응하자느니
반응하다,반응하자니까
반응하다,반응하자마자
반응하다,반응하자며
반응하다,반응하자면
반응하다,반응하자면서
반응하다,반응한
반응하다,반응한다
반응하다,반응한다고
반응하다,반응한다나
반응하다,반응한다네
반응하다,반응한다느니
반응하다,반응한다니
반응하다,반응한다니까
반응하다,반응한다더라
반응하다,반응한다며
반응하다,반응한다면
반응하다,반응한다면서
반응하다,반응한답니까
반응하다,반응한답니다
반응하다,반응한답시고
반응하다,반응한대
반응하다,반응한대요
반응하다,반응할거나
반응하다,반응할게
반응하다,반응할래
반응하다,반응하라고
반응하다,반응하러
반응하다,반응하려
반응하다,반응합시다
반응하다,반응하세
반응하다,반응하시라
반응하다,반응하십시다
반응하다,반응하십시오
반응하다,반응하고자
반응하다,반응하느냐
반응하다,반응하느냐고
반응하다,반응하느니
반응하다,반응하느니만
반응하다,반응하느니만큼
반응하다,반응하는
반응하다,반응하는걸
반응하다,반응하는데
반응하다,반응하는지
읽다,읽거나
읽다,읽거늘
읽다,읽거니
읽다,읽거든
읽다,읽건
읽다,읽것다
읽다,읽게
읽다,읽겠
읽다,읽고
읽다,읽고말고
읽다,읽기로
읽다,읽기로니
읽다,읽기로서
읽다,읽기로서니
읽다,읽기에
읽다,읽네
읽다,읽니
읽다,읽다
읽다,읽다가
읽다,읽다가는
읽다,읽다간
읽다,읽다니
읽다,읽다마다
읽다,읽더니
읽다,읽더니라
읽다,읽더라
읽다,읽더라니까
읽다,읽더라도
읽다,읽더라며
읽다,읽더라면
읽다,읽더라면서
읽다,읽더람
읽다,읽던
읽다,읽던가
읽다,읽던데
읽다,읽던지
읽다,읽데
읽다,읽데요
읽다,읽도다
읽다,읽되
읽다,읽든
읽다,읽든지
읽다,읽듯
읽다,읽듯이
읽다,읽죠
읽다,읽지마는
읽다,읽지만
읽다,읽지요
읽다,읽지
읽다,읽을
읽다,읽을걸
읽다,읽을밖에
읽다,읽을수록
읽다,읽을지
읽다,읽을지며
읽다,읽음
읽다,읽음에도
읽다,읽읍시오
읽다,읽건대
읽다,읽나니
읽다,읽느라
읽다,읽느라고
읽다,읽는구나
읽다,읽는군
읽다,읽도록
읽다,읽자
읽다,읽자고
읽다,읽자꾸나
읽다,읽자느니
읽다,읽자니까
읽다,읽자마자
읽다,읽자며
읽다,읽자면
읽다,읽자면서
읽다,읽고자
읽다,읽느냐
읽다,읽느냐고
읽다,읽느니
읽다,읽느니만
읽다,읽느니만큼
읽다,읽는
읽다,읽는걸
읽다,읽는데
읽다,읽는지
읽다,읽으러
읽다,읽읍시다
깨닫다,깨닫거나
깨닫다,깨닫거늘
깨닫다,깨닫거니
깨닫다,깨닫거든
깨닫다,깨닫건
깨닫다,깨닫것다
깨닫다,깨닫게
깨닫다,깨닫겠
깨닫다,깨닫고
깨닫다,깨닫고말고
깨닫다,깨닫기로
깨닫다,깨닫기로니
깨닫다,깨닫기로서
깨닫다,깨닫기로서니
깨닫다,깨닫기에
깨닫다,깨닫네
깨닫다,깨닫니
깨닫다,깨닫다
깨닫다,깨닫다가
깨닫다,깨닫다가는
깨닫다,깨닫다간
깨닫다,깨닫다니
깨닫다,깨닫다마다
깨닫다,깨닫더니
깨닫다,깨닫더니라
깨닫다,깨닫더라
깨닫다,깨닫더라니까
깨닫다,깨닫더라도
깨닫다,깨닫더라며
깨닫다,깨닫더라면
깨닫다,깨닫더라면서
깨닫다,깨닫더람
깨닫다,깨닫던
깨닫다,깨닫던가
깨닫다,깨닫던데
깨닫다,깨닫던지
깨닫다,깨닫데
깨닫다,깨닫데요
깨닫다,깨닫도다
깨닫다,깨닫되
깨닫다,깨닫든
깨닫다,깨닫든지
깨닫다,깨닫듯
깨닫다,깨닫듯이
깨닫다,깨닫죠
깨닫다,깨닫지마는
깨닫다,깨닫지만
깨닫다,깨닫지요
깨닫다,깨닫지
깨닫다,깨달아도
깨닫다,깨달아서
깨닫다,깨달아야
깨닫다,깨달아야만
깨닫다,깨달아야지
깨닫다,깨달아요
깨닫다,깨달을
깨닫다,깨달을걸
깨닫다,깨달을밖에
깨닫다,깨달을수록
깨닫다,깨달을지
깨닫다,깨달을지며
깨닫다,깨달음
깨닫다,깨달음에도
깨닫다,깨달읍시오
깨닫다,깨닫건대
깨닫다,깨닫나니
깨닫다,깨닫느라
깨닫다,깨닫느라고
깨닫다,깨닫는구나
깨닫다,깨닫는군
깨닫다,깨닫도록
깨닫다,깨닫자
깨닫다,깨닫자고
깨닫다,깨닫자꾸나
깨닫다,깨닫자느니
깨닫다,깨닫자니까
깨닫다,깨닫자마자
깨닫다,깨닫자며
깨닫다,깨닫자면
깨닫다,깨닫자면서
깨닫다,깨달아다
깨닫다,깨달아다가
깨닫다,깨닫고자
깨닫다,깨닫느냐
깨닫다,깨닫느냐고
깨닫다,깨닫느니
깨닫다,깨닫느니만
깨닫다,깨닫느니만큼
깨닫다,깨닫는
깨닫다,깨닫는걸
깨닫다,깨닫는데
깨닫다,깨닫는지
깨닫다,깨달으러
깨닫다,깨달읍시다
상기하다,상기하거나
상기하다,상기하거늘
상기하다,상기하거니
상기하다,상기하거든
상기하다,상기하건
상기하다,상기하것다
상기하다,상기하게
상기하다,상기하겠
상기하다,상기하고
상기하다,상기하고말고
상기하다,상기하기로
상기하다,상기하기로니
상기하다,상기하기로서
상기하다,상기하기로서니
상기하다,상기하기에
상기하다,상기하네
상기하다,상기하니
상기하다,상기하다
상기하다,상기하다가
상기하다,상기하다가는
상기하다,상기하다간
상기하다,상기하다니
상기하다,상기하다마다
상기하다,상기하더니
상기하다,상기하더니라
상기하다,상기하더라
상기하다,상기하더라니까
상기하다,상기하더라도
상기하다,상기하더라며
상기하다,상기하더라면
상기하다,상기하더라면서
상기하다,상기하더람
상기하다,상기하던
상기하다,상기하던가
상기하다,상기하던데
상기하다,상기하던지
상기하다,상기하데
상기하다,상기하데요
상기하다,상기하도다
상기하다,상기하되
상기하다,상기하든
상기하다,상기하든지
상기하다,상기하듯
상기하다,상기하듯이
상기하다,상기하죠
상기하다,상기하지마는
상기하다,상기하지만
상기하다,상기하지요
상기하다,상기한걸
상기하다,상기한들
상기하다,상기하나마
상기하다,상기하니까
상기하다,상기할
상기하다,상기할걸
상기하다,상기할까
상기하다,상기할는지
상기하다,상기할라
상기하다,상기할라고
상기하다,상기할러니
상기하다,상기할러라
상기하다,상기할런고
상기하다,상기할망정
상기하다,상기할밖에
상기하다,상기할뿐더러
상기하다,상기할수록
상기하다,상기할지라도
상기하다,상기하며
상기하다,상기하면
상기하다,상기하면서
상기하다,상기하세요
상기하다,상기하셔요
상기하다,상기하지
상기하다,상기하건대
상기하다,상기하나니
상기하다,상기하느라
상기하다,상기하느라고
상기하다,상기하는구나
상기하다,상기하는군
상기하다,상기하도록
상기하다,상기하자
상기하다,상기하자고
상기하다,상기하자꾸나
상기하다,상기하자느니
상기하다,상기하자니까
상기하다,상기하자마자
상기하다,상기하자며
상기하다,상기하자면
상기하다,상기하자면서
상기하다,상기한
상기하다,상기한다
상기하다,상기한다고
상기하다,상기한다나
상기하다,상기한다네
상기하다,상기한다느니
상기하다,상기한다니
상기하다,상기한다니까
상기하다,상기한다더라
상기하다,상기한다며
상기하다,상기한다면
상기하다,상기한다면서
상기하다,상기한답니까
상기하다,상기한답니다
상기하다,상기한답시고
상기하다,상기한대
상기하다,상기한대요
상기하다,상기할거나
상기하다,상기할게
상기하다,상기할래
상기하다,상기하라고
상기하다,상기하러
상기하다,상기하려
상기하다,상기합시다
상기하다,상기하세
상기하다,상기하시라
상기하다,상기하십시다
상기하다,상기하십시오
상기하다,상기하고자
상기하다,상기하느냐
상기하다,상기하느냐고
상기하다,상기하느니
상기하다,상기하느니만
상기하다,상기하느니만큼
상기하다,상기하는
상기하다,상기하는걸
상기하다,상기하는데
상기하다,상기하는지
추천하다,추천하거나
추천하다,추천하거늘
추천하다,추천하거니
추천하다,추천하거든
추천하다,추천하건
추천하다,추천하것다
추천하다,추천하게
추천하다,추천하겠
추천하다,추천하고
추천하다,추천하고말고
추천하다,추천하기로
추천하다,추천하기로니
추천하다,추천하기로서
추천하다,추천하기로서니
추천하다,추천하기에
추천하다,추천하네
추천하다,추천하니
추천하다,추천하다
추천하다,추천하다가
추천하다,추천하다가는
추천하다,추천하다간
추천하다,추천하다니
추천하다,추천하다마다
추천하다,추천하더니
추천하다,추천하더니라
추천하다,추천하더라
추천하다,추천하더라니까
추천하다,추천하더라도
추천하다,추천하더라며
추천하다,추천하더라면
추천하다,추천하더라면서
추천하다,추천하더람
추천하다,추천하던
추천하다,추천하던가
추천하다,추천하던데
추천하다,추천하던지
추천하다,추천하데
추천하다,추천하데요
추천하다,추천하도다
추천하다,추천하되
추천하다,추천하든
추천하다,추천하든지
추천하다,추천하듯
추천하다,추천하듯이
추천하다,추천하죠
추천하다,추천하지마는
추천하다,추천하지만
추천하다,추천하지요
추천하다,추천한걸
추천하다,추천한들
추천하다,추천하나마
추천하다,추천하니까
추천하다,추천할
추천하다,추천할걸
추천하다,추천할까
추천하다,추천할는지
추천하다,추천할라
추천하다,추천할라고
추천하다,추천할러니
추천하다,추천할러라
추천하다,추천할런고
추천하다,추천할망정
추천하다,추천할밖에
추천하다,추천할뿐더러
추천하다,추천할수록
추천하다,추천할지라도
추천하다,추천하며
추천하다,추천하면
추천하다,추천하면서
추천하다,추천하세요
추천하다,추천하셔요
추천하다,추천하지
추천하다,추천하건대
추천하다,추천하나니
추천하다,추천하느라
추천하다,추천하느라고
추천하다,추천하는구나
추천하다,추천하는군
추천하다,추천하도록
추천하다,추천하자
추천하다,추천하자고
추천하다,추천하자꾸나
추천하다,추천하자느니
추천하다,추천하자니까
추천하다,추천하자마자
추천하다,추천하자며
추천하다,추천하자면
추천하다,추천하자면서
추천하다,추천한
추천하다,추천한다
추천하다,추천한다고
추천하다,추천한다나
추천하다,추천한다네
추천하다,추천한다느니
추천하다,추천한다니
추천하다,추천한다니까
추천하다,추천한다더라
추천하다,추천한다며
추천하다,추천한다면
추천하다,추천한다면서
추천하다,추천한답니까
추천하다,추천한답니다
추천하다,추천한답시고
추천하다,추천한대
추천하다,추천한대요
추천하다,추천할거나
추천하다,추천할게
추천하다,추천할래
추천하다,추천하라고
추천하다,추천하러
추천하다,추천하려
추천하다,추천합시다
추천하다,추천하세
추천하다,추천하시라
추천하다,추천하십시다
추천하다,추천하십시오
추천하다,추천하고자
추천하다,추천하느냐
추천하다,추천하느냐고
추천하다,추천하느니
추천하다,추천하느니만
추천하다,추천하느니만큼
추천하다,추천하는
추천하다,추천하는걸
추천하다,추천하는데
추천하다,추천하는지
줄이다,줄이거나
줄이다,줄이거늘
줄이다,줄이거니
줄이다,줄이거든
줄이다,줄이건
줄이다,줄이것다
줄이다,줄이게
줄이다,줄이겠
줄이다,줄이고
줄이다,줄이고말고
줄이다,줄이기로
줄이다,줄이기로니
줄이다,줄이기로서
줄이다,줄이기로서니
줄이다,줄이기에
줄이다,줄이네
줄이다,줄이니
줄이다,줄이다
줄이다,줄이다가
줄이다,줄이다가는
줄이다,줄이다간
줄이다,줄이다니
줄이다,줄이다마다
줄이다,줄이더니
줄이다,줄이더니라
줄이다,줄이더라
줄이다,줄이더라니까
줄이다,줄이더라도
줄이다,줄이더라며
줄이다,줄이더라면
줄이다,줄이더라면서
줄이다,줄이더람
줄이다,줄이던
줄이다,줄이던가
줄이다,줄이던데
줄이다,줄이던지
줄이다,줄이데
줄이다,줄이데요
줄이다,줄이도다
줄이다,줄이되
줄이다,줄이든
줄이다,줄이든지
줄이다,줄이듯
줄이다,줄이듯이
줄이다,줄이죠
줄이다,줄이지마는
줄이다,줄이지만
줄이다,줄이지요
줄이다,줄인걸
줄이다,줄인들
줄이다,줄이나마
줄이다,줄이니까
줄이다,줄일
줄이다,줄일걸
줄이다,줄일까
줄이다,줄일는지
줄이다,줄일라
줄이다,줄일라고
줄이다,줄일러니
줄이다,줄일러라
줄이다,줄일런고
줄이다,줄일망정
줄이다,줄일밖에
줄이다,줄일뿐더러
줄이다,줄일수록
줄이다,줄일지라도
줄이다,줄이며
줄이다,줄이면
줄이다,줄이면서
줄이다,줄이세요
줄이다,줄이셔요
줄이다,줄이지
줄이다,줄이건대
줄이다,줄이나니
줄이다,줄이느라
줄이다,줄이느라고
줄이다,줄이는구나
줄이다,줄이는군
줄이다,줄이도록
줄이다,줄이자
줄이다,줄이자고
줄이다,줄이자꾸나
줄이다,줄이자느니
줄이다,줄이자니까
줄이다,줄이자마자
줄이다,줄이자며
줄이다,줄이자면
줄이다,줄이자면서
줄이다,줄인
줄이다,줄인다
줄이다,줄인다고
줄이다,줄인다나
줄이다,줄인다네
줄이다,줄인다느니
줄이다,줄인다니
줄이다,줄인다니까
줄이다,줄인다더라
줄이다,줄인다며
줄이다,줄인다면
줄이다,줄인다면서
줄이다,줄인답니까
줄이다,줄인답니다
줄이다,줄인답시고
줄이다,줄인대
줄이다,줄인대요
줄이다,줄일거나
줄이다,줄일게
줄이다,줄일래
줄이다,줄이라고
줄이다,줄이러
줄이다,줄이려
줄이다,줄입시다
줄이다,줄이세
줄이다,줄이시라
줄이다,줄이십시다
줄이다,줄이십시오
줄이다,줄이고자
줄이다,줄이느냐
줄이다,줄이느냐고
줄이다,줄이느니
줄이다,줄이느니만
줄이다,줄이느니만큼
줄이다,줄이는
줄이다,줄이는걸
줄이다,줄이는데
줄이다,줄이는지
참조하게 하다,하거나
참조하게 하다,하거늘
참조하게 하다,하거니
참조하게 하다,하거든
참조하게 하다,하건
참조하게 하다,하것다
참조하게 하다,하게
참조하게 하다,하겠
참조하게 하다,하고
참조하게 하다,하고말고
참조하게 하다,하기로
참조하게 하다,하기로니
참조하게 하다,하기로서
참조하게 하다,하기로서니
참조하게 하다,하기에
참조하게 하다,하네
참조하게 하다,하니
참조하게 하다,하다
참조하게 하다,하다가
참조하게 하다,하다가는
참조하게 하다,하다간
참조하게 하다,하다니
참조하게 하다,하다마다
참조하게 하다,하더니
참조하게 하다,하더니라
참조하게 하다,하더라
참조하게 하다,하더라니까
참조하게 하다,하더라도
참조하게 하다,하더라며
참조하게 하다,하더라면
참조하게 하다,하더라면서
참조하게 하다,하더람
참조하게 하다,하던
참조하게 하다,하던가
참조하게 하다,하던데
참조하게 하다,하던지
참조하게 하다,하데
참조하게 하다,하데요
참조하게 하다,하도다
참조하게 하다,하되
참조하게 하다,하든
참조하게 하다,하든지
참조하게 하다,하듯
참조하게 하다,하듯이
참조하게 하다,하죠
참조하게 하다,하지마는
참조하게 하다,하지만
참조하게 하다,하지요
참조하게 하다,한걸
참조하게 하다,한들
참조하게 하다,하나마
참조하게 하다,하니까
참조하게 하다,할
참조하게 하다,할걸
참조하게 하다,할까
참조하게 하다,할는지
참조하게 하다,할라
참조하게 하다,할라고
참조하게 하다,할러니
참조하게 하다,할러라
참조하게 하다,할런고
참조하게 하다,할망정
참조하게 하다,할밖에
참조하게 하다,할뿐더러
참조하게 하다,할수록
참조하게 하다,할지라도
참조하게 하다,하며
참조하게 하다,하면
참조하게 하다,하면서
참조하게 하다,하세요
참조하게 하다,하셔요
참조하게 하다,하지
참조하게 하다,하건대
참조하게 하다,하나니
참조하게 하다,하느라
참조하게 하다,하느라고
참조하게 하다,하는구나
참조하게 하다,하는군
참조하게 하다,하도록
참조하게 하다,하자
참조하게 하다,하자고
참조하게 하다,하자꾸나
참조하게 하다,하자느니
참조하게 하다,하자니까
참조하게 하다,하자마자
참조하게 하다,하자며
참조하게 하다,하자면
참조하게 하다,하자면서
참조하게 하다,한
참조하게 하다,한다
참조하게 하다,한다고
참조하게 하다,한다나
참조하게 하다,한다네
참조하게 하다,한다느니
참조하게 하다,한다니
참조하게 하다,한다니까
참조하게 하다,한다더라
참조하게 하다,한다며
참조하게 하다,한다면
참조하게 하다,한다면서
참조하게 하다,한답니까
참조하게 하다,한답니다
참조하게 하다,한답시고
참조하게 하다,한대
참조하게 하다,한대요
참조하게 하다,할거나
참조하게 하다,할게
참조하게 하다,할래
참조하게 하다,하라고
참조하게 하다,하러
참조하게 하다,하려
참조하게 하다,합시다
참조하게 하다,하세
참조하게 하다,하시라
참조하게 하다,하십시다
참조하게 하다,하십시오
참조하게 하다,하고자
참조하게 하다,하느냐
참조하게 하다,하느냐고
참조하게 하다,하느니
참조하게 하다,하느니만
참조하게 하다,하느니만큼
참조하게 하다,하는
참조하게 하다,하는걸
참조하게 하다,하는데
참조하게 하다,하는지
비추다,비추거나
비추다,비추거늘
비추다,비추거니
비추다,비추거든
비추다,비추건
비추다,비추것다
비추다,비추게
비추다,비추겠
비추다,비추고
비추다,비추고말고
비추다,비추기로
비추다,비추기로니
비추다,비추기로서
비추다,비추기로서니
비추다,비추기에
비추다,비추네
비추다,비추니
비추다,비추다
비추다,비추다가
비추다,비추다가는
비추다,비추다간
비추다,비추다니
비추다,비추다마다
비추다,비추더니
비추다,비추더니라
비추다,비추더라
비추다,비추더라니까
비추다,비추더라도
비추다,비추더라며
비추다,비추더라면
비추다,비추더라면서
비추다,비추더람
비추다,비추던
비추다,비추던가
비추다,비추던데
비추다,비추던지
비추다,비추데
비추다,비추데요
비추다,비추도다
비추다,비추되
비추다,비추든
비추다,비추든지
비추다,비추듯
비추다,비추듯이
비추다,비추죠
비추다,비추지마는
비추다,비추지만
비추다,비추지요
비추다,비춘걸
비추다,비춘들
비추다,비추나마
비추다,비추니까
비추다,비출
비추다,비출걸
비추다,비출까
비추다,비출는지
비추다,비출라
비추다,비출라고
비추다,비출러니
비추다,비출러라
비추다,비출런고
비추다,비출망정
비추다,비출밖에
비추다,비출뿐더러
비추다,비출수록
비추다,비출지라도
비추다,비추며
비추다,비추면
비추다,비추면서
비추다,비추세요
비추다,비추셔요
비추다,비추지
비추다,비추건대
비추다,비추나니
비추다,비추느라
비추다,비추느라고
비추다,비추는구나
비추다,비추는군
비추다,비추도록
비추다,비추자
비추다,비추자고
비추다,비추자꾸나
비추다,비추자느니
비추다,비추자니까
비추다,비추자마자
비추다,비추자며
비추다,비추자면
비추다,비추자면서
비추다,비춘
비추다,비춘다
비추다,비춘다고
비추다,비춘다나
비추다,비춘다네
비추다,비춘다느니
비추다,비춘다니
비추다,비춘다니까
비추다,비춘다더라
비추다,비춘다며
비추다,비춘다면
비추다,비춘다면서
비추다,비춘답니까
비추다,비춘답니다
비추다,비춘답시고
비추다,비춘대
비추다,비춘대요
비추다,비출거나
비추다,비출게
비추다,비출래
비추다,비추라고
비추다,비추러
비추다,비추려
비추다,비춥시다
비추다,비추세
비추다,비추시라
비추다,비추십시다
비추다,비추십시오
비추다,비추고자
비추다,비추느냐
비추다,비추느냐고
비추다,비추느니
비추다,비추느니만
비추다,비추느니만큼
비추다,비추는
비추다,비추는걸
비추다,비추는데
비추다,비추는지
거절하다,거절하거나
거절하다,거절하거늘
거절하다,거절하거니
거절하다,거절하거든
거절하다,거절하건
거절하다,거절하것다
거절하다,거절하게
거절하다,거절하겠
거절하다,거절하고
거절하다,거절하고말고
거절하다,거절하기로
거절하다,거절하기로니
거절하다,거절하기로서
거절하다,거절하기로서니
거절하다,거절하기에
거절하다,거절하네
거절하다,거절하니
거절하다,거절하다
거절하다,거절하다가
거절하다,거절하다가는
거절하다,거절하다간
거절하다,거절하다니
거절하다,거절하다마다
거절하다,거절하더니
거절하다,거절하더니라
거절하다,거절하더라
거절하다,거절하더라니까
거절하다,거절하더라도
거절하다,거절하더라며
거절하다,거절하더라면
거절하다,거절하더라면서
거절하다,거절하더람
거절하다,거절하던
거절하다,거절하던가
거절하다,거절하던데
거절하다,거절하던지
거절하다,거절하데
거절하다,거절하데요
거절하다,거절하도다
거절하다,거절하되
거절하다,거절하든
거절하다,거절하든지
거절하다,거절하듯
거절하다,거절하듯이
거절하다,거절하죠
거절하다,거절하지마는
거절하다,거절하지만
거절하다,거절하지요
거절하다,거절한걸
거절하다,거절한들
거절하다,거절하나마
거절하다,거절하니까
거절하다,거절할
거절하다,거절할걸
거절하다,거절할까
거절하다,거절할는지
거절하다,거절할라
거절하다,거절할라고
거절하다,거절할러니
거절하다,거절할러라
거절하다,거절할런고
거절하다,거절할망정
거절하다,거절할밖에
거절하다,거절할뿐더러
거절하다,거절할수록
거절하다,거절할지라도
거절하다,거절하며
거절하다,거절하면
거절하다,거절하면서
거절하다,거절하세요
거절하다,거절하셔요
거절하다,거절하지
거절하다,거절하건대
거절하다,거절하나니
거절하다,거절하느라
거절하다,거절하느라고
거절하다,거절하는구나
거절하다,거절하는군
거절하다,거절하도록
거절하다,거절하자
거절하다,거절하자고
거절하다,거절하자꾸나
거절하다,거절하자느니
거절하다,거절하자니까
거절하다,거절하자마자
거절하다,거절하자며
거절하다,거절하자면
거절하다,거절하자면서
거절하다,거절한
거절하다,거절한다
거절하다,거절한다고
거절하다,거절한다나
거절하다,거절한다네
거절하다,거절한다느니
거절하다,거절한다니
거절하다,거절한다니까
거절하다,거절한다더라
거절하다,거절한다며
거절하다,거절한다면
거절하다,거절한다면서
거절하다,거절한답니까
거절하다,거절한답니다
거절하다,거절한답시고
거절하다,거절한대
거절하다,거절한대요
거절하다,거절할거나
거절하다,거절할게
거절하다,거절할래
거절하다,거절하라고
거절하다,거절하러
거절하다,거절하려
거절하다,거절합시다
거절하다,거절하세
거절하다,거절하시라
거절하다,거절하십시다
거절하다,거절하십시오
거절하다,거절하고자
거절하다,거절하느냐
거절하다,거절하느냐고
거절하다,거절하느니
거절하다,거절하느니만
거절하다,거절하느니만큼
거절하다,거절하는
거절하다,거절하는걸
거절하다,거절하는데
거절하다,거절하는지
후회하다,후회하거나
후회하다,후회하거늘
후회하다,후회하거니
후회하다,후회하거든
후회하다,후회하건
후회하다,후회하것다
후회하다,후회하게
후회하다,후회하겠
후회하다,후회하고
후회하다,후회하고말고
후회하다,후회하기로
후회하다,후회하기로니
후회하다,후회하기로서
후회하다,후회하기로서니
후회하다,후회하기에
후회하다,후회하네
후회하다,후회하니
후회하다,후회하다
후회하다,후회하다가
후회하다,후회하다가는
후회하다,후회하다간
후회하다,후회하다니
후회하다,후회하다마다
후회하다,후회하더니
후회하다,후회하더니라
후회하다,후회하더라
후회하다,후회하더라니까
후회하다,후회하더라도
후회하다,후회하더라며
후회하다,후회하더라면
후회하다,후회하더라면서
후회하다,후회하더람
후회하다,후회하던
후회하다,후회하던가
후회하다,후회하던데
후회하다,후회하던지
후회하다,후회하데
후회하다,후회하데요
후회하다,후회하도다
후회하다,후회하되
후회하다,후회하든
후회하다,후회하든지
후회하다,후회하듯
후회하다,후회하듯이
후회하다,후회하죠
후회하다,후회하지마는
후회하다,후회하지만
후회하다,후회하지요
후회하다,후회한걸
후회하다,후회한들
후회하다,후회하나마
후회하다,후회하니까
후회하다,후회할
후회하다,후회할걸
후회하다,후회할까
후회하다,후회할는지
후회하다,후회할라
후회하다,후회할라고
후회하다,후회할러니
후회하다,후회할러라
후회하다,후회할런고
후회하다,후회할망정
후회하다,후회할밖에
후회하다,후회할뿐더러
후회하다,후회할수록
후회하다,후회할지라도
후회하다,후회하며
후회하다,후회하면
후회하다,후회하면서
후회하다,후회하세요
후회하다,후회하셔요
후회하다,후회하지
후회하다,후회하건대
후회하다,후회하나니
후회하다,후회하느라
후회하다,후회하느라고
후회하다,후회하는구나
후회하다,후회하는군
후회하다,후회하도록
후회하다,후회하자
후회하다,후회하자고
후회하다,후회하자꾸나
후회하다,후회하자느니
후회하다,후회하자니까
후회하다,후회하자마자
후회하다,후회하자며
후회하다,후회하자면
후회하다,후회하자면서
후회하다,후회한
후회하다,후회한다
후회하다,후회한다고
후회하다,후회한다나
후회하다,후회한다네
후회하다,후회한다느니
후회하다,후회한다니
후회하다,후회한다니까
후회하다,후회한다더라
후회하다,후회한다며
후회하다,후회한다면
후회하다,후회한다면서
후회하다,후회한답니까
후회하다,후회한답니다
후회하다,후회한답시고
후회하다,후회한대
후회하다,후회한대요
후회하다,후회할거나
후회하다,후회할게
후회하다,후회할래
후회하다,후회하라고
후회하다,후회하러
후회하다,후회하려
후회하다,후회합시다
후회하다,후회하세
후회하다,후회하시라
후회하다,후회하십시다
후회하다,후회하십시오
후회하다,후회하고자
후회하다,후회하느냐
후회하다,후회하느냐고
후회하다,후회하느니
후회하다,후회하느니만
후회하다,후회하느니만큼
후회하다,후회하는
후회하다,후회하는걸
후회하다,후회하는데
후회하다,후회하는지
취하다,취하거나
취하다,취하거늘
취하다,취하거니
취하다,취하거든
취하다,취하건
취하다,취하것다
취하다,취하게
취하다,취하겠
취하다,취하고
취하다,취하고말고
취하다,취하기로
취하다,취하기로니
취하다,취하기로서
취하다,취하기로서니
취하다,취하기에
취하다,취하네
취하다,취하니
취하다,취하다
취하다,취하다가
취하다,취하다가는
취하다,취하다간
취하다,취하다니
취하다,취하다마다
취하다,취하더니
취하다,취하더니라
취하다,취하더라
취하다,취하더라니까
취하다,취하더라도
취하다,취하더라며
취하다,취하더라면
취하다,취하더라면서
취하다,취하더람
취하다,취하던
취하다,취하던가
취하다,취하던데
취하다,취하던지
취하다,취하데
취하다,취하데요
취하다,취하도다
취하다,취하되
취하다,취하든
취하다,취하든지
취하다,취하듯
취하다,취하듯이
취하다,취하죠
취하다,취하지마는
취하다,취하지만
취하다,취하지요
취하다,취한걸
취하다,취한들
취하다,취하나마
취하다,취하니까
취하다,취할
취하다,취할걸
취하다,취할까
취하다,취할는지
취하다,취할라
취하다,취할라고
취하다,취할러니
취하다,취할러라
취하다,취할런고
취하다,취할망정
취하다,취할밖에
취하다,취할뿐더러
취하다,취할수록
취하다,취할지라도
취하다,취하며
취하다,취하면
취하다,취하면서
취하다,취하세요
취하다,취하셔요
취하다,취하지
취하다,취하건대
취하다,취하나니
취하다,취하느라
취하다,취하느라고
취하다,취하는구나
취하다,취하는군
취하다,취하도록
취하다,취하자
취하다,취하자고
취하다,취하자꾸나
취하다,취하자느니
취하다,취하자니까
취하다,취하자마자
취하다,취하자며
취하다,취하자면
취하다,취하자면서
취하다,취한
취하다,취한다
취하다,취한다고
취하다,취한다나
취하다,취한다네
취하다,취한다느니
취하다,취한다니
취하다,취한다니까
취하다,취한다더라
취하다,취한다며
취하다,취한다면
취하다,취한다면서
취하다,취한답니까
취하다,취한답니다
취하다,취한답시고
취하다,취한대
취하다,취한대요
취하다,취할거나
취하다,취할게
취하다,취할래
취하다,취하라고
취하다,취하러
취하다,취하려
취하다,취합시다
취하다,취하세
취하다,취하시라
취하다,취하십시다
취하다,취하십시오
취하다,취하고자
취하다,취하느냐
취하다,취하느냐고
취하다,취하느니
취하다,취하느니만
취하다,취하느니만큼
취하다,취하는
취하다,취하는걸
취하다,취하는데
취하다,취하는지
의지하다,의지하거나
의지하다,의지하거늘
의지하다,의지하거니
의지하다,의지하거든
의지하다,의지하건
의지하다,의지하것다
의지하다,의지하게
의지하다,의지하겠
의지하다,의지하고
의지하다,의지하고말고
의지하다,의지하기로
의지하다,의지하기로니
의지하다,의지하기로서
의지하다,의지하기로서니
의지하다,의지하기에
의지하다,의지하네
의지하다,의지하니
의지하다,의지하다
의지하다,의지하다가
의지하다,의지하다가는
의지하다,의지하다간
의지하다,의지하다니
의지하다,의지하다마다
의지하다,의지하더니
의지하다,의지하더니라
의지하다,의지하더라
의지하다,의지하더라니까
의지하다,의지하더라도
의지하다,의지하더라며
의지하다,의지하더라면
의지하다,의지하더라면서
의지하다,의지하더람
의지하다,의지하던
의지하다,의지하던가
의지하다,의지하던데
의지하다,의지하던지
의지하다,의지하데
의지하다,의지하데요
의지하다,의지하도다
의지하다,의지하되
의지하다,의지하든
의지하다,의지하든지
의지하다,의지하듯
의지하다,의지하듯이
의지하다,의지하죠
의지하다,의지하지마는
의지하다,의지하지만
의지하다,의지하지요
의지하다,의지한걸
의지하다,의지한들
의지하다,의지하나마
의지하다,의지하니까
의지하다,의지할
의지하다,의지할걸
의지하다,의지할까
의지하다,의지할는지
의지하다,의지할라
의지하다,의지할라고
의지하다,의지할러니
의지하다,의지할러라
의지하다,의지할런고
의지하다,의지할망정
의지하다,의지할밖에
의지하다,의지할뿐더러
의지하다,의지할수록
의지하다,의지할지라도
의지하다,의지하며
의지하다,의지하면
의지하다,의지하면서
의지하다,의지하세요
의지하다,의지하셔요
의지하다,의지하지
의지하다,의지하건대
의지하다,의지하나니
의지하다,의지하느라
의지하다,의지하느라고
의지하다,의지하는구나
의지하다,의지하는군
의지하다,의지하도록
의지하다,의지하자
의지하다,의지하자고
의지하다,의지하자꾸나
의지하다,의지하자느니
의지하다,의지하자니까
의지하다,의지하자마자
의지하다,의지하자며
의지하다,의지하자면
의지하다,의지하자면서
의지하다,의지한
의지하다,의지한다
의지하다,의지한다고
의지하다,의지한다나
의지하다,의지한다네
의지하다,의지한다느니
의지하다,의지한다니
의지하다,의지한다니까
의지하다,의지한다더라
의지하다,의지한다며
의지하다,의지한다면
의지하다,의지한다면서
의지하다,의지한답니까
의지하다,의지한답니다
의지하다,의지한답시고
의지하다,의지한대
의지하다,의지한대요
의지하다,의지할거나
의지하다,의지할게
의지하다,의지할래
의지하다,의지하라고
의지하다,의지하러
의지하다,의지하려
의지하다,의지합시다
의지하다,의지하세
의지하다,의지하시라
의지하다,의지하십시다
의지하다,의지하십시오
의지하다,의지하고자
의지하다,의지하느냐
의지하다,의지하느냐고
의지하다,의지하느니
의지하다,의지하느니만
의지하다,의지하느니만큼
의지하다,의지하는
의지하다,의지하는걸
의지하다,의지하는데
의지하다,의지하는지
기억나다,기억나거나
기억나다,기억나거늘
기억나다,기억나거니
기억나다,기억나거든
기억나다,기억나건
기억나다,기억나것다
기억나다,기억나게
기억나다,기억나겠
기억나다,기억나고
기억나다,기억나고말고
기억나다,기억나기로
기억나다,기억나기로니
기억나다,기억나기로서
기억나다,기억나기로서니
기억나다,기억나기에
기억나다,기억나네
기억나다,기억나니
기억나다,기억나다
기억나다,기억나다가
기억나다,기억나다가는
기억나다,기억나다간
기억나다,기억나다니
기억나다,기억나다마다
기억나다,기억나더니
기억나다,기억나더니라
기억나다,기억나더라
기억나다,기억나더라니까
기억나다,기억나더라도
기억나다,기억나더라며
기억나다,기억나더라면
기억나다,기억나더라면서
기억나다,기억나더람
기억나다,기억나던
기억나다,기억나던가
기억나다,기억나던데
기억나다,기억나던지
기억나다,기억나데
기억나다,기억나데요
기억나다,기억나도다
기억나다,기억나되
기억나다,기억나든
기억나다,기억나든지
기억나다,기억나듯
기억나다,기억나듯이
기억나다,기억나죠
기억나다,기억나지마는
기억나다,기억나지만
기억나다,기억나지요
기억나다,기억난걸
기억나다,기억난들
기억나다,기억나나마
기억나다,기억나니까
기억나다,기억날
기억나다,기억날걸
기억나다,기억날까
기억나다,기억날는지
기억나다,기억날라
기억나다,기억날라고
기억나다,기억날러니
기억나다,기억날러라
기억나다,기억날런고
기억나다,기억날망정
기억나다,기억날밖에
기억나다,기억날뿐더러
기억나다,기억날수록
기억나다,기억날지라도
기억나다,기억나며
기억나다,기억나면
기억나다,기억나면서
기억나다,기억나세요
기억나다,기억나셔요
기억나다,기억나지
기억나다,기억나도
기억나다,기억나서
기억나다,기억나야
기억나다,기억나야만
기억나다,기억나야지
기억나다,기억나요
기억나다,기억나건대
기억나다,기억나나니
기억나다,기억나느라
기억나다,기억나느라고
기억나다,기억나는구나
기억나다,기억나는군
기억나다,기억나도록
기억나다,기억나자
기억나다,기억나자고
기억나다,기억나자꾸나
기억나다,기억나자느니
기억나다,기억나자니까
기억나다,기억나자마자
기억나다,기억나자며
기억나다,기억나자면
기억나다,기억나자면서
기억나다,기억난
기억나다,기억난다
기억나다,기억난다고
기억나다,기억난다나
기억나다,기억난다네
기억나다,기억난다느니
기억나다,기억난다니
기억나다,기억난다니까
기억나다,기억난다더라
기억나다,기억난다며
기억나다,기억난다면
기억나다,기억난다면서
기억나다,기억난답니까
기억나다,기억난답니다
기억나다,기억난답시고
기억나다,기억난대
기억나다,기억난대요
기억나다,기억날거나
기억나다,기억날게
기억나다,기억날래
기억나다,기억나라고
기억나다,기억나러
기억나다,기억나려
기억나다,기억납시다
기억나다,기억나세
기억나다,기억나시라
기억나다,기억나십시다
기억나다,기억나십시오
기억나다,기억나고자
기억나다,기억나느냐
기억나다,기억나느냐고
기억나다,기억나느니
기억나다,기억나느니만
기억나다,기억나느니만큼
기억나다,기억나는
기억나다,기억나는걸
기억나다,기억나는데
기억나다,기억나는지
수리하다,수리하거나
수리하다,수리하거늘
수리하다,수리하거니
수리하다,수리하거든
수리하다,수리하건
수리하다,수리하것다
수리하다,수리하게
수리하다,수리하겠
수리하다,수리하고
수리하다,수리하고말고
수리하다,수리하기로
수리하다,수리하기로니
수리하다,수리하기로서
수리하다,수리하기로서니
수리하다,수리하기에
수리하다,수리하네
수리하다,수리하니
수리하다,수리하다
수리하다,수리하다가
수리하다,수리하다가는
수리하다,수리하다간
수리하다,수리하다니
수리하다,수리하다마다
수리하다,수리하더니
수리하다,수리하더니라
수리하다,수리하더라
수리하다,수리하더라니까
수리하다,수리하더라도
수리하다,수리하더라며
수리하다,수리하더라면
수리하다,수리하더라면서
수리하다,수리하더람
수리하다,수리하던
수리하다,수리하던가
수리하다,수리하던데
수리하다,수리하던지
수리하다,수리하데
수리하다,수리하데요
수리하다,수리하도다
수리하다,수리하되
수리하다,수리하든
수리하다,수리하든지
수리하다,수리하듯
수리하다,수리하듯이
수리하다,수리하죠
수리하다,수리하지마는
수리하다,수리하지만
수리하다,수리하지요
수리하다,수리한걸
수리하다,수리한들
수리하다,수리하나마
수리하다,수리하니까
수리하다,수리할
수리하다,수리할걸
수리하다,수리할까
수리하다,수리할는지
수리하다,수리할라
수리하다,수리할라고
수리하다,수리할러니
수리하다,수리할러라
수리하다,수리할런고
수리하다,수리할망정
수리하다,수리할밖에
수리하다,수리할뿐더러
수리하다,수리할수록
수리하다,수리할지라도
수리하다,수리하며
수리하다,수리하면
수리하다,수리하면서
수리하다,수리하세요
수리하다,수리하셔요
수리하다,수리하지
수리하다,수리하건대
수리하다,수리하나니
수리하다,수리하느라
수리하다,수리하느라고
수리하다,수리하는구나
수리하다,수리하는군
수리하다,수리하도록
수리하다,수리하자
수리하다,수리하자고
수리하다,수리하자꾸나
수리하다,수리하자느니
수리하다,수리하자니까
수리하다,수리하자마자
수리하다,수리하자며
수리하다,수리하자면
수리하다,수리하자면서
수리하다,수리한
수리하다,수리한다
수리하다,수리한다고
수리하다,수리한다나
수리하다,수리한다네
수리하다,수리한다느니
수리하다,수리한다니
수리하다,수리한다니까
수리하다,수리한다더라
수리하다,수리한다며
수리하다,수리한다면
수리하다,수리한다면서
수리하다,수리한답니까
수리하다,수리한답니다
수리하다,수리한답시고
수리하다,수리한대
수리하다,수리한대요
수리하다,수리할거나
수리하다,수리할게
수리하다,수리할래
수리하다,수리하라고
수리하다,수리하러
수리하다,수리하려
수리하다,수리합시다
수리하다,수리하세
수리하다,수리하시라
수리하다,수리하십시다
수리하다,수리하십시오
수리하다,수리하고자
수리하다,수리하느냐
수리하다,수리하느냐고
수리하다,수리하느니
수리하다,수리하느니만
수리하다,수리하느니만큼
수리하다,수리하는
수리하다,수리하는걸
수리하다,수리하는데
수리하다,수리하는지
대신하다,대신하거나
대신하다,대신하거늘
대신하다,대신하거니
대신하다,대신하거든
대신하다,대신하건
대신하다,대신하것다
대신하다,대신하게
대신하다,대신하겠
대신하다,대신하고
대신하다,대신하고말고
대신하다,대신하기로
대신하다,대신하기로니
대신하다,대신하기로서
대신하다,대신하기로서니
대신하다,대신하기에
대신하다,대신하네
대신하다,대신하니
대신하다,대신하다
대신하다,대신하다가
대신하다,대신하다가는
대신하다,대신하다간
대신하다,대신하다니
대신하다,대신하다마다
대신하다,대신하더니
대신하다,대신하더니라
대신하다,대신하더라
대신하다,대신하더라니까
대신하다,대신하더라도
대신하다,대신하더라며
대신하다,대신하더라면
대신하다,대신하더라면서
대신하다,대신하더람
대신하다,대신하던
대신하다,대신하던가
대신하다,대신하던데
대신하다,대신하던지
대신하다,대신하데
대신하다,대신하데요
대신하다,대신하도다
대신하다,대신하되
대신하다,대신하든
대신하다,대신하든지
대신하다,대신하듯
대신하다,대신하듯이
대신하다,대신하죠
대신하다,대신하지마는
대신하다,대신하지만
대신하다,대신하지요
대신하다,대신한걸
대신하다,대신한들
대신하다,대신하나마
대신하다,대신하니까
대신하다,대신할
대신하다,대신할걸
대신하다,대신할까
대신하다,대신할는지
대신하다,대신할라
대신하다,대신할라고
대신하다,대신할러니
대신하다,대신할러라
대신하다,대신할런고
대신하다,대신할망정
대신하다,대신할밖에
대신하다,대신할뿐더러
대신하다,대신할수록
대신하다,대신할지라도
대신하다,대신하며
대신하다,대신하면
대신하다,대신하면서
대신하다,대신하세요
대신하다,대신하셔요
대신하다,대신하지
대신하다,대신하건대
대신하다,대신하나니
대신하다,대신하느라
대신하다,대신하느라고
대신하다,대신하는구나
대신하다,대신하는군
대신하다,대신하도록
대신하다,대신하자
대신하다,대신하자고
대신하다,대신하자꾸나
대신하다,대신하자느니
대신하다,대신하자니까
대신하다,대신하자마자
대신하다,대신하자며
대신하다,대신하자면
대신하다,대신하자면서
대신하다,대신한
대신하다,대신한다
대신하다,대신한다고
대신하다,대신한다나
대신하다,대신한다네
대신하다,대신한다느니
대신하다,대신한다니
대신하다,대신한다니까
대신하다,대신한다더라
대신하다,대신한다며
대신하다,대신한다면
대신하다,대신한다면서
대신하다,대신한답니까
대신하다,대신한답니다
대신하다,대신한답시고
대신하다,대신한대
대신하다,대신한대요
대신하다,대신할거나
대신하다,대신할게
대신하다,대신할래
대신하다,대신하라고
대신하다,대신하러
대신하다,대신하려
대신하다,대신합시다
대신하다,대신하세
대신하다,대신하시라
대신하다,대신하십시다
대신하다,대신하십시오
대신하다,대신하고자
대신하다,대신하느냐
대신하다,대신하느냐고
대신하다,대신하느니
대신하다,대신하느니만
대신하다,대신하느니만큼
대신하다,대신하는
대신하다,대신하는걸
대신하다,대신하는데
대신하다,대신하는지
대변하다,대변하거나
대변하다,대변하거늘
대변하다,대변하거니
대변하다,대변하거든
대변하다,대변하건
대변하다,대변하것다
대변하다,대변하게
대변하다,대변하겠
대변하다,대변하고
대변하다,대변하고말고
대변하다,대변하기로
대변하다,대변하기로니
대변하다,대변하기로서
대변하다,대변하기로서니
대변하다,대변하기에
대변하다,대변하네
대변하다,대변하니
대변하다,대변하다
대변하다,대변하다가
대변하다,대변하다가는
대변하다,대변하다간
대변하다,대변하다니
대변하다,대변하다마다
대변하다,대변하더니
대변하다,대변하더니라
대변하다,대변하더라
대변하다,대변하더라니까
대변하다,대변하더라도
대변하다,대변하더라며
대변하다,대변하더라면
대변하다,대변하더라면서
대변하다,대변하더람
대변하다,대변하던
대변하다,대변하던가
대변하다,대변하던데
대변하다,대변하던지
대변하다,대변하데
대변하다,대변하데요
대변하다,대변하도다
대변하다,대변하되
대변하다,대변하든
대변하다,대변하든지
대변하다,대변하듯
대변하다,대변하듯이
대변하다,대변하죠
대변하다,대변하지마는
대변하다,대변하지만
대변하다,대변하지요
대변하다,대변한걸
대변하다,대변한들
대변하다,대변하나마
대변하다,대변하니까
대변하다,대변할
대변하다,대변할걸
대변하다,대변할까
대변하다,대변할는지
대변하다,대변할라
대변하다,대변할라고
대변하다,대변할러니
대변하다,대변할러라
대변하다,대변할런고
대변하다,대변할망정
대변하다,대변할밖에
대변하다,대변할뿐더러
대변하다,대변할수록
대변하다,대변할지라도
대변하다,대변하며
대변하다,대변하면
대변하다,대변하면서
대변하다,대변하세요
대변하다,대변하셔요
대변하다,대변하지
대변하다,대변하건대
대변하다,대변하나니
대변하다,대변하느라
대변하다,대변하느라고
대변하다,대변하는구나
대변하다,대변하는군
대변하다,대변하도록
대변하다,대변하자
대변하다,대변하자고
대변하다,대변하자꾸나
대변하다,대변하자느니
대변하다,대변하자니까
대변하다,대변하자마자
대변하다,대변하자며
대변하다,대변하자면
대변하다,대변하자면서
대변하다,대변한
대변하다,대변한다
대변하다,대변한다고
대변하다,대변한다나
대변하다,대변한다네
대변하다,대변한다느니
대변하다,대변한다니
대변하다,대변한다니까
대변하다,대변한다더라
대변하다,대변한다며
대변하다,대변한다면
대변하다,대변한다면서
대변하다,대변한답니까
대변하다,대변한답니다
대변하다,대변한답시고
대변하다,대변한대
대변하다,대변한대요
대변하다,대변할거나
대변하다,대변할게
대변하다,대변할래
대변하다,대변하라고
대변하다,대변하러
대변하다,대변하려
대변하다,대변합시다
대변하다,대변하세
대변하다,대변하시라
대변하다,대변하십시다
대변하다,대변하십시오
대변하다,대변하고자
대변하다,대변하느냐
대변하다,대변하느냐고
대변하다,대변하느니
대변하다,대변하느니만
대변하다,대변하느니만큼
대변하다,대변하는
대변하다,대변하는걸
대변하다,대변하는데
대변하다,대변하는지
분개하다,분개하거나
분개하다,분개하거늘
분개하다,분개하거니
분개하다,분개하거든
분개하다,분개하건
분개하다,분개하것다
분개하다,분개하게
분개하다,분개하겠
분개하다,분개하고
분개하다,분개하고말고
분개하다,분개하기로
분개하다,분개하기로니
분개하다,분개하기로서
분개하다,분개하기로서니
분개하다,분개하기에
분개하다,분개하네
분개하다,분개하니
분개하다,분개하다
분개하다,분개하다가
분개하다,분개하다가는
분개하다,분개하다간
분개하다,분개하다니
분개하다,분개하다마다
분개하다,분개하더니
분개하다,분개하더니라
분개하다,분개하더라
분개하다,분개하더라니까
분개하다,분개하더라도
분개하다,분개하더라며
분개하다,분개하더라면
분개하다,분개하더라면서
분개하다,분개하더람
분개하다,분개하던
분개하다,분개하던가
분개하다,분개하던데
분개하다,분개하던지
분개하다,분개하데
분개하다,분개하데요
분개하다,분개하도다
분개하다,분개하되
분개하다,분개하든
분개하다,분개하든지
분개하다,분개하듯
분개하다,분개하듯이
분개하다,분개하죠
분개하다,분개하지마는
분개하다,분개하지만
분개하다,분개하지요
분개하다,분개한걸
분개하다,분개한들
분개하다,분개하나마
분개하다,분개하니까
분개하다,분개할
분개하다,분개할걸
분개하다,분개할까
분개하다,분개할는지
분개하다,분개할라
분개하다,분개할라고
분개하다,분개할러니
분개하다,분개할러라
분개하다,분개할런고
분개하다,분개할망정
분개하다,분개할밖에
분개하다,분개할뿐더러
분개하다,분개할수록
분개하다,분개할지라도
분개하다,분개하며
분개하다,분개하면
분개하다,분개하면서
분개하다,분개하세요
분개하다,분개하셔요
분개하다,분개하지
분개하다,분개하건대
분개하다,분개하나니
분개하다,분개하느라
분개하다,분개하느라고
분개하다,분개하는구나
분개하다,분개하는군
분개하다,분개하도록
분개하다,분개하자
분개하다,분개하자고
분개하다,분개하자꾸나
분개하다,분개하자느니
분개하다,분개하자니까
분개하다,분개하자마자
분개하다,분개하자며
분개하다,분개하자면
분개하다,분개하자면서
분개하다,분개한
분개하다,분개한다
분개하다,분개한다고
분개하다,분개한다나
분개하다,분개한다네
분개하다,분개한다느니
분개하다,분개한다니
분개하다,분개한다니까
분개하다,분개한다더라
분개하다,분개한다며
분개하다,분개한다면
분개하다,분개한다면서
분개하다,분개한답니까
분개하다,분개한답니다
분개하다,분개한답시고
분개하다,분개한대
분개하다,분개한대요
분개하다,분개할거나
분개하다,분개할게
분개하다,분개할래
분개하다,분개하라고
분개하다,분개하러
분개하다,분개하려
분개하다,분개합시다
분개하다,분개하세
분개하다,분개하시라
분개하다,분개하십시다
분개하다,분개하십시오
분개하다,분개하고자
분개하다,분개하느냐
분개하다,분개하느냐고
분개하다,분개하느니
분개하다,분개하느니만
분개하다,분개하느니만큼
분개하다,분개하는
분개하다,분개하는걸
분개하다,분개하는데
분개하다,분개하는지
저항하다,저항하거나
저항하다,저항하거늘
저항하다,저항하거니
저항하다,저항하거든
저항하다,저항하건
저항하다,저항하것다
저항하다,저항하게
저항하다,저항하겠
저항하다,저항하고
저항하다,저항하고말고
저항하다,저항하기로
저항하다,저항하기로니
저항하다,저항하기로서
저항하다,저항하기로서니
저항하다,저항하기에
저항하다,저항하네
저항하다,저항하니
저항하다,저항하다
저항하다,저항하다가
저항하다,저항하다가는
저항하다,저항하다간
저항하다,저항하다니
저항하다,저항하다마다
저항하다,저항하더니
저항하다,저항하더니라
저항하다,저항하더라
저항하다,저항하더라니까
저항하다,저항하더라도
저항하다,저항하더라며
저항하다,저항하더라면
저항하다,저항하더라면서
저항하다,저항하더람
저항하다,저항하던
저항하다,저항하던가
저항하다,저항하던데
저항하다,저항하던지
저항하다,저항하데
저항하다,저항하데요
저항하다,저항하도다
저항하다,저항하되
저항하다,저항하든
저항하다,저항하든지
저항하다,저항하듯
저항하다,저항하듯이
저항하다,저항하죠
저항하다,저항하지마는
저항하다,저항하지만
저항하다,저항하지요
저항하다,저항한걸
저항하다,저항한들
저항하다,저항하나마
저항하다,저항하니까
저항하다,저항할
저항하다,저항할걸
저항하다,저항할까
저항하다,저항할는지
저항하다,저항할라
저항하다,저항할라고
저항하다,저항할러니
저항하다,저항할러라
저항하다,저항할런고
저항하다,저항할망정
저항하다,저항할밖에
저항하다,저항할뿐더러
저항하다,저항할수록
저항하다,저항할지라도
저항하다,저항하며
저항하다,저항하면
저항하다,저항하면서
저항하다,저항하세요
저항하다,저항하셔요
저항하다,저항하지
저항하다,저항하건대
저항하다,저항하나니
저항하다,저항하느라
저항하다,저항하느라고
저항하다,저항하는구나
저항하다,저항하는군
저항하다,저항하도록
저항하다,저항하자
저항하다,저항하자고
저항하다,저항하자꾸나
저항하다,저항하자느니
저항하다,저항하자니까
저항하다,저항하자마자
저항하다,저항하자며
저항하다,저항하자면
저항하다,저항하자면서
저항하다,저항한
저항하다,저항한다
저항하다,저항한다고
저항하다,저항한다나
저항하다,저항한다네
저항하다,저항한다느니
저항하다,저항한다니
저항하다,저항한다니까
저항하다,저항한다더라
저항하다,저항한다며
저항하다,저항한다면
저항하다,저항한다면서
저항하다,저항한답니까
저항하다,저항한답니다
저항하다,저항한답시고
저항하다,저항한대
저항하다,저항한대요
저항하다,저항할거나
저항하다,저항할게
저항하다,저항할래
저항하다,저항하라고
저항하다,저항하러
저항하다,저항하려
저항하다,저항합시다
저항하다,저항하세
저항하다,저항하시라
저항하다,저항하십시다
저항하다,저항하십시오
저항하다,저항하고자
저항하다,저항하느냐
저항하다,저항하느냐고
저항하다,저항하느니
저항하다,저항하느니만
저항하다,저항하느니만큼
저항하다,저항하는
저항하다,저항하는걸
저항하다,저항하는데
저항하다,저항하는지
함유하다,함유하거나
함유하다,함유하거늘
함유하다,함유하거니
함유하다,함유하거든
함유하다,함유하건
함유하다,함유하것다
함유하다,함유하게
함유하다,함유하겠
함유하다,함유하고
함유하다,함유하고말고
함유하다,함유하기로
함유하다,함유하기로니
함유하다,함유하기로서
함유하다,함유하기로서니
함유하다,함유하기에
함유하다,함유하네
함유하다,함유하니
함유하다,함유하다
함유하다,함유하다가
함유하다,함유하다가는
함유하다,함유하다간
함유하다,함유하다니
함유하다,함유하다마다
함유하다,함유하더니
함유하다,함유하더니라
함유하다,함유하더라
함유하다,함유하더라니까
함유하다,함유하더라도
함유하다,함유하더라며
함유하다,함유하더라면
함유하다,함유하더라면서
함유하다,함유하더람
함유하다,함유하던
함유하다,함유하던가
함유하다,함유하던데
함유하다,함유하던지
함유하다,함유하데
함유하다,함유하데요
함유하다,함유하도다
함유하다,함유하되
함유하다,함유하든
함유하다,함유하든지
함유하다,함유하듯
함유하다,함유하듯이
함유하다,함유하죠
함유하다,함유하지마는
함유하다,함유하지만
함유하다,함유하지요
함유하다,함유한걸
함유하다,함유한들
함유하다,함유하나마
함유하다,함유하니까
함유하다,함유할
함유하다,함유할걸
함유하다,함유할까
함유하다,함유할는지
함유하다,함유할라
함유하다,함유할라고
함유하다,함유할러니
함유하다,함유할러라
함유하다,함유할런고
함유하다,함유할망정
함유하다,함유할밖에
함유하다,함유할뿐더러
함유하다,함유할수록
함유하다,함유할지라도
함유하다,함유하며
함유하다,함유하면
함유하다,함유하면서
함유하다,함유하세요
함유하다,함유하셔요
함유하다,함유하지
함유하다,함유하건대
함유하다,함유하나니
함유하다,함유하느라
함유하다,함유하느라고
함유하다,함유하는구나
함유하다,함유하는군
함유하다,함유하도록
함유하다,함유하자
함유하다,함유하자고
함유하다,함유하자꾸나
함유하다,함유하자느니
함유하다,함유하자니까
함유하다,함유하자마자
함유하다,함유하자며
함유하다,함유하자면
함유하다,함유하자면서
함유하다,함유한
함유하다,함유한다
함유하다,함유한다고
함유하다,함유한다나
함유하다,함유한다네
함유하다,함유한다느니
함유하다,함유한다니
함유하다,함유한다니까
함유하다,함유한다더라
함유하다,함유한다며
함유하다,함유한다면
함유하다,함유한다면서
함유하다,함유한답니까
함유하다,함유한답니다
함유하다,함유한답시고
함유하다,함유한대
함유하다,함유한대요
함유하다,함유할거나
함유하다,함유할게
함유하다,함유할래
함유하다,함유하라고
함유하다,함유하러
함유하다,함유하려
함유하다,함유합시다
함유하다,함유하세
함유하다,함유하시라
함유하다,함유하십시다
함유하다,함유하십시오
함유하다,함유하고자
함유하다,함유하느냐
함유하다,함유하느냐고
함유하다,함유하느니
함유하다,함유하느니만
함유하다,함유하느니만큼
함유하다,함유하는
함유하다,함유하는걸
함유하다,함유하는데
함유하다,함유하는지
은퇴하다,은퇴하거나
은퇴하다,은퇴하거늘
은퇴하다,은퇴하거니
은퇴하다,은퇴하거든
은퇴하다,은퇴하건
은퇴하다,은퇴하것다
은퇴하다,은퇴하게
은퇴하다,은퇴하겠
은퇴하다,은퇴하고
은퇴하다,은퇴하고말고
은퇴하다,은퇴하기로
은퇴하다,은퇴하기로니
은퇴하다,은퇴하기로서
은퇴하다,은퇴하기로서니
은퇴하다,은퇴하기에
은퇴하다,은퇴하네
은퇴하다,은퇴하니
은퇴하다,은퇴하다
은퇴하다,은퇴하다가
은퇴하다,은퇴하다가는
은퇴하다,은퇴하다간
은퇴하다,은퇴하다니
은퇴하다,은퇴하다마다
은퇴하다,은퇴하더니
은퇴하다,은퇴하더니라
은퇴하다,은퇴하더라
은퇴하다,은퇴하더라니까
은퇴하다,은퇴하더라도
은퇴하다,은퇴하더라며
은퇴하다,은퇴하더라면
은퇴하다,은퇴하더라면서
은퇴하다,은퇴하더람
은퇴하다,은퇴하던
은퇴하다,은퇴하던가
은퇴하다,은퇴하던데
은퇴하다,은퇴하던지
은퇴하다,은퇴하데
은퇴하다,은퇴하데요
은퇴하다,은퇴하도다
은퇴하다,은퇴하되
은퇴하다,은퇴하든
은퇴하다,은퇴하든지
은퇴하다,은퇴하듯
은퇴하다,은퇴하듯이
은퇴하다,은퇴하죠
은퇴하다,은퇴하지마는
은퇴하다,은퇴하지만
은퇴하다,은퇴하지요
은퇴하다,은퇴한걸
은퇴하다,은퇴한들
은퇴하다,은퇴하나마
은퇴하다,은퇴하니까
은퇴하다,은퇴할
은퇴하다,은퇴할걸
은퇴하다,은퇴할까
은퇴하다,은퇴할는지
은퇴하다,은퇴할라
은퇴하다,은퇴할라고
은퇴하다,은퇴할러니
은퇴하다,은퇴할러라
은퇴하다,은퇴할런고
은퇴하다,은퇴할망정
은퇴하다,은퇴할밖에
은퇴하다,은퇴할뿐더러
은퇴하다,은퇴할수록
은퇴하다,은퇴할지라도
은퇴하다,은퇴하며
은퇴하다,은퇴하면
은퇴하다,은퇴하면서
은퇴하다,은퇴하세요
은퇴하다,은퇴하셔요
은퇴하다,은퇴하지
은퇴하다,은퇴하건대
은퇴하다,은퇴하나니
은퇴하다,은퇴하느라
은퇴하다,은퇴하느라고
은퇴하다,은퇴하는구나
은퇴하다,은퇴하는군
은퇴하다,은퇴하도록
은퇴하다,은퇴하자
은퇴하다,은퇴하자고
은퇴하다,은퇴하자꾸나
은퇴하다,은퇴하자느니
은퇴하다,은퇴하자니까
은퇴하다,은퇴하자마자
은퇴하다,은퇴하자며
은퇴하다,은퇴하자면
은퇴하다,은퇴하자면서
은퇴하다,은퇴한
은퇴하다,은퇴한다
은퇴하다,은퇴한다고
은퇴하다,은퇴한다나
은퇴하다,은퇴한다네
은퇴하다,은퇴한다느니
은퇴하다,은퇴한다니
은퇴하다,은퇴한다니까
은퇴하다,은퇴한다더라
은퇴하다,은퇴한다며
은퇴하다,은퇴한다면
은퇴하다,은퇴한다면서
은퇴하다,은퇴한답니까
은퇴하다,은퇴한답니다
은퇴하다,은퇴한답시고
은퇴하다,은퇴한대
은퇴하다,은퇴한대요
은퇴하다,은퇴할거나
은퇴하다,은퇴할게
은퇴하다,은퇴할래
은퇴하다,은퇴하라고
은퇴하다,은퇴하러
은퇴하다,은퇴하려
은퇴하다,은퇴합시다
은퇴하다,은퇴하세
은퇴하다,은퇴하시라
은퇴하다,은퇴하십시다
은퇴하다,은퇴하십시오
은퇴하다,은퇴하고자
은퇴하다,은퇴하느냐
은퇴하다,은퇴하느냐고
은퇴하다,은퇴하느니
은퇴하다,은퇴하느니만
은퇴하다,은퇴하느니만큼
은퇴하다,은퇴하는
은퇴하다,은퇴하는걸
은퇴하다,은퇴하는데
은퇴하다,은퇴하는지
승마하다,승마하거나
승마하다,승마하거늘
승마하다,승마하거니
승마하다,승마하거든
승마하다,승마하건
승마하다,승마하것다
승마하다,승마하게
승마하다,승마하겠
승마하다,승마하고
승마하다,승마하고말고
승마하다,승마하기로
승마하다,승마하기로니
승마하다,승마하기로서
승마하다,승마하기로서니
승마하다,승마하기에
승마하다,승마하네
승마하다,승마하니
승마하다,승마하다
승마하다,승마하다가
승마하다,승마하다가는
승마하다,승마하다간
승마하다,승마하다니
승마하다,승마하다마다
승마하다,승마하더니
승마하다,승마하더니라
승마하다,승마하더라
승마하다,승마하더라니까
승마하다,승마하더라도
승마하다,승마하더라며
승마하다,승마하더라면
승마하다,승마하더라면서
승마하다,승마하더람
승마하다,승마하던
승마하다,승마하던가
승마하다,승마하던데
승마하다,승마하던지
승마하다,승마하데
승마하다,승마하데요
승마하다,승마하도다
승마하다,승마하되
승마하다,승마하든
승마하다,승마하든지
승마하다,승마하듯
승마하다,승마하듯이
승마하다,승마하죠
승마하다,승마하지마는
승마하다,승마하지만
승마하다,승마하지요
승마하다,승마한걸
승마하다,승마한들
승마하다,승마하나마
승마하다,승마하니까
승마하다,승마할
승마하다,승마할걸
승마하다,승마할까
승마하다,승마할는지
승마하다,승마할라
승마하다,승마할라고
승마하다,승마할러니
승마하다,승마할러라
승마하다,승마할런고
승마하다,승마할망정
승마하다,승마할밖에
승마하다,승마할뿐더러
승마하다,승마할수록
승마하다,승마할지라도
승마하다,승마하며
승마하다,승마하면
승마하다,승마하면서
승마하다,승마하세요
승마하다,승마하셔요
승마하다,승마하지
승마하다,승마하건대
승마하다,승마하나니
승마하다,승마하느라
승마하다,승마하느라고
승마하다,승마하는구나
승마하다,승마하는군
승마하다,승마하도록
승마하다,승마하자
승마하다,승마하자고
승마하다,승마하자꾸나
승마하다,승마하자느니
승마하다,승마하자니까
승마하다,승마하자마자
승마하다,승마하자며
승마하다,승마하자면
승마하다,승마하자면서
승마하다,승마한
승마하다,승마한다
승마하다,승마한다고
승마하다,승마한다나
승마하다,승마한다네
승마하다,승마한다느니
승마하다,승마한다니
승마하다,승마한다니까
승마하다,승마한다더라
승마하다,승마한다며
승마하다,승마한다면
승마하다,승마한다면서
승마하다,승마한답니까
승마하다,승마한답니다
승마하다,승마한답시고
승마하다,승마한대
승마하다,승마한대요
승마하다,승마할거나
승마하다,승마할게
승마하다,승마할래
승마하다,승마하라고
승마하다,승마하러
승마하다,승마하려
승마하다,승마합시다
승마하다,승마하세
승마하다,승마하시라
승마하다,승마하십시다
승마하다,승마하십시오
승마하다,승마하고자
승마하다,승마하느냐
승마하다,승마하느냐고
승마하다,승마하느니
승마하다,승마하느니만
승마하다,승마하느니만큼
승마하다,승마하는
승마하다,승마하는걸
승마하다,승마하는데
승마하다,승마하는지
달리다,달리거나
달리다,달리거늘
달리다,달리거니
달리다,달리거든
달리다,달리건
달리다,달리것다
달리다,달리게
달리다,달리겠
달리다,달리고
달리다,달리고말고
달리다,달리기로
달리다,달리기로니
달리다,달리기로서
달리다,달리기로서니
달리다,달리기에
달리다,달리네
달리다,달리니
달리다,달리다
달리다,달리다가
달리다,달리다가는
달리다,달리다간
달리다,달리다니
달리다,달리다마다
달리다,달리더니
달리다,달리더니라
달리다,달리더라
달리다,달리더라니까
달리다,달리더라도
달리다,달리더라며
달리다,달리더라면
달리다,달리더라면서
달리다,달리더람
달리다,달리던
달리다,달리던가
달리다,달리던데
달리다,달리던지
달리다,달리데
달리다,달리데요
달리다,달리도다
달리다,달리되
달리다,달리든
달리다,달리든지
달리다,달리듯
달리다,달리듯이
달리다,달리죠
달리다,달리지마는
달리다,달리지만
달리다,달리지요
달리다,달린걸
달리다,달린들
달리다,달리나마
달리다,달리니까
달리다,달릴
달리다,달릴걸
달리다,달릴까
달리다,달릴는지
달리다,달릴라
달리다,달릴라고
달리다,달릴러니
달리다,달릴러라
달리다,달릴런고
달리다,달릴망정
달리다,달릴밖에
달리다,달릴뿐더러
달리다,달릴수록
달리다,달릴지라도
달리다,달리며
달리다,달리면
달리다,달리면서
달리다,달리세요
달리다,달리셔요
달리다,달리지
달리다,달리건대
달리다,달리나니
달리다,달리느라
달리다,달리느라고
달리다,달리는구나
달리다,달리는군
달리다,달리도록
달리다,달리자
달리다,달리자고
달리다,달리자꾸나
달리다,달리자느니
달리다,달리자니까
달리다,달리자마자
달리다,달리자며
달리다,달리자면
달리다,달리자면서
달리다,달린
달리다,달린다
달리다,달린다고
달리다,달린다나
달리다,달린다네
달리다,달린다느니
달리다,달린다니
달리다,달린다니까
달리다,달린다더라
달리다,달린다며
달리다,달린다면
달리다,달린다면서
달리다,달린답니까
달리다,달린답니다
달리다,달린답시고
달리다,달린대
달리다,달린대요
달리다,달릴거나
달리다,달릴게
달리다,달릴래
달리다,달리라고
달리다,달리러
달리다,달리려
달리다,달립시다
달리다,달리세
달리다,달리시라
달리다,달리십시다
달리다,달리십시오
달리다,달리고자
달리다,달리느냐
달리다,달리느냐고
달리다,달리느니
달리다,달리느니만
달리다,달리느니만큼
달리다,달리는
달리다,달리는걸
달리다,달리는데
달리다,달리는지
알아차리다,알아차리거나
알아차리다,알아차리거늘
알아차리다,알아차리거니
알아차리다,알아차리거든
알아차리다,알아차리건
알아차리다,알아차리것다
알아차리다,알아차리게
알아차리다,알아차리겠
알아차리다,알아차리고
알아차리다,알아차리고말고
알아차리다,알아차리기로
알아차리다,알아차리기로니
알아차리다,알아차리기로서
알아차리다,알아차리기로서니
알아차리다,알아차리기에
알아차리다,알아차리네
알아차리다,알아차리니
알아차리다,알아차리다
알아차리다,알아차리다가
알아차리다,알아차리다가는
알아차리다,알아차리다간
알아차리다,알아차리다니
알아차리다,알아차리다마다
알아차리다,알아차리더니
알아차리다,알아차리더니라
알아차리다,알아차리더라
알아차리다,알아차리더라니까
알아차리다,알아차리더라도
알아차리다,알아차리더라며
알아차리다,알아차리더라면
알아차리다,알아차리더라면서
알아차리다,알아차리더람
알아차리다,알아차리던
알아차리다,알아차리던가
알아차리다,알아차리던데
알아차리다,알아차리던지
알아차리다,알아차리데
알아차리다,알아차리데요
알아차리다,알아차리도다
알아차리다,알아차리되
알아차리다,알아차리든
알아차리다,알아차리든지
알아차리다,알아차리듯
알아차리다,알아차리듯이
알아차리다,알아차리죠
알아차리다,알아차리지마는
알아차리다,알아차리지만
알아차리다,알아차리지요
알아차리다,알아차린걸
알아차리다,알아차린들
알아차리다,알아차리나마
알아차리다,알아차리니까
알아차리다,알아차릴
알아차리다,알아차릴걸
알아차리다,알아차릴까
알아차리다,알아차릴는지
알아차리다,알아차릴라
알아차리다,알아차릴라고
알아차리다,알아차릴러니
알아차리다,알아차릴러라
알아차리다,알아차릴런고
알아차리다,알아차릴망정
알아차리다,알아차릴밖에
알아차리다,알아차릴뿐더러
알아차리다,알아차릴수록
알아차리다,알아차릴지라도
알아차리다,알아차리며
알아차리다,알아차리면
알아차리다,알아차리면서
알아차리다,알아차리세요
알아차리다,알아차리셔요
알아차리다,알아차리지
알아차리다,알아차리건대
알아차리다,알아차리나니
알아차리다,알아차리느라
알아차리다,알아차리느라고
알아차리다,알아차리는구나
알아차리다,알아차리는군
알아차리다,알아차리도록
알아차리다,알아차리자
알아차리다,알아차리자고
알아차리다,알아차리자꾸나
알아차리다,알아차리자느니
알아차리다,알아차리자니까
알아차리다,알아차리자마자
알아차리다,알아차리자며
알아차리다,알아차리자면
알아차리다,알아차리자면서
알아차리다,알아차린
알아차리다,알아차린다
알아차리다,알아차린다고
알아차리다,알아차린다나
알아차리다,알아차린다네
알아차리다,알아차린다느니
알아차리다,알아차린다니
알아차리다,알아차린다니까
알아차리다,알아차린다더라
알아차리다,알아차린다며
알아차리다,알아차린다면
알아차리다,알아차린다면서
알아차리다,알아차린답니까
알아차리다,알아차린답니다
알아차리다,알아차린답시고
알아차리다,알아차린대
알아차리다,알아차린대요
알아차리다,알아차릴거나
알아차리다,알아차릴게
알아차리다,알아차릴래
알아차리다,알아차리라고
알아차리다,알아차리러
알아차리다,알아차리려
알아차리다,알아차립시다
알아차리다,알아차리세
알아차리다,알아차리시라
알아차리다,알아차리십시다
알아차리다,알아차리십시오
알아차리다,알아차리고자
알아차리다,알아차리느냐
알아차리다,알아차리느냐고
알아차리다,알아차리느니
알아차리다,알아차리느니만
알아차리다,알아차리느니만큼
알아차리다,알아차리는
알아차리다,알아차리는걸
알아차리다,알아차리는데
알아차리다,알아차리는지
뛰다,뛰거나
뛰다,뛰거늘
뛰다,뛰거니
뛰다,뛰거든
뛰다,뛰건
뛰다,뛰것다
뛰다,뛰게
뛰다,뛰겠
뛰다,뛰고
뛰다,뛰고말고
뛰다,뛰기로
뛰다,뛰기로니
뛰다,뛰기로서
뛰다,뛰기로서니
뛰다,뛰기에
뛰다,뛰네
뛰다,뛰니
뛰다,뛰다
뛰다,뛰다가
뛰다,뛰다가는
뛰다,뛰다간
뛰다,뛰다니
뛰다,뛰다마다
뛰다,뛰더니
뛰다,뛰더니라
뛰다,뛰더라
뛰다,뛰더라니까
뛰다,뛰더라도
뛰다,뛰더라며
뛰다,뛰더라면
뛰다,뛰더라면서
뛰다,뛰더람
뛰다,뛰던
뛰다,뛰던가
뛰다,뛰던데
뛰다,뛰던지
뛰다,뛰데
뛰다,뛰데요
뛰다,뛰도다
뛰다,뛰되
뛰다,뛰든
뛰다,뛰든지
뛰다,뛰듯
뛰다,뛰듯이
뛰다,뛰죠
뛰다,뛰지마는
뛰다,뛰지만
뛰다,뛰지요
뛰다,뛴걸
뛰다,뛴들
뛰다,뛰나마
뛰다,뛰니까
뛰다,뛸
뛰다,뛸걸
뛰다,뛸까
뛰다,뛸는지
뛰다,뛸라
뛰다,뛸라고
뛰다,뛸러니
뛰다,뛸러라
뛰다,뛸런고
뛰다,뛸망정
뛰다,뛸밖에
뛰다,뛸뿐더러
뛰다,뛸수록
뛰다,뛸지라도
뛰다,뛰며
뛰다,뛰면
뛰다,뛰면서
뛰다,뛰세요
뛰다,뛰셔요
뛰다,뛰지
뛰다,뛰건대
뛰다,뛰나니
뛰다,뛰느라
뛰다,뛰느라고
뛰다,뛰는구나
뛰다,뛰는군
뛰다,뛰도록
뛰다,뛰자
뛰다,뛰자고
뛰다,뛰자꾸나
뛰다,뛰자느니
뛰다,뛰자니까
뛰다,뛰자마자
뛰다,뛰자며
뛰다,뛰자면
뛰다,뛰자면서
뛰다,뛴
뛰다,뛴다
뛰다,뛴다고
뛰다,뛴다나
뛰다,뛴다네
뛰다,뛴다느니
뛰다,뛴다니
뛰다,뛴다니까
뛰다,뛴다더라
뛰다,뛴다며
뛰다,뛴다면
뛰다,뛴다면서
뛰다,뛴답니까
뛰다,뛴답니다
뛰다,뛴답시고
뛰다,뛴대
뛰다,뛴대요
뛰다,뛸거나
뛰다,뛸게
뛰다,뛸래
뛰다,뛰라고
뛰다,뛰러
뛰다,뛰려
뛰다,뜁시다
뛰다,뛰세
뛰다,뛰시라
뛰다,뛰십시다
뛰다,뛰십시오
뛰다,뛰고자
뛰다,뛰느냐
뛰다,뛰느냐고
뛰다,뛰느니
뛰다,뛰느니만
뛰다,뛰느니만큼
뛰다,뛰는
뛰다,뛰는걸
뛰다,뛰는데
뛰다,뛰는지
퇴직하다,퇴직하거나
퇴직하다,퇴직하거늘
퇴직하다,퇴직하거니
퇴직하다,퇴직하거든
퇴직하다,퇴직하건
퇴직하다,퇴직하것다
퇴직하다,퇴직하게
퇴직하다,퇴직하겠
퇴직하다,퇴직하고
퇴직하다,퇴직하고말고
퇴직하다,퇴직하기로
퇴직하다,퇴직하기로니
퇴직하다,퇴직하기로서
퇴직하다,퇴직하기로서니
퇴직하다,퇴직하기에
퇴직하다,퇴직하네
퇴직하다,퇴직하니
퇴직하다,퇴직하다
퇴직하다,퇴직하다가
퇴직하다,퇴직하다가는
퇴직하다,퇴직하다간
퇴직하다,퇴직하다니
퇴직하다,퇴직하다마다
퇴직하다,퇴직하더니
퇴직하다,퇴직하더니라
퇴직하다,퇴직하더라
퇴직하다,퇴직하더라니까
퇴직하다,퇴직하더라도
퇴직하다,퇴직하더라며
퇴직하다,퇴직하더라면
퇴직하다,퇴직하더라면서
퇴직하다,퇴직하더람
퇴직하다,퇴직하던
퇴직하다,퇴직하던가
퇴직하다,퇴직하던데
퇴직하다,퇴직하던지
퇴직하다,퇴직하데
퇴직하다,퇴직하데요
퇴직하다,퇴직하도다
퇴직하다,퇴직하되
퇴직하다,퇴직하든
퇴직하다,퇴직하든지
퇴직하다,퇴직하듯
퇴직하다,퇴직하듯이
퇴직하다,퇴직하죠
퇴직하다,퇴직하지마는
퇴직하다,퇴직하지만
퇴직하다,퇴직하지요
퇴직하다,퇴직한걸
퇴직하다,퇴직한들
퇴직하다,퇴직하나마
퇴직하다,퇴직하니까
퇴직하다,퇴직할
퇴직하다,퇴직할걸
퇴직하다,퇴직할까
퇴직하다,퇴직할는지
퇴직하다,퇴직할라
퇴직하다,퇴직할라고
퇴직하다,퇴직할러니
퇴직하다,퇴직할러라
퇴직하다,퇴직할런고
퇴직하다,퇴직할망정
퇴직하다,퇴직할밖에
퇴직하다,퇴직할뿐더러
퇴직하다,퇴직할수록
퇴직하다,퇴직할지라도
퇴직하다,퇴직하며
퇴직하다,퇴직하면
퇴직하다,퇴직하면서
퇴직하다,퇴직하세요
퇴직하다,퇴직하셔요
퇴직하다,퇴직하지
퇴직하다,퇴직하건대
퇴직하다,퇴직하나니
퇴직하다,퇴직하느라
퇴직하다,퇴직하느라고
퇴직하다,퇴직하는구나
퇴직하다,퇴직하는군
퇴직하다,퇴직하도록
퇴직하다,퇴직하자
퇴직하다,퇴직하자고
퇴직하다,퇴직하자꾸나
퇴직하다,퇴직하자느니
퇴직하다,퇴직하자니까
퇴직하다,퇴직하자마자
퇴직하다,퇴직하자며
퇴직하다,퇴직하자면
퇴직하다,퇴직하자면서
퇴직하다,퇴직한
퇴직하다,퇴직한다
퇴직하다,퇴직한다고
퇴직하다,퇴직한다나
퇴직하다,퇴직한다네
퇴직하다,퇴직한다느니
퇴직하다,퇴직한다니
퇴직하다,퇴직한다니까
퇴직하다,퇴직한다더라
퇴직하다,퇴직한다며
퇴직하다,퇴직한다면
퇴직하다,퇴직한다면서
퇴직하다,퇴직한답니까
퇴직하다,퇴직한답니다
퇴직하다,퇴직한답시고
퇴직하다,퇴직한대
퇴직하다,퇴직한대요
퇴직하다,퇴직할거나
퇴직하다,퇴직할게
퇴직하다,퇴직할래
퇴직하다,퇴직하라고
퇴직하다,퇴직하러
퇴직하다,퇴직하려
퇴직하다,퇴직합시다
퇴직하다,퇴직하세
퇴직하다,퇴직하시라
퇴직하다,퇴직하십시다
퇴직하다,퇴직하십시오
퇴직하다,퇴직하고자
퇴직하다,퇴직하느냐
퇴직하다,퇴직하느냐고
퇴직하다,퇴직하느니
퇴직하다,퇴직하느니만
퇴직하다,퇴직하느니만큼
퇴직하다,퇴직하는
퇴직하다,퇴직하는걸
퇴직하다,퇴직하는데
퇴직하다,퇴직하는지
반사하다,반사하거나
반사하다,반사하거늘
반사하다,반사하거니
반사하다,반사하거든
반사하다,반사하건
반사하다,반사하것다
반사하다,반사하게
반사하다,반사하겠
반사하다,반사하고
반사하다,반사하고말고
반사하다,반사하기로
반사하다,반사하기로니
반사하다,반사하기로서
반사하다,반사하기로서니
반사하다,반사하기에
반사하다,반사하네
반사하다,반사하니
반사하다,반사하다
반사하다,반사하다가
반사하다,반사하다가는
반사하다,반사하다간
반사하다,반사하다니
반사하다,반사하다마다
반사하다,반사하더니
반사하다,반사하더니라
반사하다,반사하더라
반사하다,반사하더라니까
반사하다,반사하더라도
반사하다,반사하더라며
반사하다,반사하더라면
반사하다,반사하더라면서
반사하다,반사하더람
반사하다,반사하던
반사하다,반사하던가
반사하다,반사하던데
반사하다,반사하던지
반사하다,반사하데
반사하다,반사하데요
반사하다,반사하도다
반사하다,반사하되
반사하다,반사하든
반사하다,반사하든지
반사하다,반사하듯
반사하다,반사하듯이
반사하다,반사하죠
반사하다,반사하지마는
반사하다,반사하지만
반사하다,반사하지요
반사하다,반사한걸
반사하다,반사한들
반사하다,반사하나마
반사하다,반사하니까
반사하다,반사할
반사하다,반사할걸
반사하다,반사할까
반사하다,반사할는지
반사하다,반사할라
반사하다,반사할라고
반사하다,반사할러니
반사하다,반사할러라
반사하다,반사할런고
반사하다,반사할망정
반사하다,반사할밖에
반사하다,반사할뿐더러
반사하다,반사할수록
반사하다,반사할지라도
반사하다,반사하며
반사하다,반사하면
반사하다,반사하면서
반사하다,반사하세요
반사하다,반사하셔요
반사하다,반사하지
반사하다,반사하건대
반사하다,반사하나니
반사하다,반사하느라
반사하다,반사하느라고
반사하다,반사하는구나
반사하다,반사하는군
반사하다,반사하도록
반사하다,반사하자
반사하다,반사하자고
반사하다,반사하자꾸나
반사하다,반사하자느니
반사하다,반사하자니까
반사하다,반사하자마자
반사하다,반사하자며
반사하다,반사하자면
반사하다,반사하자면서
반사하다,반사한
반사하다,반사한다
반사하다,반사한다고
반사하다,반사한다나
반사하다,반사한다네
반사하다,반사한다느니
반사하다,반사한다니
반사하다,반사한다니까
반사하다,반사한다더라
반사하다,반사한다며
반사하다,반사한다면
반사하다,반사한다면서
반사하다,반사한답니까
반사하다,반사한답니다
반사하다,반사한답시고
반사하다,반사한대
반사하다,반사한대요
반사하다,반사할거나
반사하다,반사할게
반사하다,반사할래
반사하다,반사하라고
반사하다,반사하러
반사하다,반사하려
반사하다,반사합시다
반사하다,반사하세
반사하다,반사하시라
반사하다,반사하십시다
반사하다,반사하십시오
반사하다,반사하고자
반사하다,반사하느냐
반사하다,반사하느냐고
반사하다,반사하느니
반사하다,반사하느니만
반사하다,반사하느니만큼
반사하다,반사하는
반사하다,반사하는걸
반사하다,반사하는데
반사하다,반사하는지
승인하다,승인하거나
승인하다,승인하거늘
승인하다,승인하거니
승인하다,승인하거든
승인하다,승인하건
승인하다,승인하것다
승인하다,승인하게
승인하다,승인하겠
승인하다,승인하고
승인하다,승인하고말고
승인하다,승인하기로
승인하다,승인하기로니
승인하다,승인하기로서
승인하다,승인하기로서니
승인하다,승인하기에
승인하다,승인하네
승인하다,승인하니
승인하다,승인하다
승인하다,승인하다가
승인하다,승인하다가는
승인하다,승인하다간
승인하다,승인하다니
승인하다,승인하다마다
승인하다,승인하더니
승인하다,승인하더니라
승인하다,승인하더라
승인하다,승인하더라니까
승인하다,승인하더라도
승인하다,승인하더라며
승인하다,승인하더라면
승인하다,승인하더라면서
승인하다,승인하더람
승인하다,승인하던
승인하다,승인하던가
승인하다,승인하던데
승인하다,승인하던지
승인하다,승인하데
승인하다,승인하데요
승인하다,승인하도다
승인하다,승인하되
승인하다,승인하든
승인하다,승인하든지
승인하다,승인하듯
승인하다,승인하듯이
승인하다,승인하죠
승인하다,승인하지마는
승인하다,승인하지만
승인하다,승인하지요
승인하다,승인한걸
승인하다,승인한들
승인하다,승인하나마
승인하다,승인하니까
승인하다,승인할
승인하다,승인할걸
승인하다,승인할까
승인하다,승인할는지
승인하다,승인할라
승인하다,승인할라고
승인하다,승인할러니
승인하다,승인할러라
승인하다,승인할런고
승인하다,승인할망정
승인하다,승인할밖에
승인하다,승인할뿐더러
승인하다,승인할수록
승인하다,승인할지라도
승인하다,승인하며
승인하다,승인하면
승인하다,승인하면서
승인하다,승인하세요
승인하다,승인하셔요
승인하다,승인하지
승인하다,승인하건대
승인하다,승인하나니
승인하다,승인하느라
승인하다,승인하느라고
승인하다,승인하는구나
승인하다,승인하는군
승인하다,승인하도록
승인하다,승인하자
승인하다,승인하자고
승인하다,승인하자꾸나
승인하다,승인하자느니
승인하다,승인하자니까
승인하다,승인하자마자
승인하다,승인하자며
승인하다,승인하자면
승인하다,승인하자면서
승인하다,승인한
승인하다,승인한다
승인하다,승인한다고
승인하다,승인한다나
승인하다,승인한다네
승인하다,승인한다느니
승인하다,승인한다니
승인하다,승인한다니까
승인하다,승인한다더라
승인하다,승인한다며
승인하다,승인한다면
승인하다,승인한다면서
승인하다,승인한답니까
승인하다,승인한답니다
승인하다,승인한답시고
승인하다,승인한대
승인하다,승인한대요
승인하다,승인할거나
승인하다,승인할게
승인하다,승인할래
승인하다,승인하라고
승인하다,승인하러
승인하다,승인하려
승인하다,승인합시다
승인하다,승인하세
승인하다,승인하시라
승인하다,승인하십시다
승인하다,승인하십시오
승인하다,승인하고자
승인하다,승인하느냐
승인하다,승인하느냐고
승인하다,승인하느니
승인하다,승인하느니만
승인하다,승인하느니만큼
승인하다,승인하는
승인하다,승인하는걸
승인하다,승인하는데
승인하다,승인하는지
판매하다,판매하거나
판매하다,판매하거늘
판매하다,판매하거니
판매하다,판매하거든
판매하다,판매하건
판매하다,판매하것다
판매하다,판매하게
판매하다,판매하겠
판매하다,판매하고
판매하다,판매하고말고
판매하다,판매하기로
판매하다,판매하기로니
판매하다,판매하기로서
판매하다,판매하기로서니
판매하다,판매하기에
판매하다,판매하네
판매하다,판매하니
판매하다,판매하다
판매하다,판매하다가
판매하다,판매하다가는
판매하다,판매하다간
판매하다,판매하다니
판매하다,판매하다마다
판매하다,판매하더니
판매하다,판매하더니라
판매하다,판매하더라
판매하다,판매하더라니까
판매하다,판매하더라도
판매하다,판매하더라며
판매하다,판매하더라면
판매하다,판매하더라면서
판매하다,판매하더람
판매하다,판매하던
판매하다,판매하던가
판매하다,판매하던데
판매하다,판매하던지
판매하다,판매하데
판매하다,판매하데요
판매하다,판매하도다
판매하다,판매하되
판매하다,판매하든
판매하다,판매하든지
판매하다,판매하듯
판매하다,판매하듯이
판매하다,판매하죠
판매하다,판매하지마는
판매하다,판매하지만
판매하다,판매하지요
판매하다,판매한걸
판매하다,판매한들
판매하다,판매하나마
판매하다,판매하니까
판매하다,판매할
판매하다,판매할걸
판매하다,판매할까
판매하다,판매할는지
판매하다,판매할라
판매하다,판매할라고
판매하다,판매할러니
판매하다,판매할러라
판매하다,판매할런고
판매하다,판매할망정
판매하다,판매할밖에
판매하다,판매할뿐더러
판매하다,판매할수록
판매하다,판매할지라도
판매하다,판매하며
판매하다,판매하면
판매하다,판매하면서
판매하다,판매하세요
판매하다,판매하셔요
판매하다,판매하지
판매하다,판매하건대
판매하다,판매하나니
판매하다,판매하느라
판매하다,판매하느라고
판매하다,판매하는구나
판매하다,판매하는군
판매하다,판매하도록
판매하다,판매하자
판매하다,판매하자고
판매하다,판매하자꾸나
판매하다,판매하자느니
판매하다,판매하자니까
판매하다,판매하자마자
판매하다,판매하자며
판매하다,판매하자면
판매하다,판매하자면서
판매하다,판매한
판매하다,판매한다
판매하다,판매한다고
판매하다,판매한다나
판매하다,판매한다네
판매하다,판매한다느니
판매하다,판매한다니
판매하다,판매한다니까
판매하다,판매한다더라
판매하다,판매한다며
판매하다,판매한다면
판매하다,판매한다면서
판매하다,판매한답니까
판매하다,판매한답니다
판매하다,판매한답시고
판매하다,판매한대
판매하다,판매한대요
판매하다,판매할거나
판매하다,판매할게
판매하다,판매할래
판매하다,판매하라고
판매하다,판매하러
판매하다,판매하려
판매하다,판매합시다
판매하다,판매하세
판매하다,판매하시라
판매하다,판매하십시다
판매하다,판매하십시오
판매하다,판매하고자
판매하다,판매하느냐
판매하다,판매하느냐고
판매하다,판매하느니
판매하다,판매하느니만
판매하다,판매하느니만큼
판매하다,판매하는
판매하다,판매하는걸
판매하다,판매하는데
판매하다,판매하는지
보이다,보이거나
보이다,보이거늘
보이다,보이거니
보이다,보이거든
보이다,보이건
보이다,보이것다
보이다,보이게
보이다,보이겠
보이다,보이고
보이다,보이고말고
보이다,보이기로
보이다,보이기로니
보이다,보이기로서
보이다,보이기로서니
보이다,보이기에
보이다,보이네
보이다,보이니
보이다,보이다
보이다,보이다가
보이다,보이다가는
보이다,보이다간
보이다,보이다니
보이다,보이다마다
보이다,보이더니
보이다,보이더니라
보이다,보이더라
보이다,보이더라니까
보이다,보이더라도
보이다,보이더라며
보이다,보이더라면
보이다,보이더라면서
보이다,보이더람
보이다,보이던
보이다,보이던가
보이다,보이던데
보이다,보이던지
보이다,보이데
보이다,보이데요
보이다,보이도다
보이다,보이되
보이다,보이든
보이다,보이든지
보이다,보이듯
보이다,보이듯이
보이다,보이죠
보이다,보이지마는
보이다,보이지만
보이다,보이지요
보이다,보인걸
보이다,보인들
보이다,보이나마
보이다,보이니까
보이다,보일
보이다,보일걸
보이다,보일까
보이다,보일는지
보이다,보일라
보이다,보일라고
보이다,보일러니
보이다,보일러라
보이다,보일런고
보이다,보일망정
보이다,보일밖에
보이다,보일뿐더러
보이다,보일수록
보이다,보일지라도
보이다,보이며
보이다,보이면
보이다,보이면서
보이다,보이세요
보이다,보이셔요
보이다,보이지
보이다,보이건대
보이다,보이나니
보이다,보이느라
보이다,보이느라고
보이다,보이는구나
보이다,보이는군
보이다,보이도록
보이다,보이자
보이다,보이자고
보이다,보이자꾸나
보이다,보이자느니
보이다,보이자니까
보이다,보이자마자
보이다,보이자며
보이다,보이자면
보이다,보이자면서
보이다,보인
보이다,보인다
보이다,보인다고
보이다,보인다나
보이다,보인다네
보이다,보인다느니
보이다,보인다니
보이다,보인다니까
보이다,보인다더라
보이다,보인다며
보이다,보인다면
보이다,보인다면서
보이다,보인답니까
보이다,보인답니다
보이다,보인답시고
보이다,보인대
보이다,보인대요
보이다,보일거나
보이다,보일게
보이다,보일래
보이다,보이라고
보이다,보이러
보이다,보이려
보이다,보입시다
보이다,보이세
보이다,보이시라
보이다,보이십시다
보이다,보이십시오
보이다,보이고자
보이다,보이느냐
보이다,보이느냐고
보이다,보이느니
보이다,보이느니만
보이다,보이느니만큼
보이다,보이는
보이다,보이는걸
보이다,보이는데
보이다,보이는지
팔다,팔거나
팔다,팔거늘
팔다,팔거니
팔다,팔거든
팔다,팔건
팔다,팔것다
팔다,팔게
팔다,팔겠
팔다,팔고
팔다,팔고말고
팔다,팔기로
팔다,팔기로니
팔다,팔기로서
팔다,팔기로서니
팔다,팔기에
팔다,팔네
팔다,팔니
팔다,팔다
팔다,팔다가
팔다,팔다가는
팔다,팔다간
팔다,팔다니
팔다,팔다마다
팔다,팔더니
팔다,팔더니라
팔다,팔더라
팔다,팔더라니까
팔다,팔더라도
팔다,팔더라며
팔다,팔더라면
팔다,팔더라면서
팔다,팔더람
팔다,팔던
팔다,팔던가
팔다,팔던데
팔다,팔던지
팔다,팔데
팔다,팔데요
팔다,팔도다
팔다,팔되
팔다,팔든
팔다,팔든지
팔다,팔듯
팔다,팔듯이
팔다,팔죠
팔다,팔지마는
팔다,팔지만
팔다,팔지요
팔다,판걸
팔다,판들
팔다,파나마
팔다,파니
팔다,파니까
팔다,팔
팔다,팔걸
팔다,팔까
팔다,팔는지
팔다,팔라
팔다,팔라고
팔다,팔러니
팔다,팔러라
팔다,팔런고
팔다,팔망정
팔다,팔밖에
팔다,팔뿐더러
팔다,팔수록
팔다,팔지라도
팔다,파며
팔다,파면
팔다,파면서
팔다,파세요
팔다,파셔요
팔다,팔지
팔다,팔아도
팔다,팔아서
팔다,팔아야
팔다,팔아야만
팔다,팔아야지
팔다,팔아요
팔다,팔건대
팔다,팔나니
팔다,팔느라
팔다,팔느라고
팔다,팔는구나
팔다,팔는군
팔다,팔도록
팔다,팔자
팔다,팔자고
팔다,팔자꾸나
팔다,팔자느니
팔다,팔자니까
팔다,팔자마자
팔다,팔자며
팔다,팔자면
팔다,팔자면서
팔다,판
팔다,판다
팔다,판다고
팔다,판다나
팔다,판다네
팔다,판다느니
팔다,판다니
팔다,판다니까
팔다,판다더라
팔다,판다며
팔다,판다면
팔다,판다면서
팔다,판답니까
팔다,판답니다
팔다,판답시고
팔다,판대
팔다,판대요
팔다,팔래
팔다,파라고
팔다,파러
팔다,파려
팔다,팝시다
팔다,파세
팔다,파시라
팔다,파십시다
팔다,파십시오
팔다,팔아다
팔다,팔아다가
팔다,팔고자
팔다,팔느냐
팔다,팔느냐고
팔다,팔느니
팔다,팔느니만
팔다,팔느니만큼
팔다,팔는
팔다,팔는걸
팔다,팔는데
보내다,보내거나
보내다,보내거늘
보내다,보내거니
보내다,보내거든
보내다,보내건
보내다,보내것다
보내다,보내게
보내다,보내겠
보내다,보내고
보내다,보내고말고
보내다,보내기로
보내다,보내기로니
보내다,보내기로서
보내다,보내기로서니
보내다,보내기에
보내다,보내네
보내다,보내니
보내다,보내다
보내다,보내다가
보내다,보내다가는
보내다,보내다간
보내다,보내다니
보내다,보내다마다
보내다,보내더니
보내다,보내더니라
보내다,보내더라
보내다,보내더라니까
보내다,보내더라도
보내다,보내더라며
보내다,보내더라면
보내다,보내더라면서
보내다,보내더람
보내다,보내던
보내다,보내던가
보내다,보내던데
보내다,보내던지
보내다,보내데
보내다,보내데요
보내다,보내도다
보내다,보내되
보내다,보내든
보내다,보내든지
보내다,보내듯
보내다,보내듯이
보내다,보내죠
보내다,보내지마는
보내다,보내지만
보내다,보내지요
보내다,보낸걸
보내다,보낸들
보내다,보내나마
보내다,보내니까
보내다,보낼
보내다,보낼걸
보내다,보낼까
보내다,보낼는지
보내다,보낼라
보내다,보낼라고
보내다,보낼러니
보내다,보낼러라
보내다,보낼런고
보내다,보낼망정
보내다,보낼밖에
보내다,보낼뿐더러
보내다,보낼수록
보내다,보낼지라도
보내다,보내며
보내다,보내면
보내다,보내면서
보내다,보내세요
보내다,보내셔요
보내다,보내지
보내다,보내건대
보내다,보내나니
보내다,보내느라
보내다,보내느라고
보내다,보내는구나
보내다,보내는군
보내다,보내도록
보내다,보내자
보내다,보내자고
보내다,보내자꾸나
보내다,보내자느니
보내다,보내자니까
보내다,보내자마자
보내다,보내자며
보내다,보내자면
보내다,보내자면서
보내다,보낸
보내다,보낸다
보내다,보낸다고
보내다,보낸다나
보내다,보낸다네
보내다,보낸다느니
보내다,보낸다니
보내다,보낸다니까
보내다,보낸다더라
보내다,보낸다며
보내다,보낸다면
보내다,보낸다면서
보내다,보낸답니까
보내다,보낸답니다
보내다,보낸답시고
보내다,보낸대
보내다,보낸대요
보내다,보낼거나
보내다,보낼게
보내다,보낼래
보내다,보내라고
보내다,보내러
보내다,보내려
보내다,보냅시다
보내다,보내세
보내다,보내시라
보내다,보내십시다
보내다,보내십시오
보내다,보내고자
보내다,보내느냐
보내다,보내느냐고
보내다,보내느니
보내다,보내느니만
보내다,보내느니만큼
보내다,보내는
보내다,보내는걸
보내다,보내는데
보내다,보내는지
바느질하다,바느질하거나
바느질하다,바느질하거늘
바느질하다,바느질하거니
바느질하다,바느질하거든
바느질하다,바느질하건
바느질하다,바느질하것다
바느질하다,바느질하게
바느질하다,바느질하겠
바느질하다,바느질하고
바느질하다,바느질하고말고
바느질하다,바느질하기로
바느질하다,바느질하기로니
바느질하다,바느질하기로서
바느질하다,바느질하기로서니
바느질하다,바느질하기에
바느질하다,바느질하네
바느질하다,바느질하니
바느질하다,바느질하다
바느질하다,바느질하다가
바느질하다,바느질하다가는
바느질하다,바느질하다간
바느질하다,바느질하다니
바느질하다,바느질하다마다
바느질하다,바느질하더니
바느질하다,바느질하더니라
바느질하다,바느질하더라
바느질하다,바느질하더라니까
바느질하다,바느질하더라도
바느질하다,바느질하더라며
바느질하다,바느질하더라면
바느질하다,바느질하더라면서
바느질하다,바느질하더람
바느질하다,바느질하던
바느질하다,바느질하던가
바느질하다,바느질하던데
바느질하다,바느질하던지
바느질하다,바느질하데
바느질하다,바느질하데요
바느질하다,바느질하도다
바느질하다,바느질하되
바느질하다,바느질하든
바느질하다,바느질하든지
바느질하다,바느질하듯
바느질하다,바느질하듯이
바느질하다,바느질하죠
바느질하다,바느질하지마는
바느질하다,바느질하지만
바느질하다,바느질하지요
바느질하다,바느질한걸
바느질하다,바느질한들
바느질하다,바느질하나마
바느질하다,바느질하니까
바느질하다,바느질할
바느질하다,바느질할걸
바느질하다,바느질할까
바느질하다,바느질할는지
바느질하다,바느질할라
바느질하다,바느질할라고
바느질하다,바느질할러니
바느질하다,바느질할러라
바느질하다,바느질할런고
바느질하다,바느질할망정
바느질하다,바느질할밖에
바느질하다,바느질할뿐더러
바느질하다,바느질할수록
바느질하다,바느질할지라도
바느질하다,바느질하며
바느질하다,바느질하면
바느질하다,바느질하면서
바느질하다,바느질하세요
바느질하다,바느질하셔요
바느질하다,바느질하지
바느질하다,바느질하건대
바느질하다,바느질하나니
바느질하다,바느질하느라
바느질하다,바느질하느라고
바느질하다,바느질하는구나
바느질하다,바느질하는군
바느질하다,바느질하도록
바느질하다,바느질하자
바느질하다,바느질하자고
바느질하다,바느질하자꾸나
바느질하다,바느질하자느니
바느질하다,바느질하자니까
바느질하다,바느질하자마자
바느질하다,바느질하자며
바느질하다,바느질하자면
바느질하다,바느질하자면서
바느질하다,바느질한
바느질하다,바느질한다
바느질하다,바느질한다고
바느질하다,바느질한다나
바느질하다,바느질한다네
바느질하다,바느질한다느니
바느질하다,바느질한다니
바느질하다,바느질한다니까
바느질하다,바느질한다더라
바느질하다,바느질한다며
바느질하다,바느질한다면
바느질하다,바느질한다면서
바느질하다,바느질한답니까
바느질하다,바느질한답니다
바느질하다,바느질한답시고
바느질하다,바느질한대
바느질하다,바느질한대요
바느질하다,바느질할거나
바느질하다,바느질할게
바느질하다,바느질할래
바느질하다,바느질하라고
바느질하다,바느질하러
바느질하다,바느질하려
바느질하다,바느질합시다
바느질하다,바느질하세
바느질하다,바느질하시라
바느질하다,바느질하십시다
바느질하다,바느질하십시오
바느질하다,바느질하고자
바느질하다,바느질하느냐
바느질하다,바느질하느냐고
바느질하다,바느질하느니
바느질하다,바느질하느니만
바느질하다,바느질하느니만큼
바느질하다,바느질하는
바느질하다,바느질하는걸
바느질하다,바느질하는데
바느질하다,바느질하는지
흔들리다,흔들리거나
흔들리다,흔들리거늘
흔들리다,흔들리거니
흔들리다,흔들리거든
흔들리다,흔들리건
흔들리다,흔들리것다
흔들리다,흔들리게
흔들리다,흔들리겠
흔들리다,흔들리고
흔들리다,흔들리고말고
흔들리다,흔들리기로
흔들리다,흔들리기로니
흔들리다,흔들리기로서
흔들리다,흔들리기로서니
흔들리다,흔들리기에
흔들리다,흔들리네
흔들리다,흔들리니
흔들리다,흔들리다
흔들리다,흔들리다가
흔들리다,흔들리다가는
흔들리다,흔들리다간
흔들리다,흔들리다니
흔들리다,흔들리다마다
흔들리다,흔들리더니
흔들리다,흔들리더니라
흔들리다,흔들리더라
흔들리다,흔들리더라니까
흔들리다,흔들리더라도
흔들리다,흔들리더라며
흔들리다,흔들리더라면
흔들리다,흔들리더라면서
흔들리다,흔들리더람
흔들리다,흔들리던
흔들리다,흔들리던가
흔들리다,흔들리던데
흔들리다,흔들리던지
흔들리다,흔들리데
흔들리다,흔들리데요
흔들리다,흔들리도다
흔들리다,흔들리되
흔들리다,흔들리든
흔들리다,흔들리든지
흔들리다,흔들리듯
흔들리다,흔들리듯이
흔들리다,흔들리죠
흔들리다,흔들리지마는
흔들리다,흔들리지만
흔들리다,흔들리지요
흔들리다,흔들린걸
흔들리다,흔들린들
흔들리다,흔들리나마
흔들리다,흔들리니까
흔들리다,흔들릴
흔들리다,흔들릴걸
흔들리다,흔들릴까
흔들리다,흔들릴는지
흔들리다,흔들릴라
흔들리다,흔들릴라고
흔들리다,흔들릴러니
흔들리다,흔들릴러라
흔들리다,흔들릴런고
흔들리다,흔들릴망정
흔들리다,흔들릴밖에
흔들리다,흔들릴뿐더러
흔들리다,흔들릴수록
흔들리다,흔들릴지라도
흔들리다,흔들리며
흔들리다,흔들리면
흔들리다,흔들리면서
흔들리다,흔들리세요
흔들리다,흔들리셔요
흔들리다,흔들리지
흔들리다,흔들리건대
흔들리다,흔들리나니
흔들리다,흔들리느라
흔들리다,흔들리느라고
흔들리다,흔들리는구나
흔들리다,흔들리는군
흔들리다,흔들리도록
흔들리다,흔들리자
흔들리다,흔들리자고
흔들리다,흔들리자꾸나
흔들리다,흔들리자느니
흔들리다,흔들리자니까
흔들리다,흔들리자마자
흔들리다,흔들리자며
흔들리다,흔들리자면
흔들리다,흔들리자면서
흔들리다,흔들린
흔들리다,흔들린다
흔들리다,흔들린다고
흔들리다,흔들린다나
흔들리다,흔들린다네
흔들리다,흔들린다느니
흔들리다,흔들린다니
흔들리다,흔들린다니까
흔들리다,흔들린다더라
흔들리다,흔들린다며
흔들리다,흔들린다면
흔들리다,흔들린다면서
흔들리다,흔들린답니까
흔들리다,흔들린답니다
흔들리다,흔들린답시고
흔들리다,흔들린대
흔들리다,흔들린대요
흔들리다,흔들릴거나
흔들리다,흔들릴게
흔들리다,흔들릴래
흔들리다,흔들리라고
흔들리다,흔들리러
흔들리다,흔들리려
흔들리다,흔들립시다
흔들리다,흔들리세
흔들리다,흔들리시라
흔들리다,흔들리십시다
흔들리다,흔들리십시오
흔들리다,흔들리고자
흔들리다,흔들리느냐
흔들리다,흔들리느냐고
흔들리다,흔들리느니
흔들리다,흔들리느니만
흔들리다,흔들리느니만큼
흔들리다,흔들리는
흔들리다,흔들리는걸
흔들리다,흔들리는데
흔들리다,흔들리는지
빛나다,빛나거나
빛나다,빛나거늘
빛나다,빛나거니
빛나다,빛나거든
빛나다,빛나건
빛나다,빛나것다
빛나다,빛나게
빛나다,빛나겠
빛나다,빛나고
빛나다,빛나고말고
빛나다,빛나기로
빛나다,빛나기로니
빛나다,빛나기로서
빛나다,빛나기로서니
빛나다,빛나기에
빛나다,빛나네
빛나다,빛나니
빛나다,빛나다
빛나다,빛나다가
빛나다,빛나다가는
빛나다,빛나다간
빛나다,빛나다니
빛나다,빛나다마다
빛나다,빛나더니
빛나다,빛나더니라
빛나다,빛나더라
빛나다,빛나더라니까
빛나다,빛나더라도
빛나다,빛나더라며
빛나다,빛나더라면
빛나다,빛나더라면서
빛나다,빛나더람
빛나다,빛나던
빛나다,빛나던가
빛나다,빛나던데
빛나다,빛나던지
빛나다,빛나데
빛나다,빛나데요
빛나다,빛나도다
빛나다,빛나되
빛나다,빛나든
빛나다,빛나든지
빛나다,빛나듯
빛나다,빛나듯이
빛나다,빛나죠
빛나다,빛나지마는
빛나다,빛나지만
빛나다,빛나지요
빛나다,빛난걸
빛나다,빛난들
빛나다,빛나나마
빛나다,빛나니까
빛나다,빛날
빛나다,빛날걸
빛나다,빛날까
빛나다,빛날는지
빛나다,빛날라
빛나다,빛날라고
빛나다,빛날러니
빛나다,빛날러라
빛나다,빛날런고
빛나다,빛날망정
빛나다,빛날밖에
빛나다,빛날뿐더러
빛나다,빛날수록
빛나다,빛날지라도
빛나다,빛나며
빛나다,빛나면
빛나다,빛나면서
빛나다,빛나세요
빛나다,빛나셔요
빛나다,빛나지
빛나다,빛나도
빛나다,빛나서
빛나다,빛나야
빛나다,빛나야만
빛나다,빛나야지
빛나다,빛나요
빛나다,빛나건대
빛나다,빛나나니
빛나다,빛나느라
빛나다,빛나느라고
빛나다,빛나는구나
빛나다,빛나는군
빛나다,빛나도록
빛나다,빛나자
빛나다,빛나자고
빛나다,빛나자꾸나
빛나다,빛나자느니
빛나다,빛나자니까
빛나다,빛나자마자
빛나다,빛나자며
빛나다,빛나자면
빛나다,빛나자면서
빛나다,빛난
빛나다,빛난다
빛나다,빛난다고
빛나다,빛난다나
빛나다,빛난다네
빛나다,빛난다느니
빛나다,빛난다니
빛나다,빛난다니까
빛나다,빛난다더라
빛나다,빛난다며
빛나다,빛난다면
빛나다,빛난다면서
빛나다,빛난답니까
빛나다,빛난답니다
빛나다,빛난답시고
빛나다,빛난대
빛나다,빛난대요
빛나다,빛날거나
빛나다,빛날게
빛나다,빛날래
빛나다,빛나라고
빛나다,빛나러
빛나다,빛나려
빛나다,빛납시다
빛나다,빛나세
빛나다,빛나시라
빛나다,빛나십시다
빛나다,빛나십시오
빛나다,빛나고자
빛나다,빛나느냐
빛나다,빛나느냐고
빛나다,빛나느니
빛나다,빛나느니만
빛나다,빛나느니만큼
빛나다,빛나는
빛나다,빛나는걸
빛나다,빛나는데
빛나다,빛나는지
줄어들다,줄어들거나
줄어들다,줄어들거늘
줄어들다,줄어들거니
줄어들다,줄어들거든
줄어들다,줄어들건
줄어들다,줄어들것다
줄어들다,줄어들게
줄어들다,줄어들겠
줄어들다,줄어들고
줄어들다,줄어들고말고
줄어들다,줄어들기로
줄어들다,줄어들기로니
줄어들다,줄어들기로서
줄어들다,줄어들기로서니
줄어들다,줄어들기에
줄어들다,줄어들네
줄어들다,줄어들니
줄어들다,줄어들다
줄어들다,줄어들다가
줄어들다,줄어들다가는
줄어들다,줄어들다간
줄어들다,줄어들다니
줄어들다,줄어들다마다
줄어들다,줄어들더니
줄어들다,줄어들더니라
줄어들다,줄어들더라
줄어들다,줄어들더라니까
줄어들다,줄어들더라도
줄어들다,줄어들더라며
줄어들다,줄어들더라면
줄어들다,줄어들더라면서
줄어들다,줄어들더람
줄어들다,줄어들던
줄어들다,줄어들던가
줄어들다,줄어들던데
줄어들다,줄어들던지
줄어들다,줄어들데
줄어들다,줄어들데요
줄어들다,줄어들도다
줄어들다,줄어들되
줄어들다,줄어들든
줄어들다,줄어들든지
줄어들다,줄어들듯
줄어들다,줄어들듯이
줄어들다,줄어들죠
줄어들다,줄어들지마는
줄어들다,줄어들지만
줄어들다,줄어들지요
줄어들다,줄어든걸
줄어들다,줄어든들
줄어들다,줄어드나마
줄어들다,줄어드니
줄어들다,줄어드니까
줄어들다,줄어들
줄어들다,줄어들걸
줄어들다,줄어들까
줄어들다,줄어들는지
줄어들다,줄어들라
줄어들다,줄어들라고
줄어들다,줄어들러니
줄어들다,줄어들러라
줄어들다,줄어들런고
줄어들다,줄어들망정
줄어들다,줄어들밖에
줄어들다,줄어들뿐더러
줄어들다,줄어들수록
줄어들다,줄어들지라도
줄어들다,줄어드며
줄어들다,줄어드면
줄어들다,줄어드면서
줄어들다,줄어드세요
줄어들다,줄어드셔요
줄어들다,줄어들지
줄어들다,줄어들건대
줄어들다,줄어들나니
줄어들다,줄어들느라
줄어들다,줄어들느라고
줄어들다,줄어들는구나
줄어들다,줄어들는군
줄어들다,줄어들도록
줄어들다,줄어들자
줄어들다,줄어들자고
줄어들다,줄어들자꾸나
줄어들다,줄어들자느니
줄어들다,줄어들자니까
줄어들다,줄어들자마자
줄어들다,줄어들자며
줄어들다,줄어들자면
줄어들다,줄어들자면서
줄어들다,줄어든
줄어들다,줄어든다
줄어들다,줄어든다고
줄어들다,줄어든다나
줄어들다,줄어든다네
줄어들다,줄어든다느니
줄어들다,줄어든다니
줄어들다,줄어든다니까
줄어들다,줄어든다더라
줄어들다,줄어든다며
줄어들다,줄어든다면
줄어들다,줄어든다면서
줄어들다,줄어든답니까
줄어들다,줄어든답니다
줄어들다,줄어든답시고
줄어들다,줄어든대
줄어들다,줄어든대요
줄어들다,줄어들래
줄어들다,줄어드라고
줄어들다,줄어드러
줄어들다,줄어드려
줄어들다,줄어듭시다
줄어들다,줄어드세
줄어들다,줄어드시라
줄어들다,줄어드십시다
줄어들다,줄어드십시오
줄어들다,줄어들고자
줄어들다,줄어들느냐
줄어들다,줄어들느냐고
줄어들다,줄어들느니
줄어들다,줄어들느니만
줄어들다,줄어들느니만큼
줄어들다,줄어들는
줄어들다,줄어들는걸
줄어들다,줄어들는데
덮다,덮거나
덮다,덮거늘
덮다,덮거니
덮다,덮거든
덮다,덮건
덮다,덮것다
덮다,덮게
덮다,덮겠
덮다,덮고
덮다,덮고말고
덮다,덮기로
덮다,덮기로니
덮다,덮기로서
덮다,덮기로서니
덮다,덮기에
덮다,덮네
덮다,덮니
덮다,덮다
덮다,덮다가
덮다,덮다가는
덮다,덮다간
덮다,덮다니
덮다,덮다마다
덮다,덮더니
덮다,덮더니라
덮다,덮더라
덮다,덮더라니까
덮다,덮더라도
덮다,덮더라며
덮다,덮더라면
덮다,덮더라면서
덮다,덮더람
덮다,덮던
덮다,덮던가
덮다,덮던데
덮다,덮던지
덮다,덮데
덮다,덮데요
덮다,덮도다
덮다,덮되
덮다,덮든
덮다,덮든지
덮다,덮듯
덮다,덮듯이
덮다,덮죠
덮다,덮지마는
덮다,덮지만
덮다,덮지요
덮다,덮지
덮다,덮을
덮다,덮을걸
덮다,덮을밖에
덮다,덮을수록
덮다,덮을지
덮다,덮을지며
덮다,덮음
덮다,덮음에도
덮다,덮읍시오
덮다,덮건대
덮다,덮나니
덮다,덮느라
덮다,덮느라고
덮다,덮는구나
덮다,덮는군
덮다,덮도록
덮다,덮자
덮다,덮자고
덮다,덮자꾸나
덮다,덮자느니
덮다,덮자니까
덮다,덮자마자
덮다,덮자며
덮다,덮자면
덮다,덮자면서
덮다,덮고자
덮다,덮느냐
덮다,덮느냐고
덮다,덮느니
덮다,덮느니만
덮다,덮느니만큼
덮다,덮는
덮다,덮는걸
덮다,덮는데
덮다,덮는지
덮다,덮으러
덮다,덮읍시다
노래하다,노래하거나
노래하다,노래하거늘
노래하다,노래하거니
노래하다,노래하거든
노래하다,노래하건
노래하다,노래하것다
노래하다,노래하게
노래하다,노래하겠
노래하다,노래하고
노래하다,노래하고말고
노래하다,노래하기로
노래하다,노래하기로니
노래하다,노래하기로서
노래하다,노래하기로서니
노래하다,노래하기에
노래하다,노래하네
노래하다,노래하니
노래하다,노래하다
노래하다,노래하다가
노래하다,노래하다가는
노래하다,노래하다간
노래하다,노래하다니
노래하다,노래하다마다
노래하다,노래하더니
노래하다,노래하더니라
노래하다,노래하더라
노래하다,노래하더라니까
노래하다,노래하더라도
노래하다,노래하더라며
노래하다,노래하더라면
노래하다,노래하더라면서
노래하다,노래하더람
노래하다,노래하던
노래하다,노래하던가
노래하다,노래하던데
노래하다,노래하던지
노래하다,노래하데
노래하다,노래하데요
노래하다,노래하도다
노래하다,노래하되
노래하다,노래하든
노래하다,노래하든지
노래하다,노래하듯
노래하다,노래하듯이
노래하다,노래하죠
노래하다,노래하지마는
노래하다,노래하지만
노래하다,노래하지요
노래하다,노래한걸
노래하다,노래한들
노래하다,노래하나마
노래하다,노래하니까
노래하다,노래할
노래하다,노래할걸
노래하다,노래할까
노래하다,노래할는지
노래하다,노래할라
노래하다,노래할라고
노래하다,노래할러니
노래하다,노래할러라
노래하다,노래할런고
노래하다,노래할망정
노래하다,노래할밖에
노래하다,노래할뿐더러
노래하다,노래할수록
노래하다,노래할지라도
노래하다,노래하며
노래하다,노래하면
노래하다,노래하면서
노래하다,노래하세요
노래하다,노래하셔요
노래하다,노래하지
노래하다,노래하건대
노래하다,노래하나니
노래하다,노래하느라
노래하다,노래하느라고
노래하다,노래하는구나
노래하다,노래하는군
노래하다,노래하도록
노래하다,노래하자
노래하다,노래하자고
노래하다,노래하자꾸나
노래하다,노래하자느니
노래하다,노래하자니까
노래하다,노래하자마자
노래하다,노래하자며
노래하다,노래하자면
노래하다,노래하자면서
노래하다,노래한
노래하다,노래한다
노래하다,노래한다고
노래하다,노래한다나
노래하다,노래한다네
노래하다,노래한다느니
노래하다,노래한다니
노래하다,노래한다니까
노래하다,노래한다더라
노래하다,노래한다며
노래하다,노래한다면
노래하다,노래한다면서
노래하다,노래한답니까
노래하다,노래한답니다
노래하다,노래한답시고
노래하다,노래한대
노래하다,노래한대요
노래하다,노래할거나
노래하다,노래할게
노래하다,노래할래
노래하다,노래하라고
노래하다,노래하러
노래하다,노래하려
노래하다,노래합시다
노래하다,노래하세
노래하다,노래하시라
노래하다,노래하십시다
노래하다,노래하십시오
노래하다,노래하고자
노래하다,노래하느냐
노래하다,노래하느냐고
노래하다,노래하느니
노래하다,노래하느니만
노래하다,노래하느니만큼
노래하다,노래하는
노래하다,노래하는걸
노래하다,노래하는데
노래하다,노래하는지
가라앉다,가라앉거나
가라앉다,가라앉거늘
가라앉다,가라앉거니
가라앉다,가라앉거든
가라앉다,가라앉건
가라앉다,가라앉것다
가라앉다,가라앉게
가라앉다,가라앉겠
가라앉다,가라앉고
가라앉다,가라앉고말고
가라앉다,가라앉기로
가라앉다,가라앉기로니
가라앉다,가라앉기로서
가라앉다,가라앉기로서니
가라앉다,가라앉기에
가라앉다,가라앉네
가라앉다,가라앉니
가라앉다,가라앉다
가라앉다,가라앉다가
가라앉다,가라앉다가는
가라앉다,가라앉다간
가라앉다,가라앉다니
가라앉다,가라앉다마다
가라앉다,가라앉더니
가라앉다,가라앉더니라
가라앉다,가라앉더라
가라앉다,가라앉더라니까
가라앉다,가라앉더라도
가라앉다,가라앉더라며
가라앉다,가라앉더라면
가라앉다,가라앉더라면서
가라앉다,가라앉더람
가라앉다,가라앉던
가라앉다,가라앉던가
가라앉다,가라앉던데
가라앉다,가라앉던지
가라앉다,가라앉데
가라앉다,가라앉데요
가라앉다,가라앉도다
가라앉다,가라앉되
가라앉다,가라앉든
가라앉다,가라앉든지
가라앉다,가라앉듯
가라앉다,가라앉듯이
가라앉다,가라앉죠
가라앉다,가라앉지마는
가라앉다,가라앉지만
가라앉다,가라앉지요
가라앉다,가라앉지
가라앉다,가라앉아도
가라앉다,가라앉아서
가라앉다,가라앉아야
가라앉다,가라앉아야만
가라앉다,가라앉아야지
가라앉다,가라앉아요
가라앉다,가라앉을
가라앉다,가라앉을걸
가라앉다,가라앉을밖에
가라앉다,가라앉을수록
가라앉다,가라앉을지
가라앉다,가라앉을지며
가라앉다,가라앉음
가라앉다,가라앉음에도
가라앉다,가라앉읍시오
가라앉다,가라앉건대
가라앉다,가라앉나니
가라앉다,가라앉느라
가라앉다,가라앉느라고
가라앉다,가라앉는구나
가라앉다,가라앉는군
가라앉다,가라앉도록
가라앉다,가라앉자
가라앉다,가라앉자고
가라앉다,가라앉자꾸나
가라앉다,가라앉자느니
가라앉다,가라앉자니까
가라앉다,가라앉자마자
가라앉다,가라앉자며
가라앉다,가라앉자면
가라앉다,가라앉자면서
가라앉다,가라앉아다
가라앉다,가라앉아다가
가라앉다,가라앉고자
가라앉다,가라앉느냐
가라앉다,가라앉느냐고
가라앉다,가라앉느니
가라앉다,가라앉느니만
가라앉다,가라앉느니만큼
가라앉다,가라앉는
가라앉다,가라앉는걸
가라앉다,가라앉는데
가라앉다,가라앉는지
가라앉다,가라앉으러
가라앉다,가라앉읍시다
미끄러뜨리다,미끄러뜨리거나
미끄러뜨리다,미끄러뜨리거늘
미끄러뜨리다,미끄러뜨리거니
미끄러뜨리다,미끄러뜨리거든
미끄러뜨리다,미끄러뜨리건
미끄러뜨리다,미끄러뜨리것다
미끄러뜨리다,미끄러뜨리게
미끄러뜨리다,미끄러뜨리겠
미끄러뜨리다,미끄러뜨리고
미끄러뜨리다,미끄러뜨리고말고
미끄러뜨리다,미끄러뜨리기로
미끄러뜨리다,미끄러뜨리기로니
미끄러뜨리다,미끄러뜨리기로서
미끄러뜨리다,미끄러뜨리기로서니
미끄러뜨리다,미끄러뜨리기에
미끄러뜨리다,미끄러뜨리네
미끄러뜨리다,미끄러뜨리니
미끄러뜨리다,미끄러뜨리다
미끄러뜨리다,미끄러뜨리다가
미끄러뜨리다,미끄러뜨리다가는
미끄러뜨리다,미끄러뜨리다간
미끄러뜨리다,미끄러뜨리다니
미끄러뜨리다,미끄러뜨리다마다
미끄러뜨리다,미끄러뜨리더니
미끄러뜨리다,미끄러뜨리더니라
미끄러뜨리다,미끄러뜨리더라
미끄러뜨리다,미끄러뜨리더라니까
미끄러뜨리다,미끄러뜨리더라도
미끄러뜨리다,미끄러뜨리더라며
미끄러뜨리다,미끄러뜨리더라면
미끄러뜨리다,미끄러뜨리더라면서
미끄러뜨리다,미끄러뜨리더람
미끄러뜨리다,미끄러뜨리던
미끄러뜨리다,미끄러뜨리던가
미끄러뜨리다,미끄러뜨리던데
미끄러뜨리다,미끄러뜨리던지
미끄러뜨리다,미끄러뜨리데
미끄러뜨리다,미끄러뜨리데요
미끄러뜨리다,미끄러뜨리도다
미끄러뜨리다,미끄러뜨리되
미끄러뜨리다,미끄러뜨리든
미끄러뜨리다,미끄러뜨리든지
미끄러뜨리다,미끄러뜨리듯
미끄러뜨리다,미끄러뜨리듯이
미끄러뜨리다,미끄러뜨리죠
미끄러뜨리다,미끄러뜨리지마는
미끄러뜨리다,미끄러뜨리지만
미끄러뜨리다,미끄러뜨리지요
미끄러뜨리다,미끄러뜨린걸
미끄러뜨리다,미끄러뜨린들
미끄러뜨리다,미끄러뜨리나마
미끄러뜨리다,미끄러뜨리니까
미끄러뜨리다,미끄러뜨릴
미끄러뜨리다,미끄러뜨릴걸
미끄러뜨리다,미끄러뜨릴까
미끄러뜨리다,미끄러뜨릴는지
미끄러뜨리다,미끄러뜨릴라
미끄러뜨리다,미끄러뜨릴라고
미끄러뜨리다,미끄러뜨릴러니
미끄러뜨리다,미끄러뜨릴러라
미끄러뜨리다,미끄러뜨릴런고
미끄러뜨리다,미끄러뜨릴망정
미끄러뜨리다,미끄러뜨릴밖에
미끄러뜨리다,미끄러뜨릴뿐더러
미끄러뜨리다,미끄러뜨릴수록
미끄러뜨리다,미끄러뜨릴지라도
미끄러뜨리다,미끄러뜨리며
미끄러뜨리다,미끄러뜨리면
미끄러뜨리다,미끄러뜨리면서
미끄러뜨리다,미끄러뜨리세요
미끄러뜨리다,미끄러뜨리셔요
미끄러뜨리다,미끄러뜨리지
미끄러뜨리다,미끄러뜨리건대
미끄러뜨리다,미끄러뜨리나니
미끄러뜨리다,미끄러뜨리느라
미끄러뜨리다,미끄러뜨리느라고
미끄러뜨리다,미끄러뜨리는구나
미끄러뜨리다,미끄러뜨리는군
미끄러뜨리다,미끄러뜨리도록
미끄러뜨리다,미끄러뜨리자
미끄러뜨리다,미끄러뜨리자고
미끄러뜨리다,미끄러뜨리자꾸나
미끄러뜨리다,미끄러뜨리자느니
미끄러뜨리다,미끄러뜨리자니까
미끄러뜨리다,미끄러뜨리자마자
미끄러뜨리다,미끄러뜨리자며
미끄러뜨리다,미끄러뜨리자면
미끄러뜨리다,미끄러뜨리자면서
미끄러뜨리다,미끄러뜨린
미끄러뜨리다,미끄러뜨린다
미끄러뜨리다,미끄러뜨린다고
미끄러뜨리다,미끄러뜨린다나
미끄러뜨리다,미끄러뜨린다네
미끄러뜨리다,미끄러뜨린다느니
미끄러뜨리다,미끄러뜨린다니
미끄러뜨리다,미끄러뜨린다니까
미끄러뜨리다,미끄러뜨린다더라
미끄러뜨리다,미끄러뜨린다며
미끄러뜨리다,미끄러뜨린다면
미끄러뜨리다,미끄러뜨린다면서
미끄러뜨리다,미끄러뜨린답니까
미끄러뜨리다,미끄러뜨린답니다
미끄러뜨리다,미끄러뜨린답시고
미끄러뜨리다,미끄러뜨린대
미끄러뜨리다,미끄러뜨린대요
미끄러뜨리다,미끄러뜨릴거나
미끄러뜨리다,미끄러뜨릴게
미끄러뜨리다,미끄러뜨릴래
미끄러뜨리다,미끄러뜨리라고
미끄러뜨리다,미끄러뜨리러
미끄러뜨리다,미끄러뜨리려
미끄러뜨리다,미끄러뜨립시다
미끄러뜨리다,미끄러뜨리세
미끄러뜨리다,미끄러뜨리시라
미끄러뜨리다,미끄러뜨리십시다
미끄러뜨리다,미끄러뜨리십시오
미끄러뜨리다,미끄러뜨리고자
미끄러뜨리다,미끄러뜨리느냐
미끄러뜨리다,미끄러뜨리느냐고
미끄러뜨리다,미끄러뜨리느니
미끄러뜨리다,미끄러뜨리느니만
미끄러뜨리다,미끄러뜨리느니만큼
미끄러뜨리다,미끄러뜨리는
미끄러뜨리다,미끄러뜨리는걸
미끄러뜨리다,미끄러뜨리는데
미끄러뜨리다,미끄러뜨리는지
미끄러지다,미끄러지거나
미끄러지다,미끄러지거늘
미끄러지다,미끄러지거니
미끄러지다,미끄러지거든
미끄러지다,미끄러지건
미끄러지다,미끄러지것다
미끄러지다,미끄러지게
미끄러지다,미끄러지겠
미끄러지다,미끄러지고
미끄러지다,미끄러지고말고
미끄러지다,미끄러지기로
미끄러지다,미끄러지기로니
미끄러지다,미끄러지기로서
미끄러지다,미끄러지기로서니
미끄러지다,미끄러지기에
미끄러지다,미끄러지네
미끄러지다,미끄러지니
미끄러지다,미끄러지다
미끄러지다,미끄러지다가
미끄러지다,미끄러지다가는
미끄러지다,미끄러지다간
미끄러지다,미끄러지다니
미끄러지다,미끄러지다마다
미끄러지다,미끄러지더니
미끄러지다,미끄러지더니라
미끄러지다,미끄러지더라
미끄러지다,미끄러지더라니까
미끄러지다,미끄러지더라도
미끄러지다,미끄러지더라며
미끄러지다,미끄러지더라면
미끄러지다,미끄러지더라면서
미끄러지다,미끄러지더람
미끄러지다,미끄러지던
미끄러지다,미끄러지던가
미끄러지다,미끄러지던데
미끄러지다,미끄러지던지
미끄러지다,미끄러지데
미끄러지다,미끄러지데요
미끄러지다,미끄러지도다
미끄러지다,미끄러지되
미끄러지다,미끄러지든
미끄러지다,미끄러지든지
미끄러지다,미끄러지듯
미끄러지다,미끄러지듯이
미끄러지다,미끄러지죠
미끄러지다,미끄러지지마는
미끄러지다,미끄러지지만
미끄러지다,미끄러지지요
미끄러지다,미끄러진걸
미끄러지다,미끄러진들
미끄러지다,미끄러지나마
미끄러지다,미끄러지니까
미끄러지다,미끄러질
미끄러지다,미끄러질걸
미끄러지다,미끄러질까
미끄러지다,미끄러질는지
미끄러지다,미끄러질라
미끄러지다,미끄러질라고
미끄러지다,미끄러질러니
미끄러지다,미끄러질러라
미끄러지다,미끄러질런고
미끄러지다,미끄러질망정
미끄러지다,미끄러질밖에
미끄러지다,미끄러질뿐더러
미끄러지다,미끄러질수록
미끄러지다,미끄러질지라도
미끄러지다,미끄러지며
미끄러지다,미끄러지면
미끄러지다,미끄러지면서
미끄러지다,미끄러지세요
미끄러지다,미끄러지셔요
미끄러지다,미끄러지지
미끄러지다,미끄러지건대
미끄러지다,미끄러지나니
미끄러지다,미끄러지느라
미끄러지다,미끄러지느라고
미끄러지다,미끄러지는구나
미끄러지다,미끄러지는군
미끄러지다,미끄러지도록
미끄러지다,미끄러지자
미끄러지다,미끄러지자고
미끄러지다,미끄러지자꾸나
미끄러지다,미끄러지자느니
미끄러지다,미끄러지자니까
미끄러지다,미끄러지자마자
미끄러지다,미끄러지자며
미끄러지다,미끄러지자면
미끄러지다,미끄러지자면서
미끄러지다,미끄러진
미끄러지다,미끄러진다
미끄러지다,미끄러진다고
미끄러지다,미끄러진다나
미끄러지다,미끄러진다네
미끄러지다,미끄러진다느니
미끄러지다,미끄러진다니
미끄러지다,미끄러진다니까
미끄러지다,미끄러진다더라
미끄러지다,미끄러진다며
미끄러지다,미끄러진다면
미끄러지다,미끄러진다면서
미끄러지다,미끄러진답니까
미끄러지다,미끄러진답니다
미끄러지다,미끄러진답시고
미끄러지다,미끄러진대
미끄러지다,미끄러진대요
미끄러지다,미끄러질거나
미끄러지다,미끄러질게
미끄러지다,미끄러질래
미끄러지다,미끄러지라고
미끄러지다,미끄러지러
미끄러지다,미끄러지려
미끄러지다,미끄러집시다
미끄러지다,미끄러지세
미끄러지다,미끄러지시라
미끄러지다,미끄러지십시다
미끄러지다,미끄러지십시오
미끄러지다,미끄러지고자
미끄러지다,미끄러지느냐
미끄러지다,미끄러지느냐고
미끄러지다,미끄러지느니
미끄러지다,미끄러지느니만
미끄러지다,미끄러지느니만큼
미끄러지다,미끄러지는
미끄러지다,미끄러지는걸
미끄러지다,미끄러지는데
미끄러지다,미끄러지는지
해결하다,해결하거나
해결하다,해결하거늘
해결하다,해결하거니
해결하다,해결하거든
해결하다,해결하건
해결하다,해결하것다
해결하다,해결하게
해결하다,해결하겠
해결하다,해결하고
해결하다,해결하고말고
해결하다,해결하기로
해결하다,해결하기로니
해결하다,해결하기로서
해결하다,해결하기로서니
해결하다,해결하기에
해결하다,해결하네
해결하다,해결하니
해결하다,해결하다
해결하다,해결하다가
해결하다,해결하다가는
해결하다,해결하다간
해결하다,해결하다니
해결하다,해결하다마다
해결하다,해결하더니
해결하다,해결하더니라
해결하다,해결하더라
해결하다,해결하더라니까
해결하다,해결하더라도
해결하다,해결하더라며
해결하다,해결하더라면
해결하다,해결하더라면서
해결하다,해결하더람
해결하다,해결하던
해결하다,해결하던가
해결하다,해결하던데
해결하다,해결하던지
해결하다,해결하데
해결하다,해결하데요
해결하다,해결하도다
해결하다,해결하되
해결하다,해결하든
해결하다,해결하든지
해결하다,해결하듯
해결하다,해결하듯이
해결하다,해결하죠
해결하다,해결하지마는
해결하다,해결하지만
해결하다,해결하지요
해결하다,해결한걸
해결하다,해결한들
해결하다,해결하나마
해결하다,해결하니까
해결하다,해결할
해결하다,해결할걸
해결하다,해결할까
해결하다,해결할는지
해결하다,해결할라
해결하다,해결할라고
해결하다,해결할러니
해결하다,해결할러라
해결하다,해결할런고
해결하다,해결할망정
해결하다,해결할밖에
해결하다,해결할뿐더러
해결하다,해결할수록
해결하다,해결할지라도
해결하다,해결하며
해결하다,해결하면
해결하다,해결하면서
해결하다,해결하세요
해결하다,해결하셔요
해결하다,해결하지
해결하다,해결하건대
해결하다,해결하나니
해결하다,해결하느라
해결하다,해결하느라고
해결하다,해결하는구나
해결하다,해결하는군
해결하다,해결하도록
해결하다,해결하자
해결하다,해결하자고
해결하다,해결하자꾸나
해결하다,해결하자느니
해결하다,해결하자니까
해결하다,해결하자마자
해결하다,해결하자며
해결하다,해결하자면
해결하다,해결하자면서
해결하다,해결한
해결하다,해결한다
해결하다,해결한다고
해결하다,해결한다나
해결하다,해결한다네
해결하다,해결한다느니
해결하다,해결한다니
해결하다,해결한다니까
해결하다,해결한다더라
해결하다,해결한다며
해결하다,해결한다면
해결하다,해결한다면서
해결하다,해결한답니까
해결하다,해결한답니다
해결하다,해결한답시고
해결하다,해결한대
해결하다,해결한대요
해결하다,해결할거나
해결하다,해결할게
해결하다,해결할래
해결하다,해결하라고
해결하다,해결하러
해결하다,해결하려
해결하다,해결합시다
해결하다,해결하세
해결하다,해결하시라
해결하다,해결하십시다
해결하다,해결하십시오
해결하다,해결하고자
해결하다,해결하느냐
해결하다,해결하느냐고
해결하다,해결하느니
해결하다,해결하느니만
해결하다,해결하느니만큼
해결하다,해결하는
해결하다,해결하는걸
해결하다,해결하는데
해결하다,해결하는지
심다,심거나
심다,심거늘
심다,심거니
심다,심거든
심다,심건
심다,심것다
심다,심게
심다,심겠
심다,심고
심다,심고말고
심다,심기로
심다,심기로니
심다,심기로서
심다,심기로서니
심다,심기에
심다,심네
심다,심니
심다,심다
심다,심다가
심다,심다가는
심다,심다간
심다,심다니
심다,심다마다
심다,심더니
심다,심더니라
심다,심더라
심다,심더라니까
심다,심더라도
심다,심더라며
심다,심더라면
심다,심더라면서
심다,심더람
심다,심던
심다,심던가
심다,심던데
심다,심던지
심다,심데
심다,심데요
심다,심도다
심다,심되
심다,심든
심다,심든지
심다,심듯
심다,심듯이
심다,심죠
심다,심지마는
심다,심지만
심다,심지요
심다,심지
심다,심을
심다,심을걸
심다,심을밖에
심다,심을수록
심다,심을지
심다,심을지며
심다,심음
심다,심음에도
심다,심읍시오
심다,심건대
심다,심나니
심다,심느라
심다,심느라고
심다,심는구나
심다,심는군
심다,심도록
심다,심자
심다,심자고
심다,심자꾸나
심다,심자느니
심다,심자니까
심다,심자마자
심다,심자며
심다,심자면
심다,심자면서
심다,심고자
심다,심느냐
심다,심느냐고
심다,심느니
심다,심느니만
심다,심느니만큼
심다,심는
심다,심는걸
심다,심는데
심다,심는지
심다,심으러
심다,심읍시다
이야기하다,이야기하거나
이야기하다,이야기하거늘
이야기하다,이야기하거니
이야기하다,이야기하거든
이야기하다,이야기하건
이야기하다,이야기하것다
이야기하다,이야기하게
이야기하다,이야기하겠
이야기하다,이야기하고
이야기하다,이야기하고말고
이야기하다,이야기하기로
이야기하다,이야기하기로니
이야기하다,이야기하기로서
이야기하다,이야기하기로서니
이야기하다,이야기하기에
이야기하다,이야기하네
이야기하다,이야기하니
이야기하다,이야기하다
이야기하다,이야기하다가
이야기하다,이야기하다가는
이야기하다,이야기하다간
이야기하다,이야기하다니
이야기하다,이야기하다마다
이야기하다,이야기하더니
이야기하다,이야기하더니라
이야기하다,이야기하더라
이야기하다,이야기하더라니까
이야기하다,이야기하더라도
이야기하다,이야기하더라며
이야기하다,이야기하더라면
이야기하다,이야기하더라면서
이야기하다,이야기하더람
이야기하다,이야기하던
이야기하다,이야기하던가
이야기하다,이야기하던데
이야기하다,이야기하던지
이야기하다,이야기하데
이야기하다,이야기하데요
이야기하다,이야기하도다
이야기하다,이야기하되
이야기하다,이야기하든
이야기하다,이야기하든지
이야기하다,이야기하듯
이야기하다,이야기하듯이
이야기하다,이야기하죠
이야기하다,이야기하지마는
이야기하다,이야기하지만
이야기하다,이야기하지요
이야기하다,이야기한걸
이야기하다,이야기한들
이야기하다,이야기하나마
이야기하다,이야기하니까
이야기하다,이야기할
이야기하다,이야기할걸
이야기하다,이야기할까
이야기하다,이야기할는지
이야기하다,이야기할라
이야기하다,이야기할라고
이야기하다,이야기할러니
이야기하다,이야기할러라
이야기하다,이야기할런고
이야기하다,이야기할망정
이야기하다,이야기할밖에
이야기하다,이야기할뿐더러
이야기하다,이야기할수록
이야기하다,이야기할지라도
이야기하다,이야기하며
이야기하다,이야기하면
이야기하다,이야기하면서
이야기하다,이야기하세요
이야기하다,이야기하셔요
이야기하다,이야기하지
이야기하다,이야기하건대
이야기하다,이야기하나니
이야기하다,이야기하느라
이야기하다,이야기하느라고
이야기하다,이야기하는구나
이야기하다,이야기하는군
이야기하다,이야기하도록
이야기하다,이야기하자
이야기하다,이야기하자고
이야기하다,이야기하자꾸나
이야기하다,이야기하자느니
이야기하다,이야기하자니까
이야기하다,이야기하자마자
이야기하다,이야기하자며
이야기하다,이야기하자면
이야기하다,이야기하자면서
이야기하다,이야기한
이야기하다,이야기한다
이야기하다,이야기한다고
이야기하다,이야기한다나
이야기하다,이야기한다네
이야기하다,이야기한다느니
이야기하다,이야기한다니
이야기하다,이야기한다니까
이야기하다,이야기한다더라
이야기하다,이야기한다며
이야기하다,이야기한다면
이야기하다,이야기한다면서
이야기하다,이야기한답니까
이야기하다,이야기한답니다
이야기하다,이야기한답시고
이야기하다,이야기한대
이야기하다,이야기한대요
이야기하다,이야기할거나
이야기하다,이야기할게
이야기하다,이야기할래
이야기하다,이야기하라고
이야기하다,이야기하러
이야기하다,이야기하려
이야기하다,이야기합시다
이야기하다,이야기하세
이야기하다,이야기하시라
이야기하다,이야기하십시다
이야기하다,이야기하십시오
이야기하다,이야기하고자
이야기하다,이야기하느냐
이야기하다,이야기하느냐고
이야기하다,이야기하느니
이야기하다,이야기하느니만
이야기하다,이야기하느니만큼
이야기하다,이야기하는
이야기하다,이야기하는걸
이야기하다,이야기하는데
이야기하다,이야기하는지
명시하다,명시하거나
명시하다,명시하거늘
명시하다,명시하거니
명시하다,명시하거든
명시하다,명시하건
명시하다,명시하것다
명시하다,명시하게
명시하다,명시하겠
명시하다,명시하고
명시하다,명시하고말고
명시하다,명시하기로
명시하다,명시하기로니
명시하다,명시하기로서
명시하다,명시하기로서니
명시하다,명시하기에
명시하다,명시하네
명시하다,명시하니
명시하다,명시하다
명시하다,명시하다가
명시하다,명시하다가는
명시하다,명시하다간
명시하다,명시하다니
명시하다,명시하다마다
명시하다,명시하더니
명시하다,명시하더니라
명시하다,명시하더라
명시하다,명시하더라니까
명시하다,명시하더라도
명시하다,명시하더라며
명시하다,명시하더라면
명시하다,명시하더라면서
명시하다,명시하더람
명시하다,명시하던
명시하다,명시하던가
명시하다,명시하던데
명시하다,명시하던지
명시하다,명시하데
명시하다,명시하데요
명시하다,명시하도다
명시하다,명시하되
명시하다,명시하든
명시하다,명시하든지
명시하다,명시하듯
명시하다,명시하듯이
명시하다,명시하죠
명시하다,명시하지마는
명시하다,명시하지만
명시하다,명시하지요
명시하다,명시한걸
명시하다,명시한들
명시하다,명시하나마
명시하다,명시하니까
명시하다,명시할
명시하다,명시할걸
명시하다,명시할까
명시하다,명시할는지
명시하다,명시할라
명시하다,명시할라고
명시하다,명시할러니
명시하다,명시할러라
명시하다,명시할런고
명시하다,명시할망정
명시하다,명시할밖에
명시하다,명시할뿐더러
명시하다,명시할수록
명시하다,명시할지라도
명시하다,명시하며
명시하다,명시하면
명시하다,명시하면서
명시하다,명시하세요
명시하다,명시하셔요
명시하다,명시하지
명시하다,명시하건대
명시하다,명시하나니
명시하다,명시하느라
명시하다,명시하느라고
명시하다,명시하는구나
명시하다,명시하는군
명시하다,명시하도록
명시하다,명시하자
명시하다,명시하자고
명시하다,명시하자꾸나
명시하다,명시하자느니
명시하다,명시하자니까
명시하다,명시하자마자
명시하다,명시하자며
명시하다,명시하자면
명시하다,명시하자면서
명시하다,명시한
명시하다,명시한다
명시하다,명시한다고
명시하다,명시한다나
명시하다,명시한다네
명시하다,명시한다느니
명시하다,명시한다니
명시하다,명시한다니까
명시하다,명시한다더라
명시하다,명시한다며
명시하다,명시한다면
명시하다,명시한다면서
명시하다,명시한답니까
명시하다,명시한답니다
명시하다,명시한답시고
명시하다,명시한대
명시하다,명시한대요
명시하다,명시할거나
명시하다,명시할게
명시하다,명시할래
명시하다,명시하라고
명시하다,명시하러
명시하다,명시하려
명시하다,명시합시다
명시하다,명시하세
명시하다,명시하시라
명시하다,명시하십시다
명시하다,명시하십시오
명시하다,명시하고자
명시하다,명시하느냐
명시하다,명시하느냐고
명시하다,명시하느니
명시하다,명시하느니만
명시하다,명시하느니만큼
명시하다,명시하는
명시하다,명시하는걸
명시하다,명시하는데
명시하다,명시하는지
뱉다,뱉거나
뱉다,뱉거늘
뱉다,뱉거니
뱉다,뱉거든
뱉다,뱉건
뱉다,뱉것다
뱉다,뱉게
뱉다,뱉겠
뱉다,뱉고
뱉다,뱉고말고
뱉다,뱉기로
뱉다,뱉기로니
뱉다,뱉기로서
뱉다,뱉기로서니
뱉다,뱉기에
뱉다,뱉네
뱉다,뱉니
뱉다,뱉다
뱉다,뱉다가
뱉다,뱉다가는
뱉다,뱉다간
뱉다,뱉다니
뱉다,뱉다마다
뱉다,뱉더니
뱉다,뱉더니라
뱉다,뱉더라
뱉다,뱉더라니까
뱉다,뱉더라도
뱉다,뱉더라며
뱉다,뱉더라면
뱉다,뱉더라면서
뱉다,뱉더람
뱉다,뱉던
뱉다,뱉던가
뱉다,뱉던데
뱉다,뱉던지
뱉다,뱉데
뱉다,뱉데요
뱉다,뱉도다
뱉다,뱉되
뱉다,뱉든
뱉다,뱉든지
뱉다,뱉듯
뱉다,뱉듯이
뱉다,뱉죠
뱉다,뱉지마는
뱉다,뱉지만
뱉다,뱉지요
뱉다,뱉지
뱉다,뱉을
뱉다,뱉을걸
뱉다,뱉을밖에
뱉다,뱉을수록
뱉다,뱉을지
뱉다,뱉을지며
뱉다,뱉음
뱉다,뱉음에도
뱉다,뱉읍시오
뱉다,뱉건대
뱉다,뱉나니
뱉다,뱉느라
뱉다,뱉느라고
뱉다,뱉는구나
뱉다,뱉는군
뱉다,뱉도록
뱉다,뱉자
뱉다,뱉자고
뱉다,뱉자꾸나
뱉다,뱉자느니
뱉다,뱉자니까
뱉다,뱉자마자
뱉다,뱉자며
뱉다,뱉자면
뱉다,뱉자면서
뱉다,뱉고자
뱉다,뱉느냐
뱉다,뱉느냐고
뱉다,뱉느니
뱉다,뱉느니만
뱉다,뱉느니만큼
뱉다,뱉는
뱉다,뱉는걸
뱉다,뱉는데
뱉다,뱉는지
뱉다,뱉으러
뱉다,뱉읍시다
펼치다,펼치거나
펼치다,펼치거늘
펼치다,펼치거니
펼치다,펼치거든
펼치다,펼치건
펼치다,펼치것다
펼치다,펼치게
펼치다,펼치겠
펼치다,펼치고
펼치다,펼치고말고
펼치다,펼치기로
펼치다,펼치기로니
펼치다,펼치기로서
펼치다,펼치기로서니
펼치다,펼치기에
펼치다,펼치네
펼치다,펼치니
펼치다,펼치다
펼치다,펼치다가
펼치다,펼치다가는
펼치다,펼치다간
펼치다,펼치다니
펼치다,펼치다마다
펼치다,펼치더니
펼치다,펼치더니라
펼치다,펼치더라
펼치다,펼치더라니까
펼치다,펼치더라도
펼치다,펼치더라며
펼치다,펼치더라면
펼치다,펼치더라면서
펼치다,펼치더람
펼치다,펼치던
펼치다,펼치던가
펼치다,펼치던데
펼치다,펼치던지
펼치다,펼치데
펼치다,펼치데요
펼치다,펼치도다
펼치다,펼치되
펼치다,펼치든
펼치다,펼치든지
펼치다,펼치듯
펼치다,펼치듯이
펼치다,펼치죠
펼치다,펼치지마는
펼치다,펼치지만
펼치다,펼치지요
펼치다,펼친걸
펼치다,펼친들
펼치다,펼치나마
펼치다,펼치니까
펼치다,펼칠
펼치다,펼칠걸
펼치다,펼칠까
펼치다,펼칠는지
펼치다,펼칠라
펼치다,펼칠라고
펼치다,펼칠러니
펼치다,펼칠러라
펼치다,펼칠런고
펼치다,펼칠망정
펼치다,펼칠밖에
펼치다,펼칠뿐더러
펼치다,펼칠수록
펼치다,펼칠지라도
펼치다,펼치며
펼치다,펼치면
펼치다,펼치면서
펼치다,펼치세요
펼치다,펼치셔요
펼치다,펼치지
펼치다,펼치건대
펼치다,펼치나니
펼치다,펼치느라
펼치다,펼치느라고
펼치다,펼치는구나
펼치다,펼치는군
펼치다,펼치도록
펼치다,펼치자
펼치다,펼치자고
펼치다,펼치자꾸나
펼치다,펼치자느니
펼치다,펼치자니까
펼치다,펼치자마자
펼치다,펼치자며
펼치다,펼치자면
펼치다,펼치자면서
펼치다,펼친
펼치다,펼친다
펼치다,펼친다고
펼치다,펼친다나
펼치다,펼친다네
펼치다,펼친다느니
펼치다,펼친다니
펼치다,펼친다니까
펼치다,펼친다더라
펼치다,펼친다며
펼치다,펼친다면
펼치다,펼친다면서
펼치다,펼친답니까
펼치다,펼친답니다
펼치다,펼친답시고
펼치다,펼친대
펼치다,펼친대요
펼치다,펼칠거나
펼치다,펼칠게
펼치다,펼칠래
펼치다,펼치라고
펼치다,펼치러
펼치다,펼치려
펼치다,펼칩시다
펼치다,펼치세
펼치다,펼치시라
펼치다,펼치십시다
펼치다,펼치십시오
펼치다,펼치고자
펼치다,펼치느냐
펼치다,펼치느냐고
펼치다,펼치느니
펼치다,펼치느니만
펼치다,펼치느니만큼
펼치다,펼치는
펼치다,펼치는걸
펼치다,펼치는데
펼치다,펼치는지
쪼그리고 앉다,앉거나
쪼그리고 앉다,앉거늘
쪼그리고 앉다,앉거니
쪼그리고 앉다,앉거든
쪼그리고 앉다,앉건
쪼그리고 앉다,앉것다
쪼그리고 앉다,앉게
쪼그리고 앉다,앉겠
쪼그리고 앉다,앉고
쪼그리고 앉다,앉고말고
쪼그리고 앉다,앉기로
쪼그리고 앉다,앉기로니
쪼그리고 앉다,앉기로서
쪼그리고 앉다,앉기로서니
쪼그리고 앉다,앉기에
쪼그리고 앉다,앉네
쪼그리고 앉다,앉니
쪼그리고 앉다,앉다
쪼그리고 앉다,앉다가
쪼그리고 앉다,앉다가는
쪼그리고 앉다,앉다간
쪼그리고 앉다,앉다니
쪼그리고 앉다,앉다마다
쪼그리고 앉다,앉더니
쪼그리고 앉다,앉더니라
쪼그리고 앉다,앉더라
쪼그리고 앉다,앉더라니까
쪼그리고 앉다,앉더라도
쪼그리고 앉다,앉더라며
쪼그리고 앉다,앉더라면
쪼그리고 앉다,앉더라면서
쪼그리고 앉다,앉더람
쪼그리고 앉다,앉던
쪼그리고 앉다,앉던가
쪼그리고 앉다,앉던데
쪼그리고 앉다,앉던지
쪼그리고 앉다,앉데
쪼그리고 앉다,앉데요
쪼그리고 앉다,앉도다
쪼그리고 앉다,앉되
쪼그리고 앉다,앉든
쪼그리고 앉다,앉든지
쪼그리고 앉다,앉듯
쪼그리고 앉다,앉듯이
쪼그리고 앉다,앉죠
쪼그리고 앉다,앉지마는
쪼그리고 앉다,앉지만
쪼그리고 앉다,앉지요
쪼그리고 앉다,앉지
쪼그리고 앉다,앉아도
쪼그리고 앉다,앉아서
쪼그리고 앉다,앉아야
쪼그리고 앉다,앉아야만
쪼그리고 앉다,앉아야지
쪼그리고 앉다,앉아요
쪼그리고 앉다,앉을
쪼그리고 앉다,앉을걸
쪼그리고 앉다,앉을밖에
쪼그리고 앉다,앉을수록
쪼그리고 앉다,앉을지
쪼그리고 앉다,앉을지며
쪼그리고 앉다,앉음
쪼그리고 앉다,앉음에도
쪼그리고 앉다,앉읍시오
쪼그리고 앉다,앉건대
쪼그리고 앉다,앉나니
쪼그리고 앉다,앉느라
쪼그리고 앉다,앉느라고
쪼그리고 앉다,앉는구나
쪼그리고 앉다,앉는군
쪼그리고 앉다,앉도록
쪼그리고 앉다,앉자
쪼그리고 앉다,앉자고
쪼그리고 앉다,앉자꾸나
쪼그리고 앉다,앉자느니
쪼그리고 앉다,앉자니까
쪼그리고 앉다,앉자마자
쪼그리고 앉다,앉자며
쪼그리고 앉다,앉자면
쪼그리고 앉다,앉자면서
쪼그리고 앉다,앉아다
쪼그리고 앉다,앉아다가
쪼그리고 앉다,앉고자
쪼그리고 앉다,앉느냐
쪼그리고 앉다,앉느냐고
쪼그리고 앉다,앉느니
쪼그리고 앉다,앉느니만
쪼그리고 앉다,앉느니만큼
쪼그리고 앉다,앉는
쪼그리고 앉다,앉는걸
쪼그리고 앉다,앉는데
쪼그리고 앉다,앉는지
쪼그리고 앉다,앉으러
쪼그리고 앉다,앉읍시다
쌓이다,쌓이거나
쌓이다,쌓이거늘
쌓이다,쌓이거니
쌓이다,쌓이거든
쌓이다,쌓이건
쌓이다,쌓이것다
쌓이다,쌓이게
쌓이다,쌓이겠
쌓이다,쌓이고
쌓이다,쌓이고말고
쌓이다,쌓이기로
쌓이다,쌓이기로니
쌓이다,쌓이기로서
쌓이다,쌓이기로서니
쌓이다,쌓이기에
쌓이다,쌓이네
쌓이다,쌓이니
쌓이다,쌓이다
쌓이다,쌓이다가
쌓이다,쌓이다가는
쌓이다,쌓이다간
쌓이다,쌓이다니
쌓이다,쌓이다마다
쌓이다,쌓이더니
쌓이다,쌓이더니라
쌓이다,쌓이더라
쌓이다,쌓이더라니까
쌓이다,쌓이더라도
쌓이다,쌓이더라며
쌓이다,쌓이더라면
쌓이다,쌓이더라면서
쌓이다,쌓이더람
쌓이다,쌓이던
쌓이다,쌓이던가
쌓이다,쌓이던데
쌓이다,쌓이던지
쌓이다,쌓이데
쌓이다,쌓이데요
쌓이다,쌓이도다
쌓이다,쌓이되
쌓이다,쌓이든
쌓이다,쌓이든지
쌓이다,쌓이듯
쌓이다,쌓이듯이
쌓이다,쌓이죠
쌓이다,쌓이지마는
쌓이다,쌓이지만
쌓이다,쌓이지요
쌓이다,쌓인걸
쌓이다,쌓인들
쌓이다,쌓이나마
쌓이다,쌓이니까
쌓이다,쌓일
쌓이다,쌓일걸
쌓이다,쌓일까
쌓이다,쌓일는지
쌓이다,쌓일라
쌓이다,쌓일라고
쌓이다,쌓일러니
쌓이다,쌓일러라
쌓이다,쌓일런고
쌓이다,쌓일망정
쌓이다,쌓일밖에
쌓이다,쌓일뿐더러
쌓이다,쌓일수록
쌓이다,쌓일지라도
쌓이다,쌓이며
쌓이다,쌓이면
쌓이다,쌓이면서
쌓이다,쌓이세요
쌓이다,쌓이셔요
쌓이다,쌓이지
쌓이다,쌓이건대
쌓이다,쌓이나니
쌓이다,쌓이느라
쌓이다,쌓이느라고
쌓이다,쌓이는구나
쌓이다,쌓이는군
쌓이다,쌓이도록
쌓이다,쌓이자
쌓이다,쌓이자고
쌓이다,쌓이자꾸나
쌓이다,쌓이자느니
쌓이다,쌓이자니까
쌓이다,쌓이자마자
쌓이다,쌓이자며
쌓이다,쌓이자면
쌓이다,쌓이자면서
쌓이다,쌓인
쌓이다,쌓인다
쌓이다,쌓인다고
쌓이다,쌓인다나
쌓이다,쌓인다네
쌓이다,쌓인다느니
쌓이다,쌓인다니
쌓이다,쌓인다니까
쌓이다,쌓인다더라
쌓이다,쌓인다며
쌓이다,쌓인다면
쌓이다,쌓인다면서
쌓이다,쌓인답니까
쌓이다,쌓인답니다
쌓이다,쌓인답시고
쌓이다,쌓인대
쌓이다,쌓인대요
쌓이다,쌓일거나
쌓이다,쌓일게
쌓이다,쌓일래
쌓이다,쌓이라고
쌓이다,쌓이러
쌓이다,쌓이려
쌓이다,쌓입시다
쌓이다,쌓이세
쌓이다,쌓이시라
쌓이다,쌓이십시다
쌓이다,쌓이십시오
쌓이다,쌓이고자
쌓이다,쌓이느냐
쌓이다,쌓이느냐고
쌓이다,쌓이느니
쌓이다,쌓이느니만
쌓이다,쌓이느니만큼
쌓이다,쌓이는
쌓이다,쌓이는걸
쌓이다,쌓이는데
쌓이다,쌓이는지
서다,서거나
서다,서거늘
서다,서거니
서다,서거든
서다,서건
서다,서것다
서다,서게
서다,서겠
서다,서고
서다,서고말고
서다,서기로
서다,서기로니
서다,서기로서
서다,서기로서니
서다,서기에
서다,서네
서다,서니
서다,서다
서다,서다가
서다,서다가는
서다,서다간
서다,서다니
서다,서다마다
서다,서더니
서다,서더니라
서다,서더라
서다,서더라니까
서다,서더라도
서다,서더라며
서다,서더라면
서다,서더라면서
서다,서더람
서다,서던
서다,서던가
서다,서던데
서다,서던지
서다,서데
서다,서데요
서다,서도다
서다,서되
서다,서든
서다,서든지
서다,서듯
서다,서듯이
서다,서죠
서다,서지마는
서다,서지만
서다,서지요
서다,선걸
서다,선들
서다,서나마
서다,서니까
서다,설
서다,설걸
서다,설까
서다,설는지
서다,설라
서다,설라고
서다,설러니
서다,설러라
서다,설런고
서다,설망정
서다,설밖에
서다,설뿐더러
서다,설수록
서다,설지라도
서다,서며
서다,서면
서다,서면서
서다,서세요
서다,서셔요
서다,서지
서다,서건대
서다,서나니
서다,서느라
서다,서느라고
서다,서는구나
서다,서는군
서다,서도록
서다,서자
서다,서자고
서다,서자꾸나
서다,서자느니
서다,서자니까
서다,서자마자
서다,서자며
서다,서자면
서다,서자면서
서다,선
서다,선다
서다,선다고
서다,선다나
서다,선다네
서다,선다느니
서다,선다니
서다,선다니까
서다,선다더라
서다,선다며
서다,선다면
서다,선다면서
서다,선답니까
서다,선답니다
서다,선답시고
서다,선대
서다,선대요
서다,설거나
서다,설게
서다,설래
서다,서라고
서다,서러
서다,서려
서다,섭시다
서다,서세
서다,서시라
서다,서십시다
서다,서십시오
서다,서고자
서다,서느냐
서다,서느냐고
서다,서느니
서다,서느니만
서다,서느니만큼
서다,서는
서다,서는걸
서다,서는데
서다,서는지
서 있다,있거나
서 있다,있거늘
서 있다,있거니
서 있다,있거든
서 있다,있건
서 있다,있것다
서 있다,있게
서 있다,있겠
서 있다,있고
서 있다,있고말고
서 있다,있기로
서 있다,있기로니
서 있다,있기로서
서 있다,있기로서니
서 있다,있기에
서 있다,있네
서 있다,있니
서 있다,있다
서 있다,있다가
서 있다,있다가는
서 있다,있다간
서 있다,있다니
서 있다,있다마다
서 있다,있더니
서 있다,있더니라
서 있다,있더라
서 있다,있더라니까
서 있다,있더라도
서 있다,있더라며
서 있다,있더라면
서 있다,있더라면서
서 있다,있더람
서 있다,있던
서 있다,있던가
서 있다,있던데
서 있다,있던지
서 있다,있데
서 있다,있데요
서 있다,있도다
서 있다,있되
서 있다,있든
서 있다,있든지
서 있다,있듯
서 있다,있듯이
서 있다,있죠
서 있다,있지마는
서 있다,있지만
서 있다,있지요
서 있다,있지
서 있다,있을
서 있다,있을걸
서 있다,있을밖에
서 있다,있을수록
서 있다,있을지
서 있다,있을지며
서 있다,있음
서 있다,있음에도
서 있다,있읍시오
서 있다,있건대
서 있다,있나니
서 있다,있느라
서 있다,있느라고
서 있다,있는구나
서 있다,있는군
서 있다,있도록
서 있다,있자
서 있다,있자고
서 있다,있자꾸나
서 있다,있자느니
서 있다,있자니까
서 있다,있자마자
서 있다,있자며
서 있다,있자면
서 있다,있자면서
서 있다,있고자
서 있다,있느냐
서 있다,있느냐고
서 있다,있느니
서 있다,있느니만
서 있다,있느니만큼
서 있다,있는
서 있다,있는걸
서 있다,있는데
서 있다,있는지
서 있다,있으러
서 있다,있읍시다
훔치다,훔치거나
훔치다,훔치거늘
훔치다,훔치거니
훔치다,훔치거든
훔치다,훔치건
훔치다,훔치것다
훔치다,훔치게
훔치다,훔치겠
훔치다,훔치고
훔치다,훔치고말고
훔치다,훔치기로
훔치다,훔치기로니
훔치다,훔치기로서
훔치다,훔치기로서니
훔치다,훔치기에
훔치다,훔치네
훔치다,훔치니
훔치다,훔치다
훔치다,훔치다가
훔치다,훔치다가는
훔치다,훔치다간
훔치다,훔치다니
훔치다,훔치다마다
훔치다,훔치더니
훔치다,훔치더니라
훔치다,훔치더라
훔치다,훔치더라니까
훔치다,훔치더라도
훔치다,훔치더라며
훔치다,훔치더라면
훔치다,훔치더라면서
훔치다,훔치더람
훔치다,훔치던
훔치다,훔치던가
훔치다,훔치던데
훔치다,훔치던지
훔치다,훔치데
훔치다,훔치데요
훔치다,훔치도다
훔치다,훔치되
훔치다,훔치든
훔치다,훔치든지
훔치다,훔치듯
훔치다,훔치듯이
훔치다,훔치죠
훔치다,훔치지마는
훔치다,훔치지만
훔치다,훔치지요
훔치다,훔친걸
훔치다,훔친들
훔치다,훔치나마
훔치다,훔치니까
훔치다,훔칠
훔치다,훔칠걸
훔치다,훔칠까
훔치다,훔칠는지
훔치다,훔칠라
훔치다,훔칠라고
훔치다,훔칠러니
훔치다,훔칠러라
훔치다,훔칠런고
훔치다,훔칠망정
훔치다,훔칠밖에
훔치다,훔칠뿐더러
훔치다,훔칠수록
훔치다,훔칠지라도
훔치다,훔치며
훔치다,훔치면
훔치다,훔치면서
훔치다,훔치세요
훔치다,훔치셔요
훔치다,훔치지
훔치다,훔치건대
훔치다,훔치나니
훔치다,훔치느라
훔치다,훔치느라고
훔치다,훔치는구나
훔치다,훔치는군
훔치다,훔치도록
훔치다,훔치자
훔치다,훔치자고
훔치다,훔치자꾸나
훔치다,훔치자느니
훔치다,훔치자니까
훔치다,훔치자마자
훔치다,훔치자며
훔치다,훔치자면
훔치다,훔치자면서
훔치다,훔친
훔치다,훔친다
훔치다,훔친다고
훔치다,훔친다나
훔치다,훔친다네
훔치다,훔친다느니
훔치다,훔친다니
훔치다,훔친다니까
훔치다,훔친다더라
훔치다,훔친다며
훔치다,훔친다면
훔치다,훔친다면서
훔치다,훔친답니까
훔치다,훔친답니다
훔치다,훔친답시고
훔치다,훔친대
훔치다,훔친대요
훔치다,훔칠거나
훔치다,훔칠게
훔치다,훔칠래
훔치다,훔치라고
훔치다,훔치러
훔치다,훔치려
훔치다,훔칩시다
훔치다,훔치세
훔치다,훔치시라
훔치다,훔치십시다
훔치다,훔치십시오
훔치다,훔치고자
훔치다,훔치느냐
훔치다,훔치느냐고
훔치다,훔치느니
훔치다,훔치느니만
훔치다,훔치느니만큼
훔치다,훔치는
훔치다,훔치는걸
훔치다,훔치는데
훔치다,훔치는지
찔리다,찔리거나
찔리다,찔리거늘
찔리다,찔리거니
찔리다,찔리거든
찔리다,찔리건
찔리다,찔리것다
찔리다,찔리게
찔리다,찔리겠
찔리다,찔리고
찔리다,찔리고말고
찔리다,찔리기로
찔리다,찔리기로니
찔리다,찔리기로서
찔리다,찔리기로서니
찔리다,찔리기에
찔리다,찔리네
찔리다,찔리니
찔리다,찔리다
찔리다,찔리다가
찔리다,찔리다가는
찔리다,찔리다간
찔리다,찔리다니
찔리다,찔리다마다
찔리다,찔리더니
찔리다,찔리더니라
찔리다,찔리더라
찔리다,찔리더라니까
찔리다,찔리더라도
찔리다,찔리더라며
찔리다,찔리더라면
찔리다,찔리더라면서
찔리다,찔리더람
찔리다,찔리던
찔리다,찔리던가
찔리다,찔리던데
찔리다,찔리던지
찔리다,찔리데
찔리다,찔리데요
찔리다,찔리도다
찔리다,찔리되
찔리다,찔리든
찔리다,찔리든지
찔리다,찔리듯
찔리다,찔리듯이
찔리다,찔리죠
찔리다,찔리지마는
찔리다,찔리지만
찔리다,찔리지요
찔리다,찔린걸
찔리다,찔린들
찔리다,찔리나마
찔리다,찔리니까
찔리다,찔릴
찔리다,찔릴걸
찔리다,찔릴까
찔리다,찔릴는지
찔리다,찔릴라
찔리다,찔릴라고
찔리다,찔릴러니
찔리다,찔릴러라
찔리다,찔릴런고
찔리다,찔릴망정
찔리다,찔릴밖에
찔리다,찔릴뿐더러
찔리다,찔릴수록
찔리다,찔릴지라도
찔리다,찔리며
찔리다,찔리면
찔리다,찔리면서
찔리다,찔리세요
찔리다,찔리셔요
찔리다,찔리지
찔리다,찔리건대
찔리다,찔리나니
찔리다,찔리느라
찔리다,찔리느라고
찔리다,찔리는구나
찔리다,찔리는군
찔리다,찔리도록
찔리다,찔리자
찔리다,찔리자고
찔리다,찔리자꾸나
찔리다,찔리자느니
찔리다,찔리자니까
찔리다,찔리자마자
찔리다,찔리자며
찔리다,찔리자면
찔리다,찔리자면서
찔리다,찔린
찔리다,찔린다
찔리다,찔린다고
찔리다,찔린다나
찔리다,찔린다네
찔리다,찔린다느니
찔리다,찔린다니
찔리다,찔린다니까
찔리다,찔린다더라
찔리다,찔린다며
찔리다,찔린다면
찔리다,찔린다면서
찔리다,찔린답니까
찔리다,찔린답니다
찔리다,찔린답시고
찔리다,찔린대
찔리다,찔린대요
찔리다,찔릴거나
찔리다,찔릴게
찔리다,찔릴래
찔리다,찔리라고
찔리다,찔리러
찔리다,찔리려
찔리다,찔립시다
찔리다,찔리세
찔리다,찔리시라
찔리다,찔리십시다
찔리다,찔리십시오
찔리다,찔리고자
찔리다,찔리느냐
찔리다,찔리느냐고
찔리다,찔리느니
찔리다,찔리느니만
찔리다,찔리느니만큼
찔리다,찔리는
찔리다,찔리는걸
찔리다,찔리는데
찔리다,찔리는지
쏘다,쏘거나
쏘다,쏘거늘
쏘다,쏘거니
쏘다,쏘거든
쏘다,쏘건
쏘다,쏘것다
쏘다,쏘게
쏘다,쏘겠
쏘다,쏘고
쏘다,쏘고말고
쏘다,쏘기로
쏘다,쏘기로니
쏘다,쏘기로서
쏘다,쏘기로서니
쏘다,쏘기에
쏘다,쏘네
쏘다,쏘니
쏘다,쏘다
쏘다,쏘다가
쏘다,쏘다가는
쏘다,쏘다간
쏘다,쏘다니
쏘다,쏘다마다
쏘다,쏘더니
쏘다,쏘더니라
쏘다,쏘더라
쏘다,쏘더라니까
쏘다,쏘더라도
쏘다,쏘더라며
쏘다,쏘더라면
쏘다,쏘더라면서
쏘다,쏘더람
쏘다,쏘던
쏘다,쏘던가
쏘다,쏘던데
쏘다,쏘던지
쏘다,쏘데
쏘다,쏘데요
쏘다,쏘도다
쏘다,쏘되
쏘다,쏘든
쏘다,쏘든지
쏘다,쏘듯
쏘다,쏘듯이
쏘다,쏘죠
쏘다,쏘지마는
쏘다,쏘지만
쏘다,쏘지요
쏘다,쏜걸
쏘다,쏜들
쏘다,쏘나마
쏘다,쏘니까
쏘다,쏠
쏘다,쏠걸
쏘다,쏠까
쏘다,쏠는지
쏘다,쏠라
쏘다,쏠라고
쏘다,쏠러니
쏘다,쏠러라
쏘다,쏠런고
쏘다,쏠망정
쏘다,쏠밖에
쏘다,쏠뿐더러
쏘다,쏠수록
쏘다,쏠지라도
쏘다,쏘며
쏘다,쏘면
쏘다,쏘면서
쏘다,쏘세요
쏘다,쏘셔요
쏘다,쏘지
쏘다,쏘아도/쏴도
쏘다,쏘아서/쏴서
쏘다,쏘아야/쏴야
쏘다,쏘아야만/쏴야만
쏘다,쏘아야지/쏴야지
쏘다,쏘아요/쏴요
쏘다,쏘건대
쏘다,쏘나니
쏘다,쏘느라
쏘다,쏘느라고
쏘다,쏘는구나
쏘다,쏘는군
쏘다,쏘도록
쏘다,쏘자
쏘다,쏘자고
쏘다,쏘자꾸나
쏘다,쏘자느니
쏘다,쏘자니까
쏘다,쏘자마자
쏘다,쏘자며
쏘다,쏘자면
쏘다,쏘자면서
쏘다,쏜
쏘다,쏜다
쏘다,쏜다고
쏘다,쏜다나
쏘다,쏜다네
쏘다,쏜다느니
쏘다,쏜다니
쏘다,쏜다니까
쏘다,쏜다더라
쏘다,쏜다며
쏘다,쏜다면
쏘다,쏜다면서
쏘다,쏜답니까
쏘다,쏜답니다
쏘다,쏜답시고
쏘다,쏜대
쏘다,쏜대요
쏘다,쏠거나
쏘다,쏠게
쏘다,쏠래
쏘다,쏘라고
쏘다,쏘러
쏘다,쏘려
쏘다,쏩시다
쏘다,쏘세
쏘다,쏘시라
쏘다,쏘십시다
쏘다,쏘십시오
쏘다,쏘아다/쏴다
쏘다,쏘아다가/쏴다가
쏘다,쏘고자
쏘다,쏘느냐
쏘다,쏘느냐고
쏘다,쏘느니
쏘다,쏘느니만
쏘다,쏘느니만큼
쏘다,쏘는
쏘다,쏘는걸
쏘다,쏘는데
쏘다,쏘는지
젓다,젓거나
젓다,젓거늘
젓다,젓거니
젓다,젓거든
젓다,젓건
젓다,젓것다
젓다,젓게
젓다,젓겠
젓다,젓고
젓다,젓고말고
젓다,젓기로
젓다,젓기로니
젓다,젓기로서
젓다,젓기로서니
젓다,젓기에
젓다,젓네
젓다,젓니
젓다,젓다
젓다,젓다가
젓다,젓다가는
젓다,젓다간
젓다,젓다니
젓다,젓다마다
젓다,젓더니
젓다,젓더니라
젓다,젓더라
젓다,젓더라니까
젓다,젓더라도
젓다,젓더라며
젓다,젓더라면
젓다,젓더라면서
젓다,젓더람
젓다,젓던
젓다,젓던가
젓다,젓던데
젓다,젓던지
젓다,젓데
젓다,젓데요
젓다,젓도다
젓다,젓되
젓다,젓든
젓다,젓든지
젓다,젓듯
젓다,젓듯이
젓다,젓죠
젓다,젓지마는
젓다,젓지만
젓다,젓지요
젓다,젓지
젓다,저을
젓다,저을걸
젓다,저을밖에
젓다,저을수록
젓다,저을지
젓다,저을지며
젓다,저음
젓다,저음에도
젓다,저읍시오
젓다,젓건대
젓다,젓나니
젓다,젓느라
젓다,젓느라고
젓다,젓는구나
젓다,젓는군
젓다,젓도록
젓다,젓자
젓다,젓자고
젓다,젓자꾸나
젓다,젓자느니
젓다,젓자니까
젓다,젓자마자
젓다,젓자며
젓다,젓자면
젓다,젓자면서
젓다,젓고자
젓다,젓느냐
젓다,젓느냐고
젓다,젓느니
젓다,젓느니만
젓다,젓느니만큼
젓다,젓는
젓다,젓는걸
젓다,젓는데
젓다,젓는지
젓다,저으러
젓다,저읍시다
중단하다,중단하거나
중단하다,중단하거늘
중단하다,중단하거니
중단하다,중단하거든
중단하다,중단하건
중단하다,중단하것다
중단하다,중단하게
중단하다,중단하겠
중단하다,중단하고
중단하다,중단하고말고
중단하다,중단하기로
중단하다,중단하기로니
중단하다,중단하기로서
중단하다,중단하기로서니
중단하다,중단하기에
중단하다,중단하네
중단하다,중단하니
중단하다,중단하다
중단하다,중단하다가
중단하다,중단하다가는
중단하다,중단하다간
중단하다,중단하다니
중단하다,중단하다마다
중단하다,중단하더니
중단하다,중단하더니라
중단하다,중단하더라
중단하다,중단하더라니까
중단하다,중단하더라도
중단하다,중단하더라며
중단하다,중단하더라면
중단하다,중단하더라면서
중단하다,중단하더람
중단하다,중단하던
중단하다,중단하던가
중단하다,중단하던데
중단하다,중단하던지
중단하다,중단하데
중단하다,중단하데요
중단하다,중단하도다
중단하다,중단하되
중단하다,중단하든
중단하다,중단하든지
중단하다,중단하듯
중단하다,중단하듯이
중단하다,중단하죠
중단하다,중단하지마는
중단하다,중단하지만
중단하다,중단하지요
중단하다,중단한걸
중단하다,중단한들
중단하다,중단하나마
중단하다,중단하니까
중단하다,중단할
중단하다,중단할걸
중단하다,중단할까
중단하다,중단할는지
중단하다,중단할라
중단하다,중단할라고
중단하다,중단할러니
중단하다,중단할러라
중단하다,중단할런고
중단하다,중단할망정
중단하다,중단할밖에
중단하다,중단할뿐더러
중단하다,중단할수록
중단하다,중단할지라도
중단하다,중단하며
중단하다,중단하면
중단하다,중단하면서
중단하다,중단하세요
중단하다,중단하셔요
중단하다,중단하지
중단하다,중단하건대
중단하다,중단하나니
중단하다,중단하느라
중단하다,중단하느라고
중단하다,중단하는구나
중단하다,중단하는군
중단하다,중단하도록
중단하다,중단하자
중단하다,중단하자고
중단하다,중단하자꾸나
중단하다,중단하자느니
중단하다,중단하자니까
중단하다,중단하자마자
중단하다,중단하자며
중단하다,중단하자면
중단하다,중단하자면서
중단하다,중단한
중단하다,중단한다
중단하다,중단한다고
중단하다,중단한다나
중단하다,중단한다네
중단하다,중단한다느니
중단하다,중단한다니
중단하다,중단한다니까
중단하다,중단한다더라
중단하다,중단한다며
중단하다,중단한다면
중단하다,중단한다면서
중단하다,중단한답니까
중단하다,중단한답니다
중단하다,중단한답시고
중단하다,중단한대
중단하다,중단한대요
중단하다,중단할거나
중단하다,중단할게
중단하다,중단할래
중단하다,중단하라고
중단하다,중단하러
중단하다,중단하려
중단하다,중단합시다
중단하다,중단하세
중단하다,중단하시라
중단하다,중단하십시다
중단하다,중단하십시오
중단하다,중단하고자
중단하다,중단하느냐
중단하다,중단하느냐고
중단하다,중단하느니
중단하다,중단하느니만
중단하다,중단하느니만큼
중단하다,중단하는
중단하다,중단하는걸
중단하다,중단하는데
중단하다,중단하는지
투쟁하다,투쟁하거나
투쟁하다,투쟁하거늘
투쟁하다,투쟁하거니
투쟁하다,투쟁하거든
투쟁하다,투쟁하건
투쟁하다,투쟁하것다
투쟁하다,투쟁하게
투쟁하다,투쟁하겠
투쟁하다,투쟁하고
투쟁하다,투쟁하고말고
투쟁하다,투쟁하기로
투쟁하다,투쟁하기로니
투쟁하다,투쟁하기로서
투쟁하다,투쟁하기로서니
투쟁하다,투쟁하기에
투쟁하다,투쟁하네
투쟁하다,투쟁하니
투쟁하다,투쟁하다
투쟁하다,투쟁하다가
투쟁하다,투쟁하다가는
투쟁하다,투쟁하다간
투쟁하다,투쟁하다니
투쟁하다,투쟁하다마다
투쟁하다,투쟁하더니
투쟁하다,투쟁하더니라
투쟁하다,투쟁하더라
투쟁하다,투쟁하더라니까
투쟁하다,투쟁하더라도
투쟁하다,투쟁하더라며
투쟁하다,투쟁하더라면
투쟁하다,투쟁하더라면서
투쟁하다,투쟁하더람
투쟁하다,투쟁하던
투쟁하다,투쟁하던가
투쟁하다,투쟁하던데
투쟁하다,투쟁하던지
투쟁하다,투쟁하데
투쟁하다,투쟁하데요
투쟁하다,투쟁하도다
투쟁하다,투쟁하되
투쟁하다,투쟁하든
투쟁하다,투쟁하든지
투쟁하다,투쟁하듯
투쟁하다,투쟁하듯이
투쟁하다,투쟁하죠
투쟁하다,투쟁하지마는
투쟁하다,투쟁하지만
투쟁하다,투쟁하지요
투쟁하다,투쟁한걸
투쟁하다,투쟁한들
투쟁하다,투쟁하나마
투쟁하다,투쟁하니까
투쟁하다,투쟁할
투쟁하다,투쟁할걸
투쟁하다,투쟁할까
투쟁하다,투쟁할는지
투쟁하다,투쟁할라
투쟁하다,투쟁할라고
투쟁하다,투쟁할러니
투쟁하다,투쟁할러라
투쟁하다,투쟁할런고
투쟁하다,투쟁할망정
투쟁하다,투쟁할밖에
투쟁하다,투쟁할뿐더러
투쟁하다,투쟁할수록
투쟁하다,투쟁할지라도
투쟁하다,투쟁하며
투쟁하다,투쟁하면
투쟁하다,투쟁하면서
투쟁하다,투쟁하세요
투쟁하다,투쟁하셔요
투쟁하다,투쟁하지
투쟁하다,투쟁하건대
투쟁하다,투쟁하나니
투쟁하다,투쟁하느라
투쟁하다,투쟁하느라고
투쟁하다,투쟁하는구나
투쟁하다,투쟁하는군
투쟁하다,투쟁하도록
투쟁하다,투쟁하자
투쟁하다,투쟁하자고
투쟁하다,투쟁하자꾸나
투쟁하다,투쟁하자느니
투쟁하다,투쟁하자니까
투쟁하다,투쟁하자마자
투쟁하다,투쟁하자며
투쟁하다,투쟁하자면
투쟁하다,투쟁하자면서
투쟁하다,투쟁한
투쟁하다,투쟁한다
투쟁하다,투쟁한다고
투쟁하다,투쟁한다나
투쟁하다,투쟁한다네
투쟁하다,투쟁한다느니
투쟁하다,투쟁한다니
투쟁하다,투쟁한다니까
투쟁하다,투쟁한다더라
투쟁하다,투쟁한다며
투쟁하다,투쟁한다면
투쟁하다,투쟁한다면서
투쟁하다,투쟁한답니까
투쟁하다,투쟁한답니다
투쟁하다,투쟁한답시고
투쟁하다,투쟁한대
투쟁하다,투쟁한대요
투쟁하다,투쟁할거나
투쟁하다,투쟁할게
투쟁하다,투쟁할래
투쟁하다,투쟁하라고
투쟁하다,투쟁하러
투쟁하다,투쟁하려
투쟁하다,투쟁합시다
투쟁하다,투쟁하세
투쟁하다,투쟁하시라
투쟁하다,투쟁하십시다
투쟁하다,투쟁하십시오
투쟁하다,투쟁하고자
투쟁하다,투쟁하느냐
투쟁하다,투쟁하느냐고
투쟁하다,투쟁하느니
투쟁하다,투쟁하느니만
투쟁하다,투쟁하느니만큼
투쟁하다,투쟁하는
투쟁하다,투쟁하는걸
투쟁하다,투쟁하는데
투쟁하다,투쟁하는지
몸부림치다,몸부림치거나
몸부림치다,몸부림치거늘
몸부림치다,몸부림치거니
몸부림치다,몸부림치거든
몸부림치다,몸부림치건
몸부림치다,몸부림치것다
몸부림치다,몸부림치게
몸부림치다,몸부림치겠
몸부림치다,몸부림치고
몸부림치다,몸부림치고말고
몸부림치다,몸부림치기로
몸부림치다,몸부림치기로니
몸부림치다,몸부림치기로서
몸부림치다,몸부림치기로서니
몸부림치다,몸부림치기에
몸부림치다,몸부림치네
몸부림치다,몸부림치니
몸부림치다,몸부림치다
몸부림치다,몸부림치다가
몸부림치다,몸부림치다가는
몸부림치다,몸부림치다간
몸부림치다,몸부림치다니
몸부림치다,몸부림치다마다
몸부림치다,몸부림치더니
몸부림치다,몸부림치더니라
몸부림치다,몸부림치더라
몸부림치다,몸부림치더라니까
몸부림치다,몸부림치더라도
몸부림치다,몸부림치더라며
몸부림치다,몸부림치더라면
몸부림치다,몸부림치더라면서
몸부림치다,몸부림치더람
몸부림치다,몸부림치던
몸부림치다,몸부림치던가
몸부림치다,몸부림치던데
몸부림치다,몸부림치던지
몸부림치다,몸부림치데
몸부림치다,몸부림치데요
몸부림치다,몸부림치도다
몸부림치다,몸부림치되
몸부림치다,몸부림치든
몸부림치다,몸부림치든지
몸부림치다,몸부림치듯
몸부림치다,몸부림치듯이
몸부림치다,몸부림치죠
몸부림치다,몸부림치지마는
몸부림치다,몸부림치지만
몸부림치다,몸부림치지요
몸부림치다,몸부림친걸
몸부림치다,몸부림친들
몸부림치다,몸부림치나마
몸부림치다,몸부림치니까
몸부림치다,몸부림칠
몸부림치다,몸부림칠걸
몸부림치다,몸부림칠까
몸부림치다,몸부림칠는지
몸부림치다,몸부림칠라
몸부림치다,몸부림칠라고
몸부림치다,몸부림칠러니
몸부림치다,몸부림칠러라
몸부림치다,몸부림칠런고
몸부림치다,몸부림칠망정
몸부림치다,몸부림칠밖에
몸부림치다,몸부림칠뿐더러
몸부림치다,몸부림칠수록
몸부림치다,몸부림칠지라도
몸부림치다,몸부림치며
몸부림치다,몸부림치면
몸부림치다,몸부림치면서
몸부림치다,몸부림치세요
몸부림치다,몸부림치셔요
몸부림치다,몸부림치지
몸부림치다,몸부림치건대
몸부림치다,몸부림치나니
몸부림치다,몸부림치느라
몸부림치다,몸부림치느라고
몸부림치다,몸부림치는구나
몸부림치다,몸부림치는군
몸부림치다,몸부림치도록
몸부림치다,몸부림치자
몸부림치다,몸부림치자고
몸부림치다,몸부림치자꾸나
몸부림치다,몸부림치자느니
몸부림치다,몸부림치자니까
몸부림치다,몸부림치자마자
몸부림치다,몸부림치자며
몸부림치다,몸부림치자면
몸부림치다,몸부림치자면서
몸부림치다,몸부림친
몸부림치다,몸부림친다
몸부림치다,몸부림친다고
몸부림치다,몸부림친다나
몸부림치다,몸부림친다네
몸부림치다,몸부림친다느니
몸부림치다,몸부림친다니
몸부림치다,몸부림친다니까
몸부림치다,몸부림친다더라
몸부림치다,몸부림친다며
몸부림치다,몸부림친다면
몸부림치다,몸부림친다면서
몸부림치다,몸부림친답니까
몸부림치다,몸부림친답니다
몸부림치다,몸부림친답시고
몸부림치다,몸부림친대
몸부림치다,몸부림친대요
몸부림치다,몸부림칠거나
몸부림치다,몸부림칠게
몸부림치다,몸부림칠래
몸부림치다,몸부림치라고
몸부림치다,몸부림치러
몸부림치다,몸부림치려
몸부림치다,몸부림칩시다
몸부림치다,몸부림치세
몸부림치다,몸부림치시라
몸부림치다,몸부림치십시다
몸부림치다,몸부림치십시오
몸부림치다,몸부림치고자
몸부림치다,몸부림치느냐
몸부림치다,몸부림치느냐고
몸부림치다,몸부림치느니
몸부림치다,몸부림치느니만
몸부림치다,몸부림치느니만큼
몸부림치다,몸부림치는
몸부림치다,몸부림치는걸
몸부림치다,몸부림치는데
몸부림치다,몸부림치는지
진술하다,진술하거나
진술하다,진술하거늘
진술하다,진술하거니
진술하다,진술하거든
진술하다,진술하건
진술하다,진술하것다
진술하다,진술하게
진술하다,진술하겠
진술하다,진술하고
진술하다,진술하고말고
진술하다,진술하기로
진술하다,진술하기로니
진술하다,진술하기로서
진술하다,진술하기로서니
진술하다,진술하기에
진술하다,진술하네
진술하다,진술하니
진술하다,진술하다
진술하다,진술하다가
진술하다,진술하다가는
진술하다,진술하다간
진술하다,진술하다니
진술하다,진술하다마다
진술하다,진술하더니
진술하다,진술하더니라
진술하다,진술하더라
진술하다,진술하더라니까
진술하다,진술하더라도
진술하다,진술하더라며
진술하다,진술하더라면
진술하다,진술하더라면서
진술하다,진술하더람
진술하다,진술하던
진술하다,진술하던가
진술하다,진술하던데
진술하다,진술하던지
진술하다,진술하데
진술하다,진술하데요
진술하다,진술하도다
진술하다,진술하되
진술하다,진술하든
진술하다,진술하든지
진술하다,진술하듯
진술하다,진술하듯이
진술하다,진술하죠
진술하다,진술하지마는
진술하다,진술하지만
진술하다,진술하지요
진술하다,진술한걸
진술하다,진술한들
진술하다,진술하나마
진술하다,진술하니까
진술하다,진술할
진술하다,진술할걸
진술하다,진술할까
진술하다,진술할는지
진술하다,진술할라
진술하다,진술할라고
진술하다,진술할러니
진술하다,진술할러라
진술하다,진술할런고
진술하다,진술할망정
진술하다,진술할밖에
진술하다,진술할뿐더러
진술하다,진술할수록
진술하다,진술할지라도
진술하다,진술하며
진술하다,진술하면
진술하다,진술하면서
진술하다,진술하세요
진술하다,진술하셔요
진술하다,진술하지
진술하다,진술하건대
진술하다,진술하나니
진술하다,진술하느라
진술하다,진술하느라고
진술하다,진술하는구나
진술하다,진술하는군
진술하다,진술하도록
진술하다,진술하자
진술하다,진술하자고
진술하다,진술하자꾸나
진술하다,진술하자느니
진술하다,진술하자니까
진술하다,진술하자마자
진술하다,진술하자며
진술하다,진술하자면
진술하다,진술하자면서
진술하다,진술한
진술하다,진술한다
진술하다,진술한다고
진술하다,진술한다나
진술하다,진술한다네
진술하다,진술한다느니
진술하다,진술한다니
진술하다,진술한다니까
진술하다,진술한다더라
진술하다,진술한다며
진술하다,진술한다면
진술하다,진술한다면서
진술하다,진술한답니까
진술하다,진술한답니다
진술하다,진술한답시고
진술하다,진술한대
진술하다,진술한대요
진술하다,진술할거나
진술하다,진술할게
진술하다,진술할래
진술하다,진술하라고
진술하다,진술하러
진술하다,진술하려
진술하다,진술합시다
진술하다,진술하세
진술하다,진술하시라
진술하다,진술하십시다
진술하다,진술하십시오
진술하다,진술하고자
진술하다,진술하느냐
진술하다,진술하느냐고
진술하다,진술하느니
진술하다,진술하느니만
진술하다,진술하느니만큼
진술하다,진술하는
진술하다,진술하는걸
진술하다,진술하는데
진술하다,진술하는지
성공하다,성공하거나
성공하다,성공하거늘
성공하다,성공하거니
성공하다,성공하거든
성공하다,성공하건
성공하다,성공하것다
성공하다,성공하게
성공하다,성공하겠
성공하다,성공하고
성공하다,성공하고말고
성공하다,성공하기로
성공하다,성공하기로니
성공하다,성공하기로서
성공하다,성공하기로서니
성공하다,성공하기에
성공하다,성공하네
성공하다,성공하니
성공하다,성공하다
성공하다,성공하다가
성공하다,성공하다가는
성공하다,성공하다간
성공하다,성공하다니
성공하다,성공하다마다
성공하다,성공하더니
성공하다,성공하더니라
성공하다,성공하더라
성공하다,성공하더라니까
성공하다,성공하더라도
성공하다,성공하더라며
성공하다,성공하더라면
성공하다,성공하더라면서
성공하다,성공하더람
성공하다,성공하던
성공하다,성공하던가
성공하다,성공하던데
성공하다,성공하던지
성공하다,성공하데
성공하다,성공하데요
성공하다,성공하도다
성공하다,성공하되
성공하다,성공하든
성공하다,성공하든지
성공하다,성공하듯
성공하다,성공하듯이
성공하다,성공하죠
성공하다,성공하지마는
성공하다,성공하지만
성공하다,성공하지요
성공하다,성공한걸
성공하다,성공한들
성공하다,성공하나마
성공하다,성공하니까
성공하다,성공할
성공하다,성공할걸
성공하다,성공할까
성공하다,성공할는지
성공하다,성공할라
성공하다,성공할라고
성공하다,성공할러니
성공하다,성공할러라
성공하다,성공할런고
성공하다,성공할망정
성공하다,성공할밖에
성공하다,성공할뿐더러
성공하다,성공할수록
성공하다,성공할지라도
성공하다,성공하며
성공하다,성공하면
성공하다,성공하면서
성공하다,성공하세요
성공하다,성공하셔요
성공하다,성공하지
성공하다,성공하건대
성공하다,성공하나니
성공하다,성공하느라
성공하다,성공하느라고
성공하다,성공하는구나
성공하다,성공하는군
성공하다,성공하도록
성공하다,성공하자
성공하다,성공하자고
성공하다,성공하자꾸나
성공하다,성공하자느니
성공하다,성공하자니까
성공하다,성공하자마자
성공하다,성공하자며
성공하다,성공하자면
성공하다,성공하자면서
성공하다,성공한
성공하다,성공한다
성공하다,성공한다고
성공하다,성공한다나
성공하다,성공한다네
성공하다,성공한다느니
성공하다,성공한다니
성공하다,성공한다니까
성공하다,성공한다더라
성공하다,성공한다며
성공하다,성공한다면
성공하다,성공한다면서
성공하다,성공한답니까
성공하다,성공한답니다
성공하다,성공한답시고
성공하다,성공한대
성공하다,성공한대요
성공하다,성공할거나
성공하다,성공할게
성공하다,성공할래
성공하다,성공하라고
성공하다,성공하러
성공하다,성공하려
성공하다,성공합시다
성공하다,성공하세
성공하다,성공하시라
성공하다,성공하십시다
성공하다,성공하십시오
성공하다,성공하고자
성공하다,성공하느냐
성공하다,성공하느냐고
성공하다,성공하느니
성공하다,성공하느니만
성공하다,성공하느니만큼
성공하다,성공하는
성공하다,성공하는걸
성공하다,성공하는데
성공하다,성공하는지
공급하다,공급하거나
공급하다,공급하거늘
공급하다,공급하거니
공급하다,공급하거든
공급하다,공급하건
공급하다,공급하것다
공급하다,공급하게
공급하다,공급하겠
공급하다,공급하고
공급하다,공급하고말고
공급하다,공급하기로
공급하다,공급하기로니
공급하다,공급하기로서
공급하다,공급하기로서니
공급하다,공급하기에
공급하다,공급하네
공급하다,공급하니
공급하다,공급하다
공급하다,공급하다가
공급하다,공급하다가는
공급하다,공급하다간
공급하다,공급하다니
공급하다,공급하다마다
공급하다,공급하더니
공급하다,공급하더니라
공급하다,공급하더라
공급하다,공급하더라니까
공급하다,공급하더라도
공급하다,공급하더라며
공급하다,공급하더라면
공급하다,공급하더라면서
공급하다,공급하더람
공급하다,공급하던
공급하다,공급하던가
공급하다,공급하던데
공급하다,공급하던지
공급하다,공급하데
공급하다,공급하데요
공급하다,공급하도다
공급하다,공급하되
공급하다,공급하든
공급하다,공급하든지
공급하다,공급하듯
공급하다,공급하듯이
공급하다,공급하죠
공급하다,공급하지마는
공급하다,공급하지만
공급하다,공급하지요
공급하다,공급한걸
공급하다,공급한들
공급하다,공급하나마
공급하다,공급하니까
공급하다,공급할
공급하다,공급할걸
공급하다,공급할까
공급하다,공급할는지
공급하다,공급할라
공급하다,공급할라고
공급하다,공급할러니
공급하다,공급할러라
공급하다,공급할런고
공급하다,공급할망정
공급하다,공급할밖에
공급하다,공급할뿐더러
공급하다,공급할수록
공급하다,공급할지라도
공급하다,공급하며
공급하다,공급하면
공급하다,공급하면서
공급하다,공급하세요
공급하다,공급하셔요
공급하다,공급하지
공급하다,공급하건대
공급하다,공급하나니
공급하다,공급하느라
공급하다,공급하느라고
공급하다,공급하는구나
공급하다,공급하는군
공급하다,공급하도록
공급하다,공급하자
공급하다,공급하자고
공급하다,공급하자꾸나
공급하다,공급하자느니
공급하다,공급하자니까
공급하다,공급하자마자
공급하다,공급하자며
공급하다,공급하자면
공급하다,공급하자면서
공급하다,공급한
공급하다,공급한다
공급하다,공급한다고
공급하다,공급한다나
공급하다,공급한다네
공급하다,공급한다느니
공급하다,공급한다니
공급하다,공급한다니까
공급하다,공급한다더라
공급하다,공급한다며
공급하다,공급한다면
공급하다,공급한다면서
공급하다,공급한답니까
공급하다,공급한답니다
공급하다,공급한답시고
공급하다,공급한대
공급하다,공급한대요
공급하다,공급할거나
공급하다,공급할게
공급하다,공급할래
공급하다,공급하라고
공급하다,공급하러
공급하다,공급하려
공급하다,공급합시다
공급하다,공급하세
공급하다,공급하시라
공급하다,공급하십시다
공급하다,공급하십시오
공급하다,공급하고자
공급하다,공급하느냐
공급하다,공급하느냐고
공급하다,공급하느니
공급하다,공급하느니만
공급하다,공급하느니만큼
공급하다,공급하는
공급하다,공급하는걸
공급하다,공급하는데
공급하다,공급하는지
추정하다,추정하거나
추정하다,추정하거늘
추정하다,추정하거니
추정하다,추정하거든
추정하다,추정하건
추정하다,추정하것다
추정하다,추정하게
추정하다,추정하겠
추정하다,추정하고
추정하다,추정하고말고
추정하다,추정하기로
추정하다,추정하기로니
추정하다,추정하기로서
추정하다,추정하기로서니
추정하다,추정하기에
추정하다,추정하네
추정하다,추정하니
추정하다,추정하다
추정하다,추정하다가
추정하다,추정하다가는
추정하다,추정하다간
추정하다,추정하다니
추정하다,추정하다마다
추정하다,추정하더니
추정하다,추정하더니라
추정하다,추정하더라
추정하다,추정하더라니까
추정하다,추정하더라도
추정하다,추정하더라며
추정하다,추정하더라면
추정하다,추정하더라면서
추정하다,추정하더람
추정하다,추정하던
추정하다,추정하던가
추정하다,추정하던데
추정하다,추정하던지
추정하다,추정하데
추정하다,추정하데요
추정하다,추정하도다
추정하다,추정하되
추정하다,추정하든
추정하다,추정하든지
추정하다,추정하듯
추정하다,추정하듯이
추정하다,추정하죠
추정하다,추정하지마는
추정하다,추정하지만
추정하다,추정하지요
추정하다,추정한걸
추정하다,추정한들
추정하다,추정하나마
추정하다,추정하니까
추정하다,추정할
추정하다,추정할걸
추정하다,추정할까
추정하다,추정할는지
추정하다,추정할라
추정하다,추정할라고
추정하다,추정할러니
추정하다,추정할러라
추정하다,추정할런고
추정하다,추정할망정
추정하다,추정할밖에
추정하다,추정할뿐더러
추정하다,추정할수록
추정하다,추정할지라도
추정하다,추정하며
추정하다,추정하면
추정하다,추정하면서
추정하다,추정하세요
추정하다,추정하셔요
추정하다,추정하지
추정하다,추정하건대
추정하다,추정하나니
추정하다,추정하느라
추정하다,추정하느라고
추정하다,추정하는구나
추정하다,추정하는군
추정하다,추정하도록
추정하다,추정하자
추정하다,추정하자고
추정하다,추정하자꾸나
추정하다,추정하자느니
추정하다,추정하자니까
추정하다,추정하자마자
추정하다,추정하자며
추정하다,추정하자면
추정하다,추정하자면서
추정하다,추정한
추정하다,추정한다
추정하다,추정한다고
추정하다,추정한다나
추정하다,추정한다네
추정하다,추정한다느니
추정하다,추정한다니
추정하다,추정한다니까
추정하다,추정한다더라
추정하다,추정한다며
추정하다,추정한다면
추정하다,추정한다면서
추정하다,추정한답니까
추정하다,추정한답니다
추정하다,추정한답시고
추정하다,추정한대
추정하다,추정한대요
추정하다,추정할거나
추정하다,추정할게
추정하다,추정할래
추정하다,추정하라고
추정하다,추정하러
추정하다,추정하려
추정하다,추정합시다
추정하다,추정하세
추정하다,추정하시라
추정하다,추정하십시다
추정하다,추정하십시오
추정하다,추정하고자
추정하다,추정하느냐
추정하다,추정하느냐고
추정하다,추정하느니
추정하다,추정하느니만
추정하다,추정하느니만큼
추정하다,추정하는
추정하다,추정하는걸
추정하다,추정하는데
추정하다,추정하는지
살아남다,살아남거나
살아남다,살아남거늘
살아남다,살아남거니
살아남다,살아남거든
살아남다,살아남건
살아남다,살아남것다
살아남다,살아남게
살아남다,살아남겠
살아남다,살아남고
살아남다,살아남고말고
살아남다,살아남기로
살아남다,살아남기로니
살아남다,살아남기로서
살아남다,살아남기로서니
살아남다,살아남기에
살아남다,살아남네
살아남다,살아남니
살아남다,살아남다
살아남다,살아남다가
살아남다,살아남다가는
살아남다,살아남다간
살아남다,살아남다니
살아남다,살아남다마다
살아남다,살아남더니
살아남다,살아남더니라
살아남다,살아남더라
살아남다,살아남더라니까
살아남다,살아남더라도
살아남다,살아남더라며
살아남다,살아남더라면
살아남다,살아남더라면서
살아남다,살아남더람
살아남다,살아남던
살아남다,살아남던가
살아남다,살아남던데
살아남다,살아남던지
살아남다,살아남데
살아남다,살아남데요
살아남다,살아남도다
살아남다,살아남되
살아남다,살아남든
살아남다,살아남든지
살아남다,살아남듯
살아남다,살아남듯이
살아남다,살아남죠
살아남다,살아남지마는
살아남다,살아남지만
살아남다,살아남지요
살아남다,살아남지
살아남다,살아남아도
살아남다,살아남아서
살아남다,살아남아야
살아남다,살아남아야만
살아남다,살아남아야지
살아남다,살아남아요
살아남다,살아남을
살아남다,살아남을걸
살아남다,살아남을밖에
살아남다,살아남을수록
살아남다,살아남을지
살아남다,살아남을지며
살아남다,살아남음
살아남다,살아남음에도
살아남다,살아남읍시오
살아남다,살아남건대
살아남다,살아남나니
살아남다,살아남느라
살아남다,살아남느라고
살아남다,살아남는구나
살아남다,살아남는군
살아남다,살아남도록
살아남다,살아남자
살아남다,살아남자고
살아남다,살아남자꾸나
살아남다,살아남자느니
살아남다,살아남자니까
살아남다,살아남자마자
살아남다,살아남자며
살아남다,살아남자면
살아남다,살아남자면서
살아남다,살아남아다
살아남다,살아남아다가
살아남다,살아남고자
살아남다,살아남느냐
살아남다,살아남느냐고
살아남다,살아남느니
살아남다,살아남느니만
살아남다,살아남느니만큼
살아남다,살아남는
살아남다,살아남는걸
살아남다,살아남는데
살아남다,살아남는지
살아남다,살아남으러
살아남다,살아남읍시다
쓸다,쓸거나
쓸다,쓸거늘
쓸다,쓸거니
쓸다,쓸거든
쓸다,쓸건
쓸다,쓸것다
쓸다,쓸게
쓸다,쓸겠
쓸다,쓸고
쓸다,쓸고말고
쓸다,쓸기로
쓸다,쓸기로니
쓸다,쓸기로서
쓸다,쓸기로서니
쓸다,쓸기에
쓸다,쓸네
쓸다,쓸니
쓸다,쓸다
쓸다,쓸다가
쓸다,쓸다가는
쓸다,쓸다간
쓸다,쓸다니
쓸다,쓸다마다
쓸다,쓸더니
쓸다,쓸더니라
쓸다,쓸더라
쓸다,쓸더라니까
쓸다,쓸더라도
쓸다,쓸더라며
쓸다,쓸더라면
쓸다,쓸더라면서
쓸다,쓸더람
쓸다,쓸던
쓸다,쓸던가
쓸다,쓸던데
쓸다,쓸던지
쓸다,쓸데
쓸다,쓸데요
쓸다,쓸도다
쓸다,쓸되
쓸다,쓸든
쓸다,쓸든지
쓸다,쓸듯
쓸다,쓸듯이
쓸다,쓸죠
쓸다,쓸지마는
쓸다,쓸지만
쓸다,쓸지요
쓸다,쓴걸
쓸다,쓴들
쓸다,쓰나마
쓸다,쓰니
쓸다,쓰니까
쓸다,쓸
쓸다,쓸걸
쓸다,쓸까
쓸다,쓸는지
쓸다,쓸라
쓸다,쓸라고
쓸다,쓸러니
쓸다,쓸러라
쓸다,쓸런고
쓸다,쓸망정
쓸다,쓸밖에
쓸다,쓸뿐더러
쓸다,쓸수록
쓸다,쓸지라도
쓸다,쓰며
쓸다,쓰면
쓸다,쓰면서
쓸다,쓰세요
쓸다,쓰셔요
쓸다,쓸지
쓸다,쓸건대
쓸다,쓸나니
쓸다,쓸느라
쓸다,쓸느라고
쓸다,쓸는구나
쓸다,쓸는군
쓸다,쓸도록
쓸다,쓸자
쓸다,쓸자고
쓸다,쓸자꾸나
쓸다,쓸자느니
쓸다,쓸자니까
쓸다,쓸자마자
쓸다,쓸자며
쓸다,쓸자면
쓸다,쓸자면서
쓸다,쓴
쓸다,쓴다
쓸다,쓴다고
쓸다,쓴다나
쓸다,쓴다네
쓸다,쓴다느니
쓸다,쓴다니
쓸다,쓴다니까
쓸다,쓴다더라
쓸다,쓴다며
쓸다,쓴다면
쓸다,쓴다면서
쓸다,쓴답니까
쓸다,쓴답니다
쓸다,쓴답시고
쓸다,쓴대
쓸다,쓴대요
쓸다,쓸래
쓸다,쓰라고
쓸다,쓰러
쓸다,쓰려
쓸다,씁시다
쓸다,쓰세
쓸다,쓰시라
쓸다,쓰십시다
쓸다,쓰십시오
쓸다,쓸고자
쓸다,쓸느냐
쓸다,쓸느냐고
쓸다,쓸느니
쓸다,쓸느니만
쓸다,쓸느니만큼
쓸다,쓸는
쓸다,쓸는걸
쓸다,쓸는데
부풀다,부풀거나
부풀다,부풀거늘
부풀다,부풀거니
부풀다,부풀거든
부풀다,부풀건
부풀다,부풀것다
부풀다,부풀게
부풀다,부풀겠
부풀다,부풀고
부풀다,부풀고말고
부풀다,부풀기로
부풀다,부풀기로니
부풀다,부풀기로서
부풀다,부풀기로서니
부풀다,부풀기에
부풀다,부풀네
부풀다,부풀니
부풀다,부풀다
부풀다,부풀다가
부풀다,부풀다가는
부풀다,부풀다간
부풀다,부풀다니
부풀다,부풀다마다
부풀다,부풀더니
부풀다,부풀더니라
부풀다,부풀더라
부풀다,부풀더라니까
부풀다,부풀더라도
부풀다,부풀더라며
부풀다,부풀더라면
부풀다,부풀더라면서
부풀다,부풀더람
부풀다,부풀던
부풀다,부풀던가
부풀다,부풀던데
부풀다,부풀던지
부풀다,부풀데
부풀다,부풀데요
부풀다,부풀도다
부풀다,부풀되
부풀다,부풀든
부풀다,부풀든지
부풀다,부풀듯
부풀다,부풀듯이
부풀다,부풀죠
부풀다,부풀지마는
부풀다,부풀지만
부풀다,부풀지요
부풀다,부푼걸
부풀다,부푼들
부풀다,부푸나마
부풀다,부푸니
부풀다,부푸니까
부풀다,부풀
부풀다,부풀걸
부풀다,부풀까
부풀다,부풀는지
부풀다,부풀라
부풀다,부풀라고
부풀다,부풀러니
부풀다,부풀러라
부풀다,부풀런고
부풀다,부풀망정
부풀다,부풀밖에
부풀다,부풀뿐더러
부풀다,부풀수록
부풀다,부풀지라도
부풀다,부푸며
부풀다,부푸면
부풀다,부푸면서
부풀다,부푸세요
부풀다,부푸셔요
부풀다,부풀지
부풀다,부풀건대
부풀다,부풀나니
부풀다,부풀느라
부풀다,부풀느라고
부풀다,부풀는구나
부풀다,부풀는군
부풀다,부풀도록
부풀다,부풀자
부풀다,부풀자고
부풀다,부풀자꾸나
부풀다,부풀자느니
부풀다,부풀자니까
부풀다,부풀자마자
부풀다,부풀자며
부풀다,부풀자면
부풀다,부풀자면서
부풀다,부푼
부풀다,부푼다
부풀다,부푼다고
부풀다,부푼다나
부풀다,부푼다네
부풀다,부푼다느니
부풀다,부푼다니
부풀다,부푼다니까
부풀다,부푼다더라
부풀다,부푼다며
부풀다,부푼다면
부풀다,부푼다면서
부풀다,부푼답니까
부풀다,부푼답니다
부풀다,부푼답시고
부풀다,부푼대
부풀다,부푼대요
부풀다,부풀래
부풀다,부푸라고
부풀다,부푸러
부풀다,부푸려
부풀다,부풉시다
부풀다,부푸세
부풀다,부푸시라
부풀다,부푸십시다
부풀다,부푸십시오
부풀다,부풀고자
부풀다,부풀느냐
부풀다,부풀느냐고
부풀다,부풀느니
부풀다,부풀느니만
부풀다,부풀느니만큼
부풀다,부풀는
부풀다,부풀는걸
부풀다,부풀는데
가르치다,가르치거나
가르치다,가르치거늘
가르치다,가르치거니
가르치다,가르치거든
가르치다,가르치건
가르치다,가르치것다
가르치다,가르치게
가르치다,가르치겠
가르치다,가르치고
가르치다,가르치고말고
가르치다,가르치기로
가르치다,가르치기로니
가르치다,가르치기로서
가르치다,가르치기로서니
가르치다,가르치기에
가르치다,가르치네
가르치다,가르치니
가르치다,가르치다
가르치다,가르치다가
가르치다,가르치다가는
가르치다,가르치다간
가르치다,가르치다니
가르치다,가르치다마다
가르치다,가르치더니
가르치다,가르치더니라
가르치다,가르치더라
가르치다,가르치더라니까
가르치다,가르치더라도
가르치다,가르치더라며
가르치다,가르치더라면
가르치다,가르치더라면서
가르치다,가르치더람
가르치다,가르치던
가르치다,가르치던가
가르치다,가르치던데
가르치다,가르치던지
가르치다,가르치데
가르치다,가르치데요
가르치다,가르치도다
가르치다,가르치되
가르치다,가르치든
가르치다,가르치든지
가르치다,가르치듯
가르치다,가르치듯이
가르치다,가르치죠
가르치다,가르치지마는
가르치다,가르치지만
가르치다,가르치지요
가르치다,가르친걸
가르치다,가르친들
가르치다,가르치나마
가르치다,가르치니까
가르치다,가르칠
가르치다,가르칠걸
가르치다,가르칠까
가르치다,가르칠는지
가르치다,가르칠라
가르치다,가르칠라고
가르치다,가르칠러니
가르치다,가르칠러라
가르치다,가르칠런고
가르치다,가르칠망정
가르치다,가르칠밖에
가르치다,가르칠뿐더러
가르치다,가르칠수록
가르치다,가르칠지라도
가르치다,가르치며
가르치다,가르치면
가르치다,가르치면서
가르치다,가르치세요
가르치다,가르치셔요
가르치다,가르치지
가르치다,가르치건대
가르치다,가르치나니
가르치다,가르치느라
가르치다,가르치느라고
가르치다,가르치는구나
가르치다,가르치는군
가르치다,가르치도록
가르치다,가르치자
가르치다,가르치자고
가르치다,가르치자꾸나
가르치다,가르치자느니
가르치다,가르치자니까
가르치다,가르치자마자
가르치다,가르치자며
가르치다,가르치자면
가르치다,가르치자면서
가르치다,가르친
가르치다,가르친다
가르치다,가르친다고
가르치다,가르친다나
가르치다,가르친다네
가르치다,가르친다느니
가르치다,가르친다니
가르치다,가르친다니까
가르치다,가르친다더라
가르치다,가르친다며
가르치다,가르친다면
가르치다,가르친다면서
가르치다,가르친답니까
가르치다,가르친답니다
가르치다,가르친답시고
가르치다,가르친대
가르치다,가르친대요
가르치다,가르칠거나
가르치다,가르칠게
가르치다,가르칠래
가르치다,가르치라고
가르치다,가르치러
가르치다,가르치려
가르치다,가르칩시다
가르치다,가르치세
가르치다,가르치시라
가르치다,가르치십시다
가르치다,가르치십시오
가르치다,가르치고자
가르치다,가르치느냐
가르치다,가르치느냐고
가르치다,가르치느니
가르치다,가르치느니만
가르치다,가르치느니만큼
가르치다,가르치는
가르치다,가르치는걸
가르치다,가르치는데
가르치다,가르치는지
찢다,찢거나
찢다,찢거늘
찢다,찢거니
찢다,찢거든
찢다,찢건
찢다,찢것다
찢다,찢게
찢다,찢겠
찢다,찢고
찢다,찢고말고
찢다,찢기로
찢다,찢기로니
찢다,찢기로서
찢다,찢기로서니
찢다,찢기에
찢다,찢네
찢다,찢니
찢다,찢다
찢다,찢다가
찢다,찢다가는
찢다,찢다간
찢다,찢다니
찢다,찢다마다
찢다,찢더니
찢다,찢더니라
찢다,찢더라
찢다,찢더라니까
찢다,찢더라도
찢다,찢더라며
찢다,찢더라면
찢다,찢더라면서
찢다,찢더람
찢다,찢던
찢다,찢던가
찢다,찢던데
찢다,찢던지
찢다,찢데
찢다,찢데요
찢다,찢도다
찢다,찢되
찢다,찢든
찢다,찢든지
찢다,찢듯
찢다,찢듯이
찢다,찢죠
찢다,찢지마는
찢다,찢지만
찢다,찢지요
찢다,찢지
찢다,찢을
찢다,찢을걸
찢다,찢을밖에
찢다,찢을수록
찢다,찢을지
찢다,찢을지며
찢다,찢음
찢다,찢음에도
찢다,찢읍시오
찢다,찢건대
찢다,찢나니
찢다,찢느라
찢다,찢느라고
찢다,찢는구나
찢다,찢는군
찢다,찢도록
찢다,찢자
찢다,찢자고
찢다,찢자꾸나
찢다,찢자느니
찢다,찢자니까
찢다,찢자마자
찢다,찢자며
찢다,찢자면
찢다,찢자면서
찢다,찢고자
찢다,찢느냐
찢다,찢느냐고
찢다,찢느니
찢다,찢느니만
찢다,찢느니만큼
찢다,찢는
찢다,찢는걸
찢다,찢는데
찢다,찢는지
찢다,찢으러
찢다,찢읍시다
뜯다,뜯거나
뜯다,뜯거늘
뜯다,뜯거니
뜯다,뜯거든
뜯다,뜯건
뜯다,뜯것다
뜯다,뜯게
뜯다,뜯겠
뜯다,뜯고
뜯다,뜯고말고
뜯다,뜯기로
뜯다,뜯기로니
뜯다,뜯기로서
뜯다,뜯기로서니
뜯다,뜯기에
뜯다,뜯네
뜯다,뜯니
뜯다,뜯다
뜯다,뜯다가
뜯다,뜯다가는
뜯다,뜯다간
뜯다,뜯다니
뜯다,뜯다마다
뜯다,뜯더니
뜯다,뜯더니라
뜯다,뜯더라
뜯다,뜯더라니까
뜯다,뜯더라도
뜯다,뜯더라며
뜯다,뜯더라면
뜯다,뜯더라면서
뜯다,뜯더람
뜯다,뜯던
뜯다,뜯던가
뜯다,뜯던데
뜯다,뜯던지
뜯다,뜯데
뜯다,뜯데요
뜯다,뜯도다
뜯다,뜯되
뜯다,뜯든
뜯다,뜯든지
뜯다,뜯듯
뜯다,뜯듯이
뜯다,뜯죠
뜯다,뜯지마는
뜯다,뜯지만
뜯다,뜯지요
뜯다,뜯지
뜯다,뜯을
뜯다,뜯을걸
뜯다,뜯을밖에
뜯다,뜯을수록
뜯다,뜯을지
뜯다,뜯을지며
뜯다,뜯음
뜯다,뜯음에도
뜯다,뜯읍시오
뜯다,뜯건대
뜯다,뜯나니
뜯다,뜯느라
뜯다,뜯느라고
뜯다,뜯는구나
뜯다,뜯는군
뜯다,뜯도록
뜯다,뜯자
뜯다,뜯자고
뜯다,뜯자꾸나
뜯다,뜯자느니
뜯다,뜯자니까
뜯다,뜯자마자
뜯다,뜯자며
뜯다,뜯자면
뜯다,뜯자면서
뜯다,뜯고자
뜯다,뜯느냐
뜯다,뜯느냐고
뜯다,뜯느니
뜯다,뜯느니만
뜯다,뜯느니만큼
뜯다,뜯는
뜯다,뜯는걸
뜯다,뜯는데
뜯다,뜯는지
뜯다,뜯으러
뜯다,뜯읍시다
보살피다,보살피거나
보살피다,보살피거늘
보살피다,보살피거니
보살피다,보살피거든
보살피다,보살피건
보살피다,보살피것다
보살피다,보살피게
보살피다,보살피겠
보살피다,보살피고
보살피다,보살피고말고
보살피다,보살피기로
보살피다,보살피기로니
보살피다,보살피기로서
보살피다,보살피기로서니
보살피다,보살피기에
보살피다,보살피네
보살피다,보살피니
보살피다,보살피다
보살피다,보살피다가
보살피다,보살피다가는
보살피다,보살피다간
보살피다,보살피다니
보살피다,보살피다마다
보살피다,보살피더니
보살피다,보살피더니라
보살피다,보살피더라
보살피다,보살피더라니까
보살피다,보살피더라도
보살피다,보살피더라며
보살피다,보살피더라면
보살피다,보살피더라면서
보살피다,보살피더람
보살피다,보살피던
보살피다,보살피던가
보살피다,보살피던데
보살피다,보살피던지
보살피다,보살피데
보살피다,보살피데요
보살피다,보살피도다
보살피다,보살피되
보살피다,보살피든
보살피다,보살피든지
보살피다,보살피듯
보살피다,보살피듯이
보살피다,보살피죠
보살피다,보살피지마는
보살피다,보살피지만
보살피다,보살피지요
보살피다,보살핀걸
보살피다,보살핀들
보살피다,보살피나마
보살피다,보살피니까
보살피다,보살필
보살피다,보살필걸
보살피다,보살필까
보살피다,보살필는지
보살피다,보살필라
보살피다,보살필라고
보살피다,보살필러니
보살피다,보살필러라
보살피다,보살필런고
보살피다,보살필망정
보살피다,보살필밖에
보살피다,보살필뿐더러
보살피다,보살필수록
보살피다,보살필지라도
보살피다,보살피며
보살피다,보살피면
보살피다,보살피면서
보살피다,보살피세요
보살피다,보살피셔요
보살피다,보살피지
보살피다,보살피건대
보살피다,보살피나니
보살피다,보살피느라
보살피다,보살피느라고
보살피다,보살피는구나
보살피다,보살피는군
보살피다,보살피도록
보살피다,보살피자
보살피다,보살피자고
보살피다,보살피자꾸나
보살피다,보살피자느니
보살피다,보살피자니까
보살피다,보살피자마자
보살피다,보살피자며
보살피다,보살피자면
보살피다,보살피자면서
보살피다,보살핀
보살피다,보살핀다
보살피다,보살핀다고
보살피다,보살핀다나
보살피다,보살핀다네
보살피다,보살핀다느니
보살피다,보살핀다니
보살피다,보살핀다니까
보살피다,보살핀다더라
보살피다,보살핀다며
보살피다,보살핀다면
보살피다,보살핀다면서
보살피다,보살핀답니까
보살피다,보살핀답니다
보살피다,보살핀답시고
보살피다,보살핀대
보살피다,보살핀대요
보살피다,보살필거나
보살피다,보살필게
보살피다,보살필래
보살피다,보살피라고
보살피다,보살피러
보살피다,보살피려
보살피다,보살핍시다
보살피다,보살피세
보살피다,보살피시라
보살피다,보살피십시다
보살피다,보살피십시오
보살피다,보살피고자
보살피다,보살피느냐
보살피다,보살피느냐고
보살피다,보살피느니
보살피다,보살피느니만
보살피다,보살피느니만큼
보살피다,보살피는
보살피다,보살피는걸
보살피다,보살피는데
보살피다,보살피는지
협박하다,협박하거나
협박하다,협박하거늘
협박하다,협박하거니
협박하다,협박하거든
협박하다,협박하건
협박하다,협박하것다
협박하다,협박하게
협박하다,협박하겠
협박하다,협박하고
협박하다,협박하고말고
협박하다,협박하기로
협박하다,협박하기로니
협박하다,협박하기로서
협박하다,협박하기로서니
협박하다,협박하기에
협박하다,협박하네
협박하다,협박하니
협박하다,협박하다
협박하다,협박하다가
협박하다,협박하다가는
협박하다,협박하다간
협박하다,협박하다니
협박하다,협박하다마다
협박하다,협박하더니
협박하다,협박하더니라
협박하다,협박하더라
협박하다,협박하더라니까
협박하다,협박하더라도
협박하다,협박하더라며
협박하다,협박하더라면
협박하다,협박하더라면서
협박하다,협박하더람
협박하다,협박하던
협박하다,협박하던가
협박하다,협박하던데
협박하다,협박하던지
협박하다,협박하데
협박하다,협박하데요
협박하다,협박하도다
협박하다,협박하되
협박하다,협박하든
협박하다,협박하든지
협박하다,협박하듯
협박하다,협박하듯이
협박하다,협박하죠
협박하다,협박하지마는
협박하다,협박하지만
협박하다,협박하지요
협박하다,협박한걸
협박하다,협박한들
협박하다,협박하나마
협박하다,협박하니까
협박하다,협박할
협박하다,협박할걸
협박하다,협박할까
협박하다,협박할는지
협박하다,협박할라
협박하다,협박할라고
협박하다,협박할러니
협박하다,협박할러라
협박하다,협박할런고
협박하다,협박할망정
협박하다,협박할밖에
협박하다,협박할뿐더러
협박하다,협박할수록
협박하다,협박할지라도
협박하다,협박하며
협박하다,협박하면
협박하다,협박하면서
협박하다,협박하세요
협박하다,협박하셔요
협박하다,협박하지
협박하다,협박하건대
협박하다,협박하나니
협박하다,협박하느라
협박하다,협박하느라고
협박하다,협박하는구나
협박하다,협박하는군
협박하다,협박하도록
협박하다,협박하자
협박하다,협박하자고
협박하다,협박하자꾸나
협박하다,협박하자느니
협박하다,협박하자니까
협박하다,협박하자마자
협박하다,협박하자며
협박하다,협박하자면
협박하다,협박하자면서
협박하다,협박한
협박하다,협박한다
협박하다,협박한다고
협박하다,협박한다나
협박하다,협박한다네
협박하다,협박한다느니
협박하다,협박한다니
협박하다,협박한다니까
협박하다,협박한다더라
협박하다,협박한다며
협박하다,협박한다면
협박하다,협박한다면서
협박하다,협박한답니까
협박하다,협박한답니다
협박하다,협박한답시고
협박하다,협박한대
협박하다,협박한대요
협박하다,협박할거나
협박하다,협박할게
협박하다,협박할래
협박하다,협박하라고
협박하다,협박하러
협박하다,협박하려
협박하다,협박합시다
협박하다,협박하세
협박하다,협박하시라
협박하다,협박하십시다
협박하다,협박하십시오
협박하다,협박하고자
협박하다,협박하느냐
협박하다,협박하느냐고
협박하다,협박하느니
협박하다,협박하느니만
협박하다,협박하느니만큼
협박하다,협박하는
협박하다,협박하는걸
협박하다,협박하는데
협박하다,협박하는지
던지다,던지거나
던지다,던지거늘
던지다,던지거니
던지다,던지거든
던지다,던지건
던지다,던지것다
던지다,던지게
던지다,던지겠
던지다,던지고
던지다,던지고말고
던지다,던지기로
던지다,던지기로니
던지다,던지기로서
던지다,던지기로서니
던지다,던지기에
던지다,던지네
던지다,던지니
던지다,던지다
던지다,던지다가
던지다,던지다가는
던지다,던지다간
던지다,던지다니
던지다,던지다마다
던지다,던지더니
던지다,던지더니라
던지다,던지더라
던지다,던지더라니까
던지다,던지더라도
던지다,던지더라며
던지다,던지더라면
던지다,던지더라면서
던지다,던지더람
던지다,던지던
던지다,던지던가
던지다,던지던데
던지다,던지던지
던지다,던지데
던지다,던지데요
던지다,던지도다
던지다,던지되
던지다,던지든
던지다,던지든지
던지다,던지듯
던지다,던지듯이
던지다,던지죠
던지다,던지지마는
던지다,던지지만
던지다,던지지요
던지다,던진걸
던지다,던진들
던지다,던지나마
던지다,던지니까
던지다,던질
던지다,던질걸
던지다,던질까
던지다,던질는지
던지다,던질라
던지다,던질라고
던지다,던질러니
던지다,던질러라
던지다,던질런고
던지다,던질망정
던지다,던질밖에
던지다,던질뿐더러
던지다,던질수록
던지다,던질지라도
던지다,던지며
던지다,던지면
던지다,던지면서
던지다,던지세요
던지다,던지셔요
던지다,던지지
던지다,던지건대
던지다,던지나니
던지다,던지느라
던지다,던지느라고
던지다,던지는구나
던지다,던지는군
던지다,던지도록
던지다,던지자
던지다,던지자고
던지다,던지자꾸나
던지다,던지자느니
던지다,던지자니까
던지다,던지자마자
던지다,던지자며
던지다,던지자면
던지다,던지자면서
던지다,던진
던지다,던진다
던지다,던진다고
던지다,던진다나
던지다,던진다네
던지다,던진다느니
던지다,던진다니
던지다,던진다니까
던지다,던진다더라
던지다,던진다며
던지다,던진다면
던지다,던진다면서
던지다,던진답니까
던지다,던진답니다
던지다,던진답시고
던지다,던진대
던지다,던진대요
던지다,던질거나
던지다,던질게
던지다,던질래
던지다,던지라고
던지다,던지러
던지다,던지려
던지다,던집시다
던지다,던지세
던지다,던지시라
던지다,던지십시다
던지다,던지십시오
던지다,던지고자
던지다,던지느냐
던지다,던지느냐고
던지다,던지느니
던지다,던지느니만
던지다,던지느니만큼
던지다,던지는
던지다,던지는걸
던지다,던지는데
던지다,던지는지
용인하다,용인하거나
용인하다,용인하거늘
용인하다,용인하거니
용인하다,용인하거든
용인하다,용인하건
용인하다,용인하것다
용인하다,용인하게
용인하다,용인하겠
용인하다,용인하고
용인하다,용인하고말고
용인하다,용인하기로
용인하다,용인하기로니
용인하다,용인하기로서
용인하다,용인하기로서니
용인하다,용인하기에
용인하다,용인하네
용인하다,용인하니
용인하다,용인하다
용인하다,용인하다가
용인하다,용인하다가는
용인하다,용인하다간
용인하다,용인하다니
용인하다,용인하다마다
용인하다,용인하더니
용인하다,용인하더니라
용인하다,용인하더라
용인하다,용인하더라니까
용인하다,용인하더라도
용인하다,용인하더라며
용인하다,용인하더라면
용인하다,용인하더라면서
용인하다,용인하더람
용인하다,용인하던
용인하다,용인하던가
용인하다,용인하던데
용인하다,용인하던지
용인하다,용인하데
용인하다,용인하데요
용인하다,용인하도다
용인하다,용인하되
용인하다,용인하든
용인하다,용인하든지
용인하다,용인하듯
용인하다,용인하듯이
용인하다,용인하죠
용인하다,용인하지마는
용인하다,용인하지만
용인하다,용인하지요
용인하다,용인한걸
용인하다,용인한들
용인하다,용인하나마
용인하다,용인하니까
용인하다,용인할
용인하다,용인할걸
용인하다,용인할까
용인하다,용인할는지
용인하다,용인할라
용인하다,용인할라고
용인하다,용인할러니
용인하다,용인할러라
용인하다,용인할런고
용인하다,용인할망정
용인하다,용인할밖에
용인하다,용인할뿐더러
용인하다,용인할수록
용인하다,용인할지라도
용인하다,용인하며
용인하다,용인하면
용인하다,용인하면서
용인하다,용인하세요
용인하다,용인하셔요
용인하다,용인하지
용인하다,용인하건대
용인하다,용인하나니
용인하다,용인하느라
용인하다,용인하느라고
용인하다,용인하는구나
용인하다,용인하는군
용인하다,용인하도록
용인하다,용인하자
용인하다,용인하자고
용인하다,용인하자꾸나
용인하다,용인하자느니
용인하다,용인하자니까
용인하다,용인하자마자
용인하다,용인하자며
용인하다,용인하자면
용인하다,용인하자면서
용인하다,용인한
용인하다,용인한다
용인하다,용인한다고
용인하다,용인한다나
용인하다,용인한다네
용인하다,용인한다느니
용인하다,용인한다니
용인하다,용인한다니까
용인하다,용인한다더라
용인하다,용인한다며
용인하다,용인한다면
용인하다,용인한다면서
용인하다,용인한답니까
용인하다,용인한답니다
용인하다,용인한답시고
용인하다,용인한대
용인하다,용인한대요
용인하다,용인할거나
용인하다,용인할게
용인하다,용인할래
용인하다,용인하라고
용인하다,용인하러
용인하다,용인하려
용인하다,용인합시다
용인하다,용인하세
용인하다,용인하시라
용인하다,용인하십시다
용인하다,용인하십시오
용인하다,용인하고자
용인하다,용인하느냐
용인하다,용인하느냐고
용인하다,용인하느니
용인하다,용인하느니만
용인하다,용인하느니만큼
용인하다,용인하는
용인하다,용인하는걸
용인하다,용인하는데
용인하다,용인하는지
통역하다,통역하거나
통역하다,통역하거늘
통역하다,통역하거니
통역하다,통역하거든
통역하다,통역하건
통역하다,통역하것다
통역하다,통역하게
통역하다,통역하겠
통역하다,통역하고
통역하다,통역하고말고
통역하다,통역하기로
통역하다,통역하기로니
통역하다,통역하기로서
통역하다,통역하기로서니
통역하다,통역하기에
통역하다,통역하네
통역하다,통역하니
통역하다,통역하다
통역하다,통역하다가
통역하다,통역하다가는
통역하다,통역하다간
통역하다,통역하다니
통역하다,통역하다마다
통역하다,통역하더니
통역하다,통역하더니라
통역하다,통역하더라
통역하다,통역하더라니까
통역하다,통역하더라도
통역하다,통역하더라며
통역하다,통역하더라면
통역하다,통역하더라면서
통역하다,통역하더람
통역하다,통역하던
통역하다,통역하던가
통역하다,통역하던데
통역하다,통역하던지
통역하다,통역하데
통역하다,통역하데요
통역하다,통역하도다
통역하다,통역하되
통역하다,통역하든
통역하다,통역하든지
통역하다,통역하듯
통역하다,통역하듯이
통역하다,통역하죠
통역하다,통역하지마는
통역하다,통역하지만
통역하다,통역하지요
통역하다,통역한걸
통역하다,통역한들
통역하다,통역하나마
통역하다,통역하니까
통역하다,통역할
통역하다,통역할걸
통역하다,통역할까
통역하다,통역할는지
통역하다,통역할라
통역하다,통역할라고
통역하다,통역할러니
통역하다,통역할러라
통역하다,통역할런고
통역하다,통역할망정
통역하다,통역할밖에
통역하다,통역할뿐더러
통역하다,통역할수록
통역하다,통역할지라도
통역하다,통역하며
통역하다,통역하면
통역하다,통역하면서
통역하다,통역하세요
통역하다,통역하셔요
통역하다,통역하지
통역하다,통역하건대
통역하다,통역하나니
통역하다,통역하느라
통역하다,통역하느라고
통역하다,통역하는구나
통역하다,통역하는군
통역하다,통역하도록
통역하다,통역하자
통역하다,통역하자고
통역하다,통역하자꾸나
통역하다,통역하자느니
통역하다,통역하자니까
통역하다,통역하자마자
통역하다,통역하자며
통역하다,통역하자면
통역하다,통역하자면서
통역하다,통역한
통역하다,통역한다
통역하다,통역한다고
통역하다,통역한다나
통역하다,통역한다네
통역하다,통역한다느니
통역하다,통역한다니
통역하다,통역한다니까
통역하다,통역한다더라
통역하다,통역한다며
통역하다,통역한다면
통역하다,통역한다면서
통역하다,통역한답니까
통역하다,통역한답니다
통역하다,통역한답시고
통역하다,통역한대
통역하다,통역한대요
통역하다,통역할거나
통역하다,통역할게
통역하다,통역할래
통역하다,통역하라고
통역하다,통역하러
통역하다,통역하려
통역하다,통역합시다
통역하다,통역하세
통역하다,통역하시라
통역하다,통역하십시다
통역하다,통역하십시오
통역하다,통역하고자
통역하다,통역하느냐
통역하다,통역하느냐고
통역하다,통역하느니
통역하다,통역하느니만
통역하다,통역하느니만큼
통역하다,통역하는
통역하다,통역하는걸
통역하다,통역하는데
통역하다,통역하는지
노력하다,노력하거나
노력하다,노력하거늘
노력하다,노력하거니
노력하다,노력하거든
노력하다,노력하건
노력하다,노력하것다
노력하다,노력하게
노력하다,노력하겠
노력하다,노력하고
노력하다,노력하고말고
노력하다,노력하기로
노력하다,노력하기로니
노력하다,노력하기로서
노력하다,노력하기로서니
노력하다,노력하기에
노력하다,노력하네
노력하다,노력하니
노력하다,노력하다
노력하다,노력하다가
노력하다,노력하다가는
노력하다,노력하다간
노력하다,노력하다니
노력하다,노력하다마다
노력하다,노력하더니
노력하다,노력하더니라
노력하다,노력하더라
노력하다,노력하더라니까
노력하다,노력하더라도
노력하다,노력하더라며
노력하다,노력하더라면
노력하다,노력하더라면서
노력하다,노력하더람
노력하다,노력하던
노력하다,노력하던가
노력하다,노력하던데
노력하다,노력하던지
노력하다,노력하데
노력하다,노력하데요
노력하다,노력하도다
노력하다,노력하되
노력하다,노력하든
노력하다,노력하든지
노력하다,노력하듯
노력하다,노력하듯이
노력하다,노력하죠
노력하다,노력하지마는
노력하다,노력하지만
노력하다,노력하지요
노력하다,노력한걸
노력하다,노력한들
노력하다,노력하나마
노력하다,노력하니까
노력하다,노력할
노력하다,노력할걸
노력하다,노력할까
노력하다,노력할는지
노력하다,노력할라
노력하다,노력할라고
노력하다,노력할러니
노력하다,노력할러라
노력하다,노력할런고
노력하다,노력할망정
노력하다,노력할밖에
노력하다,노력할뿐더러
노력하다,노력할수록
노력하다,노력할지라도
노력하다,노력하며
노력하다,노력하면
노력하다,노력하면서
노력하다,노력하세요
노력하다,노력하셔요
노력하다,노력하지
노력하다,노력하건대
노력하다,노력하나니
노력하다,노력하느라
노력하다,노력하느라고
노력하다,노력하는구나
노력하다,노력하는군
노력하다,노력하도록
노력하다,노력하자
노력하다,노력하자고
노력하다,노력하자꾸나
노력하다,노력하자느니
노력하다,노력하자니까
노력하다,노력하자마자
노력하다,노력하자며
노력하다,노력하자면
노력하다,노력하자면서
노력하다,노력한
노력하다,노력한다
노력하다,노력한다고
노력하다,노력한다나
노력하다,노력한다네
노력하다,노력한다느니
노력하다,노력한다니
노력하다,노력한다니까
노력하다,노력한다더라
노력하다,노력한다며
노력하다,노력한다면
노력하다,노력한다면서
노력하다,노력한답니까
노력하다,노력한답니다
노력하다,노력한답시고
노력하다,노력한대
노력하다,노력한대요
노력하다,노력할거나
노력하다,노력할게
노력하다,노력할래
노력하다,노력하라고
노력하다,노력하러
노력하다,노력하려
노력하다,노력합시다
노력하다,노력하세
노력하다,노력하시라
노력하다,노력하십시다
노력하다,노력하십시오
노력하다,노력하고자
노력하다,노력하느냐
노력하다,노력하느냐고
노력하다,노력하느니
노력하다,노력하느니만
노력하다,노력하느니만큼
노력하다,노력하는
노력하다,노력하는걸
노력하다,노력하는데
노력하다,노력하는지
잠그다,잠그거나
잠그다,잠그거늘
잠그다,잠그거니
잠그다,잠그거든
잠그다,잠그건
잠그다,잠그것다
잠그다,잠그게
잠그다,잠그겠
잠그다,잠그고
잠그다,잠그고말고
잠그다,잠그기로
잠그다,잠그기로니
잠그다,잠그기로서
잠그다,잠그기로서니
잠그다,잠그기에
잠그다,잠그네
잠그다,잠그니
잠그다,잠그다
잠그다,잠그다가
잠그다,잠그다가는
잠그다,잠그다간
잠그다,잠그다니
잠그다,잠그다마다
잠그다,잠그더니
잠그다,잠그더니라
잠그다,잠그더라
잠그다,잠그더라니까
잠그다,잠그더라도
잠그다,잠그더라며
잠그다,잠그더라면
잠그다,잠그더라면서
잠그다,잠그더람
잠그다,잠그던
잠그다,잠그던가
잠그다,잠그던데
잠그다,잠그던지
잠그다,잠그데
잠그다,잠그데요
잠그다,잠그도다
잠그다,잠그되
잠그다,잠그든
잠그다,잠그든지
잠그다,잠그듯
잠그다,잠그듯이
잠그다,잠그죠
잠그다,잠그지마는
잠그다,잠그지만
잠그다,잠그지요
잠그다,잠근걸
잠그다,잠근들
잠그다,잠그나마
잠그다,잠그니까
잠그다,잠글
잠그다,잠글걸
잠그다,잠글까
잠그다,잠글는지
잠그다,잠글라
잠그다,잠글라고
잠그다,잠글러니
잠그다,잠글러라
잠그다,잠글런고
잠그다,잠글망정
잠그다,잠글밖에
잠그다,잠글뿐더러
잠그다,잠글수록
잠그다,잠글지라도
잠그다,잠그며
잠그다,잠그면
잠그다,잠그면서
잠그다,잠그세요
잠그다,잠그셔요
잠그다,잠그지
잠그다,잠그건대
잠그다,잠그나니
잠그다,잠그느라
잠그다,잠그느라고
잠그다,잠그는구나
잠그다,잠그는군
잠그다,잠그도록
잠그다,잠그자
잠그다,잠그자고
잠그다,잠그자꾸나
잠그다,잠그자느니
잠그다,잠그자니까
잠그다,잠그자마자
잠그다,잠그자며
잠그다,잠그자면
잠그다,잠그자면서
잠그다,잠근
잠그다,잠근다
잠그다,잠근다고
잠그다,잠근다나
잠그다,잠근다네
잠그다,잠근다느니
잠그다,잠근다니
잠그다,잠근다니까
잠그다,잠근다더라
잠그다,잠근다며
잠그다,잠근다면
잠그다,잠근다면서
잠그다,잠근답니까
잠그다,잠근답니다
잠그다,잠근답시고
잠그다,잠근대
잠그다,잠근대요
잠그다,잠글거나
잠그다,잠글게
잠그다,잠글래
잠그다,잠그라고
잠그다,잠그러
잠그다,잠그려
잠그다,잠급시다
잠그다,잠그세
잠그다,잠그시라
잠그다,잠그십시다
잠그다,잠그십시오
잠그다,잠그고자
잠그다,잠그느냐
잠그다,잠그느냐고
잠그다,잠그느니
잠그다,잠그느니만
잠그다,잠그느니만큼
잠그다,잠그는
잠그다,잠그는걸
잠그다,잠그는데
잠그다,잠그는지
끄다,끄거나
끄다,끄거늘
끄다,끄거니
끄다,끄거든
끄다,끄건
끄다,끄것다
끄다,끄게
끄다,끄겠
끄다,끄고
끄다,끄고말고
끄다,끄기로
끄다,끄기로니
끄다,끄기로서
끄다,끄기로서니
끄다,끄기에
끄다,끄네
끄다,끄니
끄다,끄다
끄다,끄다가
끄다,끄다가는
끄다,끄다간
끄다,끄다니
끄다,끄다마다
끄다,끄더니
끄다,끄더니라
끄다,끄더라
끄다,끄더라니까
끄다,끄더라도
끄다,끄더라며
끄다,끄더라면
끄다,끄더라면서
끄다,끄더람
끄다,끄던
끄다,끄던가
끄다,끄던데
끄다,끄던지
끄다,끄데
끄다,끄데요
끄다,끄도다
끄다,끄되
끄다,끄든
끄다,끄든지
끄다,끄듯
끄다,끄듯이
끄다,끄죠
끄다,끄지마는
끄다,끄지만
끄다,끄지요
끄다,끈걸
끄다,끈들
끄다,끄나마
끄다,끄니까
끄다,끌
끄다,끌걸
끄다,끌까
끄다,끌는지
끄다,끌라
끄다,끌라고
끄다,끌러니
끄다,끌러라
끄다,끌런고
끄다,끌망정
끄다,끌밖에
끄다,끌뿐더러
끄다,끌수록
끄다,끌지라도
끄다,끄며
끄다,끄면
끄다,끄면서
끄다,끄세요
끄다,끄셔요
끄다,끄지
끄다,끄건대
끄다,끄나니
끄다,끄느라
끄다,끄느라고
끄다,끄는구나
끄다,끄는군
끄다,끄도록
끄다,끄자
끄다,끄자고
끄다,끄자꾸나
끄다,끄자느니
끄다,끄자니까
끄다,끄자마자
끄다,끄자며
끄다,끄자면
끄다,끄자면서
끄다,끈
끄다,끈다
끄다,끈다고
끄다,끈다나
끄다,끈다네
끄다,끈다느니
끄다,끈다니
끄다,끈다니까
끄다,끈다더라
끄다,끈다며
끄다,끈다면
끄다,끈다면서
끄다,끈답니까
끄다,끈답니다
끄다,끈답시고
끄다,끈대
끄다,끈대요
끄다,끌거나
끄다,끌게
끄다,끌래
끄다,끄라고
끄다,끄러
끄다,끄려
끄다,끕시다
끄다,끄세
끄다,끄시라
끄다,끄십시다
끄다,끄십시오
끄다,끄고자
끄다,끄느냐
끄다,끄느냐고
끄다,끄느니
끄다,끄느니만
끄다,끄느니만큼
끄다,끄는
끄다,끄는걸
끄다,끄는데
끄다,끄는지
이해하다,이해하거나
이해하다,이해하거늘
이해하다,이해하거니
이해하다,이해하거든
이해하다,이해하건
이해하다,이해하것다
이해하다,이해하게
이해하다,이해하겠
이해하다,이해하고
이해하다,이해하고말고
이해하다,이해하기로
이해하다,이해하기로니
이해하다,이해하기로서
이해하다,이해하기로서니
이해하다,이해하기에
이해하다,이해하네
이해하다,이해하니
이해하다,이해하다
이해하다,이해하다가
이해하다,이해하다가는
이해하다,이해하다간
이해하다,이해하다니
이해하다,이해하다마다
이해하다,이해하더니
이해하다,이해하더니라
이해하다,이해하더라
이해하다,이해하더라니까
이해하다,이해하더라도
이해하다,이해하더라며
이해하다,이해하더라면
이해하다,이해하더라면서
이해하다,이해하더람
이해하다,이해하던
이해하다,이해하던가
이해하다,이해하던데
이해하다,이해하던지
이해하다,이해하데
이해하다,이해하데요
이해하다,이해하도다
이해하다,이해하되
이해하다,이해하든
이해하다,이해하든지
이해하다,이해하듯
이해하다,이해하듯이
이해하다,이해하죠
이해하다,이해하지마는
이해하다,이해하지만
이해하다,이해하지요
이해하다,이해한걸
이해하다,이해한들
이해하다,이해하나마
이해하다,이해하니까
이해하다,이해할
이해하다,이해할걸
이해하다,이해할까
이해하다,이해할는지
이해하다,이해할라
이해하다,이해할라고
이해하다,이해할러니
이해하다,이해할러라
이해하다,이해할런고
이해하다,이해할망정
이해하다,이해할밖에
이해하다,이해할뿐더러
이해하다,이해할수록
이해하다,이해할지라도
이해하다,이해하며
이해하다,이해하면
이해하다,이해하면서
이해하다,이해하세요
이해하다,이해하셔요
이해하다,이해하지
이해하다,이해하건대
이해하다,이해하나니
이해하다,이해하느라
이해하다,이해하느라고
이해하다,이해하는구나
이해하다,이해하는군
이해하다,이해하도록
이해하다,이해하자
이해하다,이해하자고
이해하다,이해하자꾸나
이해하다,이해하자느니
이해하다,이해하자니까
이해하다,이해하자마자
이해하다,이해하자며
이해하다,이해하자면
이해하다,이해하자면서
이해하다,이해한
이해하다,이해한다
이해하다,이해한다고
이해하다,이해한다나
이해하다,이해한다네
이해하다,이해한다느니
이해하다,이해한다니
이해하다,이해한다니까
이해하다,이해한다더라
이해하다,이해한다며
이해하다,이해한다면
이해하다,이해한다면서
이해하다,이해한답니까
이해하다,이해한답니다
이해하다,이해한답시고
이해하다,이해한대
이해하다,이해한대요
이해하다,이해할거나
이해하다,이해할게
이해하다,이해할래
이해하다,이해하라고
이해하다,이해하러
이해하다,이해하려
이해하다,이해합시다
이해하다,이해하세
이해하다,이해하시라
이해하다,이해하십시다
이해하다,이해하십시오
이해하다,이해하고자
이해하다,이해하느냐
이해하다,이해하느냐고
이해하다,이해하느니
이해하다,이해하느니만
이해하다,이해하느니만큼
이해하다,이해하는
이해하다,이해하는걸
이해하다,이해하는데
이해하다,이해하는지
청소하다,청소하거나
청소하다,청소하거늘
청소하다,청소하거니
청소하다,청소하거든
청소하다,청소하건
청소하다,청소하것다
청소하다,청소하게
청소하다,청소하겠
청소하다,청소하고
청소하다,청소하고말고
청소하다,청소하기로
청소하다,청소하기로니
청소하다,청소하기로서
청소하다,청소하기로서니
청소하다,청소하기에
청소하다,청소하네
청소하다,청소하니
청소하다,청소하다
청소하다,청소하다가
청소하다,청소하다가는
청소하다,청소하다간
청소하다,청소하다니
청소하다,청소하다마다
청소하다,청소하더니
청소하다,청소하더니라
청소하다,청소하더라
청소하다,청소하더라니까
청소하다,청소하더라도
청소하다,청소하더라며
청소하다,청소하더라면
청소하다,청소하더라면서
청소하다,청소하더람
청소하다,청소하던
청소하다,청소하던가
청소하다,청소하던데
청소하다,청소하던지
청소하다,청소하데
청소하다,청소하데요
청소하다,청소하도다
청소하다,청소하되
청소하다,청소하든
청소하다,청소하든지
청소하다,청소하듯
청소하다,청소하듯이
청소하다,청소하죠
청소하다,청소하지마는
청소하다,청소하지만
청소하다,청소하지요
청소하다,청소한걸
청소하다,청소한들
청소하다,청소하나마
청소하다,청소하니까
청소하다,청소할
청소하다,청소할걸
청소하다,청소할까
청소하다,청소할는지
청소하다,청소할라
청소하다,청소할라고
청소하다,청소할러니
청소하다,청소할러라
청소하다,청소할런고
청소하다,청소할망정
청소하다,청소할밖에
청소하다,청소할뿐더러
청소하다,청소할수록
청소하다,청소할지라도
청소하다,청소하며
청소하다,청소하면
청소하다,청소하면서
청소하다,청소하세요
청소하다,청소하셔요
청소하다,청소하지
청소하다,청소하건대
청소하다,청소하나니
청소하다,청소하느라
청소하다,청소하느라고
청소하다,청소하는구나
청소하다,청소하는군
청소하다,청소하도록
청소하다,청소하자
청소하다,청소하자고
청소하다,청소하자꾸나
청소하다,청소하자느니
청소하다,청소하자니까
청소하다,청소하자마자
청소하다,청소하자며
청소하다,청소하자면
청소하다,청소하자면서
청소하다,청소한
청소하다,청소한다
청소하다,청소한다고
청소하다,청소한다나
청소하다,청소한다네
청소하다,청소한다느니
청소하다,청소한다니
청소하다,청소한다니까
청소하다,청소한다더라
청소하다,청소한다며
청소하다,청소한다면
청소하다,청소한다면서
청소하다,청소한답니까
청소하다,청소한답니다
청소하다,청소한답시고
청소하다,청소한대
청소하다,청소한대요
청소하다,청소할거나
청소하다,청소할게
청소하다,청소할래
청소하다,청소하라고
청소하다,청소하러
청소하다,청소하려
청소하다,청소합시다
청소하다,청소하세
청소하다,청소하시라
청소하다,청소하십시다
청소하다,청소하십시오
청소하다,청소하고자
청소하다,청소하느냐
청소하다,청소하느냐고
청소하다,청소하느니
청소하다,청소하느니만
청소하다,청소하느니만큼
청소하다,청소하는
청소하다,청소하는걸
청소하다,청소하는데
청소하다,청소하는지
알아듣다,알아듣거나
알아듣다,알아듣거늘
알아듣다,알아듣거니
알아듣다,알아듣거든
알아듣다,알아듣건
알아듣다,알아듣것다
알아듣다,알아듣게
알아듣다,알아듣겠
알아듣다,알아듣고
알아듣다,알아듣고말고
알아듣다,알아듣기로
알아듣다,알아듣기로니
알아듣다,알아듣기로서
알아듣다,알아듣기로서니
알아듣다,알아듣기에
알아듣다,알아듣네
알아듣다,알아듣니
알아듣다,알아듣다
알아듣다,알아듣다가
알아듣다,알아듣다가는
알아듣다,알아듣다간
알아듣다,알아듣다니
알아듣다,알아듣다마다
알아듣다,알아듣더니
알아듣다,알아듣더니라
알아듣다,알아듣더라
알아듣다,알아듣더라니까
알아듣다,알아듣더라도
알아듣다,알아듣더라며
알아듣다,알아듣더라면
알아듣다,알아듣더라면서
알아듣다,알아듣더람
알아듣다,알아듣던
알아듣다,알아듣던가
알아듣다,알아듣던데
알아듣다,알아듣던지
알아듣다,알아듣데
알아듣다,알아듣데요
알아듣다,알아듣도다
알아듣다,알아듣되
알아듣다,알아듣든
알아듣다,알아듣든지
알아듣다,알아듣듯
알아듣다,알아듣듯이
알아듣다,알아듣죠
알아듣다,알아듣지마는
알아듣다,알아듣지만
알아듣다,알아듣지요
알아듣다,알아듣지
알아듣다,알아들을
알아듣다,알아들을걸
알아듣다,알아들을밖에
알아듣다,알아들을수록
알아듣다,알아들을지
알아듣다,알아들을지며
알아듣다,알아들음
알아듣다,알아들음에도
알아듣다,알아들읍시오
알아듣다,알아듣건대
알아듣다,알아듣나니
알아듣다,알아듣느라
알아듣다,알아듣느라고
알아듣다,알아듣는구나
알아듣다,알아듣는군
알아듣다,알아듣도록
알아듣다,알아듣자
알아듣다,알아듣자고
알아듣다,알아듣자꾸나
알아듣다,알아듣자느니
알아듣다,알아듣자니까
알아듣다,알아듣자마자
알아듣다,알아듣자며
알아듣다,알아듣자면
알아듣다,알아듣자면서
알아듣다,알아듣고자
알아듣다,알아듣느냐
알아듣다,알아듣느냐고
알아듣다,알아듣느니
알아듣다,알아듣느니만
알아듣다,알아듣느니만큼
알아듣다,알아듣는
알아듣다,알아듣는걸
알아듣다,알아듣는데
알아듣다,알아듣는지
알아듣다,알아들으러
알아듣다,알아들읍시다
기다리다,기다리거나
기다리다,기다리거늘
기다리다,기다리거니
기다리다,기다리거든
기다리다,기다리건
기다리다,기다리것다
기다리다,기다리게
기다리다,기다리겠
기다리다,기다리고
기다리다,기다리고말고
기다리다,기다리기로
기다리다,기다리기로니
기다리다,기다리기로서
기다리다,기다리기로서니
기다리다,기다리기에
기다리다,기다리네
기다리다,기다리니
기다리다,기다리다
기다리다,기다리다가
기다리다,기다리다가는
기다리다,기다리다간
기다리다,기다리다니
기다리다,기다리다마다
기다리다,기다리더니
기다리다,기다리더니라
기다리다,기다리더라
기다리다,기다리더라니까
기다리다,기다리더라도
기다리다,기다리더라며
기다리다,기다리더라면
기다리다,기다리더라면서
기다리다,기다리더람
기다리다,기다리던
기다리다,기다리던가
기다리다,기다리던데
기다리다,기다리던지
기다리다,기다리데
기다리다,기다리데요
기다리다,기다리도다
기다리다,기다리되
기다리다,기다리든
기다리다,기다리든지
기다리다,기다리듯
기다리다,기다리듯이
기다리다,기다리죠
기다리다,기다리지마는
기다리다,기다리지만
기다리다,기다리지요
기다리다,기다린걸
기다리다,기다린들
기다리다,기다리나마
기다리다,기다리니까
기다리다,기다릴
기다리다,기다릴걸
기다리다,기다릴까
기다리다,기다릴는지
기다리다,기다릴라
기다리다,기다릴라고
기다리다,기다릴러니
기다리다,기다릴러라
기다리다,기다릴런고
기다리다,기다릴망정
기다리다,기다릴밖에
기다리다,기다릴뿐더러
기다리다,기다릴수록
기다리다,기다릴지라도
기다리다,기다리며
기다리다,기다리면
기다리다,기다리면서
기다리다,기다리세요
기다리다,기다리셔요
기다리다,기다리지
기다리다,기다리건대
기다리다,기다리나니
기다리다,기다리느라
기다리다,기다리느라고
기다리다,기다리는구나
기다리다,기다리는군
기다리다,기다리도록
기다리다,기다리자
기다리다,기다리자고
기다리다,기다리자꾸나
기다리다,기다리자느니
기다리다,기다리자니까
기다리다,기다리자마자
기다리다,기다리자며
기다리다,기다리자면
기다리다,기다리자면서
기다리다,기다린
기다리다,기다린다
기다리다,기다린다고
기다리다,기다린다나
기다리다,기다린다네
기다리다,기다린다느니
기다리다,기다린다니
기다리다,기다린다니까
기다리다,기다린다더라
기다리다,기다린다며
기다리다,기다린다면
기다리다,기다린다면서
기다리다,기다린답니까
기다리다,기다린답니다
기다리다,기다린답시고
기다리다,기다린대
기다리다,기다린대요
기다리다,기다릴거나
기다리다,기다릴게
기다리다,기다릴래
기다리다,기다리라고
기다리다,기다리러
기다리다,기다리려
기다리다,기다립시다
기다리다,기다리세
기다리다,기다리시라
기다리다,기다리십시다
기다리다,기다리십시오
기다리다,기다리고자
기다리다,기다리느냐
기다리다,기다리느냐고
기다리다,기다리느니
기다리다,기다리느니만
기다리다,기다리느니만큼
기다리다,기다리는
기다리다,기다리는걸
기다리다,기다리는데
기다리다,기다리는지
데리고 가다,가거나
데리고 가다,가거늘
데리고 가다,가거니
데리고 가다,가거든
데리고 가다,가건
데리고 가다,가것다
데리고 가다,가게
데리고 가다,가겠
데리고 가다,가고
데리고 가다,가고말고
데리고 가다,가기로
데리고 가다,가기로니
데리고 가다,가기로서
데리고 가다,가기로서니
데리고 가다,가기에
데리고 가다,가네
데리고 가다,가니
데리고 가다,가다
데리고 가다,가다가
데리고 가다,가다가는
데리고 가다,가다간
데리고 가다,가다니
데리고 가다,가다마다
데리고 가다,가더니
데리고 가다,가더니라
데리고 가다,가더라
데리고 가다,가더라니까
데리고 가다,가더라도
데리고 가다,가더라며
데리고 가다,가더라면
데리고 가다,가더라면서
데리고 가다,가더람
데리고 가다,가던
데리고 가다,가던가
데리고 가다,가던데
데리고 가다,가던지
데리고 가다,가데
데리고 가다,가데요
데리고 가다,가도다
데리고 가다,가되
데리고 가다,가든
데리고 가다,가든지
데리고 가다,가듯
데리고 가다,가듯이
데리고 가다,가죠
데리고 가다,가지마는
데리고 가다,가지만
데리고 가다,가지요
데리고 가다,간걸
데리고 가다,간들
데리고 가다,가나마
데리고 가다,가니까
데리고 가다,갈
데리고 가다,갈걸
데리고 가다,갈까
데리고 가다,갈는지
데리고 가다,갈라
데리고 가다,갈라고
데리고 가다,갈러니
데리고 가다,갈러라
데리고 가다,갈런고
데리고 가다,갈망정
데리고 가다,갈밖에
데리고 가다,갈뿐더러
데리고 가다,갈수록
데리고 가다,갈지라도
데리고 가다,가며
데리고 가다,가면
데리고 가다,가면서
데리고 가다,가세요
데리고 가다,가셔요
데리고 가다,가지
데리고 가다,가도
데리고 가다,가서
데리고 가다,가야
데리고 가다,가야만
데리고 가다,가야지
데리고 가다,가요
데리고 가다,가건대
데리고 가다,가나니
데리고 가다,가느라
데리고 가다,가느라고
데리고 가다,가는구나
데리고 가다,가는군
데리고 가다,가도록
데리고 가다,가자
데리고 가다,가자고
데리고 가다,가자꾸나
데리고 가다,가자느니
데리고 가다,가자니까
데리고 가다,가자마자
데리고 가다,가자며
데리고 가다,가자면
데리고 가다,가자면서
데리고 가다,간
데리고 가다,간다
데리고 가다,간다고
데리고 가다,간다나
데리고 가다,간다네
데리고 가다,간다느니
데리고 가다,간다니
데리고 가다,간다니까
데리고 가다,간다더라
데리고 가다,간다며
데리고 가다,간다면
데리고 가다,간다면서
데리고 가다,간답니까
데리고 가다,간답니다
데리고 가다,간답시고
데리고 가다,간대
데리고 가다,간대요
데리고 가다,갈거나
데리고 가다,갈게
데리고 가다,갈래
데리고 가다,가라고
데리고 가다,가러
데리고 가다,가려
데리고 가다,갑시다
데리고 가다,가세
데리고 가다,가시라
데리고 가다,가십시다
데리고 가다,가십시오
데리고 가다,가고자
데리고 가다,가느냐
데리고 가다,가느냐고
데리고 가다,가느니
데리고 가다,가느니만
데리고 가다,가느니만큼
데리고 가다,가는
데리고 가다,가는걸
데리고 가다,가는데
데리고 가다,가는지
걸어가다,걸어가거나
걸어가다,걸어가거늘
걸어가다,걸어가거니
걸어가다,걸어가거든
걸어가다,걸어가건
걸어가다,걸어가것다
걸어가다,걸어가게
걸어가다,걸어가겠
걸어가다,걸어가고
걸어가다,걸어가고말고
걸어가다,걸어가기로
걸어가다,걸어가기로니
걸어가다,걸어가기로서
걸어가다,걸어가기로서니
걸어가다,걸어가기에
걸어가다,걸어가네
걸어가다,걸어가니
걸어가다,걸어가다
걸어가다,걸어가다가
걸어가다,걸어가다가는
걸어가다,걸어가다간
걸어가다,걸어가다니
걸어가다,걸어가다마다
걸어가다,걸어가더니
걸어가다,걸어가더니라
걸어가다,걸어가더라
걸어가다,걸어가더라니까
걸어가다,걸어가더라도
걸어가다,걸어가더라며
걸어가다,걸어가더라면
걸어가다,걸어가더라면서
걸어가다,걸어가더람
걸어가다,걸어가던
걸어가다,걸어가던가
걸어가다,걸어가던데
걸어가다,걸어가던지
걸어가다,걸어가데
걸어가다,걸어가데요
걸어가다,걸어가도다
걸어가다,걸어가되
걸어가다,걸어가든
걸어가다,걸어가든지
걸어가다,걸어가듯
걸어가다,걸어가듯이
걸어가다,걸어가죠
걸어가다,걸어가지마는
걸어가다,걸어가지만
걸어가다,걸어가지요
걸어가다,걸어간걸
걸어가다,걸어간들
걸어가다,걸어가나마
걸어가다,걸어가니까
걸어가다,걸어갈
걸어가다,걸어갈걸
걸어가다,걸어갈까
걸어가다,걸어갈는지
걸어가다,걸어갈라
걸어가다,걸어갈라고
걸어가다,걸어갈러니
걸어가다,걸어갈러라
걸어가다,걸어갈런고
걸어가다,걸어갈망정
걸어가다,걸어갈밖에
걸어가다,걸어갈뿐더러
걸어가다,걸어갈수록
걸어가다,걸어갈지라도
걸어가다,걸어가며
걸어가다,걸어가면
걸어가다,걸어가면서
걸어가다,걸어가세요
걸어가다,걸어가셔요
걸어가다,걸어가지
걸어가다,걸어가도
걸어가다,걸어가서
걸어가다,걸어가야
걸어가다,걸어가야만
걸어가다,걸어가야지
걸어가다,걸어가요
걸어가다,걸어가건대
걸어가다,걸어가나니
걸어가다,걸어가느라
걸어가다,걸어가느라고
걸어가다,걸어가는구나
걸어가다,걸어가는군
걸어가다,걸어가도록
걸어가다,걸어가자
걸어가다,걸어가자고
걸어가다,걸어가자꾸나
걸어가다,걸어가자느니
걸어가다,걸어가자니까
걸어가다,걸어가자마자
걸어가다,걸어가자며
걸어가다,걸어가자면
걸어가다,걸어가자면서
걸어가다,걸어간
걸어가다,걸어간다
걸어가다,걸어간다고
걸어가다,걸어간다나
걸어가다,걸어간다네
걸어가다,걸어간다느니
걸어가다,걸어간다니
걸어가다,걸어간다니까
걸어가다,걸어간다더라
걸어가다,걸어간다며
걸어가다,걸어간다면
걸어가다,걸어간다면서
걸어가다,걸어간답니까
걸어가다,걸어간답니다
걸어가다,걸어간답시고
걸어가다,걸어간대
걸어가다,걸어간대요
걸어가다,걸어갈거나
걸어가다,걸어갈게
걸어가다,걸어갈래
걸어가다,걸어가라고
걸어가다,걸어가러
걸어가다,걸어가려
걸어가다,걸어갑시다
걸어가다,걸어가세
걸어가다,걸어가시라
걸어가다,걸어가십시다
걸어가다,걸어가십시오
걸어가다,걸어가고자
걸어가다,걸어가느냐
걸어가다,걸어가느냐고
걸어가다,걸어가느니
걸어가다,걸어가느니만
걸어가다,걸어가느니만큼
걸어가다,걸어가는
걸어가다,걸어가는걸
걸어가다,걸어가는데
걸어가다,걸어가는지
지켜보다,지켜보거나
지켜보다,지켜보거늘
지켜보다,지켜보거니
지켜보다,지켜보거든
지켜보다,지켜보건
지켜보다,지켜보것다
지켜보다,지켜보게
지켜보다,지켜보겠
지켜보다,지켜보고
지켜보다,지켜보고말고
지켜보다,지켜보기로
지켜보다,지켜보기로니
지켜보다,지켜보기로서
지켜보다,지켜보기로서니
지켜보다,지켜보기에
지켜보다,지켜보네
지켜보다,지켜보니
지켜보다,지켜보다
지켜보다,지켜보다가
지켜보다,지켜보다가는
지켜보다,지켜보다간
지켜보다,지켜보다니
지켜보다,지켜보다마다
지켜보다,지켜보더니
지켜보다,지켜보더니라
지켜보다,지켜보더라
지켜보다,지켜보더라니까
지켜보다,지켜보더라도
지켜보다,지켜보더라며
지켜보다,지켜보더라면
지켜보다,지켜보더라면서
지켜보다,지켜보더람
지켜보다,지켜보던
지켜보다,지켜보던가
지켜보다,지켜보던데
지켜보다,지켜보던지
지켜보다,지켜보데
지켜보다,지켜보데요
지켜보다,지켜보도다
지켜보다,지켜보되
지켜보다,지켜보든
지켜보다,지켜보든지
지켜보다,지켜보듯
지켜보다,지켜보듯이
지켜보다,지켜보죠
지켜보다,지켜보지마는
지켜보다,지켜보지만
지켜보다,지켜보지요
지켜보다,지켜본걸
지켜보다,지켜본들
지켜보다,지켜보나마
지켜보다,지켜보니까
지켜보다,지켜볼
지켜보다,지켜볼걸
지켜보다,지켜볼까
지켜보다,지켜볼는지
지켜보다,지켜볼라
지켜보다,지켜볼라고
지켜보다,지켜볼러니
지켜보다,지켜볼러라
지켜보다,지켜볼런고
지켜보다,지켜볼망정
지켜보다,지켜볼밖에
지켜보다,지켜볼뿐더러
지켜보다,지켜볼수록
지켜보다,지켜볼지라도
지켜보다,지켜보며
지켜보다,지켜보면
지켜보다,지켜보면서
지켜보다,지켜보세요
지켜보다,지켜보셔요
지켜보다,지켜보지
지켜보다,지켜보아도/지켜봐도
지켜보다,지켜보아서/지켜봐서
지켜보다,지켜보아야/지켜봐야
지켜보다,지켜보아야만/지켜봐야만
지켜보다,지켜보아야지/지켜봐야지
지켜보다,지켜보아요/지켜봐요
지켜보다,지켜보건대
지켜보다,지켜보나니
지켜보다,지켜보느라
지켜보다,지켜보느라고
지켜보다,지켜보는구나
지켜보다,지켜보는군
지켜보다,지켜보도록
지켜보다,지켜보자
지켜보다,지켜보자고
지켜보다,지켜보자꾸나
지켜보다,지켜보자느니
지켜보다,지켜보자니까
지켜보다,지켜보자마자
지켜보다,지켜보자며
지켜보다,지켜보자면
지켜보다,지켜보자면서
지켜보다,지켜본
지켜보다,지켜본다
지켜보다,지켜본다고
지켜보다,지켜본다나
지켜보다,지켜본다네
지켜보다,지켜본다느니
지켜보다,지켜본다니
지켜보다,지켜본다니까
지켜보다,지켜본다더라
지켜보다,지켜본다며
지켜보다,지켜본다면
지켜보다,지켜본다면서
지켜보다,지켜본답니까
지켜보다,지켜본답니다
지켜보다,지켜본답시고
지켜보다,지켜본대
지켜보다,지켜본대요
지켜보다,지켜볼거나
지켜보다,지켜볼게
지켜보다,지켜볼래
지켜보다,지켜보라고
지켜보다,지켜보러
지켜보다,지켜보려
지켜보다,지켜봅시다
지켜보다,지켜보세
지켜보다,지켜보시라
지켜보다,지켜보십시다
지켜보다,지켜보십시오
지켜보다,지켜보아다/지켜봐다
지켜보다,지켜보아다가/지켜봐다가
지켜보다,지켜보고자
지켜보다,지켜보느냐
지켜보다,지켜보느냐고
지켜보다,지켜보느니
지켜보다,지켜보느니만
지켜보다,지켜보느니만큼
지켜보다,지켜보는
지켜보다,지켜보는걸
지켜보다,지켜보는데
지켜보다,지켜보는지
흔들다,흔들거나
흔들다,흔들거늘
흔들다,흔들거니
흔들다,흔들거든
흔들다,흔들건
흔들다,흔들것다
흔들다,흔들게
흔들다,흔들겠
흔들다,흔들고
흔들다,흔들고말고
흔들다,흔들기로
흔들다,흔들기로니
흔들다,흔들기로서
흔들다,흔들기로서니
흔들다,흔들기에
흔들다,흔들네
흔들다,흔들니
흔들다,흔들다
흔들다,흔들다가
흔들다,흔들다가는
흔들다,흔들다간
흔들다,흔들다니
흔들다,흔들다마다
흔들다,흔들더니
흔들다,흔들더니라
흔들다,흔들더라
흔들다,흔들더라니까
흔들다,흔들더라도
흔들다,흔들더라며
흔들다,흔들더라면
흔들다,흔들더라면서
흔들다,흔들더람
흔들다,흔들던
흔들다,흔들던가
흔들다,흔들던데
흔들다,흔들던지
흔들다,흔들데
흔들다,흔들데요
흔들다,흔들도다
흔들다,흔들되
흔들다,흔들든
흔들다,흔들든지
흔들다,흔들듯
흔들다,흔들듯이
흔들다,흔들죠
흔들다,흔들지마는
흔들다,흔들지만
흔들다,흔들지요
흔들다,흔든걸
흔들다,흔든들
흔들다,흔드나마
흔들다,흔드니
흔들다,흔드니까
흔들다,흔들
흔들다,흔들걸
흔들다,흔들까
흔들다,흔들는지
흔들다,흔들라
흔들다,흔들라고
흔들다,흔들러니
흔들다,흔들러라
흔들다,흔들런고
흔들다,흔들망정
흔들다,흔들밖에
흔들다,흔들뿐더러
흔들다,흔들수록
흔들다,흔들지라도
흔들다,흔드며
흔들다,흔드면
흔들다,흔드면서
흔들다,흔드세요
흔들다,흔드셔요
흔들다,흔들지
흔들다,흔들건대
흔들다,흔들나니
흔들다,흔들느라
흔들다,흔들느라고
흔들다,흔들는구나
흔들다,흔들는군
흔들다,흔들도록
흔들다,흔들자
흔들다,흔들자고
흔들다,흔들자꾸나
흔들다,흔들자느니
흔들다,흔들자니까
흔들다,흔들자마자
흔들다,흔들자며
흔들다,흔들자면
흔들다,흔들자면서
흔들다,흔든
흔들다,흔든다
흔들다,흔든다고
흔들다,흔든다나
흔들다,흔든다네
흔들다,흔든다느니
흔들다,흔든다니
흔들다,흔든다니까
흔들다,흔든다더라
흔들다,흔든다며
흔들다,흔든다면
흔들다,흔든다면서
흔들다,흔든답니까
흔들다,흔든답니다
흔들다,흔든답시고
흔들다,흔든대
흔들다,흔든대요
흔들다,흔들래
흔들다,흔드라고
흔들다,흔드러
흔들다,흔드려
흔들다,흔듭시다
흔들다,흔드세
흔들다,흔드시라
흔들다,흔드십시다
흔들다,흔드십시오
흔들다,흔들고자
흔들다,흔들느냐
흔들다,흔들느냐고
흔들다,흔들느니
흔들다,흔들느니만
흔들다,흔들느니만큼
흔들다,흔들는
흔들다,흔들는걸
흔들다,흔들는데
주시하다,주시하거나
주시하다,주시하거늘
주시하다,주시하거니
주시하다,주시하거든
주시하다,주시하건
주시하다,주시하것다
주시하다,주시하게
주시하다,주시하겠
주시하다,주시하고
주시하다,주시하고말고
주시하다,주시하기로
주시하다,주시하기로니
주시하다,주시하기로서
주시하다,주시하기로서니
주시하다,주시하기에
주시하다,주시하네
주시하다,주시하니
주시하다,주시하다
주시하다,주시하다가
주시하다,주시하다가는
주시하다,주시하다간
주시하다,주시하다니
주시하다,주시하다마다
주시하다,주시하더니
주시하다,주시하더니라
주시하다,주시하더라
주시하다,주시하더라니까
주시하다,주시하더라도
주시하다,주시하더라며
주시하다,주시하더라면
주시하다,주시하더라면서
주시하다,주시하더람
주시하다,주시하던
주시하다,주시하던가
주시하다,주시하던데
주시하다,주시하던지
주시하다,주시하데
주시하다,주시하데요
주시하다,주시하도다
주시하다,주시하되
주시하다,주시하든
주시하다,주시하든지
주시하다,주시하듯
주시하다,주시하듯이
주시하다,주시하죠
주시하다,주시하지마는
주시하다,주시하지만
주시하다,주시하지요
주시하다,주시한걸
주시하다,주시한들
주시하다,주시하나마
주시하다,주시하니까
주시하다,주시할
주시하다,주시할걸
주시하다,주시할까
주시하다,주시할는지
주시하다,주시할라
주시하다,주시할라고
주시하다,주시할러니
주시하다,주시할러라
주시하다,주시할런고
주시하다,주시할망정
주시하다,주시할밖에
주시하다,주시할뿐더러
주시하다,주시할수록
주시하다,주시할지라도
주시하다,주시하며
주시하다,주시하면
주시하다,주시하면서
주시하다,주시하세요
주시하다,주시하셔요
주시하다,주시하지
주시하다,주시하건대
주시하다,주시하나니
주시하다,주시하느라
주시하다,주시하느라고
주시하다,주시하는구나
주시하다,주시하는군
주시하다,주시하도록
주시하다,주시하자
주시하다,주시하자고
주시하다,주시하자꾸나
주시하다,주시하자느니
주시하다,주시하자니까
주시하다,주시하자마자
주시하다,주시하자며
주시하다,주시하자면
주시하다,주시하자면서
주시하다,주시한
주시하다,주시한다
주시하다,주시한다고
주시하다,주시한다나
주시하다,주시한다네
주시하다,주시한다느니
주시하다,주시한다니
주시하다,주시한다니까
주시하다,주시한다더라
주시하다,주시한다며
주시하다,주시한다면
주시하다,주시한다면서
주시하다,주시한답니까
주시하다,주시한답니다
주시하다,주시한답시고
주시하다,주시한대
주시하다,주시한대요
주시하다,주시할거나
주시하다,주시할게
주시하다,주시할래
주시하다,주시하라고
주시하다,주시하러
주시하다,주시하려
주시하다,주시합시다
주시하다,주시하세
주시하다,주시하시라
주시하다,주시하십시다
주시하다,주시하십시오
주시하다,주시하고자
주시하다,주시하느냐
주시하다,주시하느냐고
주시하다,주시하느니
주시하다,주시하느니만
주시하다,주시하느니만큼
주시하다,주시하는
주시하다,주시하는걸
주시하다,주시하는데
주시하다,주시하는지
위협하다,위협하거나
위협하다,위협하거늘
위협하다,위협하거니
위협하다,위협하거든
위협하다,위협하건
위협하다,위협하것다
위협하다,위협하게
위협하다,위협하겠
위협하다,위협하고
위협하다,위협하고말고
위협하다,위협하기로
위협하다,위협하기로니
위협하다,위협하기로서
위협하다,위협하기로서니
위협하다,위협하기에
위협하다,위협하네
위협하다,위협하니
위협하다,위협하다
위협하다,위협하다가
위협하다,위협하다가는
위협하다,위협하다간
위협하다,위협하다니
위협하다,위협하다마다
위협하다,위협하더니
위협하다,위협하더니라
위협하다,위협하더라
위협하다,위협하더라니까
위협하다,위협하더라도
위협하다,위협하더라며
위협하다,위협하더라면
위협하다,위협하더라면서
위협하다,위협하더람
위협하다,위협하던
위협하다,위협하던가
위협하다,위협하던데
위협하다,위협하던지
위협하다,위협하데
위협하다,위협하데요
위협하다,위협하도다
위협하다,위협하되
위협하다,위협하든
위협하다,위협하든지
위협하다,위협하듯
위협하다,위협하듯이
위협하다,위협하죠
위협하다,위협하지마는
위협하다,위협하지만
위협하다,위협하지요
위협하다,위협한걸
위협하다,위협한들
위협하다,위협하나마
위협하다,위협하니까
위협하다,위협할
위협하다,위협할걸
위협하다,위협할까
위협하다,위협할는지
위협하다,위협할라
위협하다,위협할라고
위협하다,위협할러니
위협하다,위협할러라
위협하다,위협할런고
위협하다,위협할망정
위협하다,위협할밖에
위협하다,위협할뿐더러
위협하다,위협할수록
위협하다,위협할지라도
위협하다,위협하며
위협하다,위협하면
위협하다,위협하면서
위협하다,위협하세요
위협하다,위협하셔요
위협하다,위협하지
위협하다,위협하건대
위협하다,위협하나니
위협하다,위협하느라
위협하다,위협하느라고
위협하다,위협하는구나
위협하다,위협하는군
위협하다,위협하도록
위협하다,위협하자
위협하다,위협하자고
위협하다,위협하자꾸나
위협하다,위협하자느니
위협하다,위협하자니까
위협하다,위협하자마자
위협하다,위협하자며
위협하다,위협하자면
위협하다,위협하자면서
위협하다,위협한
위협하다,위협한다
위협하다,위협한다고
위협하다,위협한다나
위협하다,위협한다네
위협하다,위협한다느니
위협하다,위협한다니
위협하다,위협한다니까
위협하다,위협한다더라
위협하다,위협한다며
위협하다,위협한다면
위협하다,위협한다면서
위협하다,위협한답니까
위협하다,위협한답니다
위협하다,위협한답시고
위협하다,위협한대
위협하다,위협한대요
위협하다,위협할거나
위협하다,위협할게
위협하다,위협할래
위협하다,위협하라고
위협하다,위협하러
위협하다,위협하려
위협하다,위협합시다
위협하다,위협하세
위협하다,위협하시라
위협하다,위협하십시다
위협하다,위협하십시오
위협하다,위협하고자
위협하다,위협하느냐
위협하다,위협하느냐고
위협하다,위협하느니
위협하다,위협하느니만
위협하다,위협하느니만큼
위협하다,위협하는
위협하다,위협하는걸
위협하다,위협하는데
위협하다,위협하는지
채찍질하다,채찍질하거나
채찍질하다,채찍질하거늘
채찍질하다,채찍질하거니
채찍질하다,채찍질하거든
채찍질하다,채찍질하건
채찍질하다,채찍질하것다
채찍질하다,채찍질하게
채찍질하다,채찍질하겠
채찍질하다,채찍질하고
채찍질하다,채찍질하고말고
채찍질하다,채찍질하기로
채찍질하다,채찍질하기로니
채찍질하다,채찍질하기로서
채찍질하다,채찍질하기로서니
채찍질하다,채찍질하기에
채찍질하다,채찍질하네
채찍질하다,채찍질하니
채찍질하다,채찍질하다
채찍질하다,채찍질하다가
채찍질하다,채찍질하다가는
채찍질하다,채찍질하다간
채찍질하다,채찍질하다니
채찍질하다,채찍질하다마다
채찍질하다,채찍질하더니
채찍질하다,채찍질하더니라
채찍질하다,채찍질하더라
채찍질하다,채찍질하더라니까
채찍질하다,채찍질하더라도
채찍질하다,채찍질하더라며
채찍질하다,채찍질하더라면
채찍질하다,채찍질하더라면서
채찍질하다,채찍질하더람
채찍질하다,채찍질하던
채찍질하다,채찍질하던가
채찍질하다,채찍질하던데
채찍질하다,채찍질하던지
채찍질하다,채찍질하데
채찍질하다,채찍질하데요
채찍질하다,채찍질하도다
채찍질하다,채찍질하되
채찍질하다,채찍질하든
채찍질하다,채찍질하든지
채찍질하다,채찍질하듯
채찍질하다,채찍질하듯이
채찍질하다,채찍질하죠
채찍질하다,채찍질하지마는
채찍질하다,채찍질하지만
채찍질하다,채찍질하지요
채찍질하다,채찍질한걸
채찍질하다,채찍질한들
채찍질하다,채찍질하나마
채찍질하다,채찍질하니까
채찍질하다,채찍질할
채찍질하다,채찍질할걸
채찍질하다,채찍질할까
채찍질하다,채찍질할는지
채찍질하다,채찍질할라
채찍질하다,채찍질할라고
채찍질하다,채찍질할러니
채찍질하다,채찍질할러라
채찍질하다,채찍질할런고
채찍질하다,채찍질할망정
채찍질하다,채찍질할밖에
채찍질하다,채찍질할뿐더러
채찍질하다,채찍질할수록
채찍질하다,채찍질할지라도
채찍질하다,채찍질하며
채찍질하다,채찍질하면
채찍질하다,채찍질하면서
채찍질하다,채찍질하세요
채찍질하다,채찍질하셔요
채찍질하다,채찍질하지
채찍질하다,채찍질하건대
채찍질하다,채찍질하나니
채찍질하다,채찍질하느라
채찍질하다,채찍질하느라고
채찍질하다,채찍질하는구나
채찍질하다,채찍질하는군
채찍질하다,채찍질하도록
채찍질하다,채찍질하자
채찍질하다,채찍질하자고
채찍질하다,채찍질하자꾸나
채찍질하다,채찍질하자느니
채찍질하다,채찍질하자니까
채찍질하다,채찍질하자마자
채찍질하다,채찍질하자며
채찍질하다,채찍질하자면
채찍질하다,채찍질하자면서
채찍질하다,채찍질한
채찍질하다,채찍질한다
채찍질하다,채찍질한다고
채찍질하다,채찍질한다나
채찍질하다,채찍질한다네
채찍질하다,채찍질한다느니
채찍질하다,채찍질한다니
채찍질하다,채찍질한다니까
채찍질하다,채찍질한다더라
채찍질하다,채찍질한다며
채찍질하다,채찍질한다면
채찍질하다,채찍질한다면서
채찍질하다,채찍질한답니까
채찍질하다,채찍질한답니다
채찍질하다,채찍질한답시고
채찍질하다,채찍질한대
채찍질하다,채찍질한대요
채찍질하다,채찍질할거나
채찍질하다,채찍질할게
채찍질하다,채찍질할래
채찍질하다,채찍질하라고
채찍질하다,채찍질하러
채찍질하다,채찍질하려
채찍질하다,채찍질합시다
채찍질하다,채찍질하세
채찍질하다,채찍질하시라
채찍질하다,채찍질하십시다
채찍질하다,채찍질하십시오
채찍질하다,채찍질하고자
채찍질하다,채찍질하느냐
채찍질하다,채찍질하느냐고
채찍질하다,채찍질하느니
채찍질하다,채찍질하느니만
채찍질하다,채찍질하느니만큼
채찍질하다,채찍질하는
채찍질하다,채찍질하는걸
채찍질하다,채찍질하는데
채찍질하다,채찍질하는지
번역하다,번역하거나
번역하다,번역하거늘
번역하다,번역하거니
번역하다,번역하거든
번역하다,번역하건
번역하다,번역하것다
번역하다,번역하게
번역하다,번역하겠
번역하다,번역하고
번역하다,번역하고말고
번역하다,번역하기로
번역하다,번역하기로니
번역하다,번역하기로서
번역하다,번역하기로서니
번역하다,번역하기에
번역하다,번역하네
번역하다,번역하니
번역하다,번역하다
번역하다,번역하다가
번역하다,번역하다가는
번역하다,번역하다간
번역하다,번역하다니
번역하다,번역하다마다
번역하다,번역하더니
번역하다,번역하더니라
번역하다,번역하더라
번역하다,번역하더라니까
번역하다,번역하더라도
번역하다,번역하더라며
번역하다,번역하더라면
번역하다,번역하더라면서
번역하다,번역하더람
번역하다,번역하던
번역하다,번역하던가
번역하다,번역하던데
번역하다,번역하던지
번역하다,번역하데
번역하다,번역하데요
번역하다,번역하도다
번역하다,번역하되
번역하다,번역하든
번역하다,번역하든지
번역하다,번역하듯
번역하다,번역하듯이
번역하다,번역하죠
번역하다,번역하지마는
번역하다,번역하지만
번역하다,번역하지요
번역하다,번역한걸
번역하다,번역한들
번역하다,번역하나마
번역하다,번역하니까
번역하다,번역할
번역하다,번역할걸
번역하다,번역할까
번역하다,번역할는지
번역하다,번역할라
번역하다,번역할라고
번역하다,번역할러니
번역하다,번역할러라
번역하다,번역할런고
번역하다,번역할망정
번역하다,번역할밖에
번역하다,번역할뿐더러
번역하다,번역할수록
번역하다,번역할지라도
번역하다,번역하며
번역하다,번역하면
번역하다,번역하면서
번역하다,번역하세요
번역하다,번역하셔요
번역하다,번역하지
번역하다,번역하건대
번역하다,번역하나니
번역하다,번역하느라
번역하다,번역하느라고
번역하다,번역하는구나
번역하다,번역하는군
번역하다,번역하도록
번역하다,번역하자
번역하다,번역하자고
번역하다,번역하자꾸나
번역하다,번역하자느니
번역하다,번역하자니까
번역하다,번역하자마자
번역하다,번역하자며
번역하다,번역하자면
번역하다,번역하자면서
번역하다,번역한
번역하다,번역한다
번역하다,번역한다고
번역하다,번역한다나
번역하다,번역한다네
번역하다,번역한다느니
번역하다,번역한다니
번역하다,번역한다니까
번역하다,번역한다더라
번역하다,번역한다며
번역하다,번역한다면
번역하다,번역한다면서
번역하다,번역한답니까
번역하다,번역한답니다
번역하다,번역한답시고
번역하다,번역한대
번역하다,번역한대요
번역하다,번역할거나
번역하다,번역할게
번역하다,번역할래
번역하다,번역하라고
번역하다,번역하러
번역하다,번역하려
번역하다,번역합시다
번역하다,번역하세
번역하다,번역하시라
번역하다,번역하십시다
번역하다,번역하십시오
번역하다,번역하고자
번역하다,번역하느냐
번역하다,번역하느냐고
번역하다,번역하느니
번역하다,번역하느니만
번역하다,번역하느니만큼
번역하다,번역하는
번역하다,번역하는걸
번역하다,번역하는데
번역하다,번역하는지
헤엄치다,헤엄치거나
헤엄치다,헤엄치거늘
헤엄치다,헤엄치거니
헤엄치다,헤엄치거든
헤엄치다,헤엄치건
헤엄치다,헤엄치것다
헤엄치다,헤엄치게
헤엄치다,헤엄치겠
헤엄치다,헤엄치고
헤엄치다,헤엄치고말고
헤엄치다,헤엄치기로
헤엄치다,헤엄치기로니
헤엄치다,헤엄치기로서
헤엄치다,헤엄치기로서니
헤엄치다,헤엄치기에
헤엄치다,헤엄치네
헤엄치다,헤엄치니
헤엄치다,헤엄치다
헤엄치다,헤엄치다가
헤엄치다,헤엄치다가는
헤엄치다,헤엄치다간
헤엄치다,헤엄치다니
헤엄치다,헤엄치다마다
헤엄치다,헤엄치더니
헤엄치다,헤엄치더니라
헤엄치다,헤엄치더라
헤엄치다,헤엄치더라니까
헤엄치다,헤엄치더라도
헤엄치다,헤엄치더라며
헤엄치다,헤엄치더라면
헤엄치다,헤엄치더라면서
헤엄치다,헤엄치더람
헤엄치다,헤엄치던
헤엄치다,헤엄치던가
헤엄치다,헤엄치던데
헤엄치다,헤엄치던지
헤엄치다,헤엄치데
헤엄치다,헤엄치데요
헤엄치다,헤엄치도다
헤엄치다,헤엄치되
헤엄치다,헤엄치든
헤엄치다,헤엄치든지
헤엄치다,헤엄치듯
헤엄치다,헤엄치듯이
헤엄치다,헤엄치죠
헤엄치다,헤엄치지마는
헤엄치다,헤엄치지만
헤엄치다,헤엄치지요
헤엄치다,헤엄친걸
헤엄치다,헤엄친들
헤엄치다,헤엄치나마
헤엄치다,헤엄치니까
헤엄치다,헤엄칠
헤엄치다,헤엄칠걸
헤엄치다,헤엄칠까
헤엄치다,헤엄칠는지
헤엄치다,헤엄칠라
헤엄치다,헤엄칠라고
헤엄치다,헤엄칠러니
헤엄치다,헤엄칠러라
헤엄치다,헤엄칠런고
헤엄치다,헤엄칠망정
헤엄치다,헤엄칠밖에
헤엄치다,헤엄칠뿐더러
헤엄치다,헤엄칠수록
헤엄치다,헤엄칠지라도
헤엄치다,헤엄치며
헤엄치다,헤엄치면
헤엄치다,헤엄치면서
헤엄치다,헤엄치세요
헤엄치다,헤엄치셔요
헤엄치다,헤엄치지
헤엄치다,헤엄치건대
헤엄치다,헤엄치나니
헤엄치다,헤엄치느라
헤엄치다,헤엄치느라고
헤엄치다,헤엄치는구나
헤엄치다,헤엄치는군
헤엄치다,헤엄치도록
헤엄치다,헤엄치자
헤엄치다,헤엄치자고
헤엄치다,헤엄치자꾸나
헤엄치다,헤엄치자느니
헤엄치다,헤엄치자니까
헤엄치다,헤엄치자마자
헤엄치다,헤엄치자며
헤엄치다,헤엄치자면
헤엄치다,헤엄치자면서
헤엄치다,헤엄친
헤엄치다,헤엄친다
헤엄치다,헤엄친다고
헤엄치다,헤엄친다나
헤엄치다,헤엄친다네
헤엄치다,헤엄친다느니
헤엄치다,헤엄친다니
헤엄치다,헤엄친다니까
헤엄치다,헤엄친다더라
헤엄치다,헤엄친다며
헤엄치다,헤엄친다면
헤엄치다,헤엄친다면서
헤엄치다,헤엄친답니까
헤엄치다,헤엄친답니다
헤엄치다,헤엄친답시고
헤엄치다,헤엄친대
헤엄치다,헤엄친대요
헤엄치다,헤엄칠거나
헤엄치다,헤엄칠게
헤엄치다,헤엄칠래
헤엄치다,헤엄치라고
헤엄치다,헤엄치러
헤엄치다,헤엄치려
헤엄치다,헤엄칩시다
헤엄치다,헤엄치세
헤엄치다,헤엄치시라
헤엄치다,헤엄치십시다
헤엄치다,헤엄치십시오
헤엄치다,헤엄치고자
헤엄치다,헤엄치느냐
헤엄치다,헤엄치느냐고
헤엄치다,헤엄치느니
헤엄치다,헤엄치느니만
헤엄치다,헤엄치느니만큼
헤엄치다,헤엄치는
헤엄치다,헤엄치는걸
헤엄치다,헤엄치는데
헤엄치다,헤엄치는지
털다,털거나
털다,털거늘
털다,털거니
털다,털거든
털다,털건
털다,털것다
털다,털게
털다,털겠
털다,털고
털다,털고말고
털다,털기로
털다,털기로니
털다,털기로서
털다,털기로서니
털다,털기에
털다,털네
털다,털니
털다,털다
털다,털다가
털다,털다가는
털다,털다간
털다,털다니
털다,털다마다
털다,털더니
털다,털더니라
털다,털더라
털다,털더라니까
털다,털더라도
털다,털더라며
털다,털더라면
털다,털더라면서
털다,털더람
털다,털던
털다,털던가
털다,털던데
털다,털던지
털다,털데
털다,털데요
털다,털도다
털다,털되
털다,털든
털다,털든지
털다,털듯
털다,털듯이
털다,털죠
털다,털지마는
털다,털지만
털다,털지요
털다,턴걸
털다,턴들
털다,터나마
털다,터니
털다,터니까
털다,털
털다,털걸
털다,털까
털다,털는지
털다,털라
털다,털라고
털다,털러니
털다,털러라
털다,털런고
털다,털망정
털다,털밖에
털다,털뿐더러
털다,털수록
털다,털지라도
털다,터며
털다,터면
털다,터면서
털다,터세요
털다,터셔요
털다,털지
털다,털건대
털다,털나니
털다,털느라
털다,털느라고
털다,털는구나
털다,털는군
털다,털도록
털다,털자
털다,털자고
털다,털자꾸나
털다,털자느니
털다,털자니까
털다,털자마자
털다,털자며
털다,털자면
털다,털자면서
털다,턴
털다,턴다
털다,턴다고
털다,턴다나
털다,턴다네
털다,턴다느니
털다,턴다니
털다,턴다니까
털다,턴다더라
털다,턴다며
털다,턴다면
털다,턴다면서
털다,턴답니까
털다,턴답니다
털다,턴답시고
털다,턴대
털다,턴대요
털다,털래
털다,터라고
털다,터러
털다,터려
털다,텁시다
털다,터세
털다,터시라
털다,터십시다
털다,터십시오
털다,털고자
털다,털느냐
털다,털느냐고
털다,털느니
털다,털느니만
털다,털느니만큼
털다,털는
털다,털는걸
털다,털는데
쓰다,쓰거나
쓰다,쓰거늘
쓰다,쓰거니
쓰다,쓰거든
쓰다,쓰건
쓰다,쓰것다
쓰다,쓰게
쓰다,쓰겠
쓰다,쓰고
쓰다,쓰고말고
쓰다,쓰기로
쓰다,쓰기로니
쓰다,쓰기로서
쓰다,쓰기로서니
쓰다,쓰기에
쓰다,쓰네
쓰다,쓰니
쓰다,쓰다
쓰다,쓰다가
쓰다,쓰다가는
쓰다,쓰다간
쓰다,쓰다니
쓰다,쓰다마다
쓰다,쓰더니
쓰다,쓰더니라
쓰다,쓰더라
쓰다,쓰더라니까
쓰다,쓰더라도
쓰다,쓰더라며
쓰다,쓰더라면
쓰다,쓰더라면서
쓰다,쓰더람
쓰다,쓰던
쓰다,쓰던가
쓰다,쓰던데
쓰다,쓰던지
쓰다,쓰데
쓰다,쓰데요
쓰다,쓰도다
쓰다,쓰되
쓰다,쓰든
쓰다,쓰든지
쓰다,쓰듯
쓰다,쓰듯이
쓰다,쓰죠
쓰다,쓰지마는
쓰다,쓰지만
쓰다,쓰지요
쓰다,쓴걸
쓰다,쓴들
쓰다,쓰나마
쓰다,쓰니까
쓰다,쓸
쓰다,쓸걸
쓰다,쓸까
쓰다,쓸는지
쓰다,쓸라
쓰다,쓸라고
쓰다,쓸러니
쓰다,쓸러라
쓰다,쓸런고
쓰다,쓸망정
쓰다,쓸밖에
쓰다,쓸뿐더러
쓰다,쓸수록
쓰다,쓸지라도
쓰다,쓰며
쓰다,쓰면
쓰다,쓰면서
쓰다,쓰세요
쓰다,쓰셔요
쓰다,쓰지
쓰다,쓰건대
쓰다,쓰나니
쓰다,쓰느라
쓰다,쓰느라고
쓰다,쓰는구나
쓰다,쓰는군
쓰다,쓰도록
쓰다,쓰자
쓰다,쓰자고
쓰다,쓰자꾸나
쓰다,쓰자느니
쓰다,쓰자니까
쓰다,쓰자마자
쓰다,쓰자며
쓰다,쓰자면
쓰다,쓰자면서
쓰다,쓴
쓰다,쓴다
쓰다,쓴다고
쓰다,쓴다나
쓰다,쓴다네
쓰다,쓴다느니
쓰다,쓴다니
쓰다,쓴다니까
쓰다,쓴다더라
쓰다,쓴다며
쓰다,쓴다면
쓰다,쓴다면서
쓰다,쓴답니까
쓰다,쓴답니다
쓰다,쓴답시고
쓰다,쓴대
쓰다,쓴대요
쓰다,쓸거나
쓰다,쓸게
쓰다,쓸래
쓰다,쓰라고
쓰다,쓰러
쓰다,쓰려
쓰다,씁시다
쓰다,쓰세
쓰다,쓰시라
쓰다,쓰십시다
쓰다,쓰십시오
쓰다,쓰고자
쓰다,쓰느냐
쓰다,쓰느냐고
쓰다,쓰느니
쓰다,쓰느니만
쓰다,쓰느니만큼
쓰다,쓰는
쓰다,쓰는걸
쓰다,쓰는데
쓰다,쓰는지
맹세하다,맹세하거나
맹세하다,맹세하거늘
맹세하다,맹세하거니
맹세하다,맹세하거든
맹세하다,맹세하건
맹세하다,맹세하것다
맹세하다,맹세하게
맹세하다,맹세하겠
맹세하다,맹세하고
맹세하다,맹세하고말고
맹세하다,맹세하기로
맹세하다,맹세하기로니
맹세하다,맹세하기로서
맹세하다,맹세하기로서니
맹세하다,맹세하기에
맹세하다,맹세하네
맹세하다,맹세하니
맹세하다,맹세하다
맹세하다,맹세하다가
맹세하다,맹세하다가는
맹세하다,맹세하다간
맹세하다,맹세하다니
맹세하다,맹세하다마다
맹세하다,맹세하더니
맹세하다,맹세하더니라
맹세하다,맹세하더라
맹세하다,맹세하더라니까
맹세하다,맹세하더라도
맹세하다,맹세하더라며
맹세하다,맹세하더라면
맹세하다,맹세하더라면서
맹세하다,맹세하더람
맹세하다,맹세하던
맹세하다,맹세하던가
맹세하다,맹세하던데
맹세하다,맹세하던지
맹세하다,맹세하데
맹세하다,맹세하데요
맹세하다,맹세하도다
맹세하다,맹세하되
맹세하다,맹세하든
맹세하다,맹세하든지
맹세하다,맹세하듯
맹세하다,맹세하듯이
맹세하다,맹세하죠
맹세하다,맹세하지마는
맹세하다,맹세하지만
맹세하다,맹세하지요
맹세하다,맹세한걸
맹세하다,맹세한들
맹세하다,맹세하나마
맹세하다,맹세하니까
맹세하다,맹세할
맹세하다,맹세할걸
맹세하다,맹세할까
맹세하다,맹세할는지
맹세하다,맹세할라
맹세하다,맹세할라고
맹세하다,맹세할러니
맹세하다,맹세할러라
맹세하다,맹세할런고
맹세하다,맹세할망정
맹세하다,맹세할밖에
맹세하다,맹세할뿐더러
맹세하다,맹세할수록
맹세하다,맹세할지라도
맹세하다,맹세하며
맹세하다,맹세하면
맹세하다,맹세하면서
맹세하다,맹세하세요
맹세하다,맹세하셔요
맹세하다,맹세하지
맹세하다,맹세하건대
맹세하다,맹세하나니
맹세하다,맹세하느라
맹세하다,맹세하느라고
맹세하다,맹세하는구나
맹세하다,맹세하는군
맹세하다,맹세하도록
맹세하다,맹세하자
맹세하다,맹세하자고
맹세하다,맹세하자꾸나
맹세하다,맹세하자느니
맹세하다,맹세하자니까
맹세하다,맹세하자마자
맹세하다,맹세하자며
맹세하다,맹세하자면
맹세하다,맹세하자면서
맹세하다,맹세한
맹세하다,맹세한다
맹세하다,맹세한다고
맹세하다,맹세한다나
맹세하다,맹세한다네
맹세하다,맹세한다느니
맹세하다,맹세한다니
맹세하다,맹세한다니까
맹세하다,맹세한다더라
맹세하다,맹세한다며
맹세하다,맹세한다면
맹세하다,맹세한다면서
맹세하다,맹세한답니까
맹세하다,맹세한답니다
맹세하다,맹세한답시고
맹세하다,맹세한대
맹세하다,맹세한대요
맹세하다,맹세할거나
맹세하다,맹세할게
맹세하다,맹세할래
맹세하다,맹세하라고
맹세하다,맹세하러
맹세하다,맹세하려
맹세하다,맹세합시다
맹세하다,맹세하세
맹세하다,맹세하시라
맹세하다,맹세하십시다
맹세하다,맹세하십시오
맹세하다,맹세하고자
맹세하다,맹세하느냐
맹세하다,맹세하느냐고
맹세하다,맹세하느니
맹세하다,맹세하느니만
맹세하다,맹세하느니만큼
맹세하다,맹세하는
맹세하다,맹세하는걸
맹세하다,맹세하는데
맹세하다,맹세하는지
생존하다,생존하거나
생존하다,생존하거늘
생존하다,생존하거니
생존하다,생존하거든
생존하다,생존하건
생존하다,생존하것다
생존하다,생존하게
생존하다,생존하겠
생존하다,생존하고
생존하다,생존하고말고
생존하다,생존하기로
생존하다,생존하기로니
생존하다,생존하기로서
생존하다,생존하기로서니
생존하다,생존하기에
생존하다,생존하네
생존하다,생존하니
생존하다,생존하다
생존하다,생존하다가
생존하다,생존하다가는
생존하다,생존하다간
생존하다,생존하다니
생존하다,생존하다마다
생존하다,생존하더니
생존하다,생존하더니라
생존하다,생존하더라
생존하다,생존하더라니까
생존하다,생존하더라도
생존하다,생존하더라며
생존하다,생존하더라면
생존하다,생존하더라면서
생존하다,생존하더람
생존하다,생존하던
생존하다,생존하던가
생존하다,생존하던데
생존하다,생존하던지
생존하다,생존하데
생존하다,생존하데요
생존하다,생존하도다
생존하다,생존하되
생존하다,생존하든
생존하다,생존하든지
생존하다,생존하듯
생존하다,생존하듯이
생존하다,생존하죠
생존하다,생존하지마는
생존하다,생존하지만
생존하다,생존하지요
생존하다,생존한걸
생존하다,생존한들
생존하다,생존하나마
생존하다,생존하니까
생존하다,생존할
생존하다,생존할걸
생존하다,생존할까
생존하다,생존할는지
생존하다,생존할라
생존하다,생존할라고
생존하다,생존할러니
생존하다,생존할러라
생존하다,생존할런고
생존하다,생존할망정
생존하다,생존할밖에
생존하다,생존할뿐더러
생존하다,생존할수록
생존하다,생존할지라도
생존하다,생존하며
생존하다,생존하면
생존하다,생존하면서
생존하다,생존하세요
생존하다,생존하셔요
생존하다,생존하지
생존하다,생존하건대
생존하다,생존하나니
생존하다,생존하느라
생존하다,생존하느라고
생존하다,생존하는구나
생존하다,생존하는군
생존하다,생존하도록
생존하다,생존하자
생존하다,생존하자고
생존하다,생존하자꾸나
생존하다,생존하자느니
생존하다,생존하자니까
생존하다,생존하자마자
생존하다,생존하자며
생존하다,생존하자면
생존하다,생존하자면서
생존하다,생존한
생존하다,생존한다
생존하다,생존한다고
생존하다,생존한다나
생존하다,생존한다네
생존하다,생존한다느니
생존하다,생존한다니
생존하다,생존한다니까
생존하다,생존한다더라
생존하다,생존한다며
생존하다,생존한다면
생존하다,생존한다면서
생존하다,생존한답니까
생존하다,생존한답니다
생존하다,생존한답시고
생존하다,생존한대
생존하다,생존한대요
생존하다,생존할거나
생존하다,생존할게
생존하다,생존할래
생존하다,생존하라고
생존하다,생존하러
생존하다,생존하려
생존하다,생존합시다
생존하다,생존하세
생존하다,생존하시라
생존하다,생존하십시다
생존하다,생존하십시오
생존하다,생존하고자
생존하다,생존하느냐
생존하다,생존하느냐고
생존하다,생존하느니
생존하다,생존하느니만
생존하다,생존하느니만큼
생존하다,생존하는
생존하다,생존하는걸
생존하다,생존하는데
생존하다,생존하는지
놀라게 하다,하거나
놀라게 하다,하거늘
놀라게 하다,하거니
놀라게 하다,하거든
놀라게 하다,하건
놀라게 하다,하것다
놀라게 하다,하게
놀라게 하다,하겠
놀라게 하다,하고
놀라게 하다,하고말고
놀라게 하다,하기로
놀라게 하다,하기로니
놀라게 하다,하기로서
놀라게 하다,하기로서니
놀라게 하다,하기에
놀라게 하다,하네
놀라게 하다,하니
놀라게 하다,하다
놀라게 하다,하다가
놀라게 하다,하다가는
놀라게 하다,하다간
놀라게 하다,하다니
놀라게 하다,하다마다
놀라게 하다,하더니
놀라게 하다,하더니라
놀라게 하다,하더라
놀라게 하다,하더라니까
놀라게 하다,하더라도
놀라게 하다,하더라며
놀라게 하다,하더라면
놀라게 하다,하더라면서
놀라게 하다,하더람
놀라게 하다,하던
놀라게 하다,하던가
놀라게 하다,하던데
놀라게 하다,하던지
놀라게 하다,하데
놀라게 하다,하데요
놀라게 하다,하도다
놀라게 하다,하되
놀라게 하다,하든
놀라게 하다,하든지
놀라게 하다,하듯
놀라게 하다,하듯이
놀라게 하다,하죠
놀라게 하다,하지마는
놀라게 하다,하지만
놀라게 하다,하지요
놀라게 하다,한걸
놀라게 하다,한들
놀라게 하다,하나마
놀라게 하다,하니까
놀라게 하다,할
놀라게 하다,할걸
놀라게 하다,할까
놀라게 하다,할는지
놀라게 하다,할라
놀라게 하다,할라고
놀라게 하다,할러니
놀라게 하다,할러라
놀라게 하다,할런고
놀라게 하다,할망정
놀라게 하다,할밖에
놀라게 하다,할뿐더러
놀라게 하다,할수록
놀라게 하다,할지라도
놀라게 하다,하며
놀라게 하다,하면
놀라게 하다,하면서
놀라게 하다,하세요
놀라게 하다,하셔요
놀라게 하다,하지
놀라게 하다,하건대
놀라게 하다,하나니
놀라게 하다,하느라
놀라게 하다,하느라고
놀라게 하다,하는구나
놀라게 하다,하는군
놀라게 하다,하도록
놀라게 하다,하자
놀라게 하다,하자고
놀라게 하다,하자꾸나
놀라게 하다,하자느니
놀라게 하다,하자니까
놀라게 하다,하자마자
놀라게 하다,하자며
놀라게 하다,하자면
놀라게 하다,하자면서
놀라게 하다,한
놀라게 하다,한다
놀라게 하다,한다고
놀라게 하다,한다나
놀라게 하다,한다네
놀라게 하다,한다느니
놀라게 하다,한다니
놀라게 하다,한다니까
놀라게 하다,한다더라
놀라게 하다,한다며
놀라게 하다,한다면
놀라게 하다,한다면서
놀라게 하다,한답니까
놀라게 하다,한답니다
놀라게 하다,한답시고
놀라게 하다,한대
놀라게 하다,한대요
놀라게 하다,할거나
놀라게 하다,할게
놀라게 하다,할래
놀라게 하다,하라고
놀라게 하다,하러
놀라게 하다,하려
놀라게 하다,합시다
놀라게 하다,하세
놀라게 하다,하시라
놀라게 하다,하십시다
놀라게 하다,하십시오
놀라게 하다,하고자
놀라게 하다,하느냐
놀라게 하다,하느냐고
놀라게 하다,하느니
놀라게 하다,하느니만
놀라게 하다,하느니만큼
놀라게 하다,하는
놀라게 하다,하는걸
놀라게 하다,하는데
놀라게 하다,하는지
깁다,깁거나
깁다,깁거늘
깁다,깁거니
깁다,깁거든
깁다,깁건
깁다,깁것다
깁다,깁게
깁다,깁겠
깁다,깁고
깁다,깁고말고
깁다,깁기로
깁다,깁기로니
깁다,깁기로서
깁다,깁기로서니
깁다,깁기에
깁다,깁네
깁다,깁니
깁다,깁다
깁다,깁다가
깁다,깁다가는
깁다,깁다간
깁다,깁다니
깁다,깁다마다
깁다,깁더니
깁다,깁더니라
깁다,깁더라
깁다,깁더라니까
깁다,깁더라도
깁다,깁더라며
깁다,깁더라면
깁다,깁더라면서
깁다,깁더람
깁다,깁던
깁다,깁던가
깁다,깁던데
깁다,깁던지
깁다,깁데
깁다,깁데요
깁다,깁도다
깁다,깁되
깁다,깁든
깁다,깁든지
깁다,깁듯
깁다,깁듯이
깁다,깁죠
깁다,깁지마는
깁다,깁지만
깁다,깁지요
깁다,깁지
깁다,기울
깁다,기울걸
깁다,기울밖에
깁다,기울수록
깁다,기울지
깁다,기울지며
깁다,기움
깁다,기움에도
깁다,기웁시오
깁다,깁건대
깁다,깁나니
깁다,깁느라
깁다,깁느라고
깁다,깁는구나
깁다,깁는군
깁다,깁도록
깁다,깁자
깁다,깁자고
깁다,깁자꾸나
깁다,깁자느니
깁다,깁자니까
깁다,깁자마자
깁다,깁자며
깁다,깁자면
깁다,깁자면서
깁다,깁고자
깁다,깁느냐
깁다,깁느냐고
깁다,깁느니
깁다,깁느니만
깁다,깁느니만큼
깁다,깁는
깁다,깁는걸
깁다,깁는데
깁다,깁는지
깁다,기우러
깁다,기웁시다
부딪치다,부딪치거나
부딪치다,부딪치거늘
부딪치다,부딪치거니
부딪치다,부딪치거든
부딪치다,부딪치건
부딪치다,부딪치것다
부딪치다,부딪치게
부딪치다,부딪치겠
부딪치다,부딪치고
부딪치다,부딪치고말고
부딪치다,부딪치기로
부딪치다,부딪치기로니
부딪치다,부딪치기로서
부딪치다,부딪치기로서니
부딪치다,부딪치기에
부딪치다,부딪치네
부딪치다,부딪치니
부딪치다,부딪치다
부딪치다,부딪치다가
부딪치다,부딪치다가는
부딪치다,부딪치다간
부딪치다,부딪치다니
부딪치다,부딪치다마다
부딪치다,부딪치더니
부딪치다,부딪치더니라
부딪치다,부딪치더라
부딪치다,부딪치더라니까
부딪치다,부딪치더라도
부딪치다,부딪치더라며
부딪치다,부딪치더라면
부딪치다,부딪치더라면서
부딪치다,부딪치더람
부딪치다,부딪치던
부딪치다,부딪치던가
부딪치다,부딪치던데
부딪치다,부딪치던지
부딪치다,부딪치데
부딪치다,부딪치데요
부딪치다,부딪치도다
부딪치다,부딪치되
부딪치다,부딪치든
부딪치다,부딪치든지
부딪치다,부딪치듯
부딪치다,부딪치듯이
부딪치다,부딪치죠
부딪치다,부딪치지마는
부딪치다,부딪치지만
부딪치다,부딪치지요
부딪치다,부딪친걸
부딪치다,부딪친들
부딪치다,부딪치나마
부딪치다,부딪치니까
부딪치다,부딪칠
부딪치다,부딪칠걸
부딪치다,부딪칠까
부딪치다,부딪칠는지
부딪치다,부딪칠라
부딪치다,부딪칠라고
부딪치다,부딪칠러니
부딪치다,부딪칠러라
부딪치다,부딪칠런고
부딪치다,부딪칠망정
부딪치다,부딪칠밖에
부딪치다,부딪칠뿐더러
부딪치다,부딪칠수록
부딪치다,부딪칠지라도
부딪치다,부딪치며
부딪치다,부딪치면
부딪치다,부딪치면서
부딪치다,부딪치세요
부딪치다,부딪치셔요
부딪치다,부딪치지
부딪치다,부딪치건대
부딪치다,부딪치나니
부딪치다,부딪치느라
부딪치다,부딪치느라고
부딪치다,부딪치는구나
부딪치다,부딪치는군
부딪치다,부딪치도록
부딪치다,부딪치자
부딪치다,부딪치자고
부딪치다,부딪치자꾸나
부딪치다,부딪치자느니
부딪치다,부딪치자니까
부딪치다,부딪치자마자
부딪치다,부딪치자며
부딪치다,부딪치자면
부딪치다,부딪치자면서
부딪치다,부딪친
부딪치다,부딪친다
부딪치다,부딪친다고
부딪치다,부딪친다나
부딪치다,부딪친다네
부딪치다,부딪친다느니
부딪치다,부딪친다니
부딪치다,부딪친다니까
부딪치다,부딪친다더라
부딪치다,부딪친다며
부딪치다,부딪친다면
부딪치다,부딪친다면서
부딪치다,부딪친답니까
부딪치다,부딪친답니다
부딪치다,부딪친답시고
부딪치다,부딪친대
부딪치다,부딪친대요
부딪치다,부딪칠거나
부딪치다,부딪칠게
부딪치다,부딪칠래
부딪치다,부딪치라고
부딪치다,부딪치러
부딪치다,부딪치려
부딪치다,부딪칩시다
부딪치다,부딪치세
부딪치다,부딪치시라
부딪치다,부딪치십시다
부딪치다,부딪치십시오
부딪치다,부딪치고자
부딪치다,부딪치느냐
부딪치다,부딪치느냐고
부딪치다,부딪치느니
부딪치다,부딪치느니만
부딪치다,부딪치느니만큼
부딪치다,부딪치는
부딪치다,부딪치는걸
부딪치다,부딪치는데
부딪치다,부딪치는지
찌르다,찌르거나
찌르다,찌르거늘
찌르다,찌르거니
찌르다,찌르거든
찌르다,찌르건
찌르다,찌르것다
찌르다,찌르게
찌르다,찌르겠
찌르다,찌르고
찌르다,찌르고말고
찌르다,찌르기로
찌르다,찌르기로니
찌르다,찌르기로서
찌르다,찌르기로서니
찌르다,찌르기에
찌르다,찌르네
찌르다,찌르니
찌르다,찌르다
찌르다,찌르다가
찌르다,찌르다가는
찌르다,찌르다간
찌르다,찌르다니
찌르다,찌르다마다
찌르다,찌르더니
찌르다,찌르더니라
찌르다,찌르더라
찌르다,찌르더라니까
찌르다,찌르더라도
찌르다,찌르더라며
찌르다,찌르더라면
찌르다,찌르더라면서
찌르다,찌르더람
찌르다,찌르던
찌르다,찌르던가
찌르다,찌르던데
찌르다,찌르던지
찌르다,찌르데
찌르다,찌르데요
찌르다,찌르도다
찌르다,찌르되
찌르다,찌르든
찌르다,찌르든지
찌르다,찌르듯
찌르다,찌르듯이
찌르다,찌르죠
찌르다,찌르지마는
찌르다,찌르지만
찌르다,찌르지요
찌르다,찌른걸
찌르다,찌른들
찌르다,찌르나마
찌르다,찌르니까
찌르다,찌를
찌르다,찌를걸
찌르다,찌를까
찌르다,찌를는지
찌르다,찌를라
찌르다,찌를라고
찌르다,찌를러니
찌르다,찌를러라
찌르다,찌를런고
찌르다,찌를망정
찌르다,찌를밖에
찌르다,찌를뿐더러
찌르다,찌를수록
찌르다,찌를지라도
찌르다,찌르며
찌르다,찌르면
찌르다,찌르면서
찌르다,찌르세요
찌르다,찌르셔요
찌르다,찌르지
찌르다,찌르건대
찌르다,찌르나니
찌르다,찌르느라
찌르다,찌르느라고
찌르다,찌르는구나
찌르다,찌르는군
찌르다,찌르도록
찌르다,찌르자
찌르다,찌르자고
찌르다,찌르자꾸나
찌르다,찌르자느니
찌르다,찌르자니까
찌르다,찌르자마자
찌르다,찌르자며
찌르다,찌르자면
찌르다,찌르자면서
찌르다,찌른
찌르다,찌른다
찌르다,찌른다고
찌르다,찌른다나
찌르다,찌른다네
찌르다,찌른다느니
찌르다,찌른다니
찌르다,찌른다니까
찌르다,찌른다더라
찌르다,찌른다며
찌르다,찌른다면
찌르다,찌른다면서
찌르다,찌른답니까
찌르다,찌른답니다
찌르다,찌른답시고
찌르다,찌른대
찌르다,찌른대요
찌르다,찌를거나
찌르다,찌를게
찌르다,찌를래
찌르다,찌르라고
찌르다,찌르러
찌르다,찌르려
찌르다,찌릅시다
찌르다,찌르세
찌르다,찌르시라
찌르다,찌르십시다
찌르다,찌르십시오
찌르다,찌르고자
찌르다,찌르느냐
찌르다,찌르느냐고
찌르다,찌르느니
찌르다,찌르느니만
찌르다,찌르느니만큼
찌르다,찌르는
찌르다,찌르는걸
찌르다,찌르는데
찌르다,찌르는지
도둑질하다,도둑질하거나
도둑질하다,도둑질하거늘
도둑질하다,도둑질하거니
도둑질하다,도둑질하거든
도둑질하다,도둑질하건
도둑질하다,도둑질하것다
도둑질하다,도둑질하게
도둑질하다,도둑질하겠
도둑질하다,도둑질하고
도둑질하다,도둑질하고말고
도둑질하다,도둑질하기로
도둑질하다,도둑질하기로니
도둑질하다,도둑질하기로서
도둑질하다,도둑질하기로서니
도둑질하다,도둑질하기에
도둑질하다,도둑질하네
도둑질하다,도둑질하니
도둑질하다,도둑질하다
도둑질하다,도둑질하다가
도둑질하다,도둑질하다가는
도둑질하다,도둑질하다간
도둑질하다,도둑질하다니
도둑질하다,도둑질하다마다
도둑질하다,도둑질하더니
도둑질하다,도둑질하더니라
도둑질하다,도둑질하더라
도둑질하다,도둑질하더라니까
도둑질하다,도둑질하더라도
도둑질하다,도둑질하더라며
도둑질하다,도둑질하더라면
도둑질하다,도둑질하더라면서
도둑질하다,도둑질하더람
도둑질하다,도둑질하던
도둑질하다,도둑질하던가
도둑질하다,도둑질하던데
도둑질하다,도둑질하던지
도둑질하다,도둑질하데
도둑질하다,도둑질하데요
도둑질하다,도둑질하도다
도둑질하다,도둑질하되
도둑질하다,도둑질하든
도둑질하다,도둑질하든지
도둑질하다,도둑질하듯
도둑질하다,도둑질하듯이
도둑질하다,도둑질하죠
도둑질하다,도둑질하지마는
도둑질하다,도둑질하지만
도둑질하다,도둑질하지요
도둑질하다,도둑질한걸
도둑질하다,도둑질한들
도둑질하다,도둑질하나마
도둑질하다,도둑질하니까
도둑질하다,도둑질할
도둑질하다,도둑질할걸
도둑질하다,도둑질할까
도둑질하다,도둑질할는지
도둑질하다,도둑질할라
도둑질하다,도둑질할라고
도둑질하다,도둑질할러니
도둑질하다,도둑질할러라
도둑질하다,도둑질할런고
도둑질하다,도둑질할망정
도둑질하다,도둑질할밖에
도둑질하다,도둑질할뿐더러
도둑질하다,도둑질할수록
도둑질하다,도둑질할지라도
도둑질하다,도둑질하며
도둑질하다,도둑질하면
도둑질하다,도둑질하면서
도둑질하다,도둑질하세요
도둑질하다,도둑질하셔요
도둑질하다,도둑질하지
도둑질하다,도둑질하건대
도둑질하다,도둑질하나니
도둑질하다,도둑질하느라
도둑질하다,도둑질하느라고
도둑질하다,도둑질하는구나
도둑질하다,도둑질하는군
도둑질하다,도둑질하도록
도둑질하다,도둑질하자
도둑질하다,도둑질하자고
도둑질하다,도둑질하자꾸나
도둑질하다,도둑질하자느니
도둑질하다,도둑질하자니까
도둑질하다,도둑질하자마자
도둑질하다,도둑질하자며
도둑질하다,도둑질하자면
도둑질하다,도둑질하자면서
도둑질하다,도둑질한
도둑질하다,도둑질한다
도둑질하다,도둑질한다고
도둑질하다,도둑질한다나
도둑질하다,도둑질한다네
도둑질하다,도둑질한다느니
도둑질하다,도둑질한다니
도둑질하다,도둑질한다니까
도둑질하다,도둑질한다더라
도둑질하다,도둑질한다며
도둑질하다,도둑질한다면
도둑질하다,도둑질한다면서
도둑질하다,도둑질한답니까
도둑질하다,도둑질한답니다
도둑질하다,도둑질한답시고
도둑질하다,도둑질한대
도둑질하다,도둑질한대요
도둑질하다,도둑질할거나
도둑질하다,도둑질할게
도둑질하다,도둑질할래
도둑질하다,도둑질하라고
도둑질하다,도둑질하러
도둑질하다,도둑질하려
도둑질하다,도둑질합시다
도둑질하다,도둑질하세
도둑질하다,도둑질하시라
도둑질하다,도둑질하십시다
도둑질하다,도둑질하십시오
도둑질하다,도둑질하고자
도둑질하다,도둑질하느냐
도둑질하다,도둑질하느냐고
도둑질하다,도둑질하느니
도둑질하다,도둑질하느니만
도둑질하다,도둑질하느니만큼
도둑질하다,도둑질하는
도둑질하다,도둑질하는걸
도둑질하다,도둑질하는데
도둑질하다,도둑질하는지
펴다,펴거나
펴다,펴거늘
펴다,펴거니
펴다,펴거든
펴다,펴건
펴다,펴것다
펴다,펴게
펴다,펴겠
펴다,펴고
펴다,펴고말고
펴다,펴기로
펴다,펴기로니
펴다,펴기로서
펴다,펴기로서니
펴다,펴기에
펴다,펴네
펴다,펴니
펴다,펴다
펴다,펴다가
펴다,펴다가는
펴다,펴다간
펴다,펴다니
펴다,펴다마다
펴다,펴더니
펴다,펴더니라
펴다,펴더라
펴다,펴더라니까
펴다,펴더라도
펴다,펴더라며
펴다,펴더라면
펴다,펴더라면서
펴다,펴더람
펴다,펴던
펴다,펴던가
펴다,펴던데
펴다,펴던지
펴다,펴데
펴다,펴데요
펴다,펴도다
펴다,펴되
펴다,펴든
펴다,펴든지
펴다,펴듯
펴다,펴듯이
펴다,펴죠
펴다,펴지마는
펴다,펴지만
펴다,펴지요
펴다,편걸
펴다,편들
펴다,펴나마
펴다,펴니까
펴다,펼
펴다,펼걸
펴다,펼까
펴다,펼는지
펴다,펼라
펴다,펼라고
펴다,펼러니
펴다,펼러라
펴다,펼런고
펴다,펼망정
펴다,펼밖에
펴다,펼뿐더러
펴다,펼수록
펴다,펼지라도
펴다,펴며
펴다,펴면
펴다,펴면서
펴다,펴세요
펴다,펴셔요
펴다,펴지
펴다,펴건대
펴다,펴나니
펴다,펴느라
펴다,펴느라고
펴다,펴는구나
펴다,펴는군
펴다,펴도록
펴다,펴자
펴다,펴자고
펴다,펴자꾸나
펴다,펴자느니
펴다,펴자니까
펴다,펴자마자
펴다,펴자며
펴다,펴자면
펴다,펴자면서
펴다,편
펴다,편다
펴다,편다고
펴다,편다나
펴다,편다네
펴다,편다느니
펴다,편다니
펴다,편다니까
펴다,편다더라
펴다,편다며
펴다,편다면
펴다,편다면서
펴다,편답니까
펴다,편답니다
펴다,편답시고
펴다,편대
펴다,편대요
펴다,펼거나
펴다,펼게
펴다,펼래
펴다,펴라고
펴다,펴러
펴다,펴려
펴다,폅시다
펴다,펴세
펴다,펴시라
펴다,펴십시다
펴다,펴십시오
펴다,펴고자
펴다,펴느냐
펴다,펴느냐고
펴다,펴느니
펴다,펴느니만
펴다,펴느니만큼
펴다,펴는
펴다,펴는걸
펴다,펴는데
펴다,펴는지
교체하다,교체하거나
교체하다,교체하거늘
교체하다,교체하거니
교체하다,교체하거든
교체하다,교체하건
교체하다,교체하것다
교체하다,교체하게
교체하다,교체하겠
교체하다,교체하고
교체하다,교체하고말고
교체하다,교체하기로
교체하다,교체하기로니
교체하다,교체하기로서
교체하다,교체하기로서니
교체하다,교체하기에
교체하다,교체하네
교체하다,교체하니
교체하다,교체하다
교체하다,교체하다가
교체하다,교체하다가는
교체하다,교체하다간
교체하다,교체하다니
교체하다,교체하다마다
교체하다,교체하더니
교체하다,교체하더니라
교체하다,교체하더라
교체하다,교체하더라니까
교체하다,교체하더라도
교체하다,교체하더라며
교체하다,교체하더라면
교체하다,교체하더라면서
교체하다,교체하더람
교체하다,교체하던
교체하다,교체하던가
교체하다,교체하던데
교체하다,교체하던지
교체하다,교체하데
교체하다,교체하데요
교체하다,교체하도다
교체하다,교체하되
교체하다,교체하든
교체하다,교체하든지
교체하다,교체하듯
교체하다,교체하듯이
교체하다,교체하죠
교체하다,교체하지마는
교체하다,교체하지만
교체하다,교체하지요
교체하다,교체한걸
교체하다,교체한들
교체하다,교체하나마
교체하다,교체하니까
교체하다,교체할
교체하다,교체할걸
교체하다,교체할까
교체하다,교체할는지
교체하다,교체할라
교체하다,교체할라고
교체하다,교체할러니
교체하다,교체할러라
교체하다,교체할런고
교체하다,교체할망정
교체하다,교체할밖에
교체하다,교체할뿐더러
교체하다,교체할수록
교체하다,교체할지라도
교체하다,교체하며
교체하다,교체하면
교체하다,교체하면서
교체하다,교체하세요
교체하다,교체하셔요
교체하다,교체하지
교체하다,교체하건대
교체하다,교체하나니
교체하다,교체하느라
교체하다,교체하느라고
교체하다,교체하는구나
교체하다,교체하는군
교체하다,교체하도록
교체하다,교체하자
교체하다,교체하자고
교체하다,교체하자꾸나
교체하다,교체하자느니
교체하다,교체하자니까
교체하다,교체하자마자
교체하다,교체하자며
교체하다,교체하자면
교체하다,교체하자면서
교체하다,교체한
교체하다,교체한다
교체하다,교체한다고
교체하다,교체한다나
교체하다,교체한다네
교체하다,교체한다느니
교체하다,교체한다니
교체하다,교체한다니까
교체하다,교체한다더라
교체하다,교체한다며
교체하다,교체한다면
교체하다,교체한다면서
교체하다,교체한답니까
교체하다,교체한답니다
교체하다,교체한답시고
교체하다,교체한대
교체하다,교체한대요
교체하다,교체할거나
교체하다,교체할게
교체하다,교체할래
교체하다,교체하라고
교체하다,교체하러
교체하다,교체하려
교체하다,교체합시다
교체하다,교체하세
교체하다,교체하시라
교체하다,교체하십시다
교체하다,교체하십시오
교체하다,교체하고자
교체하다,교체하느냐
교체하다,교체하느냐고
교체하다,교체하느니
교체하다,교체하느니만
교체하다,교체하느니만큼
교체하다,교체하는
교체하다,교체하는걸
교체하다,교체하는데
교체하다,교체하는지
재다,재거나
재다,재거늘
재다,재거니
재다,재거든
재다,재건
재다,재것다
재다,재게
재다,재겠
재다,재고
재다,재고말고
재다,재기로
재다,재기로니
재다,재기로서
재다,재기로서니
재다,재기에
재다,재네
재다,재니
재다,재다
재다,재다가
재다,재다가는
재다,재다간
재다,재다니
재다,재다마다
재다,재더니
재다,재더니라
재다,재더라
재다,재더라니까
재다,재더라도
재다,재더라며
재다,재더라면
재다,재더라면서
재다,재더람
재다,재던
재다,재던가
재다,재던데
재다,재던지
재다,재데
재다,재데요
재다,재도다
재다,재되
재다,재든
재다,재든지
재다,재듯
재다,재듯이
재다,재죠
재다,재지마는
재다,재지만
재다,재지요
재다,잰걸
재다,잰들
재다,재나마
재다,재니까
재다,잴
재다,잴걸
재다,잴까
재다,잴는지
재다,잴라
재다,잴라고
재다,잴러니
재다,잴러라
재다,잴런고
재다,잴망정
재다,잴밖에
재다,잴뿐더러
재다,잴수록
재다,잴지라도
재다,재며
재다,재면
재다,재면서
재다,재세요
재다,재셔요
재다,재지
재다,재건대
재다,재나니
재다,재느라
재다,재느라고
재다,재는구나
재다,재는군
재다,재도록
재다,재자
재다,재자고
재다,재자꾸나
재다,재자느니
재다,재자니까
재다,재자마자
재다,재자며
재다,재자면
재다,재자면서
재다,잰
재다,잰다
재다,잰다고
재다,잰다나
재다,잰다네
재다,잰다느니
재다,잰다니
재다,잰다니까
재다,잰다더라
재다,잰다며
재다,잰다면
재다,잰다면서
재다,잰답니까
재다,잰답니다
재다,잰답시고
재다,잰대
재다,잰대요
재다,잴거나
재다,잴게
재다,잴래
재다,재라고
재다,재러
재다,재려
재다,잽시다
재다,재세
재다,재시라
재다,재십시다
재다,재십시오
재다,재고자
재다,재느냐
재다,재느냐고
재다,재느니
재다,재느니만
재다,재느니만큼
재다,재는
재다,재는걸
재다,재는데
재다,재는지
녹이다,녹이거나
녹이다,녹이거늘
녹이다,녹이거니
녹이다,녹이거든
녹이다,녹이건
녹이다,녹이것다
녹이다,녹이게
녹이다,녹이겠
녹이다,녹이고
녹이다,녹이고말고
녹이다,녹이기로
녹이다,녹이기로니
녹이다,녹이기로서
녹이다,녹이기로서니
녹이다,녹이기에
녹이다,녹이네
녹이다,녹이니
녹이다,녹이다
녹이다,녹이다가
녹이다,녹이다가는
녹이다,녹이다간
녹이다,녹이다니
녹이다,녹이다마다
녹이다,녹이더니
녹이다,녹이더니라
녹이다,녹이더라
녹이다,녹이더라니까
녹이다,녹이더라도
녹이다,녹이더라며
녹이다,녹이더라면
녹이다,녹이더라면서
녹이다,녹이더람
녹이다,녹이던
녹이다,녹이던가
녹이다,녹이던데
녹이다,녹이던지
녹이다,녹이데
녹이다,녹이데요
녹이다,녹이도다
녹이다,녹이되
녹이다,녹이든
녹이다,녹이든지
녹이다,녹이듯
녹이다,녹이듯이
녹이다,녹이죠
녹이다,녹이지마는
녹이다,녹이지만
녹이다,녹이지요
녹이다,녹인걸
녹이다,녹인들
녹이다,녹이나마
녹이다,녹이니까
녹이다,녹일
녹이다,녹일걸
녹이다,녹일까
녹이다,녹일는지
녹이다,녹일라
녹이다,녹일라고
녹이다,녹일러니
녹이다,녹일러라
녹이다,녹일런고
녹이다,녹일망정
녹이다,녹일밖에
녹이다,녹일뿐더러
녹이다,녹일수록
녹이다,녹일지라도
녹이다,녹이며
녹이다,녹이면
녹이다,녹이면서
녹이다,녹이세요
녹이다,녹이셔요
녹이다,녹이지
녹이다,녹이건대
녹이다,녹이나니
녹이다,녹이느라
녹이다,녹이느라고
녹이다,녹이는구나
녹이다,녹이는군
녹이다,녹이도록
녹이다,녹이자
녹이다,녹이자고
녹이다,녹이자꾸나
녹이다,녹이자느니
녹이다,녹이자니까
녹이다,녹이자마자
녹이다,녹이자며
녹이다,녹이자면
녹이다,녹이자면서
녹이다,녹인
녹이다,녹인다
녹이다,녹인다고
녹이다,녹인다나
녹이다,녹인다네
녹이다,녹인다느니
녹이다,녹인다니
녹이다,녹인다니까
녹이다,녹인다더라
녹이다,녹인다며
녹이다,녹인다면
녹이다,녹인다면서
녹이다,녹인답니까
녹이다,녹인답니다
녹이다,녹인답시고
녹이다,녹인대
녹이다,녹인대요
녹이다,녹일거나
녹이다,녹일게
녹이다,녹일래
녹이다,녹이라고
녹이다,녹이러
녹이다,녹이려
녹이다,녹입시다
녹이다,녹이세
녹이다,녹이시라
녹이다,녹이십시다
녹이다,녹이십시오
녹이다,녹이고자
녹이다,녹이느냐
녹이다,녹이느냐고
녹이다,녹이느니
녹이다,녹이느니만
녹이다,녹이느니만큼
녹이다,녹이는
녹이다,녹이는걸
녹이다,녹이는데
녹이다,녹이는지
거론하다,거론하거나
거론하다,거론하거늘
거론하다,거론하거니
거론하다,거론하거든
거론하다,거론하건
거론하다,거론하것다
거론하다,거론하게
거론하다,거론하겠
거론하다,거론하고
거론하다,거론하고말고
거론하다,거론하기로
거론하다,거론하기로니
거론하다,거론하기로서
거론하다,거론하기로서니
거론하다,거론하기에
거론하다,거론하네
거론하다,거론하니
거론하다,거론하다
거론하다,거론하다가
거론하다,거론하다가는
거론하다,거론하다간
거론하다,거론하다니
거론하다,거론하다마다
거론하다,거론하더니
거론하다,거론하더니라
거론하다,거론하더라
거론하다,거론하더라니까
거론하다,거론하더라도
거론하다,거론하더라며
거론하다,거론하더라면
거론하다,거론하더라면서
거론하다,거론하더람
거론하다,거론하던
거론하다,거론하던가
거론하다,거론하던데
거론하다,거론하던지
거론하다,거론하데
거론하다,거론하데요
거론하다,거론하도다
거론하다,거론하되
거론하다,거론하든
거론하다,거론하든지
거론하다,거론하듯
거론하다,거론하듯이
거론하다,거론하죠
거론하다,거론하지마는
거론하다,거론하지만
거론하다,거론하지요
거론하다,거론한걸
거론하다,거론한들
거론하다,거론하나마
거론하다,거론하니까
거론하다,거론할
거론하다,거론할걸
거론하다,거론할까
거론하다,거론할는지
거론하다,거론할라
거론하다,거론할라고
거론하다,거론할러니
거론하다,거론할러라
거론하다,거론할런고
거론하다,거론할망정
거론하다,거론할밖에
거론하다,거론할뿐더러
거론하다,거론할수록
거론하다,거론할지라도
거론하다,거론하며
거론하다,거론하면
거론하다,거론하면서
거론하다,거론하세요
거론하다,거론하셔요
거론하다,거론하지
거론하다,거론하건대
거론하다,거론하나니
거론하다,거론하느라
거론하다,거론하느라고
거론하다,거론하는구나
거론하다,거론하는군
거론하다,거론하도록
거론하다,거론하자
거론하다,거론하자고
거론하다,거론하자꾸나
거론하다,거론하자느니
거론하다,거론하자니까
거론하다,거론하자마자
거론하다,거론하자며
거론하다,거론하자면
거론하다,거론하자면서
거론하다,거론한
거론하다,거론한다
거론하다,거론한다고
거론하다,거론한다나
거론하다,거론한다네
거론하다,거론한다느니
거론하다,거론한다니
거론하다,거론한다니까
거론하다,거론한다더라
거론하다,거론한다며
거론하다,거론한다면
거론하다,거론한다면서
거론하다,거론한답니까
거론하다,거론한답니다
거론하다,거론한답시고
거론하다,거론한대
거론하다,거론한대요
거론하다,거론할거나
거론하다,거론할게
거론하다,거론할래
거론하다,거론하라고
거론하다,거론하러
거론하다,거론하려
거론하다,거론합시다
거론하다,거론하세
거론하다,거론하시라
거론하다,거론하십시다
거론하다,거론하십시오
거론하다,거론하고자
거론하다,거론하느냐
거론하다,거론하느냐고
거론하다,거론하느니
거론하다,거론하느니만
거론하다,거론하느니만큼
거론하다,거론하는
거론하다,거론하는걸
거론하다,거론하는데
거론하다,거론하는지
하다,하거나
하다,하거늘
하다,하거니
하다,하거든
하다,하건
하다,하것다
하다,하게
하다,하겠
하다,하고
하다,하고말고
하다,하기로
하다,하기로니
하다,하기로서
하다,하기로서니
하다,하기에
하다,하네
하다,하니
하다,하다
하다,하다가
하다,하다가는
하다,하다간
하다,하다니
하다,하다마다
하다,하더니
하다,하더니라
하다,하더라
하다,하더라니까
하다,하더라도
하다,하더라며
하다,하더라면
하다,하더라면서
하다,하더람
하다,하던
하다,하던가
하다,하던데
하다,하던지
하다,하데
하다,하데요
하다,하도다
하다,하되
하다,하든
하다,하든지
하다,하듯
하다,하듯이
하다,하죠
하다,하지마는
하다,하지만
하다,하지요
하다,한걸
하다,한들
하다,하나마
하다,하니까
하다,할
하다,할걸
하다,할까
하다,할는지
하다,할라
하다,할라고
하다,할러니
하다,할러라
하다,할런고
하다,할망정
하다,할밖에
하다,할뿐더러
하다,할수록
하다,할지라도
하다,하며
하다,하면
하다,하면서
하다,하세요
하다,하셔요
하다,하지
하다,하건대
하다,하나니
하다,하느라
하다,하느라고
하다,하는구나
하다,하는군
하다,하도록
하다,하자
하다,하자고
하다,하자꾸나
하다,하자느니
하다,하자니까
하다,하자마자
하다,하자며
하다,하자면
하다,하자면서
하다,한
하다,한다
하다,한다고
하다,한다나
하다,한다네
하다,한다느니
하다,한다니
하다,한다니까
하다,한다더라
하다,한다며
하다,한다면
하다,한다면서
하다,한답니까
하다,한답니다
하다,한답시고
하다,한대
하다,한대요
하다,할거나
하다,할게
하다,할래
하다,하라고
하다,하러
하다,하려
하다,합시다
하다,하세
하다,하시라
하다,하십시다
하다,하십시오
하다,하고자
하다,하느냐
하다,하느냐고
하다,하느니
하다,하느니만
하다,하느니만큼
하다,하는
하다,하는걸
하다,하는데
하다,하는지
없다,없거나
없다,없거늘
없다,없거니
없다,없거든
없다,없건
없다,없것다
없다,없게
없다,없겠
없다,없고
없다,없고말고
없다,없기로
없다,없기로니
없다,없기로서
없다,없기로서니
없다,없기에
없다,없네
없다,없니
없다,없다
없다,없다가
없다,없다가는
없다,없다간
없다,없다니
없다,없다마다
없다,없더니
없다,없더니라
없다,없더라
없다,없더라니까
없다,없더라도
없다,없더라며
없다,없더라면
없다,없더라면서
없다,없더람
없다,없던
없다,없던가
없다,없던데
없다,없던지
없다,없데
없다,없데요
없다,없도다
없다,없되
없다,없든
없다,없든지
없다,없듯
없다,없듯이
없다,없죠
없다,없지마는
없다,없지만
없다,없지요
없다,없지
없다,없을
없다,없을걸
없다,없을밖에
없다,없을수록
없다,없을지
없다,없을지며
없다,없음
없다,없음에도
없다,없읍시오
없다,없고자
없다,없느냐
없다,없느냐고
없다,없느니
없다,없느니만
없다,없느니만큼
없다,없는
없다,없는걸
없다,없는데
없다,없는지
덥다,덥거나
덥다,덥거늘
덥다,덥거니
덥다,덥거든
덥다,덥건
덥다,덥것다
덥다,덥게
덥다,덥겠
덥다,덥고
덥다,덥고말고
덥다,덥기로
덥다,덥기로니
덥다,덥기로서
덥다,덥기로서니
덥다,덥기에
덥다,덥네
덥다,덥니
덥다,덥다
덥다,덥다가
덥다,덥다가는
덥다,덥다간
덥다,덥다니
덥다,덥다마다
덥다,덥더니
덥다,덥더니라
덥다,덥더라
덥다,덥더라니까
덥다,덥더라도
덥다,덥더라며
덥다,덥더라면
덥다,덥더라면서
덥다,덥더람
덥다,덥던
덥다,덥던가
덥다,덥던데
덥다,덥던지
덥다,덥데
덥다,덥데요
덥다,덥도다
덥다,덥되
덥다,덥든
덥다,덥든지
덥다,덥듯
덥다,덥듯이
덥다,덥죠
덥다,덥지마는
덥다,덥지만
덥다,덥지요
덥다,덥지
덥다,더울
덥다,더울걸
덥다,더울밖에
덥다,더울수록
덥다,더울지
덥다,더울지며
덥다,더움
덥다,더움에도
덥다,더웁시오
덥다,더운데
덥다,더운지
어렵다,어렵거나
어렵다,어렵거늘
어렵다,어렵거니
어렵다,어렵거든
어렵다,어렵건
어렵다,어렵것다
어렵다,어렵게
어렵다,어렵겠
어렵다,어렵고
어렵다,어렵고말고
어렵다,어렵기로
어렵다,어렵기로니
어렵다,어렵기로서
어렵다,어렵기로서니
어렵다,어렵기에
어렵다,어렵네
어렵다,어렵니
어렵다,어렵다
어렵다,어렵다가
어렵다,어렵다가는
어렵다,어렵다간
어렵다,어렵다니
어렵다,어렵다마다
어렵다,어렵더니
어렵다,어렵더니라
어렵다,어렵더라
어렵다,어렵더라니까
어렵다,어렵더라도
어렵다,어렵더라며
어렵다,어렵더라면
어렵다,어렵더라면서
어렵다,어렵더람
어렵다,어렵던
어렵다,어렵던가
어렵다,어렵던데
어렵다,어렵던지
어렵다,어렵데
어렵다,어렵데요
어렵다,어렵도다
어렵다,어렵되
어렵다,어렵든
어렵다,어렵든지
어렵다,어렵듯
어렵다,어렵듯이
어렵다,어렵죠
어렵다,어렵지마는
어렵다,어렵지만
어렵다,어렵지요
어렵다,어렵지
어렵다,어려울
어렵다,어려울걸
어렵다,어려울밖에
어렵다,어려울수록
어렵다,어려울지
어렵다,어려울지며
어렵다,어려움
어렵다,어려움에도
어렵다,어려웁시오
어렵다,어려운데
어렵다,어려운지
춥다,춥거나
춥다,춥거늘
춥다,춥거니
춥다,춥거든
춥다,춥건
춥다,춥것다
춥다,춥게
춥다,춥겠
춥다,춥고
춥다,춥고말고
춥다,춥기로
춥다,춥기로니
춥다,춥기로서
춥다,춥기로서니
춥다,춥기에
춥다,춥네
춥다,춥니
춥다,춥다
춥다,춥다가
춥다,춥다가는
춥다,춥다간
춥다,춥다니
춥다,춥다마다
춥다,춥더니
춥다,춥더니라
춥다,춥더라
춥다,춥더라니까
춥다,춥더라도
춥다,춥더라며
춥다,춥더라면
춥다,춥더라면서
춥다,춥더람
춥다,춥던
춥다,춥던가
춥다,춥던데
춥다,춥던지
춥다,춥데
춥다,춥데요
춥다,춥도다
춥다,춥되
춥다,춥든
춥다,춥든지
춥다,춥듯
춥다,춥듯이
춥다,춥죠
춥다,춥지마는
춥다,춥지만
춥다,춥지요
춥다,춥지
춥다,추울
춥다,추울걸
춥다,추울밖에
춥다,추울수록
춥다,추울지
춥다,추울지며
춥다,추움
춥다,추움에도
춥다,추웁시오
춥다,추운데
춥다,추운지
헤어지다,헤어지거나
헤어지다,헤어지거늘
헤어지다,헤어지거니
헤어지다,헤어지거든
헤어지다,헤어지건
헤어지다,헤어지것다
헤어지다,헤어지게
헤어지다,헤어지겠
헤어지다,헤어지고
헤어지다,헤어지고말고
헤어지다,헤어지기로
헤어지다,헤어지기로니
헤어지다,헤어지기로서
헤어지다,헤어지기로서니
헤어지다,헤어지기에
헤어지다,헤어지네
헤어지다,헤어지니
헤어지다,헤어지다
헤어지다,헤어지다가
헤어지다,헤어지다가는
헤어지다,헤어지다간
헤어지다,헤어지다니
헤어지다,헤어지다마다
헤어지다,헤어지더니
헤어지다,헤어지더니라
헤어지다,헤어지더라
헤어지다,헤어지더라니까
헤어지다,헤어지더라도
헤어지다,헤어지더라며
헤어지다,헤어지더라면
헤어지다,헤어지더라면서
헤어지다,헤어지더람
헤어지다,헤어지던
헤어지다,헤어지던가
헤어지다,헤어지던데
헤어지다,헤어지던지
헤어지다,헤어지데
헤어지다,헤어지데요
헤어지다,헤어지도다
헤어지다,헤어지되
헤어지다,헤어지든
헤어지다,헤어지든지
헤어지다,헤어지듯
헤어지다,헤어지듯이
헤어지다,헤어지죠
헤어지다,헤어지지마는
헤어지다,헤어지지만
헤어지다,헤어지지요
헤어지다,헤어진걸
헤어지다,헤어진들
헤어지다,헤어지나마
헤어지다,헤어지니까
헤어지다,헤어질
헤어지다,헤어질걸
헤어지다,헤어질까
헤어지다,헤어질는지
헤어지다,헤어질라
헤어지다,헤어질라고
헤어지다,헤어질러니
헤어지다,헤어질러라
헤어지다,헤어질런고
헤어지다,헤어질망정
헤어지다,헤어질밖에
헤어지다,헤어질뿐더러
헤어지다,헤어질수록
헤어지다,헤어질지라도
헤어지다,헤어지며
헤어지다,헤어지면
헤어지다,헤어지면서
헤어지다,헤어지세요
헤어지다,헤어지셔요
헤어지다,헤어지지
헤어지다,헤어지건대
헤어지다,헤어지나니
헤어지다,헤어지느라
헤어지다,헤어지느라고
헤어지다,헤어지는구나
헤어지다,헤어지는군
헤어지다,헤어지도록
헤어지다,헤어지자
헤어지다,헤어지자고
헤어지다,헤어지자꾸나
헤어지다,헤어지자느니
헤어지다,헤어지자니까
헤어지다,헤어지자마자
헤어지다,헤어지자며
헤어지다,헤어지자면
헤어지다,헤어지자면서
헤어지다,헤어진
헤어지다,헤어진다
헤어지다,헤어진다고
헤어지다,헤어진다나
헤어지다,헤어진다네
헤어지다,헤어진다느니
헤어지다,헤어진다니
헤어지다,헤어진다니까
헤어지다,헤어진다더라
헤어지다,헤어진다며
헤어지다,헤어진다면
헤어지다,헤어진다면서
헤어지다,헤어진답니까
헤어지다,헤어진답니다
헤어지다,헤어진답시고
헤어지다,헤어진대
헤어지다,헤어진대요
헤어지다,헤어질거나
헤어지다,헤어질게
헤어지다,헤어질래
헤어지다,헤어지라고
헤어지다,헤어지러
헤어지다,헤어지려
헤어지다,헤어집시다
헤어지다,헤어지세
헤어지다,헤어지시라
헤어지다,헤어지십시다
헤어지다,헤어지십시오
헤어지다,헤어지고자
헤어지다,헤어지느냐
헤어지다,헤어지느냐고
헤어지다,헤어지느니
헤어지다,헤어지느니만
헤어지다,헤어지느니만큼
헤어지다,헤어지는
헤어지다,헤어지는걸
헤어지다,헤어지는데
헤어지다,헤어지는지
이다,이거나
이다,이거늘
이다,이거니
이다,이거든
이다,이건
이다,이것다
이다,이게
이다,이겠
이다,이고
이다,이고말고
이다,이기로
이다,이기로니
이다,이기로서
이다,이기로서니
이다,이기에
이다,이네
이다,이니
이다,이다
이다,이다가
이다,이다가는
이다,이다간
이다,이다니
이다,이다마다
이다,이더니
이다,이더니라
이다,이더라
이다,이더라니까
이다,이더라도
이다,이더라며
이다,이더라면
이다,이더라면서
이다,이더람
이다,이던
이다,이던가
이다,이던데
이다,이던지
이다,이데
이다,이데요
이다,이도다
이다,이되
이다,이든
이다,이든지
이다,이듯
이다,이듯이
이다,이죠
이다,이지마는
이다,이지만
이다,이지요
이다,인걸
이다,인들
이다,이나마
이다,이니까
이다,일
이다,일걸
이다,일까
이다,일는지
이다,일라
이다,일라고
이다,일러니
이다,일러라
이다,일런고
이다,일망정
이다,일밖에
이다,일뿐더러
이다,일수록
이다,일지라도
이다,이며
이다,이면
이다,이면서
이다,이세요
이다,이셔요
이다,이지
이다,이건대
이다,이나니
이다,이느라
이다,이느라고
이다,이는구나
이다,이는군
이다,이도록
이다,이자
이다,이자고
이다,이자꾸나
이다,이자느니
이다,이자니까
이다,이자마자
이다,이자며
이다,이자면
이다,이자면서
이다,인
이다,인다
이다,인다고
이다,인다나
이다,인다네
이다,인다느니
이다,인다니
이다,인다니까
이다,인다더라
이다,인다며
이다,인다면
이다,인다면서
이다,인답니까
이다,인답니다
이다,인답시고
이다,인대
이다,인대요
이다,일거나
이다,일게
이다,일래
이다,이라고
이다,이러
이다,이려
이다,입시다
이다,이세
이다,이시라
이다,이십시다
이다,이십시오
이다,이고자
이다,이느냐
이다,이느냐고
이다,이느니
이다,이느니만
이다,이느니만큼
이다,이는
이다,이는걸
이다,이는데
이다,이는지
가만두다,가만두거나
가만두다,가만두거늘
가만두다,가만두거니
가만두다,가만두거든
가만두다,가만두건
가만두다,가만두것다
가만두다,가만두게
가만두다,가만두겠
가만두다,가만두고
가만두다,가만두고말고
가만두다,가만두기로
가만두다,가만두기로니
가만두다,가만두기로서
가만두다,가만두기로서니
가만두다,가만두기에
가만두다,가만두네
가만두다,가만두니
가만두다,가만두다
가만두다,가만두다가
가만두다,가만두다가는
가만두다,가만두다간
가만두다,가만두다니
가만두다,가만두다마다
가만두다,가만두더니
가만두다,가만두더니라
가만두다,가만두더라
가만두다,가만두더라니까
가만두다,가만두더라도
가만두다,가만두더라며
가만두다,가만두더라면
가만두다,가만두더라면서
가만두다,가만두더람
가만두다,가만두던
가만두다,가만두던가
가만두다,가만두던데
가만두다,가만두던지
가만두다,가만두데
가만두다,가만두데요
가만두다,가만두도다
가만두다,가만두되
가만두다,가만두든
가만두다,가만두든지
가만두다,가만두듯
가만두다,가만두듯이
가만두다,가만두죠
가만두다,가만두지마는
가만두다,가만두지만
가만두다,가만두지요
가만두다,가만둔걸
가만두다,가만둔들
가만두다,가만두나마
가만두다,가만두니까
가만두다,가만둘
가만두다,가만둘걸
가만두다,가만둘까
가만두다,가만둘는지
가만두다,가만둘라
가만두다,가만둘라고
가만두다,가만둘러니
가만두다,가만둘러라
가만두다,가만둘런고
가만두다,가만둘망정
가만두다,가만둘밖에
가만두다,가만둘뿐더러
가만두다,가만둘수록
가만두다,가만둘지라도
가만두다,가만두며
가만두다,가만두면
가만두다,가만두면서
가만두다,가만두세요
가만두다,가만두셔요
가만두다,가만두지
가만두다,가만두건대
가만두다,가만두나니
가만두다,가만두느라
가만두다,가만두느라고
가만두다,가만두는구나
가만두다,가만두는군
가만두다,가만두도록
가만두다,가만두자
가만두다,가만두자고
가만두다,가만두자꾸나
가만두다,가만두자느니
가만두다,가만두자니까
가만두다,가만두자마자
가만두다,가만두자며
가만두다,가만두자면
가만두다,가만두자면서
가만두다,가만둔
가만두다,가만둔다
가만두다,가만둔다고
가만두다,가만둔다나
가만두다,가만둔다네
가만두다,가만둔다느니
가만두다,가만둔다니
가만두다,가만둔다니까
가만두다,가만둔다더라
가만두다,가만둔다며
가만두다,가만둔다면
가만두다,가만둔다면서
가만두다,가만둔답니까
가만두다,가만둔답니다
가만두다,가만둔답시고
가만두다,가만둔대
가만두다,가만둔대요
가만두다,가만둘거나
가만두다,가만둘게
가만두다,가만둘래
가만두다,가만두라고
가만두다,가만두러
가만두다,가만두려
가만두다,가만둡시다
가만두다,가만두세
가만두다,가만두시라
가만두다,가만두십시다
가만두다,가만두십시오
가만두다,가만두고자
가만두다,가만두느냐
가만두다,가만두느냐고
가만두다,가만두느니
가만두다,가만두느니만
가만두다,가만두느니만큼
가만두다,가만두는
가만두다,가만두는걸
가만두다,가만두는데
가만두다,가만두는지
같다,같거나
같다,같거늘
같다,같거니
같다,같거든
같다,같건
같다,같것다
같다,같게
같다,같겠
같다,같고
같다,같고말고
같다,같기로
같다,같기로니
같다,같기로서
같다,같기로서니
같다,같기에
같다,같네
같다,같니
같다,같다
같다,같다가
같다,같다가는
같다,같다간
같다,같다니
같다,같다마다
같다,같더니
같다,같더니라
같다,같더라
같다,같더라니까
같다,같더라도
같다,같더라며
같다,같더라면
같다,같더라면서
같다,같더람
같다,같던
같다,같던가
같다,같던데
같다,같던지
같다,같데
같다,같데요
같다,같도다
같다,같되
같다,같든
같다,같든지
같다,같듯
같다,같듯이
같다,같죠
같다,같지마는
같다,같지만
같다,같지요
같다,같지
같다,같아도
같다,같아서
같다,같아야
같다,같아야만
같다,같아야지
같다,같아요
같다,같을
같다,같을걸
같다,같을밖에
같다,같을수록
같다,같을지
같다,같을지며
같다,같음
같다,같음에도
같다,같읍시오
같다,같은데
같다,같은지
심판하다,심판하거나
심판하다,심판하거늘
심판하다,심판하거니
심판하다,심판하거든
심판하다,심판하건
심판하다,심판하것다
심판하다,심판하게
심판하다,심판하겠
심판하다,심판하고
심판하다,심판하고말고
심판하다,심판하기로
심판하다,심판하기로니
심판하다,심판하기로서
심판하다,심판하기로서니
심판하다,심판하기에
심판하다,심판하네
심판하다,심판하니
심판하다,심판하다
심판하다,심판하다가
심판하다,심판하다가는
심판하다,심판하다간
심판하다,심판하다니
심판하다,심판하다마다
심판하다,심판하더니
심판하다,심판하더니라
심판하다,심판하더라
심판하다,심판하더라니까
심판하다,심판하더라도
심판하다,심판하더라며
심판하다,심판하더라면
심판하다,심판하더라면서
심판하다,심판하더람
심판하다,심판하던
심판하다,심판하던가
심판하다,심판하던데
심판하다,심판하던지
심판하다,심판하데
심판하다,심판하데요
심판하다,심판하도다
심판하다,심판하되
심판하다,심판하든
심판하다,심판하든지
심판하다,심판하듯
심판하다,심판하듯이
심판하다,심판하죠
심판하다,심판하지마는
심판하다,심판하지만
심판하다,심판하지요
심판하다,심판한걸
심판하다,심판한들
심판하다,심판하나마
심판하다,심판하니까
심판하다,심판할
심판하다,심판할걸
심판하다,심판할까
심판하다,심판할는지
심판하다,심판할라
심판하다,심판할라고
심판하다,심판할러니
심판하다,심판할러라
심판하다,심판할런고
심판하다,심판할망정
심판하다,심판할밖에
심판하다,심판할뿐더러
심판하다,심판할수록
심판하다,심판할지라도
심판하다,심판하며
심판하다,심판하면
심판하다,심판하면서
심판하다,심판하세요
심판하다,심판하셔요
심판하다,심판하지
심판하다,심판하건대
심판하다,심판하나니
심판하다,심판하느라
심판하다,심판하느라고
심판하다,심판하는구나
심판하다,심판하는군
심판하다,심판하도록
심판하다,심판하자
심판하다,심판하자고
심판하다,심판하자꾸나
심판하다,심판하자느니
심판하다,심판하자니까
심판하다,심판하자마자
심판하다,심판하자며
심판하다,심판하자면
심판하다,심판하자면서
심판하다,심판한
심판하다,심판한다
심판하다,심판한다고
심판하다,심판한다나
심판하다,심판한다네
심판하다,심판한다느니
심판하다,심판한다니
심판하다,심판한다니까
심판하다,심판한다더라
심판하다,심판한다며
심판하다,심판한다면
심판하다,심판한다면서
심판하다,심판한답니까
심판하다,심판한답니다
심판하다,심판한답시고
심판하다,심판한대
심판하다,심판한대요
심판하다,심판할거나
심판하다,심판할게
심판하다,심판할래
심판하다,심판하라고
심판하다,심판하러
심판하다,심판하려
심판하다,심판합시다
심판하다,심판하세
심판하다,심판하시라
심판하다,심판하십시다
심판하다,심판하십시오
심판하다,심판하고자
심판하다,심판하느냐
심판하다,심판하느냐고
심판하다,심판하느니
심판하다,심판하느니만
심판하다,심판하느니만큼
심판하다,심판하는
심판하다,심판하는걸
심판하다,심판하는데
심판하다,심판하는지
손대다,손대거나
손대다,손대거늘
손대다,손대거니
손대다,손대거든
손대다,손대건
손대다,손대것다
손대다,손대게
손대다,손대겠
손대다,손대고
손대다,손대고말고
손대다,손대기로
손대다,손대기로니
손대다,손대기로서
손대다,손대기로서니
손대다,손대기에
손대다,손대네
손대다,손대니
손대다,손대다
손대다,손대다가
손대다,손대다가는
손대다,손대다간
손대다,손대다니
손대다,손대다마다
손대다,손대더니
손대다,손대더니라
손대다,손대더라
손대다,손대더라니까
손대다,손대더라도
손대다,손대더라며
손대다,손대더라면
손대다,손대더라면서
손대다,손대더람
손대다,손대던
손대다,손대던가
손대다,손대던데
손대다,손대던지
손대다,손대데
손대다,손대데요
손대다,손대도다
손대다,손대되
손대다,손대든
손대다,손대든지
손대다,손대듯
손대다,손대듯이
손대다,손대죠
손대다,손대지마는
손대다,손대지만
손대다,손대지요
손대다,손댄걸
손대다,손댄들
손대다,손대나마
손대다,손대니까
손대다,손댈
손대다,손댈걸
손대다,손댈까
손대다,손댈는지
손대다,손댈라
손대다,손댈라고
손대다,손댈러니
손대다,손댈러라
손대다,손댈런고
손대다,손댈망정
손대다,손댈밖에
손대다,손댈뿐더러
손대다,손댈수록
손대다,손댈지라도
손대다,손대며
손대다,손대면
손대다,손대면서
손대다,손대세요
손대다,손대셔요
손대다,손대지
손대다,손대건대
손대다,손대나니
손대다,손대느라
손대다,손대느라고
손대다,손대는구나
손대다,손대는군
손대다,손대도록
손대다,손대자
손대다,손대자고
손대다,손대자꾸나
손대다,손대자느니
손대다,손대자니까
손대다,손대자마자
손대다,손대자며
손대다,손대자면
손대다,손대자면서
손대다,손댄
손대다,손댄다
손대다,손댄다고
손대다,손댄다나
손대다,손댄다네
손대다,손댄다느니
손대다,손댄다니
손대다,손댄다니까
손대다,손댄다더라
손대다,손댄다며
손대다,손댄다면
손대다,손댄다면서
손대다,손댄답니까
손대다,손댄답니다
손대다,손댄답시고
손대다,손댄대
손대다,손댄대요
손대다,손댈거나
손대다,손댈게
손대다,손댈래
손대다,손대라고
손대다,손대러
손대다,손대려
손대다,손댑시다
손대다,손대세
손대다,손대시라
손대다,손대십시다
손대다,손대십시오
손대다,손대고자
손대다,손대느냐
손대다,손대느냐고
손대다,손대느니
손대다,손대느니만
손대다,손대느니만큼
손대다,손대는
손대다,손대는걸
손대다,손대는데
손대다,손대는지
죽이다,죽이거나
죽이다,죽이거늘
죽이다,죽이거니
죽이다,죽이거든
죽이다,죽이건
죽이다,죽이것다
죽이다,죽이게
죽이다,죽이겠
죽이다,죽이고
죽이다,죽이고말고
죽이다,죽이기로
죽이다,죽이기로니
죽이다,죽이기로서
죽이다,죽이기로서니
죽이다,죽이기에
죽이다,죽이네
죽이다,죽이니
죽이다,죽이다
죽이다,죽이다가
죽이다,죽이다가는
죽이다,죽이다간
죽이다,죽이다니
죽이다,죽이다마다
죽이다,죽이더니
죽이다,죽이더니라
죽이다,죽이더라
죽이다,죽이더라니까
죽이다,죽이더라도
죽이다,죽이더라며
죽이다,죽이더라면
죽이다,죽이더라면서
죽이다,죽이더람
죽이다,죽이던
죽이다,죽이던가
죽이다,죽이던데
죽이다,죽이던지
죽이다,죽이데
죽이다,죽이데요
죽이다,죽이도다
죽이다,죽이되
죽이다,죽이든
죽이다,죽이든지
죽이다,죽이듯
죽이다,죽이듯이
죽이다,죽이죠
죽이다,죽이지마는
죽이다,죽이지만
죽이다,죽이지요
죽이다,죽인걸
죽이다,죽인들
죽이다,죽이나마
죽이다,죽이니까
죽이다,죽일
죽이다,죽일걸
죽이다,죽일까
죽이다,죽일는지
죽이다,죽일라
죽이다,죽일라고
죽이다,죽일러니
죽이다,죽일러라
죽이다,죽일런고
죽이다,죽일망정
죽이다,죽일밖에
죽이다,죽일뿐더러
죽이다,죽일수록
죽이다,죽일지라도
죽이다,죽이며
죽이다,죽이면
죽이다,죽이면서
죽이다,죽이세요
죽이다,죽이셔요
죽이다,죽이지
죽이다,죽이건대
죽이다,죽이나니
죽이다,죽이느라
죽이다,죽이느라고
죽이다,죽이는구나
죽이다,죽이는군
죽이다,죽이도록
죽이다,죽이자
죽이다,죽이자고
죽이다,죽이자꾸나
죽이다,죽이자느니
죽이다,죽이자니까
죽이다,죽이자마자
죽이다,죽이자며
죽이다,죽이자면
죽이다,죽이자면서
죽이다,죽인
죽이다,죽인다
죽이다,죽인다고
죽이다,죽인다나
죽이다,죽인다네
죽이다,죽인다느니
죽이다,죽인다니
죽이다,죽인다니까
죽이다,죽인다더라
죽이다,죽인다며
죽이다,죽인다면
죽이다,죽인다면서
죽이다,죽인답니까
죽이다,죽인답니다
죽이다,죽인답시고
죽이다,죽인대
죽이다,죽인대요
죽이다,죽일거나
죽이다,죽일게
죽이다,죽일래
죽이다,죽이라고
죽이다,죽이러
죽이다,죽이려
죽이다,죽입시다
죽이다,죽이세
죽이다,죽이시라
죽이다,죽이십시다
죽이다,죽이십시오
죽이다,죽이고자
죽이다,죽이느냐
죽이다,죽이느냐고
죽이다,죽이느니
죽이다,죽이느니만
죽이다,죽이느니만큼
죽이다,죽이는
죽이다,죽이는걸
죽이다,죽이는데
죽이다,죽이는지
죽다,죽거나
죽다,죽거늘
죽다,죽거니
죽다,죽거든
죽다,죽건
죽다,죽것다
죽다,죽게
죽다,죽겠
죽다,죽고
죽다,죽고말고
죽다,죽기로
죽다,죽기로니
죽다,죽기로서
죽다,죽기로서니
죽다,죽기에
죽다,죽네
죽다,죽니
죽다,죽다
죽다,죽다가
죽다,죽다가는
죽다,죽다간
죽다,죽다니
죽다,죽다마다
죽다,죽더니
죽다,죽더니라
죽다,죽더라
죽다,죽더라니까
죽다,죽더라도
죽다,죽더라며
죽다,죽더라면
죽다,죽더라면서
죽다,죽더람
죽다,죽던
죽다,죽던가
죽다,죽던데
죽다,죽던지
죽다,죽데
죽다,죽데요
죽다,죽도다
죽다,죽되
죽다,죽든
죽다,죽든지
죽다,죽듯
죽다,죽듯이
죽다,죽죠
죽다,죽지마는
죽다,죽지만
죽다,죽지요
죽다,죽지
죽다,죽을
죽다,죽을걸
죽다,죽을밖에
죽다,죽을수록
죽다,죽을지
죽다,죽을지며
죽다,죽음
죽다,죽음에도
죽다,죽읍시오
죽다,죽건대
죽다,죽나니
죽다,죽느라
죽다,죽느라고
죽다,죽는구나
죽다,죽는군
죽다,죽도록
죽다,죽자
죽다,죽자고
죽다,죽자꾸나
죽다,죽자느니
죽다,죽자니까
죽다,죽자마자
죽다,죽자며
죽다,죽자면
죽다,죽자면서
죽다,죽고자
죽다,죽느냐
죽다,죽느냐고
죽다,죽느니
죽다,죽느니만
죽다,죽느니만큼
죽다,죽는
죽다,죽는걸
죽다,죽는데
죽다,죽는지
죽다,죽으러
죽다,죽읍시다
멈추다,멈추거나
멈추다,멈추거늘
멈추다,멈추거니
멈추다,멈추거든
멈추다,멈추건
멈추다,멈추것다
멈추다,멈추게
멈추다,멈추겠
멈추다,멈추고
멈추다,멈추고말고
멈추다,멈추기로
멈추다,멈추기로니
멈추다,멈추기로서
멈추다,멈추기로서니
멈추다,멈추기에
멈추다,멈추네
멈추다,멈추니
멈추다,멈추다
멈추다,멈추다가
멈추다,멈추다가는
멈추다,멈추다간
멈추다,멈추다니
멈추다,멈추다마다
멈추다,멈추더니
멈추다,멈추더니라
멈추다,멈추더라
멈추다,멈추더라니까
멈추다,멈추더라도
멈추다,멈추더라며
멈추다,멈추더라면
멈추다,멈추더라면서
멈추다,멈추더람
멈추다,멈추던
멈추다,멈추던가
멈추다,멈추던데
멈추다,멈추던지
멈추다,멈추데
멈추다,멈추데요
멈추다,멈추도다
멈추다,멈추되
멈추다,멈추든
멈추다,멈추든지
멈추다,멈추듯
멈추다,멈추듯이
멈추다,멈추죠
멈추다,멈추지마는
멈추다,멈추지만
멈추다,멈추지요
멈추다,멈춘걸
멈추다,멈춘들
멈추다,멈추나마
멈추다,멈추니까
멈추다,멈출
멈추다,멈출걸
멈추다,멈출까
멈추다,멈출는지
멈추다,멈출라
멈추다,멈출라고
멈추다,멈출러니
멈추다,멈출러라
멈추다,멈출런고
멈추다,멈출망정
멈추다,멈출밖에
멈추다,멈출뿐더러
멈추다,멈출수록
멈추다,멈출지라도
멈추다,멈추며
멈추다,멈추면
멈추다,멈추면서
멈추다,멈추세요
멈추다,멈추셔요
멈추다,멈추지
멈추다,멈추건대
멈추다,멈추나니
멈추다,멈추느라
멈추다,멈추느라고
멈추다,멈추는구나
멈추다,멈추는군
멈추다,멈추도록
멈추다,멈추자
멈추다,멈추자고
멈추다,멈추자꾸나
멈추다,멈추자느니
멈추다,멈추자니까
멈추다,멈추자마자
멈추다,멈추자며
멈추다,멈추자면
멈추다,멈추자면서
멈추다,멈춘
멈추다,멈춘다
멈추다,멈춘다고
멈추다,멈춘다나
멈추다,멈춘다네
멈추다,멈춘다느니
멈추다,멈춘다니
멈추다,멈춘다니까
멈추다,멈춘다더라
멈추다,멈춘다며
멈추다,멈춘다면
멈추다,멈춘다면서
멈추다,멈춘답니까
멈추다,멈춘답니다
멈추다,멈춘답시고
멈추다,멈춘대
멈추다,멈춘대요
멈추다,멈출거나
멈추다,멈출게
멈추다,멈출래
멈추다,멈추라고
멈추다,멈추러
멈추다,멈추려
멈추다,멈춥시다
멈추다,멈추세
멈추다,멈추시라
멈추다,멈추십시다
멈추다,멈추십시오
멈추다,멈추고자
멈추다,멈추느냐
멈추다,멈추느냐고
멈추다,멈추느니
멈추다,멈추느니만
멈추다,멈추느니만큼
멈추다,멈추는
멈추다,멈추는걸
멈추다,멈추는데
멈추다,멈추는지
구경하다,구경하거나
구경하다,구경하거늘
구경하다,구경하거니
구경하다,구경하거든
구경하다,구경하건
구경하다,구경하것다
구경하다,구경하게
구경하다,구경하겠
구경하다,구경하고
구경하다,구경하고말고
구경하다,구경하기로
구경하다,구경하기로니
구경하다,구경하기로서
구경하다,구경하기로서니
구경하다,구경하기에
구경하다,구경하네
구경하다,구경하니
구경하다,구경하다
구경하다,구경하다가
구경하다,구경하다가는
구경하다,구경하다간
구경하다,구경하다니
구경하다,구경하다마다
구경하다,구경하더니
구경하다,구경하더니라
구경하다,구경하더라
구경하다,구경하더라니까
구경하다,구경하더라도
구경하다,구경하더라며
구경하다,구경하더라면
구경하다,구경하더라면서
구경하다,구경하더람
구경하다,구경하던
구경하다,구경하던가
구경하다,구경하던데
구경하다,구경하던지
구경하다,구경하데
구경하다,구경하데요
구경하다,구경하도다
구경하다,구경하되
구경하다,구경하든
구경하다,구경하든지
구경하다,구경하듯
구경하다,구경하듯이
구경하다,구경하죠
구경하다,구경하지마는
구경하다,구경하지만
구경하다,구경하지요
구경하다,구경한걸
구경하다,구경한들
구경하다,구경하나마
구경하다,구경하니까
구경하다,구경할
구경하다,구경할걸
구경하다,구경할까
구경하다,구경할는지
구경하다,구경할라
구경하다,구경할라고
구경하다,구경할러니
구경하다,구경할러라
구경하다,구경할런고
구경하다,구경할망정
구경하다,구경할밖에
구경하다,구경할뿐더러
구경하다,구경할수록
구경하다,구경할지라도
구경하다,구경하며
구경하다,구경하면
구경하다,구경하면서
구경하다,구경하세요
구경하다,구경하셔요
구경하다,구경하지
구경하다,구경하건대
구경하다,구경하나니
구경하다,구경하느라
구경하다,구경하느라고
구경하다,구경하는구나
구경하다,구경하는군
구경하다,구경하도록
구경하다,구경하자
구경하다,구경하자고
구경하다,구경하자꾸나
구경하다,구경하자느니
구경하다,구경하자니까
구경하다,구경하자마자
구경하다,구경하자며
구경하다,구경하자면
구경하다,구경하자면서
구경하다,구경한
구경하다,구경한다
구경하다,구경한다고
구경하다,구경한다나
구경하다,구경한다네
구경하다,구경한다느니
구경하다,구경한다니
구경하다,구경한다니까
구경하다,구경한다더라
구경하다,구경한다며
구경하다,구경한다면
구경하다,구경한다면서
구경하다,구경한답니까
구경하다,구경한답니다
구경하다,구경한답시고
구경하다,구경한대
구경하다,구경한대요
구경하다,구경할거나
구경하다,구경할게
구경하다,구경할래
구경하다,구경하라고
구경하다,구경하러
구경하다,구경하려
구경하다,구경합시다
구경하다,구경하세
구경하다,구경하시라
구경하다,구경하십시다
구경하다,구경하십시오
구경하다,구경하고자
구경하다,구경하느냐
구경하다,구경하느냐고
구경하다,구경하느니
구경하다,구경하느니만
구경하다,구경하느니만큼
구경하다,구경하는
구경하다,구경하는걸
구경하다,구경하는데
구경하다,구경하는지
그립다,그립거나
그립다,그립거늘
그립다,그립거니
그립다,그립거든
그립다,그립건
그립다,그립것다
그립다,그립게
그립다,그립겠
그립다,그립고
그립다,그립고말고
그립다,그립기로
그립다,그립기로니
그립다,그립기로서
그립다,그립기로서니
그립다,그립기에
그립다,그립네
그립다,그립니
그립다,그립다
그립다,그립다가
그립다,그립다가는
그립다,그립다간
그립다,그립다니
그립다,그립다마다
그립다,그립더니
그립다,그립더니라
그립다,그립더라
그립다,그립더라니까
그립다,그립더라도
그립다,그립더라며
그립다,그립더라면
그립다,그립더라면서
그립다,그립더람
그립다,그립던
그립다,그립던가
그립다,그립던데
그립다,그립던지
그립다,그립데
그립다,그립데요
그립다,그립도다
그립다,그립되
그립다,그립든
그립다,그립든지
그립다,그립듯
그립다,그립듯이
그립다,그립죠
그립다,그립지마는
그립다,그립지만
그립다,그립지요
그립다,그립지
그립다,그리울
그립다,그리울걸
그립다,그리울밖에
그립다,그리울수록
그립다,그리울지
그립다,그리울지며
그립다,그리움
그립다,그리움에도
그립다,그리웁시오
그립다,그리운데
그립다,그리운지
살리다,살리거나
살리다,살리거늘
살리다,살리거니
살리다,살리거든
살리다,살리건
살리다,살리것다
살리다,살리게
살리다,살리겠
살리다,살리고
살리다,살리고말고
살리다,살리기로
살리다,살리기로니
살리다,살리기로서
살리다,살리기로서니
살리다,살리기에
살리다,살리네
살리다,살리니
살리다,살리다
살리다,살리다가
살리다,살리다가는
살리다,살리다간
살리다,살리다니
살리다,살리다마다
살리다,살리더니
살리다,살리더니라
살리다,살리더라
살리다,살리더라니까
살리다,살리더라도
살리다,살리더라며
살리다,살리더라면
살리다,살리더라면서
살리다,살리더람
살리다,살리던
살리다,살리던가
살리다,살리던데
살리다,살리던지
살리다,살리데
살리다,살리데요
살리다,살리도다
살리다,살리되
살리다,살리든
살리다,살리든지
살리다,살리듯
살리다,살리듯이
살리다,살리죠
살리다,살리지마는
살리다,살리지만
살리다,살리지요
살리다,살린걸
살리다,살린들
살리다,살리나마
살리다,살리니까
살리다,살릴
살리다,살릴걸
살리다,살릴까
살리다,살릴는지
살리다,살릴라
살리다,살릴라고
살리다,살릴러니
살리다,살릴러라
살리다,살릴런고
살리다,살릴망정
살리다,살릴밖에
살리다,살릴뿐더러
살리다,살릴수록
살리다,살릴지라도
살리다,살리며
살리다,살리면
살리다,살리면서
살리다,살리세요
살리다,살리셔요
살리다,살리지
살리다,살리건대
살리다,살리나니
살리다,살리느라
살리다,살리느라고
살리다,살리는구나
살리다,살리는군
살리다,살리도록
살리다,살리자
살리다,살리자고
살리다,살리자꾸나
살리다,살리자느니
살리다,살리자니까
살리다,살리자마자
살리다,살리자며
살리다,살리자면
살리다,살리자면서
살리다,살린
살리다,살린다
살리다,살린다고
살리다,살린다나
살리다,살린다네
살리다,살린다느니
살리다,살린다니
살리다,살린다니까
살리다,살린다더라
살리다,살린다며
살리다,살린다면
살리다,살린다면서
살리다,살린답니까
살리다,살린답니다
살리다,살린답시고
살리다,살린대
살리다,살린대요
살리다,살릴거나
살리다,살릴게
살리다,살릴래
살리다,살리라고
살리다,살리러
살리다,살리려
살리다,살립시다
살리다,살리세
살리다,살리시라
살리다,살리십시다
살리다,살리십시오
살리다,살리고자
살리다,살리느냐
살리다,살리느냐고
살리다,살리느니
살리다,살리느니만
살리다,살리느니만큼
살리다,살리는
살리다,살리는걸
살리다,살리는데
살리다,살리는지
왜곡하다,왜곡하거나
왜곡하다,왜곡하거늘
왜곡하다,왜곡하거니
왜곡하다,왜곡하거든
왜곡하다,왜곡하건
왜곡하다,왜곡하것다
왜곡하다,왜곡하게
왜곡하다,왜곡하겠
왜곡하다,왜곡하고
왜곡하다,왜곡하고말고
왜곡하다,왜곡하기로
왜곡하다,왜곡하기로니
왜곡하다,왜곡하기로서
왜곡하다,왜곡하기로서니
왜곡하다,왜곡하기에
왜곡하다,왜곡하네
왜곡하다,왜곡하니
왜곡하다,왜곡하다
왜곡하다,왜곡하다가
왜곡하다,왜곡하다가는
왜곡하다,왜곡하다간
왜곡하다,왜곡하다니
왜곡하다,왜곡하다마다
왜곡하다,왜곡하더니
왜곡하다,왜곡하더니라
왜곡하다,왜곡하더라
왜곡하다,왜곡하더라니까
왜곡하다,왜곡하더라도
왜곡하다,왜곡하더라며
왜곡하다,왜곡하더라면
왜곡하다,왜곡하더라면서
왜곡하다,왜곡하더람
왜곡하다,왜곡하던
왜곡하다,왜곡하던가
왜곡하다,왜곡하던데
왜곡하다,왜곡하던지
왜곡하다,왜곡하데
왜곡하다,왜곡하데요
왜곡하다,왜곡하도다
왜곡하다,왜곡하되
왜곡하다,왜곡하든
왜곡하다,왜곡하든지
왜곡하다,왜곡하듯
왜곡하다,왜곡하듯이
왜곡하다,왜곡하죠
왜곡하다,왜곡하지마는
왜곡하다,왜곡하지만
왜곡하다,왜곡하지요
왜곡하다,왜곡한걸
왜곡하다,왜곡한들
왜곡하다,왜곡하나마
왜곡하다,왜곡하니까
왜곡하다,왜곡할
왜곡하다,왜곡할걸
왜곡하다,왜곡할까
왜곡하다,왜곡할는지
왜곡하다,왜곡할라
왜곡하다,왜곡할라고
왜곡하다,왜곡할러니
왜곡하다,왜곡할러라
왜곡하다,왜곡할런고
왜곡하다,왜곡할망정
왜곡하다,왜곡할밖에
왜곡하다,왜곡할뿐더러
왜곡하다,왜곡할수록
왜곡하다,왜곡할지라도
왜곡하다,왜곡하며
왜곡하다,왜곡하면
왜곡하다,왜곡하면서
왜곡하다,왜곡하세요
왜곡하다,왜곡하셔요
왜곡하다,왜곡하지
왜곡하다,왜곡하건대
왜곡하다,왜곡하나니
왜곡하다,왜곡하느라
왜곡하다,왜곡하느라고
왜곡하다,왜곡하는구나
왜곡하다,왜곡하는군
왜곡하다,왜곡하도록
왜곡하다,왜곡하자
왜곡하다,왜곡하자고
왜곡하다,왜곡하자꾸나
왜곡하다,왜곡하자느니
왜곡하다,왜곡하자니까
왜곡하다,왜곡하자마자
왜곡하다,왜곡하자며
왜곡하다,왜곡하자면
왜곡하다,왜곡하자면서
왜곡하다,왜곡한
왜곡하다,왜곡한다
왜곡하다,왜곡한다고
왜곡하다,왜곡한다나
왜곡하다,왜곡한다네
왜곡하다,왜곡한다느니
왜곡하다,왜곡한다니
왜곡하다,왜곡한다니까
왜곡하다,왜곡한다더라
왜곡하다,왜곡한다며
왜곡하다,왜곡한다면
왜곡하다,왜곡한다면서
왜곡하다,왜곡한답니까
왜곡하다,왜곡한답니다
왜곡하다,왜곡한답시고
왜곡하다,왜곡한대
왜곡하다,왜곡한대요
왜곡하다,왜곡할거나
왜곡하다,왜곡할게
왜곡하다,왜곡할래
왜곡하다,왜곡하라고
왜곡하다,왜곡하러
왜곡하다,왜곡하려
왜곡하다,왜곡합시다
왜곡하다,왜곡하세
왜곡하다,왜곡하시라
왜곡하다,왜곡하십시다
왜곡하다,왜곡하십시오
왜곡하다,왜곡하고자
왜곡하다,왜곡하느냐
왜곡하다,왜곡하느냐고
왜곡하다,왜곡하느니
왜곡하다,왜곡하느니만
왜곡하다,왜곡하느니만큼
왜곡하다,왜곡하는
왜곡하다,왜곡하는걸
왜곡하다,왜곡하는데
왜곡하다,왜곡하는지
진실하다,진실하거나
진실하다,진실하거늘
진실하다,진실하거니
진실하다,진실하거든
진실하다,진실하건
진실하다,진실하것다
진실하다,진실하게
진실하다,진실하겠
진실하다,진실하고
진실하다,진실하고말고
진실하다,진실하기로
진실하다,진실하기로니
진실하다,진실하기로서
진실하다,진실하기로서니
진실하다,진실하기에
진실하다,진실하네
진실하다,진실하니
진실하다,진실하다
진실하다,진실하다가
진실하다,진실하다가는
진실하다,진실하다간
진실하다,진실하다니
진실하다,진실하다마다
진실하다,진실하더니
진실하다,진실하더니라
진실하다,진실하더라
진실하다,진실하더라니까
진실하다,진실하더라도
진실하다,진실하더라며
진실하다,진실하더라면
진실하다,진실하더라면서
진실하다,진실하더람
진실하다,진실하던
진실하다,진실하던가
진실하다,진실하던데
진실하다,진실하던지
진실하다,진실하데
진실하다,진실하데요
진실하다,진실하도다
진실하다,진실하되
진실하다,진실하든
진실하다,진실하든지
진실하다,진실하듯
진실하다,진실하듯이
진실하다,진실하죠
진실하다,진실하지마는
진실하다,진실하지만
진실하다,진실하지요
진실하다,진실한걸
진실하다,진실한들
진실하다,진실하나마
진실하다,진실하니까
진실하다,진실할
진실하다,진실할걸
진실하다,진실할까
진실하다,진실할는지
진실하다,진실할라
진실하다,진실할라고
진실하다,진실할러니
진실하다,진실할러라
진실하다,진실할런고
진실하다,진실할망정
진실하다,진실할밖에
진실하다,진실할뿐더러
진실하다,진실할수록
진실하다,진실할지라도
진실하다,진실하며
진실하다,진실하면
진실하다,진실하면서
진실하다,진실하세요
진실하다,진실하셔요
진실하다,진실하지
다,거나
걸다,거나
겋다,거나
다,거늘
다,거니
걸다,거니
겋다,거니
다,거니와
다,거드면
다,거든
다,건
걸다,건
겋다,건
다,건마는
다,것다
다,게
겋다,게
다,겠
겋다,겠
다,고
다,고도
다,고말고
다,관데
다,기
다,기로
다,기로니
다,기로서
다,기로서니
다,기로선들
다,기에
다,네
네다,네
다,니
다,다가
다,다가는
다,다간
다,다니
달다,다니
닿다,다니
다,다마다
다,더
다,더구나
다,더구려
다,더군
다,더냐
다,더뇨
다,더니
덜다,더니
다,더니라
다,더니마는
다,더니만
다,더니이까
다,더니이다
다,더라
다,더라나
다,더라니
다,더라니까
다,더라도
다,더라며
다,더라면
다,더라면서
다,더라손
다,더라지
다,더람
다,더이까
다,더이다
다,던
덜다,던
다,던가
다,던감
다,던걸
덜다,던걸
다,던고
다,던데
다,던바
덜다,던바
다,던지
다,데
데다,데
다,데요
다,도다
다,되
다,든
들다,든
다,든가
들다,든가
다,든지
들다,든지
다,듯
다,듯이
다,소이까
다,죠
다,지마는
다,지만
다,지요
갛다,간걸
갛다,간들
가다,간바
갈다,간바
가다,간즉
갈다,간즉
갛다,간즉
가다,간즉슨
갈다,간즉슨
갛다,간즉슨
다,나
나다,나
느다,나
다,나마
날다,나마
다,니까
다,니까는
다,니만치
다,니만큼
갈다,갈
갛다,갈
가다,갈걸
갛다,갈걸
갛다,갈까
갛다,갈는지
갛다,갈라
갛다,갈라고
갛다,갈러니
갛다,갈러라
갛다,갈런고
가다,갈레
갛다,갈레
가다,갈레라
갛다,갈레라
갛다,갈망정
갛다,갈밖에
갛다,갈뿐더러
가다,갈사
가다,갈새
갛다,갈새
가다,갈세
갛다,갈세
가다,갈세라
갛다,갈세라
가다,갈세말이지
갛다,갈세말이지
갛다,갈수록
가다,갈시
갛다,갈시
가다,갈쏘냐
갛다,갈쏘냐
가다,갈쏜가
갛다,갈쏜가
가다,갈지
갛다,갈지
가다,갈지나
갛다,갈지나
가다,갈지니
갛다,갈지니
가다,갈지니라
갛다,갈지니라
가다,갈지라
갛다,갈지라
갛다,갈지라도
가다,갈지로다
갛다,갈지로다
가다,갈지어다
갛다,갈지어다
가다,갈지언정
갛다,갈지언정
가다,갈진대
갛다,갈진대
가다,갈진대는
갛다,갈진대는
가다,갈진댄
가다,갈진저
갛다,갈진저
다,려거든
다,려고
다,려나
다,려니
다,려니와
다,려면
다,련마는
다,련만
다,렷다
다,리
다,리까
다,리니
다,리니라
다,리다
다,리라
다,리로다
다,리오
가다,감
갈다,감
갛다,감
가다,감에도
갈다,감에도
갛다,감에도
가다,감에랴
갈다,감에랴
갛다,감에랴
다,매
매다,매
맣다,매
다,며
미다,며
다,면
다,면서
다,므로
가다,갑네
갈다,갑네
가다,갑늰다
갈다,갑늰다
가다,갑니까
갈다,갑니까
가다,갑니다
갈다,갑니다
가다,갑디까
갈다,갑디까
가다,갑디다
갈다,갑디다
가다,갑딘다
갈다,갑딘다
가다,갑죠
갈다,갑죠
가다,갑지요
갈다,갑지요
다,세요
다,셔요
시다,셔요
다,시
다,시어요
다,고는
다,누
다,디
다,소
다,지
다,락
다,리만치
다,리만큼
다,사
사다,사
다,소서
다,오
다,오니까
다,오리까
다,오리다
다,오리이까
다,오리이다
다,오이다
다,옵
다,옵나이까
다,옵나이다
다,옵니까
오다,옵니까
다,옵니다
오다,옵니다
다,옵디까
오다,옵디까
다,옵디다
오다,옵디다
다,옵소서
다,옵시
다,와
오다,와
다,외다
가다,가
그다,가
다,도
다,라
라다,라
르다,라
다,서
서다,서
다,야
다,야만
다,야지
다,요
다,지이다
가다,갔
그다,갔
가다,갔었
그다,갔었
가다,갔자
다,거라
다,건대
다,게끔
다,게나
다,고서
다,고야
다,곤
고다,곤
골다,곤
다,구려
굴다,구려
다,구먼
다,나니
날다,나니
다,남
나다,남
날다,남
다,노니
놀다,노니
다,노라
다,노라고
다,누나
다,누먼
다,느라
다,느라고
늘다,느라고
다,는구나
다,는구려
다,는군
다,도록
다,세나
다,자
자다,자
다,자고
다,자꾸나
다,자느니
다,자니까
잘다,자니까
다,자마자
다,자며
잘다,자며
다,자면
잘다,자면
다,자면서
잘다,자면서
다,자손
갛다,간
가다,간다마는
갈다,간다마는
가다,간다손
갈다,간다손
가다,간다오
갈다,간다오
가다,간다지
갈다,간다지
가다,간단다
갈다,간단다
가다,간담
갈다,간담
가다,갈거나
가다,갈깝쇼
가다,갈라치면
가다,갈락
가다,갈작시면
가다,갈지며
갛다,갈지며
다,라고
다,랴
다,러
르다,러
다,려
리다,려
다,려든
다,려무나
다,렴
가다,감세
갈다,감세
다,마
마다,마
가다,갑시사
갈다,갑시사
가다,갑시오
갈다,갑시오
갛다,갑시오
다,사이다
다,세
세다,세
다,시라
다,시압
다,십사
다,십시다
시다,십시다
다,십시오
시다,십시오
다,고자
다,나이까
다,나이다
다,노라니
다,노라니까
다,노라면
다,느냐
늘다,느냐
다,느냐고
늘다,느냐고
다,느뇨
다,느니
늘다,느니
다,느니라
늘다,느니라
다,느니만
다,느니만치
늘다,느니만치
다,느니만큼
늘다,느니만큼
다,는
느다,는
늘다,는
다,는가
늘다,는가
다,는감
늘다,는감
다,는걸
늘다,는걸
느다,는걸
다,는고
늘다,는고
다,는데
늘다,는데
다,는뎁쇼
다,는바
늘다,는바
느다,는바
다,는지
늘다,는지
다,는지고
다,는지라
깝다,까워
깝다,까워도
깝다,까워라
깝다,까워서
깝다,까워야
깝다,까워야만
깝다,까워야지
깝다,까워요
깝다,까워지이다
깝다,까웠
깝다,까웠었
깝다,까우나
깝다,까우나마
깝다,까우니
깝다,까우니까
깝다,까우니까는
깝다,까우니만치
깝다,까우니만큼
깝다,까우려니와
깝다,까우려면
깝다,까우련마는
깝다,까우렷다
깝다,까우리
깝다,까우리까
깝다,까우리니
깝다,까우리니라
깝다,까우리다
깝다,까우리라
깝다,까우리로다
깝다,까우리만치
깝다,까우리만큼
깝다,까우리오
깝다,까우매
깝다,까우며
깝다,까우면
깝다,까우면서
깝다,까우므로
깝다,까우사
깝다,까우세요
깝다,까우셔요
깝다,까우소서
깝다,까우시
깝다,까우시어요
깝다,까우오
깝다,까우오니까
깝다,까우오리까
깝다,까우오리다
깝다,까우오리이까
깝다,까우오리이다
깝다,까우오이다
깝다,까우옵
깝다,까우옵나이까
깝다,까우옵나이다
깝다,까우옵니까
깝다,까우옵니다
깝다,까우옵디까
깝다,까우옵디다
깝다,까우옵소서
깝다,까우옵시
깝다,까우와
깝다,까우우
깝다,까운
깝다,까운걸
깝다,까운들
깝다,까운즉
깝다,까운즉슨
깝다,까울
깝다,까울걸
깝다,까울까
깝다,까울는지
깝다,까울라
깝다,까울라고
깝다,까울러니
깝다,까울러라
깝다,까울런가
깝다,까울런고
깝다,까울레
깝다,까울레라
깝다,까울망정
깝다,까울밖에
깝다,까울뿐더러
깝다,까울새
깝다,까울세
깝다,까울세라
깝다,까울세말이지
깝다,까울수록
깝다,까울시
깝다,까울쏘냐
깝다,까울쏜가
깝다,까울지
깝다,까울지나
깝다,까울지니
깝다,까울지니라
깝다,까울지라
깝다,까울지라도
깝다,까울지로다
깝다,까울지며
깝다,까울지어다
깝다,까울지언정
깝다,까울진대
깝다,까울진대는
깝다,까울진저
깝다,까움
깝다,까움에도
깝다,까움에랴
깝다,까웁시오
다,습네
슬다,습네
다,습늰다
슬다,습늰다
다,습니까
슬다,습니까
다,습니다
슬다,습니다
다,습디까
슬다,습디까
다,습디다
슬다,습디다
다,습딘다
슬다,습딘다
다,습죠
슬다,습죠
다,습지요
슬다,습지요
다,구나
굴다,구나
다,군
굴다,군
구다,군
다,다고
다,다나
달다,다나
닿다,다나
다,다네
다,다느니
다,다니까
달다,다니까
닿다,다니까
다,다더라
다,다마는
다,다며
달다,다며
닿다,다며
다,다면
달다,다면
닿다,다면
다,다면서
달다,다면서
닿다,다면서
다,다손
다,다지
다,단다
달다,단다
다,담
달다,담
닿다,담
다,답니까
달다,답니까
다,답니다
달다,답니다
다,답시고
다,대
대다,대
닿다,대
다,대요
닿다,대요
다,우
깝다,까우냐
깝다,까우냐고
깝다,까우뇨
깝다,까우니라
깝다,까우이
깝다,까운가
깝다,까운감
깝다,까운고
깝다,까운데
깝다,까운뎁쇼
깝다,까운지
깝다,까울데라니
깝다,까울시고
꾸다,꾼바
꾸다,꾼즉
꾸다,꾼즉슨
꾸다,꿀레
꾸다,꿀레라
꾸다,꿀사
꾸다,꿀새
꾸다,꿀세
꾸다,꿀세라
꾸다,꿀세말이지
꾸다,꿀시
꾸다,꿀쏘냐
꾸다,꿀쏜가
꾸다,꿀지
꾸다,꿀지나
꾸다,꿀지니
꾸다,꿀지니라
꾸다,꿀지라
꾸다,꿀지로다
꾸다,꿀지어다
꾸다,꿀지언정
꾸다,꿀진대
꾸다,꿀진대는
꾸다,꿀진댄
꾸다,꿀진저
꾸다,꿈
꾸다,꿈에도
꾸다,꿈에랴
꾸다,꿉네
꾸다,꿉늰다
꾸다,꿉니까
꾸다,꿉니다
꾸다,꿉디까
꾸다,꿉디다
꾸다,꿉딘다
꾸다,꿉죠
꾸다,꿉지요
다,어
꾸다,꿔
다,어도
꾸다,꿔도
다,어라
꾸다,꿔라
다,어서
꾸다,꿔서
다,어야
꾸다,꿔야
다,어야만
꾸다,꿔야만
다,어야지
꾸다,꿔야지
다,어요
꾸다,꿔요
다,어지이다
꾸다,꿔지이다
다,었
꾸다,꿨
다,었었
꾸다,꿨었
꾸다,꾼다마는
꾸다,꾼다손
꾸다,꾼다오
꾸다,꾼다지
꾸다,꾼단다
꾸다,꾼담
꾸다,꿀깝쇼
꾸다,꿀라치면
꾸다,꿀락
꾸다,꿀작시면
꾸다,꿀지며
꾸다,꿈세
꾸다,꿉시사
꾸다,꿉시오
다,어다
꾸다,꿔다
다,어다가
꾸다,꿔다가
누다,눈걸
누다,눈들
누다,눈바
누다,눈즉
누다,눈즉슨
누다,눌
누다,눌걸
누다,눌까
누다,눌는지
누다,눌라
누다,눌라고
누다,눌러니
누다,눌러라
누르다,눌러라
누다,눌런고
누다,눌레
누다,눌레라
누다,눌망정
누다,눌밖에
누다,눌뿐더러
누다,눌사
누다,눌새
누다,눌세
누다,눌세라
누다,눌세말이지
누다,눌수록
누다,눌시
누다,눌쏘냐
누다,눌쏜가
누다,눌지
누다,눌지나
누다,눌지니
누다,눌지니라
누다,눌지라
누다,눌지라도
누다,눌지로다
누다,눌지어다
누다,눌지언정
누다,눌진대
누다,눌진대는
누다,눌진댄
누다,눌진저
누다,눔
누다,눔에도
누다,눔에랴
누다,눕네
누다,눕늰다
누다,눕니까
누다,눕니다
누다,눕디까
누다,눕디다
누다,눕딘다
누다,눕죠
누다,눕지요
누다,눠
누다,눠도
누다,눠라
누다,눠서
누다,눠야
누다,눠야만
누다,눠야지
누다,눠요
누다,눠지이다
누다,눴
누다,눴었
누다,눈
누다,눈다
누다,눈다고
누다,눈다나
누다,눈다네
누다,눈다느니
누다,눈다니
누다,눈다니까
누다,눈다더라
누다,눈다마는
누다,눈다며
누다,눈다면
누다,눈다면서
누다,눈다손
누다,눈다오
누다,눈다지
누다,눈단다
누다,눈담
누다,눈답니까
누다,눈답니다
누다,눈답시고
누다,눈대
누다,눈대요
누다,눌거나
누다,눌게
누다,눌깝쇼
누다,눌라치면
누다,눌락
누다,눌래
누다,눌작시면
누다,눌지며
누다,눔세
누다,눕시다
누다,눕시사
누다,눕시오
누다,눠다
누다,눠다가
다,으나
을다,으나
다,으나마
을다,으나마
다,으니
을다,으니
다,으니까
을다,으니까
다,으니까는
을다,으니까는
다,으니만치
을다,으니만치
다,으니만큼
을다,으니만큼
다,으려니와
을다,으려니와
다,으려면
을다,으려면
다,으련마는
을다,으련마는
다,으렷다
을다,으렷다
다,으리
을다,으리
다,으리까
을다,으리까
다,으리니
을다,으리니
다,으리니라
을다,으리니라
다,으리다
을다,으리다
다,으리라
을다,으리라
다,으리로다
을다,으리로다
다,으리만치
을다,으리만치
다,으리만큼
을다,으리만큼
다,으리오
을다,으리오
다,으매
을다,으매
다,으며
을다,으며
다,으면
을다,으면
다,으면서
을다,으면서
다,으므로
을다,으므로
다,으사
을다,으사
다,으세요
을다,으세요
다,으셔요
을다,으셔요
다,으소서
을다,으소서
다,으시
을다,으시
다,으시어요
을다,으시어요
다,으오
을다,으오
다,으오니까
을다,으오니까
다,으오리까
을다,으오리까
다,으오리다
을다,으오리다
다,으오리이까
을다,으오리이까
다,으오리이다
을다,으오리이다
다,으오이다
을다,으오이다
다,으옵
을다,으옵
다,으옵나이까
을다,으옵나이까
다,으옵나이다
을다,으옵나이다
다,으옵니까
을다,으옵니까
다,으옵니다
을다,으옵니다
다,으옵디까
을다,으옵디까
다,으옵디다
을다,으옵디다
다,으옵소서
을다,으옵소서
다,으옵시
을다,으옵시
다,으와
을다,으와
다,으우
다,은
으다,은
을다,은
다,은걸
으다,은걸
을다,은걸
다,은들
으다,은들
을다,은들
다,은즉
으다,은즉
을다,은즉
다,은즉슨
으다,은즉슨
을다,은즉슨
다,을
으다,을
을다,을
다,을걸
으다,을걸
다,을까
으다,을까
다,을는지
으다,을는지
다,을라
으다,을라
다,을라고
으다,을라고
다,을러니
으다,을러니
다,을러라
으다,을러라
으르다,을러라
다,을런가
다,을런고
으다,을런고
다,을레
으다,을레
다,을레라
으다,을레라
다,을망정
으다,을망정
다,을밖에
으다,을밖에
다,을뿐더러
으다,을뿐더러
다,을새
으다,을새
다,을세
으다,을세
다,을세라
으다,을세라
다,을세말이지
으다,을세말이지
다,을수록
으다,을수록
다,을시
으다,을시
다,을쏘냐
으다,을쏘냐
다,을쏜가
으다,을쏜가
다,을지
으다,을지
다,을지나
으다,을지나
다,을지니
으다,을지니
다,을지니라
으다,을지니라
다,을지라
으다,을지라
다,을지라도
으다,을지라도
다,을지로다
으다,을지로다
다,을지며
으다,을지며
다,을지어다
으다,을지어다
다,을지언정
으다,을지언정
다,을진대
으다,을진대
다,을진대는
으다,을진대는
다,을진저
으다,을진저
다,음
으다,음
을다,음
다,음에도
으다,음에도
을다,음에도
다,음에랴
으다,음에랴
을다,음에랴
다,읍시오
으다,읍시오
을다,읍시오
다,으라
다,으라고
을다,으라고
다,으라나
다,으라느니
다,으라니까
다,으라며
다,으라면서
다,으라손
다,으락
을다,으락
다,으란
다,으람
다,으랴
을다,으랴
다,으러
을다,으러
다,으려
을다,으려
다,으려거든
을다,으려거든
다,으려고
을다,으려고
다,으려나
을다,으려나
다,으려니
을다,으려니
다,으려든
을다,으려든
다,으려무나
을다,으려무나
다,으련
다,으렴
을다,으렴
다,으렵니까
다,으렵니다
다,으마
을다,으마
다,으사이다
을다,으사이다
다,으세
을다,으세
다,으시라
을다,으시라
다,으시압
을다,으시압
다,으십사
을다,으십사
다,으십시다
을다,으십시다
다,으십시오
을다,으십시오
다,을거나
으다,을거나
다,을게
으다,을게
다,을깝쇼
으다,을깝쇼
다,을라치면
으다,을라치면
다,을락
으다,을락
다,을래
으다,을래
다,을작시면
으다,을작시면
다,음세
으다,음세
을다,음세
다,읍시다
으다,읍시다
을다,읍시다
다,읍시사
으다,읍시사
을다,읍시사
다,는다
느다,는다
늘다,는다
다,는다고
느다,는다고
늘다,는다고
다,는다나
느다,는다나
늘다,는다나
다,는다네
느다,는다네
늘다,는다네
다,는다느니
느다,는다느니
늘다,는다느니
다,는다니
느다,는다니
늘다,는다니
다,는다니까
느다,는다니까
늘다,는다니까
다,는다더라
느다,는다더라
늘다,는다더라
다,는다마는
느다,는다마는
늘다,는다마는
다,는다며
느다,는다며
늘다,는다며
다,는다면
느다,는다면
늘다,는다면
다,는다면서
느다,는다면서
늘다,는다면서
다,는다손
느다,는다손
늘다,는다손
다,는다오
느다,는다오
늘다,는다오
다,는다지
느다,는다지
늘다,는다지
다,는단다
느다,는단다
늘다,는단다
다,는담
느다,는담
늘다,는담
다,는답니까
느다,는답니까
늘다,는답니까
다,는답니다
느다,는답니다
늘다,는답니다
다,는답시고
느다,는답시고
늘다,는답시고
다,는대
느다,는대
늘다,는대
다,는대요
느다,는대요
늘다,는대요
늘다,는들
느다,는들
늘다,는즉
느다,는즉
늘다,는즉슨
느다,는즉슨
늘다,느나
늘다,느나마
늘다,느니까
늘다,느니까는
늘다,늘
느다,늘
다,걸
걸다,걸
겋다,걸
다,까
까다,까
다,러니
렇다,러니
다,러라
르다,러라
다,런고
러다,런고
렇다,런고
다,레
레다,레
렇다,레
다,레라
렇다,레라
다,망정
다,밖에
다,뿐더러
다,새
새다,새
다,세라
다,세말이지
다,수록
다,쏘냐
다,쏜가
다,지나
질다,지나
다,지니
질다,지니
다,지니라
질다,지니라
다,지라
다,지라도
다,지로다
다,지어다
짓다,지어다
다,지언정
다,진대
지다,진대
다,진대는
다,진댄
다,진저
늘다,느려거든
늘다,느려고
늘다,느려나
늘다,느려니
늘다,느려니와
늘다,느려면
늘다,느련마는
늘다,느련만
늘다,느렷다
늘다,느리
늘다,느리까
늘다,느리니
늘다,느리니라
늘다,느리다
늘다,느리라
늘다,느리로다
늘다,느리오
늘다,늠
느다,늠
늘다,늠에도
느다,늠에도
늘다,늠에랴
느다,늠에랴
늘다,느매
늘다,느며
늘다,느면
늘다,느면서
늘다,느므로
늘다,늡네
느다,늡네
늘다,늡늰다
느다,늡늰다
늘다,늡니까
느다,늡니까
늘다,늡니다
느다,늡니다
늘다,늡디까
느다,늡디까
늘다,늡디다
느다,늡디다
늘다,늡딘다
느다,늡딘다
늘다,늡죠
느다,늡죠
늘다,늡지요
느다,늡지요
늘다,느세요
늘다,느셔요
늘다,느시
늘다,느시어요
늘다,느락
늘다,느리만치
늘다,느리만큼
늘다,느사
늘다,느소서
늘다,느오
늘다,느오니까
늘다,느오리까
늘다,느오리다
늘다,느오리이까
늘다,느오리이다
늘다,느오이다
늘다,느옵
늘다,느옵나이까
늘다,느옵나이다
늘다,느옵니까
늘다,느옵니다
늘다,느옵디까
늘다,느옵디다
늘다,느옵소서
늘다,느옵시
늘다,느와
늘다,느외다
다,시고
둘다,둔걸
둘다,둔들
두다,둔바
둘다,둔바
두다,둔즉
둘다,둔즉
두다,둔즉슨
둘다,둔즉슨
두다,둘
둘다,둘
두르다,둘러라
두다,둘레
두다,둘레라
두다,둘사
두다,둘새
두다,둘세
두다,둘세라
두다,둘세말이지
두다,둘시
두다,둘쏘냐
두다,둘쏜가
두다,둘지
두다,둘지나
두다,둘지니
두다,둘지니라
두다,둘지라
두다,둘지로다
두다,둘지어다
두다,둘지언정
두다,둘진대
두다,둘진대는
두다,둘진댄
두다,둘진저
두다,둠
둘다,둠
두다,둠에도
둘다,둠에도
두다,둠에랴
둘다,둠에랴
두다,둡네
둘다,둡네
두다,둡늰다
둘다,둡늰다
두다,둡니까
둘다,둡니까
두다,둡니다
둘다,둡니다
두다,둡디까
둘다,둡디까
두다,둡디다
둘다,둡디다
두다,둡딘다
둘다,둡딘다
두다,둡죠
둘다,둡죠
두다,둡지요
둘다,둡지요
두다,둬
두다,둬도
두다,둬라
두다,둬서
두다,둬야
두다,둬야만
두다,둬야지
두다,둬요
두다,둬지이다
두다,뒀
두다,뒀었
두다,둔
둘다,둔
두다,둔다
둘다,둔다
두다,둔다고
둘다,둔다고
두다,둔다나
둘다,둔다나
두다,둔다네
둘다,둔다네
둘다,둔다느니
두다,둔다니
둘다,둔다니
둘다,둔다니까
둘다,둔다더라
두다,둔다마는
둘다,둔다마는
두다,둔다며
둘다,둔다며
두다,둔다면
둘다,둔다면
둘다,둔다면서
두다,둔다손
둘다,둔다손
두다,둔다오
둘다,둔다오
두다,둔다지
둘다,둔다지
두다,둔단다
둘다,둔단다
두다,둔담
둘다,둔담
두다,둔답니까
둘다,둔답니까
둘다,둔답니다
두다,둔답시고
둘다,둔답시고
둘다,둔대
둘다,둔대요
두다,둘깝쇼
두다,둘라치면
두다,둘락
두다,둘작시면
두다,둘지며
두다,둠세
둘다,둠세
둘다,둡시다
두다,둡시사
둘다,둡시사
두다,둡시오
둘다,둡시오
두다,둬다
두다,둬다가
다,아
으다,아
다,아도
으다,아도
다,아라
으다,아라
다,아서
으다,아서
다,아야
으다,아야
다,아야만
으다,아야만
다,아야지
으다,아야지
다,아요
으다,아요
다,아지이다
으다,아지이다
다,았
으다,았
다,았었
으다,았었
다,았자
다,아다
으다,아다
다,아다가
으다,아다가
히다,힌걸
히다,힌들
히다,힌바
히다,힌즉
히다,힌즉슨
히다,힐
히다,힐걸
히다,힐까
히다,힐는지
히다,힐라
히다,힐라고
히다,힐러니
히다,힐러라
히다,힐런고
히다,힐레
히다,힐레라
히다,힐망정
히다,힐밖에
히다,힐뿐더러
히다,힐사
히다,힐새
히다,힐세
히다,힐세라
히다,힐세말이지
히다,힐수록
히다,힐시
히다,힐쏘냐
히다,힐쏜가
히다,힐지
히다,힐지나
히다,힐지니
히다,힐지니라
히다,힐지라
히다,힐지라도
히다,힐지로다
히다,힐지어다
히다,힐지언정
히다,힐진대
히다,힐진대는
히다,힐진댄
히다,힐진저
히다,힘
히다,힘에도
히다,힘에랴
히다,힙네
히다,힙늰다
히다,힙니까
히다,힙니다
히다,힙디까
히다,힙디다
히다,힙딘다
히다,힙죠
히다,힙지요
히다,혀
히다,혀도
히다,혀라
히다,혀서
히다,혀야
히다,혀야만
히다,혀야지
히다,혀요
히다,혀지이다
히다,혔
히다,혔었
히다,힌
히다,힌다
히다,힌다고
히다,힌다나
히다,힌다네
히다,힌다느니
히다,힌다니
히다,힌다니까
히다,힌다더라
히다,힌다마는
히다,힌다며
히다,힌다면
히다,힌다면서
히다,힌다손
히다,힌다오
히다,힌다지
히다,힌단다
히다,힌담
히다,힌답니까
히다,힌답니다
히다,힌답시고
히다,힌대
히다,힌대요
히다,힐거나
히다,힐게
히다,힐깝쇼
히다,힐라치면
히다,힐락
히다,힐래
히다,힐작시면
히다,힐지며
히다,힘세
히다,힙시다
히다,힙시사
히다,힙시오
히다,혀다
히다,혀다가
리다,린걸
리다,린들
리다,린바
리다,린즉
리다,린즉슨
리다,릴
리다,릴걸
리다,릴까
리다,릴는지
리다,릴라
리다,릴라고
리다,릴러니
리다,릴러라
리다,릴런고
리다,릴레
리다,릴레라
리다,릴망정
리다,릴밖에
리다,릴뿐더러
리다,릴사
리다,릴새
리다,릴세
리다,릴세라
리다,릴세말이지
리다,릴수록
리다,릴시
리다,릴쏘냐
리다,릴쏜가
리다,릴지
리다,릴지나
리다,릴지니
리다,릴지니라
리다,릴지라
리다,릴지라도
리다,릴지로다
리다,릴지어다
리다,릴지언정
리다,릴진대
리다,릴진대는
리다,릴진댄
리다,릴진저
리다,림
리다,림에도
리다,림에랴
리다,립네
리다,립늰다
리다,립니까
리다,립니다
리다,립디까
리다,립디다
리다,립딘다
리다,립죠
리다,립지요
리다,려도
리다,려라
리다,려서
리다,려야
리다,려야만
리다,려야지
리다,려요
리다,려지이다
리다,렸
리다,렸었
리다,린
리다,린다
리다,린다고
리다,린다나
리다,린다네
리다,린다느니
리다,린다니
리다,린다니까
리다,린다더라
리다,린다마는
리다,린다며
리다,린다면
리다,린다면서
리다,린다손
리다,린다오
리다,린다지
리다,린단다
리다,린담
리다,린답니까
리다,린답니다
리다,린답시고
리다,린대
리다,린대요
리다,릴거나
리다,릴게
리다,릴깝쇼
리다,릴라치면
리다,릴락
리다,릴래
리다,릴작시면
리다,릴지며
리다,림세
리다,립시다
리다,립시사
리다,립시오
리다,려다
리다,려다가
내다,낸걸
내다,낸들
내다,낸바
내다,낸즉
내다,낸즉슨
내다,낼
내다,낼걸
내다,낼까
내다,낼는지
내다,낼라
내다,낼라고
내다,낼러니
내다,낼러라
내다,낼런고
내다,낼레
내다,낼레라
내다,낼망정
내다,낼밖에
내다,낼뿐더러
내다,낼사
내다,낼새
내다,낼세
내다,낼세라
내다,낼세말이지
내다,낼수록
내다,낼시
내다,낼쏘냐
내다,낼쏜가
내다,낼지
내다,낼지나
내다,낼지니
내다,낼지니라
내다,낼지라
내다,낼지라도
내다,낼지로다
내다,낼지어다
내다,낼지언정
내다,낼진대
내다,낼진대는
내다,낼진댄
내다,낼진저
내다,냄
내다,냄에도
내다,냄에랴
내다,냅네
내다,냅늰다
내다,냅니까
내다,냅니다
내다,냅디까
내다,냅디다
내다,냅딘다
내다,냅죠
내다,냅지요
내다,내
내다,냈
내다,냈었
내다,낸
내다,낸다
내다,낸다고
내다,낸다나
내다,낸다네
내다,낸다느니
내다,낸다니
내다,낸다니까
내다,낸다더라
내다,낸다마는
내다,낸다며
내다,낸다면
내다,낸다면서
내다,낸다손
내다,낸다오
내다,낸다지
내다,낸단다
내다,낸담
내다,낸답니까
내다,낸답니다
내다,낸답시고
내다,낸대
내다,낸대요
내다,낼거나
내다,낼게
내다,낼깝쇼
내다,낼라치면
내다,낼락
내다,낼래
내다,낼작시면
내다,낼지며
내다,냄세
내다,냅시다
내다,냅시사
내다,냅시오
보다,본바
보다,본즉
보다,본즉슨
보다,볼
보다,볼걸
보다,볼레
보다,볼레라
보다,볼사
보다,볼새
보다,볼세
보다,볼세라
보다,볼세말이지
보다,볼시
보다,볼쏘냐
보다,볼쏜가
보다,볼지
보다,볼지나
보다,볼지니
보다,볼지니라
보다,볼지라
보다,볼지로다
보다,볼지어다
보다,볼지언정
보다,볼진대
보다,볼진대는
보다,볼진댄
보다,볼진저
보다,봄
보다,봄에도
보다,봄에랴
보다,봅네
보다,봅늰다
보다,봅니까
보다,봅니다
보다,봅디까
보다,봅디다
보다,봅딘다
보다,봅죠
보다,봅지요
보다,봐
보다,봐도
보다,봐라
보다,봐서
보다,봐야
보다,봐야만
보다,봐야지
보다,봐요
보다,봐지이다
보다,봤
보다,봤었
보다,봤자
보다,본다마는
보다,본다손
보다,본다오
보다,본다지
보다,본단다
보다,본담
보다,볼깝쇼
보다,볼라치면
보다,볼락
보다,볼작시면
보다,볼지며
보다,봄세
보다,봅시사
보다,봅시오
보다,봐다
보다,봐다가
하다,한바
하다,한즉
하다,한즉슨
하다,할
하다,할레
하다,할레라
하다,할사
하다,할새
하다,할세
하다,할세라
하다,할세말이지
하다,할시
하다,할쏘냐
하다,할쏜가
하다,할지
하다,할지나
하다,할지니
하다,할지니라
하다,할지라
하다,할지로다
하다,할지어다
하다,할지언정
하다,할진대
하다,할진대는
하다,할진댄
하다,할진저
하다,함
하다,함에도
하다,함에랴
하다,합네
하다,합늰다
하다,합니까
하다,합니다
하다,합디까
하다,합디다
하다,합딘다
하다,합죠
하다,합지요
하다,한다마는
하다,한다손
하다,한다오
하다,한다지
하다,한단다
하다,한담
하다,할깝쇼
하다,할라치면
하다,할락
하다,할작시면
하다,할지며
하다,함세
하다,합시사
하다,합시오
다,여
이다,여
하다,해
다,여도
이다,여도
하다,해도
다,여라
이다,여라
하다,해라
다,여서
이다,여서
하다,해서
다,여야
이다,여야
하다,해야
다,여야지
이다,여야지
하다,해야지
다,여요
이다,여요
하다,해요
다,여지이다
이다,여지이다
하다,해지이다
다,였
이다,였
하다,했
다,였었
이다,였었
하다,했었
다,였자
하다,했자
일다,인걸
일다,인들
이다,인바
일다,인바
이다,인즉
일다,인즉
이다,인즉슨
일다,인즉슨
이다,일
일다,일
이다,일걸
이르다,일러라
이다,일레
이다,일레라
이다,일사
이다,일새
이다,일세
이다,일세라
이다,일세말이지
이다,일시
이다,일쏘냐
이다,일쏜가
이다,일지
이다,일지나
이다,일지니
이다,일지니라
이다,일지라
이다,일지로다
이다,일지어다
이다,일지언정
이다,일진대
이다,일진대는
이다,일진댄
이다,일진저
이다,임
일다,임
이다,임에도
일다,임에도
이다,임에랴
일다,임에랴
이다,입네
일다,입네
이다,입늰다
일다,입늰다
이다,입니까
일다,입니까
이다,입니다
일다,입니다
이다,입디까
일다,입디까
이다,입디다
일다,입디다
이다,입딘다
일다,입딘다
이다,입죠
일다,입죠
이다,입지요
일다,입지요
이다,여야만
이다,인
일다,인
일다,인다
일다,인다고
일다,인다나
일다,인다네
일다,인다느니
일다,인다니
일다,인다니까
일다,인다더라
이다,인다마는
일다,인다마는
일다,인다며
일다,인다면
일다,인다면서
이다,인다손
일다,인다손
이다,인다오
일다,인다오
이다,인다지
일다,인다지
이다,인단다
일다,인단다
이다,인담
일다,인담
일다,인답니까
일다,인답니다
일다,인답시고
일다,인대
일다,인대요
이다,일거나
이다,일깝쇼
이다,일라치면
이다,일락
이다,일작시면
이다,일지며
이다,임세
일다,임세
일다,입시다
이다,입시사
일다,입시사
이다,입시오
일다,입시오
이다,여다
이다,여다가
눕다,누워
눕다,누워도
눕다,누워라
눕다,누워서
눕다,누워야
눕다,누워야만
눕다,누워야지
눕다,누워요
눕다,누워지이다
눕다,누웠
눕다,누웠었
눕다,누우나
눕다,누우나마
눕다,누우니
눕다,누우니까
눕다,누우니까는
눕다,누우니만치
눕다,누우니만큼
눕다,누우려니와
눕다,누우려면
눕다,누우련마는
눕다,누우렷다
눕다,누우리
눕다,누우리까
눕다,누우리니
눕다,누우리니라
눕다,누우리다
눕다,누우리라
눕다,누우리로다
눕다,누우리만치
눕다,누우리만큼
눕다,누우리오
눕다,누우매
눕다,누우며
눕다,누우면
눕다,누우면서
눕다,누우므로
눕다,누우사
눕다,누우세요
눕다,누우셔요
눕다,누우소서
눕다,누우시
눕다,누우시어요
눕다,누우오
눕다,누우오니까
눕다,누우오리까
눕다,누우오리다
눕다,누우오리이까
눕다,누우오리이다
눕다,누우오이다
눕다,누우옵
눕다,누우옵나이까
눕다,누우옵나이다
눕다,누우옵니까
눕다,누우옵니다
눕다,누우옵디까
눕다,누우옵디다
눕다,누우옵소서
눕다,누우옵시
눕다,누우와
눕다,누우우
눕다,누운
눕다,누운걸
눕다,누운들
눕다,누운즉
눕다,누운즉슨
눕다,누울
눕다,누울까
눕다,누울는지
눕다,누울라
눕다,누울라고
눕다,누울러니
눕다,누울러라
눕다,누울런가
눕다,누울런고
눕다,누울레
눕다,누울레라
눕다,누울망정
눕다,누울뿐더러
눕다,누울새
눕다,누울세
눕다,누울세라
눕다,누울세말이지
눕다,누울시
눕다,누울쏘냐
눕다,누울쏜가
눕다,누울지나
눕다,누울지니
눕다,누울지니라
눕다,누울지라
눕다,누울지라도
눕다,누울지로다
눕다,누울지어다
눕다,누울지언정
눕다,누울진대
눕다,누울진대는
눕다,누울진저
눕다,누움
눕다,누움에랴
눕다,누우라
눕다,누우라고
눕다,누우라나
눕다,누우라느니
눕다,누우라니까
눕다,누우라며
눕다,누우라면서
눕다,누우라손
눕다,누우락
눕다,누우란
눕다,누우람
눕다,누우랴
눕다,누우려
눕다,누우려거든
눕다,누우려고
눕다,누우려나
눕다,누우려니
눕다,누우려든
눕다,누우려무나
눕다,누우련
눕다,누우렴
눕다,누우렵니까
눕다,누우렵니다
눕다,누우마
눕다,누우사이다
눕다,누우세
눕다,누우시라
눕다,누우시압
눕다,누우십사
눕다,누우십시다
눕다,누우십시오
눕다,누울거나
눕다,누울게
눕다,누울깝쇼
눕다,누울라치면
눕다,누울락
눕다,누울래
눕다,누울작시면
눕다,누움세
눕다,누웁시사
눕다,누워다
눕다,누워다가
새다,샌걸
새다,샌들
새다,샌바
새다,샌즉
새다,샌즉슨
새다,샐
새다,샐걸
새다,샐까
새다,샐는지
새다,샐라
새다,샐라고
새다,샐러니
새다,샐러라
새다,샐런고
새다,샐레
새다,샐레라
새다,샐망정
새다,샐밖에
새다,샐뿐더러
새다,샐사
새다,샐새
새다,샐세
새다,샐세라
새다,샐세말이지
새다,샐수록
새다,샐시
새다,샐쏘냐
새다,샐쏜가
새다,샐지
새다,샐지나
새다,샐지니
새다,샐지니라
새다,샐지라
새다,샐지라도
새다,샐지로다
새다,샐지어다
새다,샐지언정
새다,샐진대
새다,샐진대는
새다,샐진댄
새다,샐진저
새다,샘
새다,샘에도
새다,샘에랴
새다,샙네
새다,샙늰다
새다,샙니까
새다,샙니다
새다,샙디까
새다,샙디다
새다,샙딘다
새다,샙죠
새다,샙지요
새다,샜
새다,샜었
새다,샌
새다,샌다
새다,샌다고
새다,샌다나
새다,샌다네
새다,샌다느니
새다,샌다니
새다,샌다니까
새다,샌다더라
새다,샌다마는
새다,샌다며
새다,샌다면
새다,샌다면서
새다,샌다손
새다,샌다오
새다,샌다지
새다,샌단다
새다,샌담
새다,샌답니까
새다,샌답니다
새다,샌답시고
새다,샌대
새다,샌대요
새다,샐거나
새다,샐게
새다,샐깝쇼
새다,샐라치면
새다,샐락
새다,샐래
새다,샐작시면
새다,샐지며
새다,샘세
새다,샙시다
새다,샙시사
새다,샙시오
젓다,저어
젓다,저어도
젓다,저어라
젓다,저어서
젓다,저어야
젓다,저어야만
젓다,저어야지
젓다,저어요
젓다,저어지이다
젓다,저었
젓다,저었었
젓다,저으나
젓다,저으나마
젓다,저으니
젓다,저으니까
젓다,저으니까는
젓다,저으니만치
젓다,저으니만큼
젓다,저으려니와
젓다,저으려면
젓다,저으련마는
젓다,저으렷다
젓다,저으리
젓다,저으리까
젓다,저으리니
젓다,저으리니라
젓다,저으리다
젓다,저으리라
젓다,저으리로다
젓다,저으리만치
젓다,저으리만큼
젓다,저으리오
젓다,저으매
젓다,저으며
젓다,저으면
젓다,저으면서
젓다,저으므로
젓다,저으사
젓다,저으세요
젓다,저으셔요
젓다,저으소서
젓다,저으시
젓다,저으시어요
젓다,저으오
젓다,저으오니까
젓다,저으오리까
젓다,저으오리다
젓다,저으오리이까
젓다,저으오리이다
젓다,저으오이다
젓다,저으옵
젓다,저으옵나이까
젓다,저으옵나이다
젓다,저으옵니까
젓다,저으옵니다
젓다,저으옵디까
젓다,저으옵디다
젓다,저으옵소서
젓다,저으옵시
젓다,저으와
젓다,저으우
젓다,저은
젓다,저은걸
젓다,저은들
젓다,저은즉
젓다,저은즉슨
젓다,저을까
젓다,저을는지
젓다,저을라
젓다,저을라고
젓다,저을러니
젓다,저을러라
젓다,저을런가
젓다,저을런고
젓다,저을레
젓다,저을레라
젓다,저을망정
젓다,저을뿐더러
젓다,저을새
젓다,저을세
젓다,저을세라
젓다,저을세말이지
젓다,저을시
젓다,저을쏘냐
젓다,저을쏜가
젓다,저을지나
젓다,저을지니
젓다,저을지니라
젓다,저을지라
젓다,저을지라도
젓다,저을지로다
젓다,저을지어다
젓다,저을지언정
젓다,저을진대
젓다,저을진대는
젓다,저을진저
젓다,저음
젓다,저음에랴
젓다,저으라
젓다,저으라고
젓다,저으라나
젓다,저으라느니
젓다,저으라니까
젓다,저으라며
젓다,저으라면서
젓다,저으라손
젓다,저으락
젓다,저으란
젓다,저으람
젓다,저으랴
젓다,저으러
젓다,저으려
젓다,저으려거든
젓다,저으려고
젓다,저으려나
젓다,저으려니
젓다,저으려든
젓다,저으려무나
젓다,저으련
젓다,저으렴
젓다,저으렵니까
젓다,저으렵니다
젓다,저으마
젓다,저으사이다
젓다,저으세
젓다,저으시라
젓다,저으시압
젓다,저으십사
젓다,저으십시다
젓다,저으십시오
젓다,저을거나
젓다,저을게
젓다,저을깝쇼
젓다,저을라치면
젓다,저을락
젓다,저을래
젓다,저을작시면
젓다,저음세
젓다,저읍시사
젓다,저어다
젓다,저어다가
르다,른걸
르다,른들
르다,른바
르다,른즉
르다,른즉슨
르다,를
르다,를걸
르다,를까
르다,를는지
르다,를라
르다,를라고
르다,를러니
르다,를러라
르다,를런고
르다,를레
르다,를레라
르다,를망정
르다,를밖에
르다,를뿐더러
르다,를사
르다,를새
르다,를세
르다,를세라
르다,를세말이지
르다,를수록
르다,를시
르다,를쏘냐
르다,를쏜가
르다,를지
르다,를지나
르다,를지니
르다,를지니라
르다,를지라
르다,를지라도
르다,를지로다
르다,를지어다
르다,를지언정
르다,를진대
르다,를진대는
르다,를진댄
르다,를진저
르다,름
르다,름에도
르다,름에랴
르다,릅네
르다,릅늰다
르다,릅니까
르다,릅니다
르다,릅디까
르다,릅디다
르다,릅딘다
르다,릅죠
르다,릅지요
지르다,질러
지르다,질러도
지르다,질러라
지다,질러라
지르다,질러서
지르다,질러야
지르다,질러야만
지르다,질러야지
지르다,질러요
지르다,질러지이다
지르다,질렀
지르다,질렀었
르다,른
르다,른다
르다,른다고
르다,른다나
르다,른다네
르다,른다느니
르다,른다니
르다,른다니까
르다,른다더라
르다,른다마는
르다,른다며
르다,른다면
르다,른다면서
르다,른다손
르다,른다오
르다,른다지
르다,른단다
르다,른담
르다,른답니까
르다,른답니다
르다,른답시고
르다,른대
르다,른대요
르다,를거나
르다,를게
르다,를깝쇼
르다,를라치면
르다,를락
르다,를래
르다,를작시면
르다,를지며
르다,름세
르다,릅시다
르다,릅시사
르다,릅시오
지르다,질러다
지르다,질러다가
채다,챈걸
채다,챈들
채다,챈바
채다,챈즉
채다,챈즉슨
채다,챌
채다,챌걸
채다,챌까
채다,챌는지
채다,챌라
채다,챌라고
채다,챌러니
채다,챌러라
채다,챌런고
채다,챌레
채다,챌레라
채다,챌망정
채다,챌밖에
채다,챌뿐더러
채다,챌사
채다,챌새
채다,챌세
채다,챌세라
채다,챌세말이지
채다,챌수록
채다,챌시
채다,챌쏘냐
채다,챌쏜가
채다,챌지
채다,챌지나
채다,챌지니
채다,챌지니라
채다,챌지라
채다,챌지라도
채다,챌지로다
채다,챌지어다
채다,챌지언정
채다,챌진대
채다,챌진대는
채다,챌진댄
채다,챌진저
채다,챔
채다,챔에도
채다,챔에랴
채다,챕네
채다,챕늰다
채다,챕니까
채다,챕니다
채다,챕디까
채다,챕디다
채다,챕딘다
채다,챕죠
채다,챕지요
채다,채
채다,챘
채다,챘었
채다,챈
채다,챈다
채다,챈다고
채다,챈다나
채다,챈다네
채다,챈다느니
채다,챈다니
채다,챈다니까
채다,챈다더라
채다,챈다마는
채다,챈다며
채다,챈다면
채다,챈다면서
채다,챈다손
채다,챈다오
채다,챈다지
채다,챈단다
채다,챈담
채다,챈답니까
채다,챈답니다
채다,챈답시고
채다,챈대
채다,챈대요
채다,챌거나
채다,챌게
채다,챌깝쇼
채다,챌라치면
채다,챌락
채다,챌래
채다,챌작시면
채다,챌지며
채다,챔세
채다,챕시다
채다,챕시사
채다,챕시오
가르다,갈라다
가르다,갈라다가
칠다,친걸
칠다,친들
치다,친바
칠다,친바
치다,친즉
칠다,친즉
치다,친즉슨
칠다,친즉슨
치다,칠
칠다,칠
치다,칠레
치다,칠레라
치다,칠사
치다,칠새
치다,칠세
치다,칠세라
치다,칠세말이지
치다,칠시
치다,칠쏘냐
치다,칠쏜가
치다,칠지
치다,칠지나
치다,칠지니
치다,칠지니라
치다,칠지라
치다,칠지로다
치다,칠지어다
치다,칠지언정
치다,칠진대
치다,칠진대는
치다,칠진댄
치다,칠진저
치다,침
칠다,침
치다,침에도
칠다,침에도
치다,침에랴
칠다,침에랴
치다,칩네
칠다,칩네
치다,칩늰다
칠다,칩늰다
치다,칩니까
칠다,칩니까
치다,칩니다
칠다,칩니다
치다,칩디까
칠다,칩디까
치다,칩디다
칠다,칩디다
치다,칩딘다
칠다,칩딘다
치다,칩죠
칠다,칩죠
치다,칩지요
칠다,칩지요
치다,쳐
치다,쳐도
치다,쳐라
치다,쳐서
치다,쳐야
치다,쳐야만
치다,쳐야지
치다,쳐요
치다,쳐지이다
치다,쳤
치다,쳤었
치다,친
치다,친다마는
치다,친다손
치다,친다오
치다,친다지
치다,친단다
치다,친담
치다,칠깝쇼
치다,칠라치면
치다,칠락
치다,칠작시면
치다,칠지며
치다,침세
치다,칩시사
치다,칩시오
치다,쳐다
치다,쳐다가
키다,킨걸
키다,킨들
키다,킨바
키다,킨즉
키다,킨즉슨
키다,킬
키다,킬걸
키다,킬까
키다,킬는지
키다,킬라
키다,킬라고
키다,킬러니
키다,킬러라
키다,킬런고
키다,킬레
키다,킬레라
키다,킬망정
키다,킬밖에
키다,킬뿐더러
키다,킬사
키다,킬새
키다,킬세
키다,킬세라
키다,킬세말이지
키다,킬수록
키다,킬시
키다,킬쏘냐
키다,킬쏜가
키다,킬지
키다,킬지나
키다,킬지니
키다,킬지니라
키다,킬지라
키다,킬지라도
키다,킬지로다
키다,킬지어다
키다,킬지언정
키다,킬진대
키다,킬진대는
키다,킬진댄
키다,킬진저
키다,킴
키다,킴에도
키다,킴에랴
키다,킵네
키다,킵늰다
키다,킵니까
키다,킵니다
키다,킵디까
키다,킵디다
키다,킵딘다
키다,킵죠
키다,킵지요
키다,켜
키다,켜도
키다,켜라
키다,켜서
키다,켜야
키다,켜야만
키다,켜야지
키다,켜요
키다,켜지이다
키다,켰
키다,켰었
키다,킨
키다,킨다
키다,킨다고
키다,킨다나
키다,킨다네
키다,킨다느니
키다,킨다니
키다,킨다니까
키다,킨다더라
키다,킨다마는
키다,킨다며
키다,킨다면
키다,킨다면서
키다,킨다손
키다,킨다오
키다,킨다지
키다,킨단다
키다,킨담
키다,킨답니까
키다,킨답니다
키다,킨답시고
키다,킨대
키다,킨대요
키다,킬거나
키다,킬게
키다,킬깝쇼
키다,킬라치면
키다,킬락
키다,킬래
키다,킬작시면
키다,킬지며
키다,킴세
키다,킵시다
키다,킵시사
키다,킵시오
키다,켜다
키다,켜다가
말다,만걸
마다,만걸
맣다,만걸
말다,만들
마다,만들
맣다,만들
말다,만바
마다,만바
말다,만즉
마다,만즉
맣다,만즉
말다,만즉슨
마다,만즉슨
맣다,만즉슨
말다,마나
맣다,마나
말다,마나마
맣다,마나마
말다,마니
맣다,마니
말다,마니까
맣다,마니까
말다,마니까는
맣다,마니까는
말다,마니만치
맣다,마니만치
말다,마니만큼
맣다,마니만큼
말다,말
마다,말
맣다,말
말다,마려거든
말다,마려고
말다,마려나
말다,마려니
말다,마려니와
맣다,마려니와
말다,마려면
맣다,마려면
말다,마련마는
맣다,마련마는
말다,마련만
말다,마렷다
맣다,마렷다
말다,마리
맣다,마리
말다,마리까
맣다,마리까
말다,마리니
맣다,마리니
말다,마리니라
맣다,마리니라
말다,마리다
맣다,마리다
말다,마리라
맣다,마리라
말다,마리로다
맣다,마리로다
말다,마리오
맣다,마리오
말다,맘
마다,맘
맣다,맘
말다,맘에도
마다,맘에도
맣다,맘에도
말다,맘에랴
마다,맘에랴
맣다,맘에랴
말다,마매
맣다,마매
말다,마며
맣다,마며
말다,마면
맣다,마면
말다,마면서
맣다,마면서
말다,마므로
맣다,마므로
말다,맙네
마다,맙네
말다,맙늰다
마다,맙늰다
말다,맙니까
마다,맙니까
말다,맙니다
마다,맙니다
말다,맙디까
마다,맙디까
말다,맙디다
마다,맙디다
말다,맙딘다
마다,맙딘다
말다,맙죠
마다,맙죠
말다,맙지요
마다,맙지요
말다,마세요
맣다,마세요
말다,마셔요
맣다,마셔요
말다,마시
맣다,마시
말다,마시어요
맣다,마시어요
말다,마락
말다,마리만치
맣다,마리만치
말다,마리만큼
맣다,마리만큼
말다,마사
맣다,마사
말다,마소서
맣다,마소서
말다,마오
맣다,마오
말다,마오니까
맣다,마오니까
말다,마오리까
맣다,마오리까
말다,마오리다
맣다,마오리다
말다,마오리이까
맣다,마오리이까
말다,마오리이다
맣다,마오리이다
말다,마오이다
맣다,마오이다
말다,마옵
맣다,마옵
말다,마옵나이까
맣다,마옵나이까
말다,마옵나이다
맣다,마옵나이다
말다,마옵니까
맣다,마옵니까
말다,마옵니다
맣다,마옵니다
말다,마옵디까
맣다,마옵디까
말다,마옵디다
맣다,마옵디다
말다,마옵소서
맣다,마옵소서
말다,마옵시
맣다,마옵시
말다,마와
맣다,마와
말다,마외다
말다,만
마다,만
맣다,만
말다,만다
마다,만다
말다,만다고
마다,만다고
말다,만다나
마다,만다나
말다,만다네
마다,만다네
말다,만다느니
마다,만다느니
말다,만다니
마다,만다니
말다,만다니까
마다,만다니까
말다,만다더라
마다,만다더라
말다,만다마는
마다,만다마는
말다,만다며
마다,만다며
말다,만다면
마다,만다면
말다,만다면서
마다,만다면서
말다,만다손
마다,만다손
말다,만다오
마다,만다오
말다,만다지
마다,만다지
말다,만단다
마다,만단다
말다,만담
마다,만담
말다,만답니까
마다,만답니까
말다,만답니다
마다,만답니다
말다,만답시고
마다,만답시고
말다,만대
마다,만대
말다,만대요
마다,만대요
다,깝쇼
다,라치면
다,래
러다,래
렇다,래
래다,래
랗다,래
다,작시면
다,지며
질다,지며
말다,마라고
말다,마랴
말다,마러
말다,마려
말다,마려든
말다,마려무나
말다,마렴
말다,맘세
마다,맘세
말다,마마
말다,맙시다
마다,맙시다
말다,맙시사
마다,맙시사
말다,맙시오
마다,맙시오
맣다,맙시오
말다,마사이다
말다,마세
말다,마시라
말다,마시압
말다,마십사
말다,마십시다
말다,마십시오
물다,문바
물다,문즉
물다,문즉슨
물다,무나
물다,무니까는
물다,무니만치
물다,무니만큼
물다,물
물다,무려거든
물다,무려고
물다,무려나
물다,무려니
물다,무려니와
물다,무려면
물다,무련마는
물다,무련만
물다,무렷다
물다,무리
물다,무리까
물다,무리니
물다,무리니라
물다,무리다
물다,무리라
물다,무리로다
물다,무리오
물다,뭄
물다,뭄에도
물다,뭄에랴
물다,무매
물다,무므로
물다,뭅네
물다,뭅늰다
물다,뭅니까
물다,뭅니다
물다,뭅디까
물다,뭅디다
물다,뭅딘다
물다,뭅죠
물다,뭅지요
물다,무시
물다,무시어요
물다,무락
물다,무리만치
물다,무리만큼
물다,무사
물다,무소서
물다,무오
물다,무오니까
물다,무오리까
물다,무오리다
물다,무오리이까
물다,무오리이다
물다,무오이다
물다,무옵
물다,무옵나이까
물다,무옵나이다
물다,무옵니까
물다,무옵니다
물다,무옵디까
물다,무옵디다
물다,무옵소서
물다,무옵시
물다,무와
물다,무외다
물다,문다마는
물다,문다손
물다,문다오
물다,문다지
물다,문단다
물다,문담
물다,무라고
물다,무랴
물다,무려든
물다,무려무나
물다,무렴
물다,뭄세
물다,무마
물다,뭅시사
물다,뭅시오
물다,무사이다
물다,무시압
물다,무십사
대다,댄걸
대다,댄들
대다,댄바
대다,댄즉
대다,댄즉슨
대다,댈
대다,댈걸
대다,댈까
대다,댈는지
대다,댈라
대다,댈라고
대다,댈러니
대다,댈러라
대다,댈런고
대다,댈레
대다,댈레라
대다,댈망정
대다,댈밖에
대다,댈뿐더러
대다,댈사
대다,댈새
대다,댈세
대다,댈세라
대다,댈세말이지
대다,댈수록
대다,댈시
대다,댈쏘냐
대다,댈쏜가
대다,댈지
대다,댈지나
대다,댈지니
대다,댈지니라
대다,댈지라
대다,댈지라도
대다,댈지로다
대다,댈지어다
대다,댈지언정
대다,댈진대
대다,댈진대는
대다,댈진댄
대다,댈진저
대다,댐
대다,댐에도
대다,댐에랴
대다,댑네
대다,댑늰다
대다,댑니까
대다,댑니다
대다,댑디까
대다,댑디다
대다,댑딘다
대다,댑죠
대다,댑지요
대다,댔
닿다,댔
대다,댔었
닿다,댔었
대다,댄
대다,댄다
대다,댄다고
대다,댄다나
대다,댄다네
대다,댄다느니
대다,댄다니
대다,댄다니까
대다,댄다더라
대다,댄다마는
대다,댄다며
대다,댄다면
대다,댄다면서
대다,댄다손
대다,댄다오
대다,댄다지
대다,댄단다
대다,댄담
대다,댄답니까
대다,댄답니다
대다,댄답시고
대다,댄대
대다,댄대요
대다,댈거나
대다,댈게
대다,댈깝쇼
대다,댈라치면
대다,댈락
대다,댈래
대다,댈작시면
대다,댈지며
대다,댐세
대다,댑시다
대다,댑시사
대다,댑시오
지다,진걸
질다,진걸
지다,진들
질다,진들
지다,진바
질다,진바
지다,진즉
질다,진즉
지다,진즉슨
질다,진즉슨
지다,질
질다,질
지다,질걸
지다,질까
지다,질는지
지다,질라
지다,질라고
지다,질러니
지다,질런고
지다,질레
지다,질레라
지다,질망정
지다,질밖에
지다,질뿐더러
지다,질사
지다,질새
지다,질세
지다,질세라
지다,질세말이지
지다,질수록
지다,질시
지다,질쏘냐
지다,질쏜가
지다,질지
지다,질지나
지다,질지니
지다,질지니라
지다,질지라
지다,질지라도
지다,질지로다
지다,질지어다
지다,질지언정
지다,질진대
지다,질진대는
지다,질진댄
지다,질진저
지다,짐
질다,짐
지다,짐에도
질다,짐에도
지다,짐에랴
질다,짐에랴
지다,집네
질다,집네
지다,집늰다
질다,집늰다
지다,집니까
질다,집니까
지다,집니다
질다,집니다
지다,집디까
질다,집디까
지다,집디다
질다,집디다
지다,집딘다
질다,집딘다
지다,집죠
질다,집죠
지다,집지요
질다,집지요
지다,져
지다,져도
지다,져라
지다,져서
지다,져야
지다,져야만
지다,져야지
지다,져요
지다,져지이다
지다,졌
지다,졌었
지다,진
지다,진다
지다,진다고
지다,진다나
지다,진다네
지다,진다느니
지다,진다니
지다,진다니까
지다,진다더라
지다,진다마는
지다,진다며
지다,진다면
지다,진다면서
지다,진다손
지다,진다오
지다,진다지
지다,진단다
지다,진담
지다,진답니까
지다,진답니다
지다,진답시고
지다,진대요
지다,질거나
지다,질게
지다,질깝쇼
지다,질라치면
지다,질락
지다,질래
지다,질작시면
지다,질지며
지다,짐세
지다,집시다
지다,집시사
지다,집시오
지다,져다
지다,져다가
시다,신걸
시다,신들
시다,신바
시다,신즉
시다,신즉슨
시다,실
시다,실걸
시다,실까
시다,실는지
시다,실라
시다,실라고
시다,실러니
시다,실러라
시다,실런고
시다,실레
시다,실레라
시다,실망정
시다,실밖에
시다,실뿐더러
시다,실사
시다,실새
시다,실세
시다,실세라
시다,실세말이지
시다,실수록
시다,실시
시다,실쏘냐
시다,실쏜가
시다,실지
시다,실지나
시다,실지니
시다,실지니라
시다,실지라
시다,실지라도
시다,실지로다
시다,실지어다
시다,실지언정
시다,실진대
시다,실진대는
시다,실진댄
시다,실진저
시다,심
시다,심에도
시다,심에랴
시다,십네
시다,십늰다
시다,십니까
시다,십니다
시다,십디까
시다,십디다
시다,십딘다
시다,십죠
시다,십지요
시다,셔
시다,셔도
시다,셔라
시다,셔서
시다,셔야
시다,셔야만
시다,셔야지
시다,셔지이다
시다,셨
시다,셨었
시다,신
시다,신다
시다,신다고
시다,신다나
시다,신다네
시다,신다느니
시다,신다니
시다,신다니까
시다,신다더라
시다,신다마는
시다,신다며
시다,신다면
시다,신다면서
시다,신다손
시다,신다오
시다,신다지
시다,신단다
시다,신담
시다,신답니까
시다,신답니다
시다,신답시고
시다,신대
시다,신대요
시다,실거나
시다,실게
시다,실깝쇼
시다,실라치면
시다,실락
시다,실래
시다,실작시면
시다,실지며
시다,심세
시다,십시사
시다,셔다
시다,셔다가
주다,준걸
줄다,준걸
줄다,준들
주다,준바
줄다,준바
주다,준즉
줄다,준즉
주다,준즉슨
줄다,준즉슨
줄다,줄
주다,줄레
주다,줄레라
주다,줄사
주다,줄새
주다,줄세
주다,줄세라
주다,줄세말이지
주다,줄시
주다,줄쏘냐
주다,줄쏜가
주다,줄지
주다,줄지나
주다,줄지니
주다,줄지니라
주다,줄지라
주다,줄지로다
주다,줄지어다
주다,줄지언정
주다,줄진대
주다,줄진대는
주다,줄진댄
주다,줄진저
주다,줌
줄다,줌
주다,줌에도
줄다,줌에도
주다,줌에랴
줄다,줌에랴
주다,줍네
줄다,줍네
주다,줍늰다
줄다,줍늰다
주다,줍니까
줄다,줍니까
주다,줍니다
줄다,줍니다
주다,줍디까
줄다,줍디까
주다,줍디다
줄다,줍디다
주다,줍딘다
줄다,줍딘다
주다,줍죠
줄다,줍죠
주다,줍지요
줄다,줍지요
주다,줘
주다,줘도
주다,줘라
주다,줘서
주다,줘야
주다,줘야만
주다,줘야지
주다,줘요
주다,줘지이다
주다,줬
주다,줬었
줄다,준
줄다,준다
주다,준다고
줄다,준다고
줄다,준다나
주다,준다네
줄다,준다네
주다,준다느니
줄다,준다느니
주다,준다니
줄다,준다니
주다,준다니까
줄다,준다니까
주다,준다더라
줄다,준다더라
주다,준다마는
줄다,준다마는
주다,준다며
줄다,준다며
주다,준다면
줄다,준다면
줄다,준다면서
주다,준다손
줄다,준다손
주다,준다오
줄다,준다오
주다,준다지
줄다,준다지
주다,준단다
줄다,준단다
주다,준담
줄다,준담
주다,준답니까
줄다,준답니까
주다,준답니다
줄다,준답니다
주다,준답시고
줄다,준답시고
주다,준대
줄다,준대
주다,준대요
줄다,준대요
주다,줄깝쇼
주다,줄라치면
주다,줄락
주다,줄작시면
주다,줄지며
주다,줌세
줄다,줌세
줄다,줍시다
주다,줍시사
줄다,줍시사
주다,줍시오
줄다,줍시오
주다,줘다
주다,줘다가
오다,온바
오다,온즉
오다,온즉슨
오다,올
오다,올레
오다,올레라
오다,올사
오다,올새
오다,올세
오다,올세라
오다,올세말이지
오다,올시
오다,올쏘냐
오다,올쏜가
오다,올지
오다,올지나
오다,올지니
오다,올지니라
오다,올지라
오다,올지로다
오다,올지어다
오다,올지언정
오다,올진대
오다,올진대는
오다,올진댄
오다,올진저
오다,옴
오다,옴에도
오다,옴에랴
오다,옵네
오다,옵늰다
오다,옵딘다
오다,옵죠
오다,옵지요
오다,와라
오다,와지이다
오다,왔
오다,왔었
오다,왔자
오다,온다마는
오다,온다손
오다,온다오
오다,온다지
오다,온단다
오다,온담
오다,올깝쇼
오다,올라치면
오다,올락
오다,올작시면
오다,올지며
오다,옴세
오다,옵시사
오다,옵시오
오다,와다
다,너라
느다,너라
하다,한뎁쇼
다,뇨
하다,한가
하다,한감
하다,한고
하다,한데
하다,한지
다,냐
다,냐고
다,니라
하다,할시고
갈다,가나
갛다,가나
갈다,가나마
갛다,가나마
갈다,가니
갛다,가니
갛다,가니까
갈다,가니까는
갛다,가니까는
갈다,가니만치
갛다,가니만치
갈다,가니만큼
갛다,가니만큼
갈다,가려거든
갈다,가려고
갈다,가려나
갈다,가려니
갈다,가려니와
갛다,가려니와
갈다,가려면
갛다,가려면
갈다,가련마는
갛다,가련마는
갈다,가련만
갈다,가렷다
갛다,가렷다
갈다,가리
갛다,가리
갈다,가리까
갛다,가리까
갈다,가리니
갛다,가리니
갈다,가리니라
갛다,가리니라
갈다,가리다
갛다,가리다
갈다,가리라
갛다,가리라
갈다,가리로다
갛다,가리로다
갈다,가리오
갛다,가리오
갈다,가매
갛다,가매
갛다,가며
갛다,가면
갛다,가면서
갈다,가므로
갛다,가므로
갛다,가세요
갛다,가셔요
갈다,가시
갛다,가시
갈다,가시어요
갛다,가시어요
갈다,가락
갈다,가리만치
갛다,가리만치
갈다,가리만큼
갛다,가리만큼
갈다,가사
갛다,가사
갈다,가소서
갛다,가소서
갈다,가오
갛다,가오
갈다,가오니까
갛다,가오니까
갈다,가오리까
갛다,가오리까
갈다,가오리다
갛다,가오리다
갈다,가오리이까
갛다,가오리이까
갈다,가오리이다
갛다,가오리이다
갈다,가오이다
갛다,가오이다
갈다,가옵
갛다,가옵
갈다,가옵나이까
갛다,가옵나이까
갈다,가옵나이다
갛다,가옵나이다
갈다,가옵니까
갛다,가옵니까
갈다,가옵니다
갛다,가옵니다
갈다,가옵디까
갛다,가옵디까
갈다,가옵디다
갛다,가옵디다
갈다,가옵소서
갛다,가옵소서
갈다,가옵시
갛다,가옵시
갈다,가와
갛다,가와
갈다,가외다
갈다,가랴
갈다,가려든
갈다,가려무나
갈다,가렴
갈다,가마
갈다,가사이다
갈다,가시압
갈다,가십사
길다,긴걸
길다,긴들
기다,긴바
길다,긴바
기다,긴즉
길다,긴즉
기다,긴즉슨
길다,긴즉슨
길다,길
기다,길걸
기르다,길러라
기다,길레
기다,길레라
기다,길사
기다,길새
기다,길세
기다,길세라
기다,길세말이지
기다,길시
기다,길쏘냐
기다,길쏜가
기다,길지
기다,길지나
기다,길지니
기다,길지니라
기다,길지라
기다,길지로다
기다,길지어다
기다,길지언정
기다,길진대
기다,길진대는
기다,길진댄
기다,길진저
기다,김
길다,김
기다,김에도
길다,김에도
기다,김에랴
길다,김에랴
기다,깁네
길다,깁네
기다,깁늰다
길다,깁늰다
기다,깁니까
길다,깁니까
기다,깁니다
길다,깁니다
기다,깁디까
길다,깁디까
기다,깁디다
길다,깁디다
기다,깁딘다
길다,깁딘다
기다,깁죠
길다,깁죠
기다,깁지요
길다,깁지요
기다,겨
기다,겨도
기다,겨라
기다,겨서
기다,겨야
기다,겨야만
기다,겨야지
기다,겨요
기다,겨지이다
기다,겼
기다,겼었
길다,긴
길다,긴다
길다,긴다고
길다,긴다나
길다,긴다네
길다,긴다느니
길다,긴다니
길다,긴다니까
길다,긴다더라
기다,긴다마는
길다,긴다마는
길다,긴다며
길다,긴다면
길다,긴다면서
기다,긴다손
길다,긴다손
기다,긴다오
길다,긴다오
기다,긴다지
길다,긴다지
기다,긴단다
길다,긴단다
기다,긴담
길다,긴담
길다,긴답니까
길다,긴답니다
길다,긴답시고
길다,긴대
길다,긴대요
기다,길거나
기다,길깝쇼
기다,길라치면
기다,길락
기다,길작시면
기다,길지며
기다,김세
길다,김세
길다,깁시다
기다,깁시사
길다,깁시사
기다,깁시오
길다,깁시오
기다,겨다
기다,겨다가
설다,선걸
설다,선들
서다,선바
설다,선바
서다,선즉
설다,선즉
서다,선즉슨
설다,선즉슨
서다,설
설다,설
서다,설레
서다,설레라
서다,설사
서다,설새
서다,설세
서다,설세라
서다,설세말이지
서다,설시
서다,설쏘냐
서다,설쏜가
서다,설지
서다,설지나
서다,설지니
서다,설지니라
서다,설지라
서다,설지로다
서다,설지어다
서다,설지언정
서다,설진대
서다,설진대는
서다,설진댄
서다,설진저
서다,섬
설다,섬
서다,섬에도
설다,섬에도
서다,섬에랴
설다,섬에랴
서다,섭네
설다,섭네
서다,섭늰다
설다,섭늰다
서다,섭니까
설다,섭니까
서다,섭니다
설다,섭니다
서다,섭디까
설다,섭디까
서다,섭디다
설다,섭디다
서다,섭딘다
설다,섭딘다
서다,섭죠
설다,섭죠
서다,섭지요
설다,섭지요
서다,섰
서다,섰었
서다,선
설다,선
설다,선다
설다,선다고
설다,선다나
설다,선다네
설다,선다느니
설다,선다니
설다,선다니까
설다,선다더라
서다,선다마는
설다,선다마는
설다,선다며
설다,선다면
설다,선다면서
서다,선다손
설다,선다손
서다,선다오
설다,선다오
서다,선다지
설다,선다지
서다,선단다
설다,선단다
서다,선담
설다,선담
설다,선답니까
설다,선답니다
설다,선답시고
설다,선대
설다,선대요
서다,설깝쇼
서다,설라치면
서다,설락
서다,설작시면
서다,설지며
서다,섬세
설다,섬세
설다,섭시다
서다,섭시사
설다,섭시사
서다,섭시오
설다,섭시오
들다,든걸
들다,든들
들다,든바
들다,든즉
들다,든즉슨
들다,드나
들다,드나마
들다,드니
들다,드니까
들다,드니까는
들다,드니만치
들다,드니만큼
들다,들
들다,드려거든
들다,드려고
들다,드려나
들다,드려니
들다,드려니와
들다,드려면
들다,드련마는
들다,드련만
들다,드렷다
들다,드리
들다,드리까
들다,드리니
들다,드리니라
들다,드리다
들다,드리라
들다,드리로다
들다,드리오
들다,듬
들다,듬에도
들다,듬에랴
들다,드매
들다,드며
들다,드면
들다,드면서
들다,드므로
들다,듭네
들다,듭늰다
들다,듭니까
들다,듭니다
들다,듭디까
들다,듭디다
들다,듭딘다
들다,듭죠
들다,듭지요
들다,드세요
들다,드셔요
들다,드시
들다,드시어요
들다,드락
들다,드리만치
들다,드리만큼
들다,드사
들다,드소서
들다,드오
들다,드오니까
들다,드오리까
들다,드오리다
들다,드오리이까
들다,드오리이다
들다,드오이다
들다,드옵
들다,드옵나이까
들다,드옵나이다
들다,드옵니까
들다,드옵니다
들다,드옵디까
들다,드옵디다
들다,드옵소서
들다,드옵시
들다,드와
들다,드외다
들다,든다
들다,든다고
들다,든다나
들다,든다네
들다,든다느니
들다,든다니
들다,든다니까
들다,든다더라
들다,든다마는
들다,든다며
들다,든다면
들다,든다면서
들다,든다손
들다,든다오
들다,든다지
들다,든단다
들다,든담
들다,든답니까
들다,든답니다
들다,든답시고
들다,든대
들다,든대요
들다,드라고
들다,드랴
들다,드러
들다,드려
들다,드려든
들다,드려무나
들다,드렴
들다,듬세
들다,드마
들다,듭시다
들다,듭시사
들다,듭시오
들다,드사이다
들다,드세
들다,드시라
들다,드시압
들다,드십사
들다,드십시다
들다,드십시오
매다,맨걸
매다,맨들
매다,맨바
매다,맨즉
매다,맨즉슨
매다,맬
매다,맬걸
매다,맬까
매다,맬는지
매다,맬라
매다,맬라고
매다,맬러니
매다,맬러라
매다,맬런고
매다,맬레
매다,맬레라
매다,맬망정
매다,맬밖에
매다,맬뿐더러
매다,맬사
매다,맬새
매다,맬세
매다,맬세라
매다,맬세말이지
매다,맬수록
매다,맬시
매다,맬쏘냐
매다,맬쏜가
매다,맬지
매다,맬지나
매다,맬지니
매다,맬지니라
매다,맬지라
매다,맬지라도
매다,맬지로다
매다,맬지어다
매다,맬지언정
매다,맬진대
매다,맬진대는
매다,맬진댄
매다,맬진저
매다,맴
매다,맴에도
매다,맴에랴
매다,맵네
매다,맵늰다
매다,맵니까
매다,맵니다
매다,맵디까
매다,맵디다
매다,맵딘다
매다,맵죠
매다,맵지요
매다,맸
맣다,맸
매다,맸었
맣다,맸었
매다,맨
매다,맨다
매다,맨다고
매다,맨다나
매다,맨다네
매다,맨다느니
매다,맨다니
매다,맨다니까
매다,맨다더라
매다,맨다마는
매다,맨다며
매다,맨다면
매다,맨다면서
매다,맨다손
매다,맨다오
매다,맨다지
매다,맨단다
매다,맨담
매다,맨답니까
매다,맨답니다
매다,맨답시고
매다,맨대
매다,맨대요
매다,맬거나
매다,맬게
매다,맬깝쇼
매다,맬라치면
매다,맬락
매다,맬래
매다,맬작시면
매다,맬지며
매다,맴세
매다,맵시다
매다,맵시사
매다,맵시오
타다,탄바
타다,탄즉
타다,탄즉슨
타다,탈걸
타다,탈레
타다,탈레라
타다,탈사
타다,탈새
타다,탈세
타다,탈세라
타다,탈세말이지
타다,탈시
타다,탈쏘냐
타다,탈쏜가
타다,탈지
타다,탈지나
타다,탈지니
타다,탈지니라
타다,탈지라
타다,탈지로다
타다,탈지어다
타다,탈지언정
타다,탈진대
타다,탈진대는
타다,탈진댄
타다,탈진저
타다,탐
타다,탐에도
타다,탐에랴
타다,탑네
타다,탑늰다
타다,탑니까
타다,탑니다
타다,탑디까
타다,탑디다
타다,탑딘다
타다,탑죠
타다,탑지요
타다,타
타다,탔
타다,탔었
타다,탔자
타다,탄다
타다,탄다고
타다,탄다나
타다,탄다네
타다,탄다느니
타다,탄다니
타다,탄다니까
타다,탄다더라
타다,탄다마는
타다,탄다며
타다,탄다면
타다,탄다면서
타다,탄다손
타다,탄다오
타다,탄다지
타다,탄단다
타다,탄담
타다,탄답니다
타다,탄답시고
타다,탄대
타다,탄대요
타다,탈거나
타다,탈깝쇼
타다,탈라치면
타다,탈락
타다,탈작시면
타다,탈지며
타다,탐세
타다,탑시사
타다,탑시오
다,으냐
다,으냐고
다,으뇨
다,으니라
다,으이
다,은가
다,은감
다,은고
다,은데
다,은뎁쇼
다,은지
다,을데라니
다,을시고
돌다,돈걸
돌다,돈들
돌다,돈바
돌다,돈즉
돌다,돈즉슨
돌다,도나
돌다,도나마
돌다,도니
돌다,도니까
돌다,도니까는
돌다,도니만치
돌다,도니만큼
돌다,돌
돌다,도려거든
돌다,도려고
돌다,도려나
돌다,도려니
돌다,도려니와
돌다,도려면
돌다,도련마는
돌다,도련만
돌다,도렷다
돌다,도리
돌다,도리까
돌다,도리니
돌다,도리니라
돌다,도리다
돌다,도리라
돌다,도리로다
돌다,도리오
돌다,돔
돌다,돔에도
돌다,돔에랴
돌다,도매
돌다,도며
돌다,도면
돌다,도면서
돌다,도므로
돌다,돕네
돌다,돕늰다
돌다,돕니까
돌다,돕니다
돌다,돕디까
돌다,돕디다
돌다,돕딘다
돌다,돕죠
돌다,돕지요
돌다,도세요
돌다,도셔요
돌다,도시
돌다,도시어요
돌다,도락
돌다,도리만치
돌다,도리만큼
돌다,도사
돌다,도소서
돌다,도오
돌다,도오니까
돌다,도오리까
돌다,도오리다
돌다,도오리이까
돌다,도오리이다
돌다,도오이다
돌다,도옵
돌다,도옵나이까
돌다,도옵나이다
돌다,도옵니까
돌다,도옵니다
돌다,도옵디까
돌다,도옵디다
돌다,도옵소서
돌다,도옵시
돌다,도와
돕다,도와
돌다,도외다
돌다,돈
돌다,돈다
돌다,돈다고
돌다,돈다나
돌다,돈다네
돌다,돈다느니
돌다,돈다니
돌다,돈다니까
돌다,돈다더라
돌다,돈다마는
돌다,돈다며
돌다,돈다면
돌다,돈다면서
돌다,돈다손
돌다,돈다오
돌다,돈다지
돌다,돈단다
돌다,돈담
돌다,돈답니까
돌다,돈답니다
돌다,돈답시고
돌다,돈대
돌다,돈대요
돌다,도라고
돌다,도랴
돌다,도러
돌다,도려
돌다,도려든
돌다,도려무나
돌다,도렴
돌다,돔세
돌다,도마
돌다,돕시다
돌다,돕시사
돌다,돕시오
돌다,도사이다
돌다,도세
돌다,도시라
돌다,도시압
돌다,도십사
돌다,도십시다
돌다,도십시오
빨다,빤걸
빨다,빤들
빨다,빤바
빨다,빤즉
빨다,빤즉슨
빨다,빠나
빨다,빠나마
빨다,빠니
빨다,빠니까
빨다,빠니까는
빨다,빠니만치
빨다,빠니만큼
빨다,빨
빨다,빠려거든
빨다,빠려고
빨다,빠려나
빨다,빠려니
빨다,빠려니와
빨다,빠려면
빨다,빠련마는
빨다,빠련만
빨다,빠렷다
빨다,빠리
빨다,빠리까
빨다,빠리니
빨다,빠리니라
빨다,빠리다
빨다,빠리라
빨다,빠리로다
빨다,빠리오
빨다,빰
빨다,빰에도
빨다,빰에랴
빨다,빠매
빨다,빠며
빨다,빠면
빨다,빠면서
빨다,빠므로
빨다,빱네
빨다,빱늰다
빨다,빱니까
빨다,빱니다
빨다,빱디까
빨다,빱디다
빨다,빱딘다
빨다,빱죠
빨다,빱지요
빨다,빠세요
빨다,빠셔요
빨다,빠시
빨다,빠시어요
빨다,빠락
빨다,빠리만치
빨다,빠리만큼
빨다,빠사
빨다,빠소서
빨다,빠오
빨다,빠오니까
빨다,빠오리까
빨다,빠오리다
빨다,빠오리이까
빨다,빠오리이다
빨다,빠오이다
빨다,빠옵
빨다,빠옵나이까
빨다,빠옵나이다
빨다,빠옵니까
빨다,빠옵니다
빨다,빠옵디까
빨다,빠옵디다
빨다,빠옵소서
빨다,빠옵시
빨다,빠와
빨다,빠외다
빨다,빤
빨다,빤다
빨다,빤다고
빨다,빤다나
빨다,빤다네
빨다,빤다느니
빨다,빤다니
빨다,빤다니까
빨다,빤다더라
빨다,빤다마는
빨다,빤다며
빨다,빤다면
빨다,빤다면서
빨다,빤다손
빨다,빤다오
빨다,빤다지
빨다,빤단다
빨다,빤담
빨다,빤답니까
빨다,빤답니다
빨다,빤답시고
빨다,빤대
빨다,빤대요
빨다,빠라고
빨다,빠랴
빨다,빠러
빨다,빠려
빨다,빠려든
빨다,빠려무나
빨다,빠렴
빨다,빰세
빨다,빠마
빨다,빱시다
빨다,빱시사
빨다,빱시오
빨다,빠사이다
빨다,빠세
빨다,빠시라
빨다,빠시압
빨다,빠십사
빨다,빠십시다
빨다,빠십시오
싸다,싼걸
싸다,싼들
싸다,싼바
싸다,싼즉
싸다,싼즉슨
싸다,쌀
싸다,쌀걸
싸다,쌀까
싸다,쌀는지
싸다,쌀라
싸다,쌀라고
싸다,쌀러니
싸다,쌀러라
싸다,쌀런고
싸다,쌀레
싸다,쌀레라
싸다,쌀망정
싸다,쌀밖에
싸다,쌀뿐더러
싸다,쌀사
싸다,쌀새
싸다,쌀세
싸다,쌀세라
싸다,쌀세말이지
싸다,쌀수록
싸다,쌀시
싸다,쌀쏘냐
싸다,쌀쏜가
싸다,쌀지
싸다,쌀지나
싸다,쌀지니
싸다,쌀지니라
싸다,쌀지라
싸다,쌀지라도
싸다,쌀지로다
싸다,쌀지어다
싸다,쌀지언정
싸다,쌀진대
싸다,쌀진대는
싸다,쌀진댄
싸다,쌀진저
싸다,쌈
싸다,쌈에도
싸다,쌈에랴
싸다,쌉네
싸다,쌉늰다
싸다,쌉니까
싸다,쌉니다
싸다,쌉디까
싸다,쌉디다
싸다,쌉딘다
싸다,쌉죠
싸다,쌉지요
싸다,싸
싸다,쌌
싸다,쌌었
싸다,쌌자
싸다,싼
싸다,싼다
싸다,싼다고
싸다,싼다나
싸다,싼다네
싸다,싼다느니
싸다,싼다니
싸다,싼다니까
싸다,싼다더라
싸다,싼다마는
싸다,싼다며
싸다,싼다면
싸다,싼다면서
싸다,싼다손
싸다,싼다오
싸다,싼다지
싸다,싼단다
싸다,싼담
싸다,싼답니까
싸다,싼답니다
싸다,싼답시고
싸다,싼대
싸다,싼대요
싸다,쌀거나
싸다,쌀게
싸다,쌀깝쇼
싸다,쌀라치면
싸다,쌀락
싸다,쌀래
싸다,쌀작시면
싸다,쌀지며
싸다,쌈세
싸다,쌉시다
싸다,쌉시사
싸다,쌉시오
쥐다,쥔걸
쥐다,쥔들
쥐다,쥔바
쥐다,쥔즉
쥐다,쥔즉슨
쥐다,쥘
쥐다,쥘걸
쥐다,쥘까
쥐다,쥘는지
쥐다,쥘라
쥐다,쥘라고
쥐다,쥘러니
쥐다,쥘러라
쥐다,쥘런고
쥐다,쥘레
쥐다,쥘레라
쥐다,쥘망정
쥐다,쥘밖에
쥐다,쥘뿐더러
쥐다,쥘사
쥐다,쥘새
쥐다,쥘세
쥐다,쥘세라
쥐다,쥘세말이지
쥐다,쥘수록
쥐다,쥘시
쥐다,쥘쏘냐
쥐다,쥘쏜가
쥐다,쥘지
쥐다,쥘지나
쥐다,쥘지니
쥐다,쥘지니라
쥐다,쥘지라
쥐다,쥘지라도
쥐다,쥘지로다
쥐다,쥘지어다
쥐다,쥘지언정
쥐다,쥘진대
쥐다,쥘진대는
쥐다,쥘진댄
쥐다,쥘진저
쥐다,쥠
쥐다,쥠에도
쥐다,쥠에랴
쥐다,쥡네
쥐다,쥡늰다
쥐다,쥡니까
쥐다,쥡니다
쥐다,쥡디까
쥐다,쥡디다
쥐다,쥡딘다
쥐다,쥡죠
쥐다,쥡지요
다,ᅥ
다,ᅥ도
다,ᅥ라
다,ᅥ서
다,ᅥ야
다,ᅥ야만
다,ᅥ야지
다,ᅥ요
다,ᅥ지이다
다,ᅥᆻ
다,ᅥᆻ었
쥐다,쥔
쥐다,쥔다
쥐다,쥔다고
쥐다,쥔다나
쥐다,쥔다네
쥐다,쥔다느니
쥐다,쥔다니
쥐다,쥔다니까
쥐다,쥔다더라
쥐다,쥔다마는
쥐다,쥔다며
쥐다,쥔다면
쥐다,쥔다면서
쥐다,쥔다손
쥐다,쥔다오
쥐다,쥔다지
쥐다,쥔단다
쥐다,쥔담
쥐다,쥔답니까
쥐다,쥔답니다
쥐다,쥔답시고
쥐다,쥔대
쥐다,쥔대요
쥐다,쥘거나
쥐다,쥘게
쥐다,쥘깝쇼
쥐다,쥘라치면
쥐다,쥘락
쥐다,쥘래
쥐다,쥘작시면
쥐다,쥘지며
쥐다,쥠세
쥐다,쥡시다
쥐다,쥡시사
쥐다,쥡시오
다,ᅥ다
다,ᅥ다가
추다,춘바
추다,춘즉
추다,춘즉슨
추다,출
추다,출걸
추르다,출러라
추다,출레
추다,출레라
추다,출사
추다,출새
추다,출세
추다,출세라
추다,출세말이지
추다,출시
추다,출쏘냐
추다,출쏜가
추다,출지
추다,출지나
추다,출지니
추다,출지니라
추다,출지라
추다,출지로다
추다,출지어다
추다,출지언정
추다,출진대
추다,출진대는
추다,출진댄
추다,출진저
추다,춤
추다,춤에도
추다,춤에랴
추다,춥네
추다,춥늰다
추다,춥니까
추다,춥니다
추다,춥디까
추다,춥디다
추다,춥딘다
추다,춥죠
추다,춥지요
추다,춰
추다,춰도
추다,춰라
추다,춰서
추다,춰야
추다,춰야만
추다,춰야지
추다,춰요
추다,춰지이다
추다,췄
추다,췄었
추다,춘
추다,춘다마는
추다,춘다손
추다,춘다오
추다,춘다지
추다,춘단다
추다,춘담
추다,출깝쇼
추다,출라치면
추다,출락
추다,출작시면
추다,출지며
추다,춤세
추다,춥시사
추다,춥시오
추다,춰다
추다,춰다가
개다,갠걸
개다,갠들
개다,갠바
개다,갠즉
개다,갠즉슨
개다,갤
개다,갤걸
개다,갤까
개다,갤는지
개다,갤라
개다,갤라고
개다,갤러니
개다,갤러라
개르다,갤러라
개다,갤런고
개다,갤레
개다,갤레라
개다,갤망정
개다,갤밖에
개다,갤뿐더러
개다,갤사
개다,갤새
개다,갤세
개다,갤세라
개다,갤세말이지
개다,갤수록
개다,갤시
개다,갤쏘냐
개다,갤쏜가
개다,갤지
개다,갤지나
개다,갤지니
개다,갤지니라
개다,갤지라
개다,갤지라도
개다,갤지로다
개다,갤지어다
개다,갤지언정
개다,갤진대
개다,갤진대는
개다,갤진댄
개다,갤진저
개다,갬
개다,갬에도
개다,갬에랴
개다,갭네
개다,갭늰다
개다,갭니까
개다,갭니다
개다,갭디까
개다,갭디다
개다,갭딘다
개다,갭죠
개다,갭지요
개다,개
갛다,개
개다,갰
갛다,갰
개다,갰었
갛다,갰었
개다,갠
개다,갠다
개다,갠다고
개다,갠다나
개다,갠다네
개다,갠다느니
개다,갠다니
개다,갠다니까
개다,갠다더라
개다,갠다마는
개다,갠다며
개다,갠다면
개다,갠다면서
개다,갠다손
개다,갠다오
개다,갠다지
개다,갠단다
개다,갠담
개다,갠답니까
개다,갠답니다
개다,갠답시고
개다,갠대
개다,갠대요
개다,갤거나
개다,갤게
개다,갤깝쇼
개다,갤라치면
개다,갤락
개다,갤래
개다,갤작시면
개다,갤지며
개다,갬세
개다,갭시다
개다,갭시사
개다,갭시오
닐다,닌걸
니다,닌걸
닐다,닌들
니다,닌들
닐다,닌바
니다,닌바
닐다,닌즉
니다,닌즉
닐다,닌즉슨
니다,닌즉슨
닐다,니나
닐다,니나마
닐다,니니
닐다,니니까
닐다,니니까는
닐다,니니만치
닐다,니니만큼
닐다,닐
니다,닐
닐다,니려거든
닐다,니려고
닐다,니려나
닐다,니려니
닐다,니려니와
닐다,니려면
닐다,니련마는
닐다,니련만
닐다,니렷다
닐다,니리
닐다,니리까
닐다,니리니
닐다,니리니라
닐다,니리다
닐다,니리라
닐다,니리로다
닐다,니리오
닐다,님
니다,님
닐다,님에도
니다,님에도
닐다,님에랴
니다,님에랴
닐다,니매
닐다,니며
닐다,니면
닐다,니면서
닐다,니므로
닐다,닙네
니다,닙네
닐다,닙늰다
니다,닙늰다
닐다,닙니까
니다,닙니까
닐다,닙니다
니다,닙니다
닐다,닙디까
니다,닙디까
닐다,닙디다
니다,닙디다
닐다,닙딘다
니다,닙딘다
닐다,닙죠
니다,닙죠
닐다,닙지요
니다,닙지요
닐다,니세요
닐다,니셔요
닐다,니시
닐다,니시어요
닐다,니락
닐다,니리만치
닐다,니리만큼
닐다,니사
닐다,니소서
닐다,니오
닐다,니오니까
닐다,니오리까
닐다,니오리다
닐다,니오리이까
닐다,니오리이다
닐다,니오이다
닐다,니옵
닐다,니옵나이까
닐다,니옵나이다
닐다,니옵니까
닐다,니옵니다
닐다,니옵디까
닐다,니옵디다
닐다,니옵소서
닐다,니옵시
닐다,니와
닐다,니외다
닐다,닌
니다,닌
닐다,닌다
니다,닌다
닐다,닌다고
니다,닌다고
닐다,닌다나
니다,닌다나
닐다,닌다네
니다,닌다네
닐다,닌다느니
니다,닌다느니
닐다,닌다니
니다,닌다니
닐다,닌다니까
니다,닌다니까
닐다,닌다더라
니다,닌다더라
닐다,닌다마는
니다,닌다마는
닐다,닌다며
니다,닌다며
닐다,닌다면
니다,닌다면
닐다,닌다면서
니다,닌다면서
닐다,닌다손
니다,닌다손
닐다,닌다오
니다,닌다오
닐다,닌다지
니다,닌다지
닐다,닌단다
니다,닌단다
닐다,닌담
니다,닌담
닐다,닌답니까
니다,닌답니까
닐다,닌답니다
니다,닌답니다
닐다,닌답시고
니다,닌답시고
닐다,닌대
니다,닌대
닐다,닌대요
니다,닌대요
닐다,니라고
닐다,니랴
닐다,니러
닐다,니려
닐다,니려든
닐다,니려무나
닐다,니렴
닐다,님세
니다,님세
닐다,니마
닐다,닙시다
니다,닙시다
닐다,닙시사
니다,닙시사
닐다,닙시오
니다,닙시오
닐다,니사이다
닐다,니세
닐다,니시라
닐다,니시압
닐다,니십사
닐다,니십시다
닐다,니십시오
뜨다,뜬바
뜨다,뜬즉
뜨다,뜬즉슨
뜨다,뜰
뜨다,뜰걸
뜨다,뜰레
뜨다,뜰레라
뜨다,뜰사
뜨다,뜰새
뜨다,뜰세
뜨다,뜰세라
뜨다,뜰세말이지
뜨다,뜰시
뜨다,뜰쏘냐
뜨다,뜰쏜가
뜨다,뜰지
뜨다,뜰지나
뜨다,뜰지니
뜨다,뜰지니라
뜨다,뜰지라
뜨다,뜰지로다
뜨다,뜰지어다
뜨다,뜰지언정
뜨다,뜰진대
뜨다,뜰진대는
뜨다,뜰진댄
뜨다,뜰진저
뜨다,뜸
뜨다,뜸에도
뜨다,뜸에랴
뜨다,뜹네
뜨다,뜹늰다
뜨다,뜹니까
뜨다,뜹니다
뜨다,뜹디까
뜨다,뜹디다
뜨다,뜹딘다
뜨다,뜹죠
뜨다,뜹지요
뜨다,떠
뜨다,떠도
뜨다,떠라
뜨다,떠서
뜨다,떠야
뜨다,떠야만
뜨다,떠야지
뜨다,떠요
뜨다,떠지이다
뜨다,떴
뜨다,떴었
뜨다,뜬다마는
뜨다,뜬다손
뜨다,뜬다오
뜨다,뜬다지
뜨다,뜬단다
뜨다,뜬담
뜨다,뜰거나
뜨다,뜰깝쇼
뜨다,뜰라치면
뜨다,뜰락
뜨다,뜰작시면
뜨다,뜰지며
뜨다,뜸세
뜨다,뜹시사
뜨다,뜹시오
뜨다,떠다
뜨다,떠다가
나다,난걸
날다,난걸
나다,난들
날다,난들
나다,난바
날다,난바
나다,난즉
날다,난즉
나다,난즉슨
날다,난즉슨
나다,날
날다,날
나다,날걸
나다,날까
나다,날는지
나다,날라
나다,날라고
나다,날러니
나다,날러라
나다,날런고
나다,날레
나다,날레라
나다,날망정
나다,날밖에
나다,날뿐더러
나다,날사
나다,날새
나다,날세
나다,날세라
나다,날세말이지
나다,날수록
나다,날시
나다,날쏘냐
나다,날쏜가
나다,날지
나다,날지나
나다,날지니
나다,날지니라
나다,날지라
나다,날지라도
나다,날지로다
나다,날지어다
나다,날지언정
나다,날진대
나다,날진대는
나다,날진댄
나다,날진저
나다,남에도
날다,남에도
나다,남에랴
날다,남에랴
나다,납네
날다,납네
나다,납늰다
날다,납늰다
나다,납니까
날다,납니까
나다,납니다
날다,납니다
나다,납디까
날다,납디까
나다,납디다
날다,납디다
나다,납딘다
날다,납딘다
나다,납죠
날다,납죠
나다,납지요
날다,납지요
나다,났
느다,났
나다,났었
느다,났었
나다,났자
나다,난
날다,난
나다,난다
날다,난다
나다,난다고
날다,난다고
나다,난다나
날다,난다나
나다,난다네
날다,난다네
나다,난다느니
날다,난다느니
나다,난다니
날다,난다니
나다,난다니까
날다,난다니까
나다,난다더라
날다,난다더라
나다,난다마는
날다,난다마는
나다,난다며
날다,난다며
나다,난다면
날다,난다면
나다,난다면서
날다,난다면서
나다,난다손
날다,난다손
나다,난다오
날다,난다오
나다,난다지
날다,난다지
나다,난단다
날다,난단다
나다,난담
날다,난담
나다,난답니까
날다,난답니까
나다,난답니다
날다,난답니다
나다,난답시고
날다,난답시고
나다,난대
날다,난대
나다,난대요
날다,난대요
나다,날거나
나다,날게
나다,날깝쇼
나다,날라치면
나다,날락
나다,날래
나다,날작시면
나다,날지며
나다,남세
날다,남세
나다,납시다
날다,납시다
나다,납시사
날다,납시사
나다,납시오
날다,납시오
거르다,걸러
거르다,걸러도
거르다,걸러라
겋다,걸러라
거르다,걸러서
거르다,걸러야
거르다,걸러야만
거르다,걸러야지
거르다,걸러요
거르다,걸러지이다
거르다,걸렀
거르다,걸렀었
거르다,걸러다
거르다,걸러다가
끼다,낀걸
끼다,낀들
끼다,낀바
끼다,낀즉
끼다,낀즉슨
끼다,낄
끼다,낄걸
끼다,낄까
끼다,낄는지
끼다,낄라
끼다,낄라고
끼다,낄러니
끼다,낄러라
끼다,낄런고
끼다,낄레
끼다,낄레라
끼다,낄망정
끼다,낄밖에
끼다,낄뿐더러
끼다,낄사
끼다,낄새
끼다,낄세
끼다,낄세라
끼다,낄세말이지
끼다,낄수록
끼다,낄시
끼다,낄쏘냐
끼다,낄쏜가
끼다,낄지
끼다,낄지나
끼다,낄지니
끼다,낄지니라
끼다,낄지라
끼다,낄지라도
끼다,낄지로다
끼다,낄지어다
끼다,낄지언정
끼다,낄진대
끼다,낄진대는
끼다,낄진댄
끼다,낄진저
끼다,낌
끼다,낌에도
끼다,낌에랴
끼다,낍네
끼다,낍늰다
끼다,낍니까
끼다,낍니다
끼다,낍디까
끼다,낍디다
끼다,낍딘다
끼다,낍죠
끼다,낍지요
끼다,껴
끼다,껴도
끼다,껴라
끼다,껴서
끼다,껴야
끼다,껴야만
끼다,껴야지
끼다,껴요
끼다,껴지이다
끼다,꼈
끼다,꼈었
끼다,낀
끼다,낀다
끼다,낀다고
끼다,낀다나
끼다,낀다네
끼다,낀다느니
끼다,낀다니
끼다,낀다니까
끼다,낀다더라
끼다,낀다마는
끼다,낀다며
끼다,낀다면
끼다,낀다면서
끼다,낀다손
끼다,낀다오
끼다,낀다지
끼다,낀단다
끼다,낀담
끼다,낀답니까
끼다,낀답니다
끼다,낀답시고
끼다,낀대
끼다,낀대요
끼다,낄거나
끼다,낄게
끼다,낄깝쇼
끼다,낄라치면
끼다,낄락
끼다,낄래
끼다,낄작시면
끼다,낄지며
끼다,낌세
끼다,낍시다
끼다,낍시사
끼다,낍시오
끼다,껴다
끼다,껴다가
스르다,슬러
스르다,슬러도
스르다,슬러라
스르다,슬러서
스르다,슬러야
스르다,슬러야만
스르다,슬러야지
스르다,슬러요
스르다,슬러지이다
스르다,슬렀
스르다,슬렀었
스르다,슬러다
스르다,슬러다가
우다,운걸
울다,운걸
우다,운들
우다,운바
울다,운바
우다,운즉
울다,운즉
우다,운즉슨
울다,운즉슨
우다,울
울다,울
우다,울걸
우다,울까
우다,울는지
우다,울라
우다,울라고
우다,울러니
우다,울러라
우르다,울러라
우다,울런고
우다,울레
우다,울레라
우다,울망정
우다,울밖에
우다,울뿐더러
우다,울사
우다,울새
우다,울세
우다,울세라
우다,울세말이지
우다,울수록
우다,울시
우다,울쏘냐
우다,울쏜가
우다,울지
우다,울지나
우다,울지니
우다,울지니라
우다,울지라
우다,울지라도
우다,울지로다
우다,울지어다
우다,울지언정
우다,울진대
우다,울진대는
우다,울진댄
우다,울진저
우다,움
울다,움
우다,움에도
울다,움에도
우다,움에랴
울다,움에랴
우다,웁네
울다,웁네
우다,웁늰다
울다,웁늰다
우다,웁니까
울다,웁니까
우다,웁니다
울다,웁니다
우다,웁디까
울다,웁디까
우다,웁디다
울다,웁디다
우다,웁딘다
울다,웁딘다
우다,웁죠
울다,웁죠
우다,웁지요
울다,웁지요
우다,워
우다,워도
우다,워라
우다,워서
우다,워야
우다,워야만
우다,워야지
우다,워요
우다,워지이다
우다,웠
우다,웠었
우다,운
울다,운
우다,운다
우다,운다고
우다,운다나
우다,운다네
우다,운다느니
우다,운다니
우다,운다니까
우다,운다더라
우다,운다마는
울다,운다마는
우다,운다며
우다,운다면
울다,운다면
우다,운다면서
울다,운다면서
우다,운다손
울다,운다손
우다,운다오
울다,운다오
우다,운다지
울다,운다지
우다,운단다
울다,운단다
우다,운담
울다,운담
우다,운답니까
울다,운답니까
우다,운답니다
우다,운답시고
울다,운답시고
우다,운대
울다,운대
우다,운대요
울다,운대요
우다,울거나
우다,울게
우다,울깝쇼
우다,울라치면
우다,울락
우다,울래
우다,울작시면
우다,울지며
우다,움세
울다,움세
우다,웁시다
우다,웁시사
울다,웁시사
우다,웁시오
울다,웁시오
우다,워다
우다,워다가
너다,넌걸
널다,넌걸
너다,넌들
널다,넌들
너다,넌바
널다,넌바
너다,넌즉
널다,넌즉
너다,넌즉슨
널다,넌즉슨
너다,널
널다,널
너다,널걸
너다,널까
너다,널는지
너다,널라
너다,널라고
너다,널러니
너다,널러라
너르다,널러라
너다,널런고
너다,널레
너다,널레라
너다,널망정
너다,널밖에
너다,널뿐더러
너다,널사
너다,널새
너다,널세
너다,널세라
너다,널세말이지
너다,널수록
너다,널시
너다,널쏘냐
너다,널쏜가
너다,널지
너다,널지나
너다,널지니
너다,널지니라
너다,널지라
너다,널지라도
너다,널지로다
너다,널지어다
너다,널지언정
너다,널진대
너다,널진대는
너다,널진댄
너다,널진저
너다,넘
널다,넘
너다,넘에도
널다,넘에도
너다,넘에랴
널다,넘에랴
너다,넙네
널다,넙네
너다,넙늰다
널다,넙늰다
너다,넙니까
널다,넙니까
너다,넙니다
널다,넙니다
너다,넙디까
널다,넙디까
너다,넙디다
널다,넙디다
너다,넙딘다
널다,넙딘다
너다,넙죠
널다,넙죠
너다,넙지요
널다,넙지요
너다,너
느다,너
너다,넜
느다,넜
너다,넜었
느다,넜었
너다,넌
널다,넌
너다,넌다
널다,넌다
너다,넌다고
널다,넌다고
너다,넌다나
널다,넌다나
너다,넌다네
널다,넌다네
너다,넌다느니
널다,넌다느니
너다,넌다니
널다,넌다니
너다,넌다니까
널다,넌다니까
너다,넌다더라
널다,넌다더라
너다,넌다마는
널다,넌다마는
너다,넌다며
널다,넌다며
너다,넌다면
널다,넌다면
너다,넌다면서
널다,넌다면서
너다,넌다손
널다,넌다손
너다,넌다오
널다,넌다오
너다,넌다지
널다,넌다지
너다,넌단다
널다,넌단다
너다,넌담
널다,넌담
너다,넌답니까
널다,넌답니까
너다,넌답니다
널다,넌답니다
너다,넌답시고
널다,넌답시고
너다,넌대
널다,넌대
너다,넌대요
널다,넌대요
너다,널거나
너다,널게
너다,널깝쇼
너다,널라치면
너다,널락
너다,널래
너다,널작시면
너다,널지며
너다,넘세
널다,넘세
너다,넙시다
널다,넙시다
너다,넙시사
널다,넙시사
너다,넙시오
널다,넙시오
니다,닐걸
니다,닐까
니다,닐는지
니다,닐라
니다,닐라고
니다,닐러니
니다,닐러라
니다,닐런고
니다,닐레
니다,닐레라
니다,닐망정
니다,닐밖에
니다,닐뿐더러
니다,닐사
니다,닐새
니다,닐세
니다,닐세라
니다,닐세말이지
니다,닐수록
니다,닐시
니다,닐쏘냐
니다,닐쏜가
니다,닐지
니다,닐지나
니다,닐지니
니다,닐지니라
니다,닐지라
니다,닐지라도
니다,닐지로다
니다,닐지어다
니다,닐지언정
니다,닐진대
니다,닐진대는
니다,닐진댄
니다,닐진저
니다,녀
니다,녀도
니다,녀라
니다,녀서
니다,녀야
니다,녀야만
니다,녀야지
니다,녀요
니다,녀지이다
니다,녔
니다,녔었
니다,닐거나
니다,닐게
니다,닐깝쇼
니다,닐라치면
니다,닐락
니다,닐래
니다,닐작시면
니다,닐지며
니다,녀다
니다,녀다가
뛰다,뛴바
뛰다,뛴즉
뛰다,뛴즉슨
뛰다,뛸
뛰다,뛸레
뛰다,뛸레라
뛰다,뛸사
뛰다,뛸새
뛰다,뛸세
뛰다,뛸세라
뛰다,뛸세말이지
뛰다,뛸시
뛰다,뛸쏘냐
뛰다,뛸쏜가
뛰다,뛸지
뛰다,뛸지나
뛰다,뛸지니
뛰다,뛸지니라
뛰다,뛸지라
뛰다,뛸지로다
뛰다,뛸지어다
뛰다,뛸지언정
뛰다,뛸진대
뛰다,뛸진대는
뛰다,뛸진댄
뛰다,뛸진저
뛰다,뜀
뛰다,뜀에도
뛰다,뜀에랴
뛰다,뜁네
뛰다,뜁늰다
뛰다,뜁니까
뛰다,뜁니다
뛰다,뜁디까
뛰다,뜁디다
뛰다,뜁딘다
뛰다,뜁죠
뛰다,뜁지요
뛰다,뛴
뛰다,뛴다네
뛰다,뛴다더라
뛰다,뛴다마는
뛰다,뛴다손
뛰다,뛴다오
뛰다,뛴다지
뛰다,뛴단다
뛰다,뛴담
뛰다,뛴답니까
뛰다,뛴대요
뛰다,뛸깝쇼
뛰다,뛸라치면
뛰다,뛸락
뛰다,뛸작시면
뛰다,뛸지며
뛰다,뜀세
뛰다,뜁시사
뛰다,뜁시오
네다,넨걸
네다,넨들
네다,넨바
네다,넨즉
네다,넨즉슨
네다,넬
네다,넬걸
네다,넬까
네다,넬는지
네다,넬라
네다,넬라고
네다,넬러니
네다,넬러라
네다,넬런고
네다,넬레
네다,넬레라
네다,넬망정
네다,넬밖에
네다,넬뿐더러
네다,넬사
네다,넬새
네다,넬세
네다,넬세라
네다,넬세말이지
네다,넬수록
네다,넬시
네다,넬쏘냐
네다,넬쏜가
네다,넬지
네다,넬지나
네다,넬지니
네다,넬지니라
네다,넬지라
네다,넬지라도
네다,넬지로다
네다,넬지어다
네다,넬지언정
네다,넬진대
네다,넬진대는
네다,넬진댄
네다,넬진저
네다,넴
네다,넴에도
네다,넴에랴
네다,넵네
네다,넵늰다
네다,넵니까
네다,넵니다
네다,넵디까
네다,넵디다
네다,넵딘다
네다,넵죠
네다,넵지요
네다,넸
네다,넸었
네다,넨
네다,넨다
네다,넨다고
네다,넨다나
네다,넨다네
네다,넨다느니
네다,넨다니
네다,넨다니까
네다,넨다더라
네다,넨다마는
네다,넨다며
네다,넨다면
네다,넨다면서
네다,넨다손
네다,넨다오
네다,넨다지
네다,넨단다
네다,넨담
네다,넨답니까
네다,넨답니다
네다,넨답시고
네다,넨대
네다,넨대요
네다,넬거나
네다,넬게
네다,넬깝쇼
네다,넬라치면
네다,넬락
네다,넬래
네다,넬작시면
네다,넬지며
네다,넴세
네다,넵시다
네다,넵시사
네다,넵시오
몰다,몬걸
모다,몬걸
몰다,몬들
모다,몬들
몰다,몬바
모다,몬바
몰다,몬즉
모다,몬즉
몰다,몬즉슨
모다,몬즉슨
몰다,모나
몰다,모나마
몰다,모니
몰다,모니까
몰다,모니까는
몰다,모니만치
몰다,모니만큼
몰다,몰
모다,몰
몰다,모려거든
몰다,모려고
몰다,모려나
몰다,모려니
몰다,모려니와
몰다,모려면
몰다,모련마는
몰다,모련만
몰다,모렷다
몰다,모리
몰다,모리까
몰다,모리니
몰다,모리니라
몰다,모리다
몰다,모리라
몰다,모리로다
몰다,모리오
몰다,몸
모다,몸
몰다,몸에도
모다,몸에도
몰다,몸에랴
모다,몸에랴
몰다,모매
몰다,모며
몰다,모면
몰다,모면서
몰다,모므로
몰다,몹네
모다,몹네
몰다,몹늰다
모다,몹늰다
몰다,몹니까
모다,몹니까
몰다,몹니다
모다,몹니다
몰다,몹디까
모다,몹디까
몰다,몹디다
모다,몹디다
몰다,몹딘다
모다,몹딘다
몰다,몹죠
모다,몹죠
몰다,몹지요
모다,몹지요
몰다,모세요
몰다,모셔요
몰다,모시
몰다,모시어요
몰다,모락
몰다,모리만치
몰다,모리만큼
몰다,모사
몰다,모소서
몰다,모오
몰다,모오니까
몰다,모오리까
몰다,모오리다
몰다,모오리이까
몰다,모오리이다
몰다,모오이다
몰다,모옵
몰다,모옵나이까
몰다,모옵나이다
몰다,모옵니까
몰다,모옵니다
몰다,모옵디까
몰다,모옵디다
몰다,모옵소서
몰다,모옵시
몰다,모와
몰다,모외다
몰다,몬
모다,몬
몰다,몬다
모다,몬다
몰다,몬다고
모다,몬다고
몰다,몬다나
모다,몬다나
몰다,몬다네
모다,몬다네
몰다,몬다느니
모다,몬다느니
몰다,몬다니
모다,몬다니
몰다,몬다니까
모다,몬다니까
몰다,몬다더라
모다,몬다더라
몰다,몬다마는
모다,몬다마는
몰다,몬다며
모다,몬다며
몰다,몬다면
모다,몬다면
몰다,몬다면서
모다,몬다면서
몰다,몬다손
모다,몬다손
몰다,몬다오
모다,몬다오
몰다,몬다지
모다,몬다지
몰다,몬단다
모다,몬단다
몰다,몬담
모다,몬담
몰다,몬답니까
모다,몬답니까
몰다,몬답니다
모다,몬답니다
몰다,몬답시고
모다,몬답시고
몰다,몬대
모다,몬대
몰다,몬대요
모다,몬대요
몰다,모라고
몰다,모랴
몰다,모러
몰다,모려
몰다,모려든
몰다,모려무나
몰다,모렴
몰다,몸세
모다,몸세
몰다,모마
몰다,몹시다
모다,몹시다
몰다,몹시사
모다,몹시사
몰다,몹시오
모다,몹시오
몰다,모사이다
몰다,모세
몰다,모시라
몰다,모시압
몰다,모십사
몰다,모십시다
몰다,모십시오
차다,찬걸
차다,찬들
차다,찬바
차다,찬즉
차다,찬즉슨
차다,찰
차다,찰걸
차다,찰까
차다,찰는지
차다,찰라
차다,찰라고
차다,찰러니
차다,찰러라
차다,찰런고
차다,찰레
차다,찰레라
차다,찰망정
차다,찰밖에
차다,찰뿐더러
차다,찰사
차다,찰새
차다,찰세
차다,찰세라
차다,찰세말이지
차다,찰수록
차다,찰시
차다,찰쏘냐
차다,찰쏜가
차다,찰지
차다,찰지나
차다,찰지니
차다,찰지니라
차다,찰지라
차다,찰지라도
차다,찰지로다
차다,찰지어다
차다,찰지언정
차다,찰진대
차다,찰진대는
차다,찰진댄
차다,찰진저
차다,참
차다,참에도
차다,참에랴
차다,찹네
차다,찹늰다
차다,찹니까
차다,찹니다
차다,찹디까
차다,찹디다
차다,찹딘다
차다,찹죠
차다,찹지요
차다,차
차다,찼
차다,찼었
차다,찼자
차다,찬
차다,찬다
차다,찬다고
차다,찬다나
차다,찬다네
차다,찬다느니
차다,찬다니
차다,찬다니까
차다,찬다더라
차다,찬다마는
차다,찬다며
차다,찬다면
차다,찬다면서
차다,찬다손
차다,찬다오
차다,찬다지
차다,찬단다
차다,찬담
차다,찬답니까
차다,찬답니다
차다,찬답시고
차다,찬대
차다,찬대요
차다,찰거나
차다,찰게
차다,찰깝쇼
차다,찰라치면
차다,찰락
차다,찰래
차다,찰작시면
차다,찰지며
차다,참세
차다,찹시다
차다,찹시사
차다,찹시오
겋다,건걸
겋다,건들
걸다,건바
걸다,건즉
겋다,건즉
걸다,건즉슨
겋다,건즉슨
걸다,거나마
겋다,거나마
겋다,거니까
걸다,거니까는
겋다,거니까는
걸다,거니만치
겋다,거니만치
걸다,거니만큼
겋다,거니만큼
걸다,거려거든
걸다,거려고
걸다,거려나
걸다,거려니
걸다,거려니와
겋다,거려니와
걸다,거려면
겋다,거려면
걸다,거련마는
겋다,거련마는
걸다,거련만
걸다,거렷다
겋다,거렷다
걸다,거리
겋다,거리
걸다,거리까
겋다,거리까
걸다,거리니
겋다,거리니
걸다,거리니라
겋다,거리니라
걸다,거리다
겋다,거리다
걸다,거리라
겋다,거리라
걸다,거리로다
겋다,거리로다
걸다,거리오
겋다,거리오
걸다,검
겋다,검
걸다,검에도
겋다,검에도
걸다,검에랴
겋다,검에랴
걸다,거매
겋다,거매
겋다,거며
겋다,거면
겋다,거면서
걸다,거므로
겋다,거므로
걸다,겁네
걸다,겁늰다
걸다,겁니까
걸다,겁니다
걸다,겁디까
걸다,겁디다
걸다,겁딘다
걸다,겁죠
걸다,겁지요
겋다,거세요
겋다,거셔요
걸다,거시
겋다,거시
걸다,거시어요
겋다,거시어요
걸다,거락
걸다,거리만치
겋다,거리만치
걸다,거리만큼
겋다,거리만큼
걸다,거사
겋다,거사
걸다,거소서
겋다,거소서
걸다,거오
겋다,거오
걸다,거오니까
겋다,거오니까
걸다,거오리까
겋다,거오리까
걸다,거오리다
겋다,거오리다
걸다,거오리이까
겋다,거오리이까
걸다,거오리이다
겋다,거오리이다
걸다,거오이다
겋다,거오이다
걸다,거옵
겋다,거옵
걸다,거옵나이까
겋다,거옵나이까
걸다,거옵나이다
겋다,거옵나이다
걸다,거옵니까
겋다,거옵니까
걸다,거옵니다
겋다,거옵니다
걸다,거옵디까
겋다,거옵디까
걸다,거옵디다
겋다,거옵디다
걸다,거옵소서
겋다,거옵소서
걸다,거옵시
겋다,거옵시
걸다,거와
겋다,거와
걸다,거외다
걸다,건가
겋다,건가
걸다,건감
겋다,건감
걸다,건고
겋다,건고
걸다,건데
겋다,건데
걸다,건지
겋다,건지
걸다,거냐
겋다,거냐
걸다,거냐고
겋다,거냐고
걸다,거니라
겋다,거니라
걸다,건다마는
걸다,건다손
걸다,건다오
걸다,건다지
걸다,건단다
걸다,건담
걸다,건답니다
걸다,거라고
걸다,거랴
걸다,거러
걸다,거려든
걸다,거려무나
걸다,거렴
걸다,검세
걸다,거마
걸다,겁시사
걸다,겁시오
겋다,겁시오
걸다,거사이다
걸다,거시압
걸다,거십사
지다,진뎁쇼
지다,진가
질다,진가
지다,진감
질다,진감
지다,진고
질다,진고
지다,진데
질다,진데
지다,진지
질다,진지
지다,질시고
메다,멘걸
메다,멘들
메다,멘바
메다,멘즉
메다,멘즉슨
메다,멜
메다,멜걸
메다,멜까
메다,멜는지
메다,멜라
메다,멜라고
메다,멜러니
메다,멜러라
메다,멜런고
메다,멜레
메다,멜레라
메다,멜망정
메다,멜밖에
메다,멜뿐더러
메다,멜사
메다,멜새
메다,멜세
메다,멜세라
메다,멜세말이지
메다,멜수록
메다,멜시
메다,멜쏘냐
메다,멜쏜가
메다,멜지
메다,멜지나
메다,멜지니
메다,멜지니라
메다,멜지라
메다,멜지라도
메다,멜지로다
메다,멜지어다
메다,멜지언정
메다,멜진대
메다,멜진대는
메다,멜진댄
메다,멜진저
메다,멤
메다,멤에도
메다,멤에랴
메다,멥네
메다,멥늰다
메다,멥니까
메다,멥니다
메다,멥디까
메다,멥디다
메다,멥딘다
메다,멥죠
메다,멥지요
메다,메
멓다,메
메다,멨
멓다,멨
메다,멨었
멓다,멨었
메다,멘
메다,멘다
메다,멘다고
메다,멘다나
메다,멘다네
메다,멘다느니
메다,멘다니
메다,멘다니까
메다,멘다더라
메다,멘다마는
메다,멘다며
메다,멘다면
메다,멘다면서
메다,멘다손
메다,멘다오
메다,멘다지
메다,멘단다
메다,멘담
메다,멘답니까
메다,멘답니다
메다,멘답시고
메다,멘대
메다,멘대요
메다,멜거나
메다,멜게
메다,멜깝쇼
메다,멜라치면
메다,멜락
메다,멜래
메다,멜작시면
메다,멜지며
메다,멤세
메다,멥시다
메다,멥시사
메다,멥시오
미다,민걸
미다,민들
미다,민바
밀다,민바
미다,민즉
밀다,민즉
미다,민즉슨
밀다,민즉슨
미다,밀
밀다,밀
미다,밀걸
미다,밀까
미다,밀는지
미다,밀라
미다,밀라고
미다,밀러니
미다,밀러라
미다,밀런고
미다,밀레
미다,밀레라
미다,밀망정
미다,밀밖에
미다,밀뿐더러
미다,밀사
미다,밀새
미다,밀세
미다,밀세라
미다,밀세말이지
미다,밀수록
미다,밀시
미다,밀쏘냐
미다,밀쏜가
미다,밀지
미다,밀지나
미다,밀지니
미다,밀지니라
미다,밀지라
미다,밀지라도
미다,밀지로다
미다,밀지어다
미다,밀지언정
미다,밀진대
미다,밀진대는
미다,밀진댄
미다,밀진저
미다,밈
밀다,밈
미다,밈에도
밀다,밈에도
미다,밈에랴
밀다,밈에랴
미다,밉네
밀다,밉네
미다,밉늰다
밀다,밉늰다
미다,밉니까
밀다,밉니까
미다,밉니다
밀다,밉니다
미다,밉디까
밀다,밉디까
미다,밉디다
밀다,밉디다
미다,밉딘다
밀다,밉딘다
미다,밉죠
밀다,밉죠
미다,밉지요
밀다,밉지요
미다,며도
미다,며라
미다,며서
미다,며야
미다,며야만
미다,며야지
미다,며요
미다,며지이다
미다,몄
미다,몄었
미다,민
미다,민다
미다,민다고
미다,민다나
미다,민다네
미다,민다느니
미다,민다니
미다,민다니까
미다,민다더라
미다,민다마는
밀다,민다마는
미다,민다며
미다,민다면
미다,민다면서
미다,민다손
밀다,민다손
미다,민다오
밀다,민다오
미다,민다지
밀다,민다지
미다,민단다
밀다,민단다
미다,민담
밀다,민담
미다,민답니까
미다,민답니다
미다,민답시고
미다,민대
미다,민대요
미다,밀거나
미다,밀게
미다,밀깝쇼
미다,밀라치면
미다,밀락
미다,밀래
미다,밀작시면
미다,밀지며
미다,밈세
밀다,밈세
미다,밉시다
미다,밉시사
밀다,밉시사
미다,밉시오
밀다,밉시오
미다,며다
미다,며다가
루다,룬걸
루다,룬들
루다,룬바
루다,룬즉
루다,룬즉슨
루다,룰
루다,룰걸
루다,룰까
루다,룰는지
루다,룰라
루다,룰라고
루다,룰러니
루다,룰러라
루다,룰런고
루다,룰레
루다,룰레라
루다,룰망정
루다,룰밖에
루다,룰뿐더러
루다,룰사
루다,룰새
루다,룰세
루다,룰세라
루다,룰세말이지
루다,룰수록
루다,룰시
루다,룰쏘냐
루다,룰쏜가
루다,룰지
루다,룰지나
루다,룰지니
루다,룰지니라
루다,룰지라
루다,룰지라도
루다,룰지로다
루다,룰지어다
루다,룰지언정
루다,룰진대
루다,룰진대는
루다,룰진댄
루다,룰진저
루다,룸
루다,룸에도
루다,룸에랴
루다,룹네
루다,룹늰다
루다,룹니까
루다,룹니다
루다,룹디까
루다,룹디다
루다,룹딘다
루다,룹죠
루다,룹지요
루다,뤄
루다,뤄도
루다,뤄라
루다,뤄서
루다,뤄야
루다,뤄야만
루다,뤄야지
루다,뤄요
루다,뤄지이다
루다,뤘
루다,뤘었
루다,룬
루다,룬다
루다,룬다고
루다,룬다나
루다,룬다네
루다,룬다느니
루다,룬다니
루다,룬다니까
루다,룬다더라
루다,룬다마는
루다,룬다며
루다,룬다면
루다,룬다면서
루다,룬다손
루다,룬다오
루다,룬다지
루다,룬단다
루다,룬담
루다,룬답니까
루다,룬답니다
루다,룬답시고
루다,룬대
루다,룬대요
루다,룰거나
루다,룰게
루다,룰깝쇼
루다,룰라치면
루다,룰락
루다,룰래
루다,룰작시면
루다,룰지며
루다,룸세
루다,룹시다
루다,룹시사
루다,룹시오
루다,뤄다
루다,뤄다가
디다,딘걸
디다,딘들
디다,딘바
디다,딘즉
디다,딘즉슨
디다,딜
디다,딜걸
디다,딜까
디다,딜는지
디다,딜라
디다,딜라고
디다,딜러니
디다,딜러라
디다,딜런고
디다,딜레
디다,딜레라
디다,딜망정
디다,딜밖에
디다,딜뿐더러
디다,딜사
디다,딜새
디다,딜세
디다,딜세라
디다,딜세말이지
디다,딜수록
디다,딜시
디다,딜쏘냐
디다,딜쏜가
디다,딜지
디다,딜지나
디다,딜지니
디다,딜지니라
디다,딜지라
디다,딜지라도
디다,딜지로다
디다,딜지어다
디다,딜지언정
디다,딜진대
디다,딜진대는
디다,딜진댄
디다,딜진저
디다,딤
디다,딤에도
디다,딤에랴
디다,딥네
디다,딥늰다
디다,딥니까
디다,딥니다
디다,딥디까
디다,딥디다
디다,딥딘다
디다,딥죠
디다,딥지요
디다,뎌
디다,뎌도
디다,뎌라
디다,뎌서
디다,뎌야
디다,뎌야만
디다,뎌야지
디다,뎌요
디다,뎌지이다
디다,뎠
디다,뎠었
디다,딘
디다,딘다
디다,딘다고
디다,딘다나
디다,딘다네
디다,딘다느니
디다,딘다니
디다,딘다니까
디다,딘다더라
디다,딘다마는
디다,딘다며
디다,딘다면
디다,딘다면서
디다,딘다손
디다,딘다오
디다,딘다지
디다,딘단다
디다,딘담
디다,딘답니까
디다,딘답니다
디다,딘답시고
디다,딘대
디다,딘대요
디다,딜거나
디다,딜게
디다,딜깝쇼
디다,딜라치면
디다,딜락
디다,딜래
디다,딜작시면
디다,딜지며
디다,딤세
디다,딥시다
디다,딥시사
디다,딥시오
디다,뎌다
디다,뎌다가
겯다,결어
겯다,결어도
겯다,결어라
겯다,결어서
겯다,결어야
겯다,결어야만
겯다,결어야지
겯다,결어요
겯다,결어지이다
겯다,결었
겯다,결었었
겯다,결으나
겯다,결으나마
겯다,결으니
겯다,결으니까
겯다,결으니까는
겯다,결으니만치
겯다,결으니만큼
겯다,결으려니와
겯다,결으려면
겯다,결으련마는
겯다,결으렷다
겯다,결으리
겯다,결으리까
겯다,결으리니
겯다,결으리니라
겯다,결으리다
겯다,결으리라
겯다,결으리로다
겯다,결으리만치
겯다,결으리만큼
겯다,결으리오
겯다,결으매
겯다,결으며
겯다,결으면
겯다,결으면서
겯다,결으므로
겯다,결으사
겯다,결으세요
겯다,결으셔요
겯다,결으소서
겯다,결으시
겯다,결으시어요
겯다,결으오
겯다,결으오니까
겯다,결으오리까
겯다,결으오리다
겯다,결으오리이까
겯다,결으오리이다
겯다,결으오이다
겯다,결으옵
겯다,결으옵나이까
겯다,결으옵나이다
겯다,결으옵니까
겯다,결으옵니다
겯다,결으옵디까
겯다,결으옵디다
겯다,결으옵소서
겯다,결으옵시
겯다,결으와
겯다,결으우
겯다,결은
겯다,결은걸
겯다,결은들
겯다,결은즉
겯다,결은즉슨
겯다,결을
겯다,결을걸
겯다,결을까
겯다,결을는지
겯다,결을라
겯다,결을라고
겯다,결을러니
겯다,결을러라
겯다,결을런가
겯다,결을런고
겯다,결을레
겯다,결을레라
겯다,결을망정
겯다,결을밖에
겯다,결을뿐더러
겯다,결을새
겯다,결을세
겯다,결을세라
겯다,결을세말이지
겯다,결을수록
겯다,결을시
겯다,결을쏘냐
겯다,결을쏜가
겯다,결을지
겯다,결을지나
겯다,결을지니
겯다,결을지니라
겯다,결을지라
겯다,결을지라도
겯다,결을지로다
겯다,결을지며
겯다,결을지어다
겯다,결을지언정
겯다,결을진대
겯다,결을진대는
겯다,결을진저
겯다,결음
겯다,결음에도
겯다,결음에랴
겯다,결읍시오
겯다,결으라
겯다,결으라고
겯다,결으라나
겯다,결으라느니
겯다,결으라니까
겯다,결으라며
겯다,결으라면서
겯다,결으라손
겯다,결으락
겯다,결으란
겯다,결으람
겯다,결으랴
겯다,결으러
겯다,결으려
겯다,결으려거든
겯다,결으려고
겯다,결으려나
겯다,결으려니
겯다,결으려든
겯다,결으려무나
겯다,결으련
겯다,결으렴
겯다,결으렵니까
겯다,결으렵니다
겯다,결으마
겯다,결으사이다
겯다,결으세
겯다,결으시라
겯다,결으시압
겯다,결으십사
겯다,결으십시다
겯다,결으십시오
겯다,결을거나
겯다,결을게
겯다,결을깝쇼
겯다,결을라치면
겯다,결을락
겯다,결을래
겯다,결을작시면
겯다,결음세
겯다,결읍시다
겯다,결읍시사
겯다,결어다
겯다,결어다가
틀다,튼걸
트다,튼걸
틀다,튼들
트다,튼들
틀다,튼바
트다,튼바
틀다,튼즉
트다,튼즉
틀다,튼즉슨
트다,튼즉슨
틀다,트나
틀다,트나마
틀다,트니
틀다,트니까
틀다,트니까는
틀다,트니만치
틀다,트니만큼
틀다,틀
트다,틀
틀다,트려거든
틀다,트려고
틀다,트려나
틀다,트려니
틀다,트려니와
틀다,트려면
틀다,트련마는
틀다,트련만
틀다,트렷다
틀다,트리
틀다,트리까
틀다,트리니
틀다,트리니라
틀다,트리다
틀다,트리라
틀다,트리로다
틀다,트리오
틀다,틈
트다,틈
틀다,틈에도
트다,틈에도
틀다,틈에랴
트다,틈에랴
틀다,트매
틀다,트며
틀다,트면
틀다,트면서
틀다,트므로
틀다,틉네
트다,틉네
틀다,틉늰다
트다,틉늰다
틀다,틉니까
트다,틉니까
틀다,틉니다
트다,틉니다
틀다,틉디까
트다,틉디까
틀다,틉디다
트다,틉디다
틀다,틉딘다
트다,틉딘다
틀다,틉죠
트다,틉죠
틀다,틉지요
트다,틉지요
틀다,트세요
틀다,트셔요
틀다,트시
틀다,트시어요
틀다,트락
틀다,트리만치
틀다,트리만큼
틀다,트사
틀다,트소서
틀다,트오
틀다,트오니까
틀다,트오리까
틀다,트오리다
틀다,트오리이까
틀다,트오리이다
틀다,트오이다
틀다,트옵
틀다,트옵나이까
틀다,트옵나이다
틀다,트옵니까
틀다,트옵니다
틀다,트옵디까
틀다,트옵디다
틀다,트옵소서
틀다,트옵시
틀다,트와
틀다,트외다
틀다,튼
트다,튼
틀다,튼다
트다,튼다
틀다,튼다고
트다,튼다고
틀다,튼다나
트다,튼다나
틀다,튼다네
트다,튼다네
틀다,튼다느니
트다,튼다느니
틀다,튼다니
트다,튼다니
틀다,튼다니까
트다,튼다니까
틀다,튼다더라
트다,튼다더라
틀다,튼다마는
트다,튼다마는
틀다,튼다며
트다,튼다며
틀다,튼다면
트다,튼다면
틀다,튼다면서
트다,튼다면서
틀다,튼다손
트다,튼다손
틀다,튼다오
트다,튼다오
틀다,튼다지
트다,튼다지
틀다,튼단다
트다,튼단다
틀다,튼담
트다,튼담
틀다,튼답니까
트다,튼답니까
틀다,튼답니다
트다,튼답니다
틀다,튼답시고
트다,튼답시고
틀다,튼대
트다,튼대
틀다,튼대요
트다,튼대요
틀다,트라고
틀다,트랴
틀다,트러
틀다,트려
틀다,트려든
틀다,트려무나
틀다,트렴
틀다,틈세
트다,틈세
틀다,트마
틀다,틉시다
트다,틉시다
틀다,틉시사
트다,틉시사
틀다,틉시오
트다,틉시오
틀다,트사이다
틀다,트세
틀다,트시라
틀다,트시압
틀다,트십사
틀다,트십시다
틀다,트십시오
짓다,지어
짓다,지어도
짓다,지어라
짓다,지어서
짓다,지어야
짓다,지어야만
짓다,지어야지
짓다,지어요
짓다,지어지이다
짓다,지었
짓다,지었었
짓다,지으나
짓다,지으나마
짓다,지으니
짓다,지으니까
짓다,지으니까는
짓다,지으니만치
짓다,지으니만큼
짓다,지으려니와
짓다,지으려면
짓다,지으련마는
짓다,지으렷다
짓다,지으리
짓다,지으리까
짓다,지으리니
짓다,지으리니라
짓다,지으리다
짓다,지으리라
짓다,지으리로다
짓다,지으리만치
짓다,지으리만큼
짓다,지으리오
짓다,지으매
짓다,지으며
짓다,지으면
짓다,지으면서
짓다,지으므로
짓다,지으사
짓다,지으세요
짓다,지으셔요
짓다,지으소서
짓다,지으시
짓다,지으시어요
짓다,지으오
짓다,지으오니까
짓다,지으오리까
짓다,지으오리다
짓다,지으오리이까
짓다,지으오리이다
짓다,지으오이다
짓다,지으옵
짓다,지으옵나이까
짓다,지으옵나이다
짓다,지으옵니까
짓다,지으옵니다
짓다,지으옵디까
짓다,지으옵디다
짓다,지으옵소서
짓다,지으옵시
짓다,지으와
짓다,지으우
짓다,지은
짓다,지은걸
짓다,지은들
짓다,지은즉
짓다,지은즉슨
짓다,지을
짓다,지을까
짓다,지을는지
짓다,지을라
짓다,지을라고
짓다,지을러니
짓다,지을러라
짓다,지을런가
짓다,지을런고
짓다,지을레
짓다,지을레라
짓다,지을망정
짓다,지을뿐더러
짓다,지을새
짓다,지을세
짓다,지을세라
짓다,지을세말이지
짓다,지을시
짓다,지을쏘냐
짓다,지을쏜가
짓다,지을지나
짓다,지을지니
짓다,지을지니라
짓다,지을지라
짓다,지을지라도
짓다,지을지로다
짓다,지을지어다
짓다,지을지언정
짓다,지을진대
짓다,지을진대는
짓다,지을진저
짓다,지음에랴
짓다,지으라
짓다,지으라고
짓다,지으라나
짓다,지으라느니
짓다,지으라니까
짓다,지으라며
짓다,지으라면서
짓다,지으라손
짓다,지으락
짓다,지으란
짓다,지으람
짓다,지으랴
짓다,지으려
짓다,지으려거든
짓다,지으려고
짓다,지으려나
짓다,지으려니
짓다,지으려든
짓다,지으려무나
짓다,지으련
짓다,지으렴
짓다,지으렵니까
짓다,지으렵니다
짓다,지으마
짓다,지으사이다
짓다,지으세
짓다,지으시라
짓다,지으시압
짓다,지으십사
짓다,지으십시다
짓다,지으십시오
짓다,지을거나
짓다,지을게
짓다,지을깝쇼
짓다,지을라치면
짓다,지을락
짓다,지을래
짓다,지을작시면
짓다,지음세
짓다,지읍시사
짓다,지어다가
겹다,겨워
겹다,겨워도
겹다,겨워라
겹다,겨워서
겹다,겨워야
겹다,겨워야만
겹다,겨워야지
겹다,겨워요
겹다,겨워지이다
겹다,겨웠
겹다,겨웠었
겹다,겨우나
겹다,겨우나마
겹다,겨우니
겹다,겨우니까
겹다,겨우니까는
겹다,겨우니만치
겹다,겨우니만큼
겹다,겨우려니와
겹다,겨우려면
겹다,겨우련마는
겹다,겨우렷다
겹다,겨우리
겹다,겨우리까
겹다,겨우리니
겹다,겨우리니라
겹다,겨우리다
겹다,겨우리라
겹다,겨우리로다
겹다,겨우리만치
겹다,겨우리만큼
겹다,겨우리오
겹다,겨우매
겹다,겨우며
겹다,겨우면
겹다,겨우면서
겹다,겨우므로
겹다,겨우사
겹다,겨우세요
겹다,겨우셔요
겹다,겨우소서
겹다,겨우시
겹다,겨우시어요
겹다,겨우오
겹다,겨우오니까
겹다,겨우오리까
겹다,겨우오리다
겹다,겨우오리이까
겹다,겨우오리이다
겹다,겨우오이다
겹다,겨우옵
겹다,겨우옵나이까
겹다,겨우옵나이다
겹다,겨우옵니까
겹다,겨우옵니다
겹다,겨우옵디까
겹다,겨우옵디다
겹다,겨우옵소서
겹다,겨우옵시
겹다,겨우와
겹다,겨우우
겹다,겨운
겹다,겨운걸
겹다,겨운들
겹다,겨운즉
겹다,겨운즉슨
겹다,겨울
겹다,겨울걸
겹다,겨울까
겹다,겨울는지
겹다,겨울라
겹다,겨울라고
겹다,겨울러니
겹다,겨울러라
겹다,겨울런가
겹다,겨울런고
겹다,겨울레
겹다,겨울레라
겹다,겨울망정
겹다,겨울밖에
겹다,겨울뿐더러
겹다,겨울새
겹다,겨울세
겹다,겨울세라
겹다,겨울세말이지
겹다,겨울수록
겹다,겨울시
겹다,겨울쏘냐
겹다,겨울쏜가
겹다,겨울지
겹다,겨울지나
겹다,겨울지니
겹다,겨울지니라
겹다,겨울지라
겹다,겨울지라도
겹다,겨울지로다
겹다,겨울지며
겹다,겨울지어다
겹다,겨울지언정
겹다,겨울진대
겹다,겨울진대는
겹다,겨울진저
겹다,겨움
겹다,겨움에도
겹다,겨움에랴
겹다,겨웁시오
겹다,겨우냐
겹다,겨우냐고
겹다,겨우뇨
겹다,겨우니라
겹다,겨우이
겹다,겨운가
겹다,겨운감
겹다,겨운고
겹다,겨운데
겹다,겨운뎁쇼
겹다,겨운지
겹다,겨울데라니
겹다,겨울시고
시다,신뎁쇼
시다,신가
시다,신감
시다,신고
시다,신데
시다,신지
시다,실시고
고다,곤걸
골다,곤걸
고다,곤들
골다,곤들
고다,곤바
골다,곤바
고다,곤즉
골다,곤즉
고다,곤즉슨
골다,곤즉슨
고다,골
골다,골
고다,골걸
고다,골까
고다,골는지
고다,골라
고르다,골라
고다,골라고
고다,골러니
고다,골러라
고다,골런고
고다,골레
고다,골레라
고다,골망정
고다,골밖에
고다,골뿐더러
고다,골사
고다,골새
고다,골세
고다,골세라
고다,골세말이지
고다,골수록
고다,골시
고다,골쏘냐
고다,골쏜가
고다,골지
고다,골지나
고다,골지니
고다,골지니라
고다,골지라
고다,골지라도
고다,골지로다
고다,골지어다
고다,골지언정
고다,골진대
고다,골진대는
고다,골진댄
고다,골진저
고다,곰
골다,곰
고다,곰에도
골다,곰에도
고다,곰에랴
골다,곰에랴
고다,곱네
골다,곱네
고다,곱늰다
골다,곱늰다
고다,곱니까
골다,곱니까
고다,곱니다
골다,곱니다
고다,곱디까
골다,곱디까
고다,곱디다
골다,곱디다
고다,곱딘다
골다,곱딘다
고다,곱죠
골다,곱죠
고다,곱지요
골다,곱지요
고다,과
고다,과도
고다,과라
고다,과서
고다,과야
고다,과야만
고다,과야지
고다,과요
고다,과지이다
고다,괐
고다,괐었
고다,괐자
고다,곤다
골다,곤다
고다,곤다고
골다,곤다고
고다,곤다나
골다,곤다나
고다,곤다네
골다,곤다네
고다,곤다느니
골다,곤다느니
고다,곤다니
골다,곤다니
고다,곤다니까
골다,곤다니까
고다,곤다더라
골다,곤다더라
고다,곤다마는
골다,곤다마는
고다,곤다며
골다,곤다며
고다,곤다면
골다,곤다면
고다,곤다면서
골다,곤다면서
고다,곤다손
골다,곤다손
고다,곤다오
골다,곤다오
고다,곤다지
골다,곤다지
고다,곤단다
골다,곤단다
고다,곤담
골다,곤담
고다,곤답니까
골다,곤답니까
고다,곤답니다
골다,곤답니다
고다,곤답시고
골다,곤답시고
고다,곤대
골다,곤대
고다,곤대요
골다,곤대요
고다,골거나
고다,골게
고다,골깝쇼
고다,골라치면
고다,골락
고다,골래
고다,골작시면
고다,골지며
고다,곰세
골다,곰세
고다,곱시다
골다,곱시다
고다,곱시사
골다,곱시사
고다,곱시오
골다,곱시오
고다,과다
고다,과다가
러다,런걸
렇다,런걸
러다,런들
렇다,런들
다,런들
러다,런바
러다,런즉
렇다,런즉
러다,런즉슨
렇다,런즉슨
러다,럴
렇다,럴
러다,럴걸
렇다,럴걸
러다,럴까
렇다,럴까
러다,럴는지
렇다,럴는지
러다,럴라
렇다,럴라
러다,럴라고
렇다,럴라고
러다,럴러니
렇다,럴러니
러다,럴러라
렇다,럴러라
러다,럴런고
렇다,럴런고
러다,럴레
렇다,럴레
러다,럴레라
렇다,럴레라
러다,럴망정
렇다,럴망정
러다,럴밖에
렇다,럴밖에
러다,럴뿐더러
렇다,럴뿐더러
러다,럴사
러다,럴새
렇다,럴새
러다,럴세
렇다,럴세
러다,럴세라
렇다,럴세라
러다,럴세말이지
렇다,럴세말이지
러다,럴수록
렇다,럴수록
러다,럴시
렇다,럴시
러다,럴쏘냐
렇다,럴쏘냐
러다,럴쏜가
렇다,럴쏜가
러다,럴지
렇다,럴지
러다,럴지나
렇다,럴지나
러다,럴지니
렇다,럴지니
러다,럴지니라
렇다,럴지니라
러다,럴지라
렇다,럴지라
러다,럴지라도
렇다,럴지라도
러다,럴지로다
렇다,럴지로다
러다,럴지어다
렇다,럴지어다
러다,럴지언정
렇다,럴지언정
러다,럴진대
렇다,럴진대
러다,럴진대는
렇다,럴진대는
러다,럴진댄
러다,럴진저
렇다,럴진저
러다,럼
렇다,럼
러다,럼에도
렇다,럼에도
러다,럼에랴
렇다,럼에랴
러다,럽네
러다,럽늰다
러다,럽니까
러다,럽니다
러다,럽디까
러다,럽디다
러다,럽딘다
러다,럽죠
러다,럽지요
러다,래도
렇다,래도
랗다,래도
러다,래라
렇다,래라
랗다,래라
러다,래서
렇다,래서
랗다,래서
러다,래야
렇다,래야
랗다,래야
러다,래야만
렇다,래야만
랗다,래야만
러다,래야지
렇다,래야지
랗다,래야지
러다,래요
렇다,래요
다,래요
랗다,래요
러다,래지이다
렇다,래지이다
랗다,래지이다
러다,랬
렇다,랬
래다,랬
랗다,랬
러다,랬었
렇다,랬었
래다,랬었
랗다,랬었
러다,런
렇다,런
러다,런다
러다,런다고
러다,런다나
러다,런다네
러다,런다느니
러다,런다니
러다,런다니까
러다,런다더라
러다,런다마는
러다,런다며
러다,런다면
러다,런다면서
러다,런다손
러다,런다오
러다,런다지
러다,런단다
러다,런담
러다,런답니까
러다,런답니다
러다,런답시고
러다,런대
러다,런대요
러다,럴거나
러다,럴게
러다,럴깝쇼
러다,럴라치면
러다,럴락
러다,럴래
러다,럴작시면
러다,럴지며
렇다,럴지며
러다,럼세
러다,럽시다
러다,럽시사
러다,럽시오
렇다,럽시오
러다,런가
렇다,런가
다,런가
러다,런감
렇다,런감
러다,런데
렇다,런데
러다,런지
렇다,런지
러다,럴시고
렇다,럴시고
고르다,골라다
고르다,골라다가
고르다,골라도
고르다,골라라
고르다,골라서
고르다,골라야
고르다,골라야만
고르다,골라야지
고르다,골라요
고르다,골라지이다
고르다,골랐
고르다,골랐었
르다,른뎁쇼
르다,른가
르다,른감
르다,른고
르다,른데
르다,른지
르다,를시고
맙다,마워
맙다,마워도
맙다,마워라
맙다,마워서
맙다,마워야
맙다,마워야만
맙다,마워야지
맙다,마워요
맙다,마워지이다
맙다,마웠
맙다,마웠었
맙다,마우나
맙다,마우나마
맙다,마우니
맙다,마우니까
맙다,마우니까는
맙다,마우니만치
맙다,마우니만큼
맙다,마우려니와
맙다,마우려면
맙다,마우련마는
맙다,마우렷다
맙다,마우리
맙다,마우리까
맙다,마우리니
맙다,마우리니라
맙다,마우리다
맙다,마우리라
맙다,마우리로다
맙다,마우리만치
맙다,마우리만큼
맙다,마우리오
맙다,마우매
맙다,마우며
맙다,마우면
맙다,마우면서
맙다,마우므로
맙다,마우사
맙다,마우세요
맙다,마우셔요
맙다,마우소서
맙다,마우시
맙다,마우시어요
맙다,마우오
맙다,마우오니까
맙다,마우오리까
맙다,마우오리다
맙다,마우오리이까
맙다,마우오리이다
맙다,마우오이다
맙다,마우옵
맙다,마우옵나이까
맙다,마우옵나이다
맙다,마우옵니까
맙다,마우옵니다
맙다,마우옵디까
맙다,마우옵디다
맙다,마우옵소서
맙다,마우옵시
맙다,마우와
맙다,마우우
맙다,마운
맙다,마운걸
맙다,마운들
맙다,마운즉
맙다,마운즉슨
맙다,마울
맙다,마울걸
맙다,마울까
맙다,마울는지
맙다,마울라
맙다,마울라고
맙다,마울러니
맙다,마울러라
맙다,마울런가
맙다,마울런고
맙다,마울레
맙다,마울레라
맙다,마울망정
맙다,마울밖에
맙다,마울뿐더러
맙다,마울새
맙다,마울세
맙다,마울세라
맙다,마울세말이지
맙다,마울수록
맙다,마울시
맙다,마울쏘냐
맙다,마울쏜가
맙다,마울지
맙다,마울지나
맙다,마울지니
맙다,마울지니라
맙다,마울지라
맙다,마울지라도
맙다,마울지로다
맙다,마울지며
맙다,마울지어다
맙다,마울지언정
맙다,마울진대
맙다,마울진대는
맙다,마울진저
맙다,마움
맙다,마움에도
맙다,마움에랴
맙다,마웁시오
맙다,마우냐
맙다,마우냐고
맙다,마우뇨
맙다,마우니라
맙다,마우이
맙다,마운가
맙다,마운감
맙다,마운고
맙다,마운데
맙다,마운뎁쇼
맙다,마운지
맙다,마울데라니
맙다,마울시고
듣다,들어
듣다,들어도
듣다,들어라
듣다,들어서
듣다,들어야
듣다,들어야만
듣다,들어야지
듣다,들어요
듣다,들어지이다
듣다,들었
듣다,들었었
듣다,들으나
듣다,들으나마
듣다,들으니
듣다,들으니까
듣다,들으니까는
듣다,들으니만치
듣다,들으니만큼
듣다,들으려니와
듣다,들으려면
듣다,들으련마는
듣다,들으렷다
듣다,들으리
듣다,들으리까
듣다,들으리니
듣다,들으리니라
듣다,들으리다
듣다,들으리라
듣다,들으리로다
듣다,들으리만치
듣다,들으리만큼
듣다,들으리오
듣다,들으매
듣다,들으며
듣다,들으면
듣다,들으면서
듣다,들으므로
듣다,들으사
듣다,들으세요
듣다,들으셔요
듣다,들으소서
듣다,들으시
듣다,들으시어요
듣다,들으오
듣다,들으오니까
듣다,들으오리까
듣다,들으오리다
듣다,들으오리이까
듣다,들으오리이다
듣다,들으오이다
듣다,들으옵
듣다,들으옵나이까
듣다,들으옵나이다
듣다,들으옵니까
듣다,들으옵니다
듣다,들으옵디까
듣다,들으옵디다
듣다,들으옵소서
듣다,들으옵시
듣다,들으와
듣다,들으우
듣다,들은
듣다,들은걸
듣다,들은들
듣다,들은즉
듣다,들은즉슨
듣다,들을
듣다,들을까
듣다,들을는지
듣다,들을라
듣다,들을라고
듣다,들을러니
듣다,들을러라
듣다,들을런가
듣다,들을런고
듣다,들을레
듣다,들을레라
듣다,들을망정
듣다,들을뿐더러
듣다,들을새
듣다,들을세
듣다,들을세라
듣다,들을세말이지
듣다,들을시
듣다,들을쏘냐
듣다,들을쏜가
듣다,들을지나
듣다,들을지니
듣다,들을지니라
듣다,들을지라
듣다,들을지라도
듣다,들을지로다
듣다,들을지어다
듣다,들을지언정
듣다,들을진대
듣다,들을진대는
듣다,들을진저
듣다,들음
듣다,들음에랴
듣다,들으라
듣다,들으라고
듣다,들으라나
듣다,들으라느니
듣다,들으라니까
듣다,들으라며
듣다,들으라면서
듣다,들으라손
듣다,들으락
듣다,들으란
듣다,들으람
듣다,들으랴
듣다,들으려
듣다,들으려거든
듣다,들으려고
듣다,들으려나
듣다,들으려니
듣다,들으려든
듣다,들으려무나
듣다,들으련
듣다,들으렴
듣다,들으렵니까
듣다,들으렵니다
듣다,들으마
듣다,들으사이다
듣다,들으세
듣다,들으시라
듣다,들으시압
듣다,들으십사
듣다,들으십시다
듣다,들으십시오
듣다,들을거나
듣다,들을게
듣다,들을깝쇼
듣다,들을라치면
듣다,들을락
듣다,들을래
듣다,들을작시면
듣다,들음세
듣다,들읍시사
듣다,들어다
듣다,들어다가
골다,고나
골다,고나마
골다,고니
골다,고니까
골다,고니까는
골다,고니만치
골다,고니만큼
골다,고려거든
골다,고려고
골다,고려나
골다,고려니
골다,고려니와
골다,고려면
골다,고련마는
골다,고련만
골다,고렷다
골다,고리
골다,고리까
골다,고리니
골다,고리니라
골다,고리다
골다,고리라
골다,고리로다
골다,고리오
골다,고매
골다,고며
골다,고면
골다,고면서
골다,고므로
골다,고세요
골다,고셔요
골다,고시
골다,고시어요
골다,고락
골다,고리만치
골다,고리만큼
골다,고사
골다,고소서
골다,고오
골다,고오니까
골다,고오리까
골다,고오리다
골다,고오리이까
골다,고오리이다
골다,고오이다
골다,고옵
골다,고옵나이까
골다,고옵나이다
골다,고옵니까
골다,고옵니다
골다,고옵디까
골다,고옵디다
골다,고옵소서
골다,고옵시
골다,고와
곱다,고와
골다,고외다
골다,고라고
골다,고랴
골다,고러
골다,고려
골다,고려든
골다,고려무나
골다,고렴
골다,고마
골다,고사이다
골다,고세
골다,고시라
골다,고시압
골다,고십사
골다,고십시다
골다,고십시오
곱다,고와도
곱다,고와라
곱다,고와서
곱다,고와야
곱다,고와야만
곱다,고와야지
곱다,고와요
곱다,고와지이다
곱다,고왔
곱다,고왔었
곱다,고왔자
곱다,고우나
곱다,고우나마
곱다,고우니
곱다,고우니까
곱다,고우니까는
곱다,고우니만치
곱다,고우니만큼
곱다,고우려니와
곱다,고우려면
곱다,고우련마는
곱다,고우렷다
곱다,고우리
곱다,고우리까
곱다,고우리니
곱다,고우리니라
곱다,고우리다
곱다,고우리라
곱다,고우리로다
곱다,고우리만치
곱다,고우리만큼
곱다,고우리오
곱다,고우매
곱다,고우며
곱다,고우면
곱다,고우면서
곱다,고우므로
곱다,고우사
곱다,고우세요
곱다,고우셔요
곱다,고우소서
곱다,고우시
곱다,고우시어요
곱다,고우오
곱다,고우오니까
곱다,고우오리까
곱다,고우오리다
곱다,고우오리이까
곱다,고우오리이다
곱다,고우오이다
곱다,고우옵
곱다,고우옵나이까
곱다,고우옵나이다
곱다,고우옵니까
곱다,고우옵니다
곱다,고우옵디까
곱다,고우옵디다
곱다,고우옵소서
곱다,고우옵시
곱다,고우와
곱다,고우우
곱다,고운
곱다,고운걸
곱다,고운들
곱다,고운즉
곱다,고운즉슨
곱다,고울
곱다,고울걸
곱다,고울까
곱다,고울는지
곱다,고울라
곱다,고울라고
곱다,고울러니
곱다,고울러라
곱다,고울런가
곱다,고울런고
곱다,고울레
곱다,고울레라
곱다,고울망정
곱다,고울밖에
곱다,고울뿐더러
곱다,고울새
곱다,고울세
곱다,고울세라
곱다,고울세말이지
곱다,고울수록
곱다,고울시
곱다,고울쏘냐
곱다,고울쏜가
곱다,고울지
곱다,고울지나
곱다,고울지니
곱다,고울지니라
곱다,고울지라
곱다,고울지라도
곱다,고울지로다
곱다,고울지며
곱다,고울지어다
곱다,고울지언정
곱다,고울진대
곱다,고울진대는
곱다,고울진저
곱다,고움
곱다,고움에도
곱다,고움에랴
곱다,고웁시오
곱다,고우냐
곱다,고우냐고
곱다,고우뇨
곱다,고우니라
곱다,고우이
곱다,고운가
곱다,고운감
곱다,고운고
곱다,고운데
곱다,고운뎁쇼
곱다,고운지
곱다,고울데라니
곱다,고울시고
그르다,글러
그르다,글러도
그르다,글러라
그다,글러라
그르다,글러서
그르다,글러야
그르다,글러야만
그르다,글러야지
그르다,글러요
그르다,글러지이다
그르다,글렀
그르다,글렀었
그르다,글러다
그르다,글러다가
괴다,괸걸
괴다,괸들
괴다,괸바
괴다,괸즉
괴다,괸즉슨
괴다,괼
괴다,괼걸
괴다,괼까
괴다,괼는지
괴다,괼라
괴다,괼라고
괴다,괼러니
괴다,괼러라
괴다,괼런고
괴다,괼레
괴다,괼레라
괴다,괼망정
괴다,괼밖에
괴다,괼뿐더러
괴다,괼사
괴다,괼새
괴다,괼세
괴다,괼세라
괴다,괼세말이지
괴다,괼수록
괴다,괼시
괴다,괼쏘냐
괴다,괼쏜가
괴다,괼지
괴다,괼지나
괴다,괼지니
괴다,괼지니라
괴다,괼지라
괴다,괼지라도
괴다,괼지로다
괴다,괼지어다
괴다,괼지언정
괴다,괼진대
괴다,괼진대는
괴다,괼진댄
괴다,괼진저
괴다,굄
괴다,굄에도
괴다,굄에랴
괴다,굅네
괴다,굅늰다
괴다,굅니까
괴다,굅니다
괴다,굅디까
괴다,굅디다
괴다,굅딘다
괴다,굅죠
괴다,굅지요
괴다,괘
괴다,괘도
괴다,괘라
괴다,괘서
괴다,괘야
괴다,괘야만
괴다,괘야지
괴다,괘요
괴다,괘지이다
괴다,괬
괴다,괬었
괴다,괸
괴다,괸다
괴다,괸다고
괴다,괸다나
괴다,괸다네
괴다,괸다느니
괴다,괸다니
괴다,괸다니까
괴다,괸다더라
괴다,괸다마는
괴다,괸다며
괴다,괸다면
괴다,괸다면서
괴다,괸다손
괴다,괸다오
괴다,괸다지
괴다,괸단다
괴다,괸담
괴다,괸답니까
괴다,괸답니다
괴다,괸답시고
괴다,괸대
괴다,괸대요
괴다,괼거나
괴다,괼게
괴다,괼깝쇼
괴다,괼라치면
괴다,괼락
괴다,괼래
괴다,괼작시면
괴다,괼지며
괴다,굄세
괴다,굅시다
괴다,굅시사
괴다,굅시오
괴다,괘다
괴다,괘다가
오르다,올라다
오르다,올라다가
지르다,질라다
지르다,질라다가
구르다,굴러
구르다,굴러도
구르다,굴러라
구다,굴러라
구르다,굴러서
구르다,굴러야
구르다,굴러야만
구르다,굴러야지
구르다,굴러요
구르다,굴러지이다
구르다,굴렀
구르다,굴렀었
구르다,굴러다
구르다,굴러다가
굴다,군걸
구다,군걸
굴다,군들
구다,군들
굴다,군바
구다,군바
굴다,군즉
구다,군즉
굴다,군즉슨
구다,군즉슨
굴다,구나마
굴다,구니
굴다,구니까
굴다,구니까는
굴다,구니만치
굴다,구니만큼
굴다,굴
구다,굴
굴다,구려거든
굴다,구려고
굴다,구려나
굴다,구려니
굴다,구려니와
굴다,구려면
굴다,구련마는
굴다,구련만
굴다,구렷다
굴다,구리
굴다,구리까
굴다,구리니
굴다,구리니라
굴다,구리다
굴다,구리라
굴다,구리로다
굴다,구리오
굴다,굼
구다,굼
굴다,굼에도
구다,굼에도
굴다,굼에랴
구다,굼에랴
굴다,구매
굴다,구며
굴다,구면
굴다,구면서
굴다,구므로
굴다,굽네
구다,굽네
굴다,굽늰다
구다,굽늰다
굴다,굽니까
구다,굽니까
굴다,굽니다
구다,굽니다
굴다,굽디까
구다,굽디까
굴다,굽디다
구다,굽디다
굴다,굽딘다
구다,굽딘다
굴다,굽죠
구다,굽죠
굴다,굽지요
구다,굽지요
굴다,구세요
굴다,구셔요
굴다,구시
굴다,구시어요
굴다,구락
굴다,구리만치
굴다,구리만큼
굴다,구사
굴다,구소서
굴다,구오
굴다,구오니까
굴다,구오리까
굴다,구오리다
굴다,구오리이까
굴다,구오리이다
굴다,구오이다
굴다,구옵
굴다,구옵나이까
굴다,구옵나이다
굴다,구옵니까
굴다,구옵니다
굴다,구옵디까
굴다,구옵디다
굴다,구옵소서
굴다,구옵시
굴다,구와
굴다,구외다
굴다,군다
구다,군다
굴다,군다고
구다,군다고
굴다,군다나
구다,군다나
굴다,군다네
구다,군다네
굴다,군다느니
구다,군다느니
굴다,군다니
구다,군다니
굴다,군다니까
구다,군다니까
굴다,군다더라
구다,군다더라
굴다,군다마는
구다,군다마는
굴다,군다며
구다,군다며
굴다,군다면
구다,군다면
굴다,군다면서
구다,군다면서
굴다,군다손
구다,군다손
굴다,군다오
구다,군다오
굴다,군다지
구다,군다지
굴다,군단다
구다,군단다
굴다,군담
구다,군담
굴다,군답니까
구다,군답니까
굴다,군답니다
구다,군답니다
굴다,군답시고
구다,군답시고
굴다,군대
구다,군대
굴다,군대요
구다,군대요
굴다,구라고
굴다,구랴
굴다,구러
굴다,구려든
굴다,구려무나
굴다,구렴
굴다,굼세
구다,굼세
굴다,구마
굴다,굽시다
구다,굽시다
굴다,굽시사
구다,굽시사
굴다,굽시오
구다,굽시오
굴다,구사이다
굴다,구세
굴다,구시라
굴다,구시압
굴다,구십사
굴다,구십시다
굴다,구십시오
굽다,구워
굽다,구워도
굽다,구워라
굽다,구워서
굽다,구워야
굽다,구워야만
굽다,구워야지
굽다,구워요
굽다,구워지이다
굽다,구웠
굽다,구웠었
굽다,구우나
굽다,구우나마
굽다,구우니
굽다,구우니까
굽다,구우니까는
굽다,구우니만치
굽다,구우니만큼
굽다,구우려니와
굽다,구우려면
굽다,구우련마는
굽다,구우렷다
굽다,구우리
굽다,구우리까
굽다,구우리니
굽다,구우리니라
굽다,구우리다
굽다,구우리라
굽다,구우리로다
굽다,구우리만치
굽다,구우리만큼
굽다,구우리오
굽다,구우매
굽다,구우며
굽다,구우면
굽다,구우면서
굽다,구우므로
굽다,구우사
굽다,구우세요
굽다,구우셔요
굽다,구우소서
굽다,구우시
굽다,구우시어요
굽다,구우오
굽다,구우오니까
굽다,구우오리까
굽다,구우오리다
굽다,구우오리이까
굽다,구우오리이다
굽다,구우오이다
굽다,구우옵
굽다,구우옵나이까
굽다,구우옵나이다
굽다,구우옵니까
굽다,구우옵니다
굽다,구우옵디까
굽다,구우옵디다
굽다,구우옵소서
굽다,구우옵시
굽다,구우와
굽다,구우우
굽다,구운
굽다,구운걸
굽다,구운들
굽다,구운즉
굽다,구운즉슨
굽다,구울
굽다,구울까
굽다,구울는지
굽다,구울라
굽다,구울라고
굽다,구울러니
굽다,구울러라
굽다,구울런가
굽다,구울런고
굽다,구울레
굽다,구울레라
굽다,구울망정
굽다,구울뿐더러
굽다,구울새
굽다,구울세
굽다,구울세라
굽다,구울세말이지
굽다,구울시
굽다,구울쏘냐
굽다,구울쏜가
굽다,구울지나
굽다,구울지니
굽다,구울지니라
굽다,구울지라
굽다,구울지라도
굽다,구울지로다
굽다,구울지어다
굽다,구울지언정
굽다,구울진대
굽다,구울진대는
굽다,구울진저
굽다,구움에랴
굽다,구우라
굽다,구우라고
굽다,구우라나
굽다,구우라느니
굽다,구우라니까
굽다,구우라며
굽다,구우라면서
굽다,구우라손
굽다,구우락
굽다,구우란
굽다,구우람
굽다,구우랴
굽다,구우려
굽다,구우려거든
굽다,구우려고
굽다,구우려나
굽다,구우려니
굽다,구우려든
굽다,구우려무나
굽다,구우련
굽다,구우렴
굽다,구우렵니까
굽다,구우렵니다
굽다,구우마
굽다,구우사이다
굽다,구우세
굽다,구우시라
굽다,구우시압
굽다,구우십사
굽다,구우십시다
굽다,구우십시오
굽다,구울거나
굽다,구울게
굽다,구울깝쇼
굽다,구울라치면
굽다,구울락
굽다,구울래
굽다,구울작시면
굽다,구움세
굽다,구웁시사
굽다,구워다
굽다,구워다가
죄다,죈걸
죄다,죈들
죄다,죈바
죄다,죈즉
죄다,죈즉슨
죄다,죌
죄다,죌걸
죄다,죌까
죄다,죌는지
죄다,죌라
죄다,죌라고
죄다,죌러니
죄다,죌러라
죄다,죌런고
죄다,죌레
죄다,죌레라
죄다,죌망정
죄다,죌밖에
죄다,죌뿐더러
죄다,죌사
죄다,죌새
죄다,죌세
죄다,죌세라
죄다,죌세말이지
죄다,죌수록
죄다,죌시
죄다,죌쏘냐
죄다,죌쏜가
죄다,죌지
죄다,죌지나
죄다,죌지니
죄다,죌지니라
죄다,죌지라
죄다,죌지라도
죄다,죌지로다
죄다,죌지어다
죄다,죌지언정
죄다,죌진대
죄다,죌진대는
죄다,죌진댄
죄다,죌진저
죄다,죔
죄다,죔에도
죄다,죔에랴
죄다,죕네
죄다,죕늰다
죄다,죕니까
죄다,죕니다
죄다,죕디까
죄다,죕디다
죄다,죕딘다
죄다,죕죠
죄다,죕지요
죄다,좨
죄다,좨도
죄다,좨라
죄다,좨서
죄다,좨야
죄다,좨야만
죄다,좨야지
죄다,좨요
죄다,좨지이다
죄다,좼
죄다,좼었
죄다,죈
죄다,죈다
죄다,죈다고
죄다,죈다나
죄다,죈다네
죄다,죈다느니
죄다,죈다니
죄다,죈다니까
죄다,죈다더라
죄다,죈다마는
죄다,죈다며
죄다,죈다면
죄다,죈다면서
죄다,죈다손
죄다,죈다오
죄다,죈다지
죄다,죈단다
죄다,죈담
죄다,죈답니까
죄다,죈답니다
죄다,죈답시고
죄다,죈대
죄다,죈대요
죄다,죌거나
죄다,죌게
죄다,죌깝쇼
죄다,죌라치면
죄다,죌락
죄다,죌래
죄다,죌작시면
죄다,죌지며
죄다,죔세
죄다,죕시다
죄다,죕시사
죄다,죕시오
죄다,좨다
죄다,좨다가
떨다,떤걸
떻다,떤걸
떨다,떤들
떻다,떤들
떨다,떤바
떨다,떤즉
떻다,떤즉
떨다,떤즉슨
떻다,떤즉슨
떨다,떠나
떻다,떠나
떨다,떠나마
떻다,떠나마
떨다,떠니
떻다,떠니
떨다,떠니까
떻다,떠니까
떨다,떠니까는
떻다,떠니까는
떨다,떠니만치
떻다,떠니만치
떨다,떠니만큼
떻다,떠니만큼
떨다,떨
떻다,떨
떨다,떠려거든
떨다,떠려고
떨다,떠려나
떨다,떠려니
떨다,떠려니와
떻다,떠려니와
떨다,떠려면
떻다,떠려면
떨다,떠련마는
떻다,떠련마는
떨다,떠련만
떨다,떠렷다
떻다,떠렷다
떨다,떠리
떻다,떠리
떨다,떠리까
떻다,떠리까
떨다,떠리니
떻다,떠리니
떨다,떠리니라
떻다,떠리니라
떨다,떠리다
떻다,떠리다
떨다,떠리라
떻다,떠리라
떨다,떠리로다
떻다,떠리로다
떨다,떠리오
떻다,떠리오
떨다,떰
떻다,떰
떨다,떰에도
떻다,떰에도
떨다,떰에랴
떻다,떰에랴
떨다,떠매
떻다,떠매
떨다,떠며
떻다,떠며
떨다,떠면
떻다,떠면
떨다,떠면서
떻다,떠면서
떨다,떠므로
떻다,떠므로
떨다,떱네
떨다,떱늰다
떨다,떱니까
떨다,떱니다
떨다,떱디까
떨다,떱디다
떨다,떱딘다
떨다,떱죠
떨다,떱지요
떨다,떠세요
떻다,떠세요
떨다,떠셔요
떻다,떠셔요
떨다,떠시
떻다,떠시
떨다,떠시어요
떻다,떠시어요
떨다,떠락
떨다,떠리만치
떻다,떠리만치
떨다,떠리만큼
떻다,떠리만큼
떨다,떠사
떻다,떠사
떨다,떠소서
떻다,떠소서
떨다,떠오
떻다,떠오
떨다,떠오니까
떻다,떠오니까
떨다,떠오리까
떻다,떠오리까
떨다,떠오리다
떻다,떠오리다
떨다,떠오리이까
떻다,떠오리이까
떨다,떠오리이다
떻다,떠오리이다
떨다,떠오이다
떻다,떠오이다
떨다,떠옵
떻다,떠옵
떨다,떠옵나이까
떻다,떠옵나이까
떨다,떠옵나이다
떻다,떠옵나이다
떨다,떠옵니까
떻다,떠옵니까
떨다,떠옵니다
떻다,떠옵니다
떨다,떠옵디까
떻다,떠옵디까
떨다,떠옵디다
떻다,떠옵디다
떨다,떠옵소서
떻다,떠옵소서
떨다,떠옵시
떻다,떠옵시
떨다,떠와
떻다,떠와
떨다,떠외다
떨다,떤
떻다,떤
떨다,떤다
떨다,떤다고
떨다,떤다나
떨다,떤다네
떨다,떤다느니
떨다,떤다니
떨다,떤다니까
떨다,떤다더라
떨다,떤다마는
떨다,떤다며
떨다,떤다면
떨다,떤다면서
떨다,떤다손
떨다,떤다오
떨다,떤다지
떨다,떤단다
떨다,떤담
떨다,떤답니까
떨다,떤답니다
떨다,떤답시고
떨다,떤대
떨다,떤대요
떨다,떠라고
떨다,떠랴
떨다,떠러
떨다,떠려
떨다,떠려든
떨다,떠려무나
떨다,떠렴
떨다,떰세
떨다,떠마
떨다,떱시다
떨다,떱시사
떨다,떱시오
떻다,떱시오
떨다,떠사이다
떨다,떠세
떨다,떠시라
떨다,떠시압
떨다,떠십사
떨다,떠십시다
떨다,떠십시오
으다,은바
을다,은바
으다,을사
으다,을진댄
으다,읍네
을다,읍네
으다,읍늰다
을다,읍늰다
으다,읍니까
을다,읍니까
으다,읍니다
을다,읍니다
으다,읍디까
을다,읍디까
으다,읍디다
을다,읍디다
으다,읍딘다
을다,읍딘다
으다,읍죠
을다,읍죠
으다,읍지요
을다,읍지요
으다,은다
을다,은다
으다,은다고
을다,은다고
으다,은다나
을다,은다나
으다,은다네
을다,은다네
으다,은다느니
을다,은다느니
으다,은다니
을다,은다니
으다,은다니까
을다,은다니까
으다,은다더라
을다,은다더라
으다,은다마는
을다,은다마는
으다,은다며
을다,은다며
으다,은다면
을다,은다면
으다,은다면서
을다,은다면서
으다,은다손
을다,은다손
으다,은다오
을다,은다오
으다,은다지
을다,은다지
으다,은단다
을다,은단다
으다,은담
을다,은담
으다,은답니까
을다,은답니까
으다,은답니다
을다,은답니다
으다,은답시고
을다,은답시고
으다,은대
을다,은대
으다,은대요
을다,은대요
렇다,러나
렇다,러나마
렇다,러니까
렇다,러니까는
렇다,러니만치
렇다,러니만큼
렇다,러려니와
렇다,러려면
렇다,러련마는
렇다,러렷다
렇다,러리
렇다,러리까
렇다,러리니
렇다,러리니라
렇다,러리다
렇다,러리라
렇다,러리로다
렇다,러리만치
렇다,러리만큼
렇다,러리오
렇다,러매
렇다,러며
렇다,러면
렇다,러면서
렇다,러므로
렇다,러사
렇다,러세요
렇다,러셔요
렇다,러소서
렇다,러시
렇다,러시어요
렇다,러오
렇다,러오니까
렇다,러오리까
렇다,러오리다
렇다,러오리이까
렇다,러오리이다
렇다,러오이다
렇다,러옵
렇다,러옵나이까
렇다,러옵나이다
렇다,러옵니까
렇다,러옵니다
렇다,러옵디까
렇다,러옵디다
렇다,러옵소서
렇다,러옵시
렇다,러와
렇다,러우
렇다,럴런가
렇다,러냐
렇다,러냐고
렇다,러뇨
렇다,러니라
다,러니라
렇다,러이
렇다,런뎁쇼
렇다,럴데라니
되다,된걸
되다,된들
되다,된바
되다,된즉
되다,된즉슨
되다,될
되다,될걸
되다,될까
되다,될는지
되다,될라
되다,될라고
되다,될러니
되다,될러라
되다,될런고
되다,될레
되다,될레라
되다,될망정
되다,될밖에
되다,될뿐더러
되다,될사
되다,될새
되다,될세
되다,될세라
되다,될세말이지
되다,될수록
되다,될시
되다,될쏘냐
되다,될쏜가
되다,될지
되다,될지나
되다,될지니
되다,될지니라
되다,될지라
되다,될지라도
되다,될지로다
되다,될지어다
되다,될지언정
되다,될진대
되다,될진대는
되다,될진댄
되다,될진저
되다,됨
되다,됨에도
되다,됨에랴
되다,됩네
되다,됩늰다
되다,됩니까
되다,됩니다
되다,됩디까
되다,됩디다
되다,됩딘다
되다,됩죠
되다,됩지요
되다,돼
되다,돼도
되다,돼라
되다,돼서
되다,돼야
되다,돼야만
되다,돼야지
되다,돼요
되다,돼지이다
되다,됐
되다,됐었
되다,된
되다,된다
되다,된다고
되다,된다나
되다,된다네
되다,된다느니
되다,된다니
되다,된다니까
되다,된다더라
되다,된다마는
되다,된다며
되다,된다면
되다,된다면서
되다,된다손
되다,된다오
되다,된다지
되다,된단다
되다,된담
되다,된답니까
되다,된답니다
되다,된답시고
되다,된대
되다,된대요
되다,될거나
되다,될게
되다,될깝쇼
되다,될라치면
되다,될락
되다,될래
되다,될작시면
되다,될지며
되다,됨세
되다,됩시다
되다,됩시사
되다,됩시오
되다,돼다
되다,돼다가
슬다,슨걸
슬다,슨들
슬다,슨바
슬다,슨즉
슬다,슨즉슨
슬다,스나
슬다,스나마
슬다,스니
슬다,스니까
슬다,스니까는
슬다,스니만치
슬다,스니만큼
슬다,슬
슬다,스려거든
슬다,스려고
슬다,스려나
슬다,스려니
슬다,스려니와
슬다,스려면
슬다,스련마는
슬다,스련만
슬다,스렷다
슬다,스리
슬다,스리까
슬다,스리니
슬다,스리니라
슬다,스리다
슬다,스리라
슬다,스리로다
슬다,스리오
슬다,슴
슬다,슴에도
슬다,슴에랴
슬다,스매
슬다,스며
슬다,스면
슬다,스면서
슬다,스므로
슬다,스세요
슬다,스셔요
슬다,스시
슬다,스시어요
슬다,스락
슬다,스리만치
슬다,스리만큼
슬다,스사
슬다,스소서
슬다,스오
슬다,스오니까
슬다,스오리까
슬다,스오리다
슬다,스오리이까
슬다,스오리이다
슬다,스오이다
슬다,스옵
슬다,스옵나이까
슬다,스옵나이다
슬다,스옵니까
슬다,스옵니다
슬다,스옵디까
슬다,스옵디다
슬다,스옵소서
슬다,스옵시
슬다,스와
슬다,스외다
슬다,슨
슬다,슨다
슬다,슨다고
슬다,슨다나
슬다,슨다네
슬다,슨다느니
슬다,슨다니
슬다,슨다니까
슬다,슨다더라
슬다,슨다마는
슬다,슨다며
슬다,슨다면
슬다,슨다면서
슬다,슨다손
슬다,슨다오
슬다,슨다지
슬다,슨단다
슬다,슨담
슬다,슨답니까
슬다,슨답니다
슬다,슨답시고
슬다,슨대
슬다,슨대요
슬다,스라고
슬다,스랴
슬다,스러
슬다,스려
슬다,스려든
슬다,스려무나
슬다,스렴
슬다,슴세
슬다,스마
슬다,습시다
슬다,습시사
슬다,습시오
슬다,스사이다
슬다,스세
슬다,스시라
슬다,스시압
슬다,스십사
슬다,스십시다
슬다,스십시오
을다,으련만
을다,으외다
글다,근걸
그다,근걸
글다,근들
그다,근들
글다,근바
그다,근바
글다,근즉
그다,근즉
글다,근즉슨
그다,근즉슨
글다,그나
글다,그나마
글다,그니
글다,그니까
글다,그니까는
글다,그니만치
글다,그니만큼
글다,글
그다,글
글다,그려거든
글다,그려고
글다,그려나
글다,그려니
글다,그려니와
글다,그려면
글다,그련마는
글다,그련만
글다,그렷다
글다,그리
글다,그리까
글다,그리니
글다,그리니라
글다,그리다
글다,그리라
글다,그리로다
글다,그리오
글다,금
그다,금
글다,금에도
그다,금에도
글다,금에랴
그다,금에랴
글다,그매
글다,그며
글다,그면
글다,그면서
글다,그므로
글다,급네
그다,급네
글다,급늰다
그다,급늰다
글다,급니까
그다,급니까
글다,급니다
그다,급니다
글다,급디까
그다,급디까
글다,급디다
그다,급디다
글다,급딘다
그다,급딘다
글다,급죠
그다,급죠
글다,급지요
그다,급지요
글다,그세요
글다,그셔요
글다,그시
글다,그시어요
글다,그락
글다,그리만치
글다,그리만큼
글다,그사
글다,그소서
글다,그오
글다,그오니까
글다,그오리까
글다,그오리다
글다,그오리이까
글다,그오리이다
글다,그오이다
글다,그옵
글다,그옵나이까
글다,그옵나이다
글다,그옵니까
글다,그옵니다
글다,그옵디까
글다,그옵디다
글다,그옵소서
글다,그옵시
글다,그와
글다,그외다
글다,근
그다,근
글다,근다
그다,근다
글다,근다고
그다,근다고
글다,근다나
그다,근다나
글다,근다네
그다,근다네
글다,근다느니
그다,근다느니
글다,근다니
그다,근다니
글다,근다니까
그다,근다니까
글다,근다더라
그다,근다더라
글다,근다마는
그다,근다마는
글다,근다며
그다,근다며
글다,근다면
그다,근다면
글다,근다면서
그다,근다면서
글다,근다손
그다,근다손
글다,근다오
그다,근다오
글다,근다지
그다,근다지
글다,근단다
그다,근단다
글다,근담
그다,근담
글다,근답니까
그다,근답니까
글다,근답니다
그다,근답니다
글다,근답시고
그다,근답시고
글다,근대
그다,근대
글다,근대요
그다,근대요
글다,그라고
글다,그랴
글다,그러
글다,그려
글다,그려든
글다,그려무나
글다,그렴
글다,금세
그다,금세
글다,그마
글다,급시다
그다,급시다
글다,급시사
그다,급시사
글다,급시오
그다,급시오
글다,그사이다
글다,그세
글다,그시라
글다,그시압
글다,그십사
글다,그십시다
글다,그십시오
긋다,그어
긋다,그어도
긋다,그어라
긋다,그어서
긋다,그어야
긋다,그어야만
긋다,그어야지
긋다,그어요
긋다,그어지이다
긋다,그었
긋다,그었었
긋다,그으나
긋다,그으나마
긋다,그으니
긋다,그으니까
긋다,그으니까는
긋다,그으니만치
긋다,그으니만큼
긋다,그으려니와
긋다,그으려면
긋다,그으련마는
긋다,그으렷다
긋다,그으리
긋다,그으리까
긋다,그으리니
긋다,그으리니라
긋다,그으리다
긋다,그으리라
긋다,그으리로다
긋다,그으리만치
긋다,그으리만큼
긋다,그으리오
긋다,그으매
긋다,그으며
긋다,그으면
긋다,그으면서
긋다,그으므로
긋다,그으사
긋다,그으세요
긋다,그으셔요
긋다,그으소서
긋다,그으시
긋다,그으시어요
긋다,그으오
긋다,그으오니까
긋다,그으오리까
긋다,그으오리다
긋다,그으오리이까
긋다,그으오리이다
긋다,그으오이다
긋다,그으옵
긋다,그으옵나이까
긋다,그으옵나이다
긋다,그으옵니까
긋다,그으옵니다
긋다,그으옵디까
긋다,그으옵디다
긋다,그으옵소서
긋다,그으옵시
긋다,그으와
긋다,그으우
긋다,그은
긋다,그은걸
긋다,그은들
긋다,그은즉
긋다,그은즉슨
긋다,그을
긋다,그을걸
긋다,그을까
긋다,그을는지
긋다,그을라
긋다,그을라고
긋다,그을러니
긋다,그을러라
긋다,그을런가
긋다,그을런고
긋다,그을레
긋다,그을레라
긋다,그을망정
긋다,그을밖에
긋다,그을뿐더러
긋다,그을새
긋다,그을세
긋다,그을세라
긋다,그을세말이지
긋다,그을수록
긋다,그을시
긋다,그을쏘냐
긋다,그을쏜가
긋다,그을지
긋다,그을지나
긋다,그을지니
긋다,그을지니라
긋다,그을지라
긋다,그을지라도
긋다,그을지로다
긋다,그을지며
긋다,그을지어다
긋다,그을지언정
긋다,그을진대
긋다,그을진대는
긋다,그을진저
긋다,그음
긋다,그음에도
긋다,그음에랴
긋다,그읍시오
긋다,그으라
긋다,그으라고
긋다,그으라나
긋다,그으라느니
긋다,그으라니까
긋다,그으라며
긋다,그으라면서
긋다,그으라손
긋다,그으락
긋다,그으란
긋다,그으람
긋다,그으랴
긋다,그으러
긋다,그으려
긋다,그으려거든
긋다,그으려고
긋다,그으려나
긋다,그으려니
긋다,그으려든
긋다,그으려무나
긋다,그으련
긋다,그으렴
긋다,그으렵니까
긋다,그으렵니다
긋다,그으마
긋다,그으사이다
긋다,그으세
긋다,그으시라
긋다,그으시압
긋다,그으십사
긋다,그으십시다
긋다,그으십시오
긋다,그을거나
긋다,그을게
긋다,그을깝쇼
긋다,그을라치면
긋다,그을락
긋다,그을래
긋다,그을작시면
긋다,그음세
긋다,그읍시다
긋다,그읍시사
긋다,그어다
긋다,그어다가
기르다,길러
기르다,길러도
기르다,길러서
기르다,길러야
기르다,길러야만
기르다,길러야지
기르다,길러요
기르다,길러지이다
기르다,길렀
기르다,길렀었
기르다,길러다
기르다,길러다가
울다,우나
울다,우나마
울다,우니
울다,우니까
울다,우니까는
울다,우니만치
울다,우니만큼
울다,우려거든
울다,우려고
울다,우려나
울다,우려니
울다,우려니와
울다,우려면
울다,우련마는
울다,우련만
울다,우렷다
울다,우리
울다,우리까
울다,우리니
울다,우리니라
울다,우리다
울다,우리라
울다,우리로다
울다,우리오
울다,우매
울다,우며
울다,우면
울다,우면서
울다,우므로
울다,우셔요
울다,우시
울다,우시어요
울다,우락
울다,우리만치
울다,우리만큼
울다,우사
울다,우소서
울다,우오
울다,우오니까
울다,우오리까
울다,우오리다
울다,우오리이까
울다,우오리이다
울다,우오이다
울다,우옵
울다,우옵나이까
울다,우옵나이다
울다,우옵니까
울다,우옵니다
울다,우옵디까
울다,우옵디다
울다,우옵소서
울다,우옵시
울다,우와
울다,우외다
울다,우라고
울다,우랴
울다,우러
울다,우려
울다,우려든
울다,우려무나
울다,우렴
울다,우마
울다,우사이다
울다,우세
울다,우시압
울다,우십사
울다,우십시오
길다,기나
길다,기나마
길다,기니
길다,기니까
길다,기니까는
길다,기니만치
길다,기니만큼
길다,기려거든
길다,기려고
길다,기려나
길다,기려니
길다,기려니와
길다,기려면
길다,기련마는
길다,기련만
길다,기렷다
길다,기리
길다,기리까
길다,기리니
길다,기리니라
길다,기리다
길다,기리라
길다,기리로다
길다,기리오
길다,기매
길다,기며
길다,기면
길다,기면서
길다,기므로
길다,기세요
길다,기셔요
길다,기시
길다,기시어요
길다,기락
길다,기리만치
길다,기리만큼
길다,기사
길다,기소서
길다,기오
길다,기오니까
길다,기오리까
길다,기오리다
길다,기오리이까
길다,기오리이다
길다,기오이다
길다,기옵
길다,기옵나이까
길다,기옵나이다
길다,기옵니까
길다,기옵니다
길다,기옵디까
길다,기옵디다
길다,기옵소서
길다,기옵시
길다,기와
길다,기외다
길다,긴가
기다,긴가
길다,긴감
기다,긴감
길다,긴고
기다,긴고
길다,긴데
기다,긴데
길다,긴지
기다,긴지
길다,기냐
길다,기냐고
길다,기니라
길다,기라고
길다,기랴
길다,기러
길다,기려
길다,기려든
길다,기려무나
길다,기렴
길다,기마
길다,기사이다
길다,기세
길다,기시라
길다,기시압
길다,기십사
길다,기십시다
길다,기십시오
깁다,기워
깁다,기워도
깁다,기워라
깁다,기워서
깁다,기워야
깁다,기워야만
깁다,기워야지
깁다,기워요
깁다,기워지이다
깁다,기웠
깁다,기웠었
깁다,기우나
깁다,기우나마
깁다,기우니
깁다,기우니까
깁다,기우니까는
깁다,기우니만치
깁다,기우니만큼
깁다,기우려니와
깁다,기우려면
깁다,기우련마는
깁다,기우렷다
깁다,기우리
깁다,기우리까
깁다,기우리니
깁다,기우리니라
깁다,기우리다
깁다,기우리라
깁다,기우리로다
깁다,기우리만치
깁다,기우리만큼
깁다,기우리오
깁다,기우매
깁다,기우며
깁다,기우면
깁다,기우면서
깁다,기우므로
깁다,기우사
깁다,기우세요
깁다,기우셔요
깁다,기우소서
깁다,기우시
깁다,기우시어요
깁다,기우오
깁다,기우오니까
깁다,기우오리까
깁다,기우오리다
깁다,기우오리이까
깁다,기우오리이다
깁다,기우오이다
깁다,기우옵
깁다,기우옵나이까
깁다,기우옵나이다
깁다,기우옵니까
깁다,기우옵니다
깁다,기우옵디까
깁다,기우옵디다
깁다,기우옵소서
깁다,기우옵시
깁다,기우와
깁다,기우우
깁다,기운
깁다,기운걸
깁다,기운들
깁다,기운즉
깁다,기운즉슨
깁다,기울
깁다,기울까
깁다,기울는지
깁다,기울라
깁다,기울라고
깁다,기울러니
깁다,기울러라
깁다,기울런가
깁다,기울런고
깁다,기울레
깁다,기울레라
깁다,기울망정
깁다,기울뿐더러
깁다,기울새
깁다,기울세
깁다,기울세라
깁다,기울세말이지
깁다,기울시
깁다,기울쏘냐
깁다,기울쏜가
깁다,기울지나
깁다,기울지니
깁다,기울지니라
깁다,기울지라
깁다,기울지라도
깁다,기울지로다
깁다,기울지어다
깁다,기울지언정
깁다,기울진대
깁다,기울진대는
깁다,기울진저
깁다,기움에랴
깁다,기우라
깁다,기우라고
깁다,기우라나
깁다,기우라느니
깁다,기우라니까
깁다,기우라며
깁다,기우라면서
깁다,기우라손
깁다,기우락
깁다,기우란
깁다,기우람
깁다,기우랴
깁다,기우려
깁다,기우려거든
깁다,기우려고
깁다,기우려나
깁다,기우려니
깁다,기우려든
깁다,기우려무나
깁다,기우련
깁다,기우렴
깁다,기우렵니까
깁다,기우렵니다
깁다,기우마
깁다,기우사이다
깁다,기우세
깁다,기우시라
깁다,기우시압
깁다,기우십사
깁다,기우십시다
깁다,기우십시오
깁다,기울거나
깁다,기울게
깁다,기울깝쇼
깁다,기울라치면
깁다,기울락
깁다,기울래
깁다,기울작시면
깁다,기움세
깁다,기웁시사
깁다,기워다
깁다,기워다가
까다,깐걸
깔다,깐걸
까다,깐들
깔다,깐들
까다,깐바
깔다,깐바
까다,깐즉
깔다,깐즉
까다,깐즉슨
깔다,깐즉슨
까다,깔
깔다,깔
까다,깔걸
까다,깔까
까다,깔는지
까다,깔라
까다,깔라고
까다,깔러니
까다,깔러라
까다,깔런고
까다,깔레
까다,깔레라
까다,깔망정
까다,깔밖에
까다,깔뿐더러
까다,깔사
까다,깔새
까다,깔세
까다,깔세라
까다,깔세말이지
까다,깔수록
까다,깔시
까다,깔쏘냐
까다,깔쏜가
까다,깔지
까다,깔지나
까다,깔지니
까다,깔지니라
까다,깔지라
까다,깔지라도
까다,깔지로다
까다,깔지어다
까다,깔지언정
까다,깔진대
까다,깔진대는
까다,깔진댄
까다,깔진저
까다,깜
깔다,깜
까다,깜에도
깔다,깜에도
까다,깜에랴
깔다,깜에랴
까다,깝네
깔다,깝네
까다,깝늰다
깔다,깝늰다
까다,깝니까
깔다,깝니까
까다,깝니다
깔다,깝니다
까다,깝디까
깔다,깝디까
까다,깝디다
깔다,깝디다
까다,깝딘다
깔다,깝딘다
까다,깝죠
깔다,깝죠
까다,깝지요
깔다,깝지요
까다,깠
까다,깠었
까다,깠자
까다,깐
깔다,깐
까다,깐다
깔다,깐다
까다,깐다고
깔다,깐다고
까다,깐다나
깔다,깐다나
까다,깐다네
깔다,깐다네
까다,깐다느니
깔다,깐다느니
까다,깐다니
깔다,깐다니
까다,깐다니까
깔다,깐다니까
까다,깐다더라
깔다,깐다더라
까다,깐다마는
깔다,깐다마는
까다,깐다며
깔다,깐다며
까다,깐다면
깔다,깐다면
까다,깐다면서
깔다,깐다면서
까다,깐다손
깔다,깐다손
까다,깐다오
깔다,깐다오
까다,깐다지
깔다,깐다지
까다,깐단다
깔다,깐단다
까다,깐담
깔다,깐담
까다,깐답니까
깔다,깐답니까
까다,깐답니다
깔다,깐답니다
까다,깐답시고
깔다,깐답시고
까다,깐대
깔다,깐대
까다,깐대요
깔다,깐대요
까다,깔거나
까다,깔게
까다,깔깝쇼
까다,깔라치면
까다,깔락
까다,깔래
까다,깔작시면
까다,깔지며
까다,깜세
깔다,깜세
까다,깝시다
깔다,깝시다
까다,깝시사
깔다,깝시사
까다,깝시오
깔다,깝시오
부르다,불러
부르다,불러도
부르다,불러라
부르다,불러서
부르다,불러야
부르다,불러야만
부르다,불러야지
부르다,불러요
부르다,불러지이다
부르다,불렀
부르다,불렀었
부르다,불러다
부르다,불러다가
수다,순걸
수다,순들
수다,순바
수다,순즉
수다,순즉슨
수다,술
수다,술걸
수다,술까
수다,술는지
수다,술라
수다,술라고
수다,술러니
수다,술러라
수다,술런고
수다,술레
수다,술레라
수다,술망정
수다,술밖에
수다,술뿐더러
수다,술사
수다,술새
수다,술세
수다,술세라
수다,술세말이지
수다,술수록
수다,술시
수다,술쏘냐
수다,술쏜가
수다,술지
수다,술지나
수다,술지니
수다,술지니라
수다,술지라
수다,술지라도
수다,술지로다
수다,술지어다
수다,술지언정
수다,술진대
수다,술진대는
수다,술진댄
수다,술진저
수다,숨
수다,숨에도
수다,숨에랴
수다,숩네
수다,숩늰다
수다,숩니까
수다,숩니다
수다,숩디까
수다,숩디다
수다,숩딘다
수다,숩죠
수다,숩지요
수다,숴
수다,숴도
수다,숴라
수다,숴서
수다,숴야
수다,숴야만
수다,숴야지
수다,숴요
수다,숴지이다
수다,쉈
수다,쉈었
수다,순
수다,순다
수다,순다고
수다,순다나
수다,순다네
수다,순다느니
수다,순다니
수다,순다니까
수다,순다더라
수다,순다마는
수다,순다며
수다,순다면
수다,순다면서
수다,순다손
수다,순다오
수다,순다지
수다,순단다
수다,순담
수다,순답니까
수다,순답니다
수다,순답시고
수다,순대
수다,순대요
수다,술거나
수다,술게
수다,술깝쇼
수다,술라치면
수다,술락
수다,술래
수다,술작시면
수다,술지며
수다,숨세
수다,숩시다
수다,숩시사
수다,숩시오
수다,숴다
수다,숴다가
불다,분바
불다,분즉
불다,분즉슨
불다,부나
불다,부나마
불다,부니까는
불다,부니만치
불다,부니만큼
불다,불
불다,부려거든
불다,부려고
불다,부려나
불다,부려니
불다,부려니와
불다,부려면
불다,부련마는
불다,부련만
불다,부렷다
불다,부리
불다,부리까
불다,부리니
불다,부리니라
불다,부리다
불다,부리라
불다,부리로다
불다,부리오
불다,붐
불다,붐에도
불다,붐에랴
불다,부매
불다,부므로
불다,붑네
불다,붑늰다
불다,붑니까
불다,붑니다
불다,붑디까
불다,붑디다
불다,붑딘다
불다,붑죠
불다,붑지요
불다,부시
불다,부시어요
불다,부락
불다,부리만치
불다,부리만큼
불다,부사
불다,부소서
불다,부오
불다,부오니까
불다,부오리까
불다,부오리다
불다,부오리이까
불다,부오리이다
불다,부오이다
불다,부옵
불다,부옵나이까
불다,부옵나이다
불다,부옵니까
불다,부옵니다
불다,부옵디까
불다,부옵디다
불다,부옵소서
불다,부옵시
불다,부와
불다,부외다
불다,분
불다,분다마는
불다,분다손
불다,분다오
불다,분다지
불다,분단다
불다,분담
불다,부라고
불다,부랴
불다,부려
불다,부려든
불다,부려무나
불다,부렴
불다,붐세
불다,부마
불다,붑시사
불다,붑시오
불다,부사이다
불다,부시압
불다,부십사
불다,부십시다
깔다,까나
깔다,까나마
깔다,까니
깔다,까니까
깔다,까니까는
깔다,까니만치
깔다,까니만큼
깔다,까려거든
깔다,까려고
깔다,까려나
깔다,까려니
깔다,까려니와
깔다,까려면
깔다,까련마는
깔다,까련만
깔다,까렷다
깔다,까리
깔다,까리까
깔다,까리니
깔다,까리니라
깔다,까리다
깔다,까리라
깔다,까리로다
깔다,까리오
깔다,까매
깔다,까며
깔다,까면
깔다,까면서
깔다,까므로
깔다,까세요
깔다,까셔요
깔다,까시
깔다,까시어요
깔다,까락
깔다,까리만치
깔다,까리만큼
깔다,까사
깔다,까소서
깔다,까오
깔다,까오니까
깔다,까오리까
깔다,까오리다
깔다,까오리이까
깔다,까오리이다
깔다,까오이다
깔다,까옵
깔다,까옵나이까
깔다,까옵나이다
깔다,까옵니까
깔다,까옵니다
깔다,까옵디까
깔다,까옵디다
깔다,까옵소서
깔다,까옵시
깔다,까와
깔다,까외다
깔다,까라고
깔다,까랴
깔다,까러
깔다,까려
깔다,까려든
깔다,까려무나
깔다,까렴
깔다,까마
깔다,까사이다
깔다,까세
깔다,까시라
깔다,까시압
깔다,까십사
깔다,까십시다
깔다,까십시오
깨다,깬바
깨다,깬즉
깨다,깬즉슨
깨다,깰걸
깨다,깰레
깨다,깰레라
깨다,깰사
깨다,깰새
깨다,깰세
깨다,깰세라
깨다,깰세말이지
깨다,깰시
깨다,깰쏘냐
깨다,깰쏜가
깨다,깰지
깨다,깰지나
깨다,깰지니
깨다,깰지니라
깨다,깰지라
깨다,깰지로다
깨다,깰지어다
깨다,깰지언정
깨다,깰진대
깨다,깰진대는
깨다,깰진댄
깨다,깰진저
깨다,깸
깨다,깸에도
깨다,깸에랴
깨다,깹네
깨다,깹늰다
깨다,깹니까
깨다,깹니다
깨다,깹디까
깨다,깹디다
깨다,깹딘다
깨다,깹죠
깨다,깹지요
깨다,깨
깨다,깼
깨다,깼었
깨다,깬다마는
깨다,깬다손
깨다,깬다오
깨다,깬다지
깨다,깬단다
깨다,깬담
깨다,깰거나
깨다,깰깝쇼
깨다,깰라치면
깨다,깰락
깨다,깰작시면
깨다,깰지며
깨다,깸세
깨다,깹시사
깨다,깹시오
닫다,달아
닫다,달아도
닫다,달아라
닫다,달아서
닫다,달아야
닫다,달아야만
닫다,달아야지
닫다,달아요
닫다,달아지이다
닫다,달았
닫다,달았었
닫다,달았자
닫다,달으나
닫다,달으나마
닫다,달으니
닫다,달으니까
닫다,달으니까는
닫다,달으니만치
닫다,달으니만큼
닫다,달으려니와
닫다,달으려면
닫다,달으련마는
닫다,달으렷다
닫다,달으리
닫다,달으리까
닫다,달으리니
닫다,달으리니라
닫다,달으리다
닫다,달으리라
닫다,달으리로다
닫다,달으리만치
닫다,달으리만큼
닫다,달으리오
닫다,달으매
닫다,달으며
닫다,달으면
닫다,달으면서
닫다,달으므로
닫다,달으사
닫다,달으세요
닫다,달으셔요
닫다,달으소서
닫다,달으시
닫다,달으시어요
닫다,달으오
닫다,달으오니까
닫다,달으오리까
닫다,달으오리다
닫다,달으오리이까
닫다,달으오리이다
닫다,달으오이다
닫다,달으옵
닫다,달으옵나이까
닫다,달으옵나이다
닫다,달으옵니까
닫다,달으옵니다
닫다,달으옵디까
닫다,달으옵디다
닫다,달으옵소서
닫다,달으옵시
닫다,달으와
닫다,달으우
닫다,달은
닫다,달은걸
닫다,달은들
닫다,달은즉
닫다,달은즉슨
닫다,달을
닫다,달을걸
닫다,달을까
닫다,달을는지
닫다,달을라
닫다,달을라고
닫다,달을러니
닫다,달을러라
닫다,달을런가
닫다,달을런고
닫다,달을레
닫다,달을레라
닫다,달을망정
닫다,달을밖에
닫다,달을뿐더러
닫다,달을새
닫다,달을세
닫다,달을세라
닫다,달을세말이지
닫다,달을수록
닫다,달을시
닫다,달을쏘냐
닫다,달을쏜가
닫다,달을지
닫다,달을지나
닫다,달을지니
닫다,달을지니라
닫다,달을지라
닫다,달을지라도
닫다,달을지로다
닫다,달을지며
닫다,달을지어다
닫다,달을지언정
닫다,달을진대
닫다,달을진대는
닫다,달을진저
닫다,달음
닫다,달음에도
닫다,달음에랴
닫다,달읍시오
닫다,달아다
닫다,달아다가
닫다,달으라
닫다,달으라고
닫다,달으라나
닫다,달으라느니
닫다,달으라니까
닫다,달으라며
닫다,달으라면서
닫다,달으라손
닫다,달으락
닫다,달으란
닫다,달으람
닫다,달으랴
닫다,달으러
닫다,달으려
닫다,달으려거든
닫다,달으려고
닫다,달으려나
닫다,달으려니
닫다,달으려든
닫다,달으려무나
닫다,달으련
닫다,달으렴
닫다,달으렵니까
닫다,달으렵니다
닫다,달으마
닫다,달으사이다
닫다,달으세
닫다,달으시라
닫다,달으시압
닫다,달으십사
닫다,달으십시다
닫다,달으십시오
닫다,달을거나
닫다,달을게
닫다,달을깝쇼
닫다,달을라치면
닫다,달을락
닫다,달을래
닫다,달을작시면
닫다,달음세
닫다,달읍시다
닫다,달읍시사
꼬다,꼰걸
꼴다,꼰걸
꼬다,꼰들
꼴다,꼰들
꼬다,꼰바
꼴다,꼰바
꼬다,꼰즉
꼴다,꼰즉
꼬다,꼰즉슨
꼴다,꼰즉슨
꼬다,꼴
꼴다,꼴
꼬다,꼴걸
꼬다,꼴까
꼬다,꼴는지
꼬다,꼴라
꼬다,꼴라고
꼬다,꼴러니
꼬다,꼴러라
꼬다,꼴런고
꼬다,꼴레
꼬다,꼴레라
꼬다,꼴망정
꼬다,꼴밖에
꼬다,꼴뿐더러
꼬다,꼴사
꼬다,꼴새
꼬다,꼴세
꼬다,꼴세라
꼬다,꼴세말이지
꼬다,꼴수록
꼬다,꼴시
꼬다,꼴쏘냐
꼬다,꼴쏜가
꼬다,꼴지
꼬다,꼴지나
꼬다,꼴지니
꼬다,꼴지니라
꼬다,꼴지라
꼬다,꼴지라도
꼬다,꼴지로다
꼬다,꼴지어다
꼬다,꼴지언정
꼬다,꼴진대
꼬다,꼴진대는
꼬다,꼴진댄
꼬다,꼴진저
꼬다,꼼
꼴다,꼼
꼬다,꼼에도
꼴다,꼼에도
꼬다,꼼에랴
꼴다,꼼에랴
꼬다,꼽네
꼴다,꼽네
꼬다,꼽늰다
꼴다,꼽늰다
꼬다,꼽니까
꼴다,꼽니까
꼬다,꼽니다
꼴다,꼽니다
꼬다,꼽디까
꼴다,꼽디까
꼬다,꼽디다
꼴다,꼽디다
꼬다,꼽딘다
꼴다,꼽딘다
꼬다,꼽죠
꼴다,꼽죠
꼬다,꼽지요
꼴다,꼽지요
꼬다,꽈
꼬다,꽈도
꼬다,꽈라
꼬다,꽈서
꼬다,꽈야
꼬다,꽈야만
꼬다,꽈야지
꼬다,꽈요
꼬다,꽈지이다
꼬다,꽜
꼬다,꽜었
꼬다,꽜자
꼬다,꼰
꼴다,꼰
꼬다,꼰다
꼴다,꼰다
꼬다,꼰다고
꼴다,꼰다고
꼬다,꼰다나
꼴다,꼰다나
꼬다,꼰다네
꼴다,꼰다네
꼬다,꼰다느니
꼴다,꼰다느니
꼬다,꼰다니
꼴다,꼰다니
꼬다,꼰다니까
꼴다,꼰다니까
꼬다,꼰다더라
꼴다,꼰다더라
꼬다,꼰다마는
꼴다,꼰다마는
꼬다,꼰다며
꼴다,꼰다며
꼬다,꼰다면
꼴다,꼰다면
꼬다,꼰다면서
꼴다,꼰다면서
꼬다,꼰다손
꼴다,꼰다손
꼬다,꼰다오
꼴다,꼰다오
꼬다,꼰다지
꼴다,꼰다지
꼬다,꼰단다
꼴다,꼰단다
꼬다,꼰담
꼴다,꼰담
꼬다,꼰답니까
꼴다,꼰답니까
꼬다,꼰답니다
꼴다,꼰답니다
꼬다,꼰답시고
꼴다,꼰답시고
꼬다,꼰대
꼴다,꼰대
꼬다,꼰대요
꼴다,꼰대요
꼬다,꼴거나
꼬다,꼴게
꼬다,꼴깝쇼
꼬다,꼴라치면
꼬다,꼴락
꼬다,꼴래
꼬다,꼴작시면
꼬다,꼴지며
꼬다,꼼세
꼴다,꼼세
꼬다,꼽시다
꼴다,꼽시다
꼬다,꼽시사
꼴다,꼽시사
꼬다,꼽시오
꼴다,꼽시오
꼬다,꽈다
꼬다,꽈다가
느다,늘걸
느다,늘까
느다,늘는지
느다,늘라
느다,늘라고
느다,늘러니
느다,늘러라
느다,늘런고
느다,늘레
느다,늘레라
느다,늘망정
느다,늘밖에
느다,늘뿐더러
느다,늘사
느다,늘새
느다,늘세
느다,늘세라
느다,늘세말이지
느다,늘수록
느다,늘시
느다,늘쏘냐
느다,늘쏜가
느다,늘지
느다,늘지나
느다,늘지니
느다,늘지니라
느다,늘지라
느다,늘지라도
느다,늘지로다
느다,늘지어다
느다,늘지언정
느다,늘진대
느다,늘진대는
느다,늘진댄
느다,늘진저
느다,나도
느다,나라
느다,나서
느다,나야
느다,나야만
느다,나야지
느다,나요
느다,나지이다
느다,늘거나
느다,늘게
느다,늘깝쇼
느다,늘라치면
느다,늘락
느다,늘래
느다,늘작시면
느다,늘지며
느다,늠세
늘다,늠세
느다,늡시다
늘다,늡시다
느다,늡시사
늘다,늡시사
느다,늡시오
늘다,늡시오
느다,나다
느다,나다가
꼴다,꼬나
꼴다,꼬나마
꼴다,꼬니
꼴다,꼬니까
꼴다,꼬니까는
꼴다,꼬니만치
꼴다,꼬니만큼
꼴다,꼬려거든
꼴다,꼬려고
꼴다,꼬려나
꼴다,꼬려니
꼴다,꼬려니와
꼴다,꼬려면
꼴다,꼬련마는
꼴다,꼬련만
꼴다,꼬렷다
꼴다,꼬리
꼴다,꼬리까
꼴다,꼬리니
꼴다,꼬리니라
꼴다,꼬리다
꼴다,꼬리라
꼴다,꼬리로다
꼴다,꼬리오
꼴다,꼬매
꼴다,꼬며
꼴다,꼬면
꼴다,꼬면서
꼴다,꼬므로
꼴다,꼬세요
꼴다,꼬셔요
꼴다,꼬시
꼴다,꼬시어요
꼴다,꼬락
꼴다,꼬리만치
꼴다,꼬리만큼
꼴다,꼬사
꼴다,꼬소서
꼴다,꼬오
꼴다,꼬오니까
꼴다,꼬오리까
꼴다,꼬오리다
꼴다,꼬오리이까
꼴다,꼬오리이다
꼴다,꼬오이다
꼴다,꼬옵
꼴다,꼬옵나이까
꼴다,꼬옵나이다
꼴다,꼬옵니까
꼴다,꼬옵니다
꼴다,꼬옵디까
꼴다,꼬옵디다
꼴다,꼬옵소서
꼴다,꼬옵시
꼴다,꼬와
꼴다,꼬외다
꼴다,꼬라고
꼴다,꼬랴
꼴다,꼬러
꼴다,꼬려
꼴다,꼬려든
꼴다,꼬려무나
꼴다,꼬렴
꼴다,꼬마
꼴다,꼬사이다
꼴다,꼬세
꼴다,꼬시라
꼴다,꼬시압
꼴다,꼬십사
꼴다,꼬십시다
꼴다,꼬십시오
피다,핀걸
피다,핀들
피다,핀바
피다,핀즉
피다,핀즉슨
피다,필
피다,필걸
피다,필까
피다,필는지
피다,필라
피다,필라고
피다,필러니
피다,필러라
피다,필런고
피다,필레
피다,필레라
피다,필망정
피다,필밖에
피다,필뿐더러
피다,필사
피다,필새
피다,필세
피다,필세라
피다,필세말이지
피다,필수록
피다,필시
피다,필쏘냐
피다,필쏜가
피다,필지
피다,필지나
피다,필지니
피다,필지니라
피다,필지라
피다,필지라도
피다,필지로다
피다,필지어다
피다,필지언정
피다,필진대
피다,필진대는
피다,필진댄
피다,필진저
피다,핌
피다,핌에도
피다,핌에랴
피다,핍네
피다,핍늰다
피다,핍니까
피다,핍니다
피다,핍디까
피다,핍디다
피다,핍딘다
피다,핍죠
피다,핍지요
피다,펴
피다,펴도
피다,펴라
피다,펴서
피다,펴야
피다,펴야만
피다,펴야지
피다,펴요
피다,펴지이다
피다,폈
피다,폈었
피다,핀
피다,핀다
피다,핀다고
피다,핀다나
피다,핀다네
피다,핀다느니
피다,핀다니
피다,핀다니까
피다,핀다더라
피다,핀다마는
피다,핀다며
피다,핀다면
피다,핀다면서
피다,핀다손
피다,핀다오
피다,핀다지
피다,핀단다
피다,핀담
피다,핀답니까
피다,핀답니다
피다,핀답시고
피다,핀대
피다,핀대요
피다,필거나
피다,필게
피다,필깝쇼
피다,필라치면
피다,필락
피다,필래
피다,필작시면
피다,필지며
피다,핌세
피다,핍시다
피다,핍시사
피다,핍시오
피다,펴다
피다,펴다가
꾀다,꾄걸
꾀다,꾄들
꾀다,꾄바
꾀다,꾄즉
꾀다,꾄즉슨
꾀다,꾈
꾀다,꾈걸
꾀다,꾈까
꾀다,꾈는지
꾀다,꾈라
꾀다,꾈라고
꾀다,꾈러니
꾀다,꾈러라
꾀다,꾈런고
꾀다,꾈레
꾀다,꾈레라
꾀다,꾈망정
꾀다,꾈밖에
꾀다,꾈뿐더러
꾀다,꾈사
꾀다,꾈새
꾀다,꾈세
꾀다,꾈세라
꾀다,꾈세말이지
꾀다,꾈수록
꾀다,꾈시
꾀다,꾈쏘냐
꾀다,꾈쏜가
꾀다,꾈지
꾀다,꾈지나
꾀다,꾈지니
꾀다,꾈지니라
꾀다,꾈지라
꾀다,꾈지라도
꾀다,꾈지로다
꾀다,꾈지어다
꾀다,꾈지언정
꾀다,꾈진대
꾀다,꾈진대는
꾀다,꾈진댄
꾀다,꾈진저
꾀다,꾐
꾀다,꾐에도
꾀다,꾐에랴
꾀다,꾑네
꾀다,꾑늰다
꾀다,꾑니까
꾀다,꾑니다
꾀다,꾑디까
꾀다,꾑디다
꾀다,꾑딘다
꾀다,꾑죠
꾀다,꾑지요
꾀다,꽤
꾀다,꽤도
꾀다,꽤라
꾀다,꽤서
꾀다,꽤야
꾀다,꽤야만
꾀다,꽤야지
꾀다,꽤요
꾀다,꽤지이다
꾀다,꽸
꾀다,꽸었
꾀다,꾄
꾀다,꾄다
꾀다,꾄다고
꾀다,꾄다나
꾀다,꾄다네
꾀다,꾄다느니
꾀다,꾄다니
꾀다,꾄다니까
꾀다,꾄다더라
꾀다,꾄다마는
꾀다,꾄다며
꾀다,꾄다면
꾀다,꾄다면서
꾀다,꾄다손
꾀다,꾄다오
꾀다,꾄다지
꾀다,꾄단다
꾀다,꾄담
꾀다,꾄답니까
꾀다,꾄답니다
꾀다,꾄답시고
꾀다,꾄대
꾀다,꾄대요
꾀다,꾈거나
꾀다,꾈게
꾀다,꾈깝쇼
꾀다,꾈라치면
꾀다,꾈락
꾀다,꾈래
꾀다,꾈작시면
꾀다,꾈지며
꾀다,꾐세
꾀다,꾑시다
꾀다,꾑시사
꾀다,꾑시오
꾀다,꽤다
꾀다,꽤다가
꿰다,꿴걸
꿰다,꿴들
꿰다,꿴바
꿰다,꿴즉
꿰다,꿴즉슨
꿰다,꿸
꿰다,꿸걸
꿰다,꿸까
꿰다,꿸는지
꿰다,꿸라
꿰다,꿸라고
꿰다,꿸러니
꿰다,꿸러라
꿰다,꿸런고
꿰다,꿸레
꿰다,꿸레라
꿰다,꿸망정
꿰다,꿸밖에
꿰다,꿸뿐더러
꿰다,꿸사
꿰다,꿸새
꿰다,꿸세
꿰다,꿸세라
꿰다,꿸세말이지
꿰다,꿸수록
꿰다,꿸시
꿰다,꿸쏘냐
꿰다,꿸쏜가
꿰다,꿸지
꿰다,꿸지나
꿰다,꿸지니
꿰다,꿸지니라
꿰다,꿸지라
꿰다,꿸지라도
꿰다,꿸지로다
꿰다,꿸지어다
꿰다,꿸지언정
꿰다,꿸진대
꿰다,꿸진대는
꿰다,꿸진댄
꿰다,꿸진저
꿰다,뀀
꿰다,뀀에도
꿰다,뀀에랴
꿰다,뀁네
꿰다,뀁늰다
꿰다,뀁니까
꿰다,뀁니다
꿰다,뀁디까
꿰다,뀁디다
꿰다,뀁딘다
꿰다,뀁죠
꿰다,뀁지요
꿰다,꿴
꿰다,꿴다
꿰다,꿴다고
꿰다,꿴다나
꿰다,꿴다네
꿰다,꿴다느니
꿰다,꿴다니
꿰다,꿴다니까
꿰다,꿴다더라
꿰다,꿴다마는
꿰다,꿴다며
꿰다,꿴다면
꿰다,꿴다면서
꿰다,꿴다손
꿰다,꿴다오
꿰다,꿴다지
꿰다,꿴단다
꿰다,꿴담
꿰다,꿴답니까
꿰다,꿴답니다
꿰다,꿴답시고
꿰다,꿴대
꿰다,꿴대요
꿰다,꿸거나
꿰다,꿸게
꿰다,꿸깝쇼
꿰다,꿸라치면
꿰다,꿸락
꿰다,꿸래
꿰다,꿸작시면
꿰다,꿸지며
꿰다,뀀세
꿰다,뀁시다
꿰다,뀁시사
꿰다,뀁시오
뀌다,뀐걸
뀌다,뀐들
뀌다,뀐바
뀌다,뀐즉
뀌다,뀐즉슨
뀌다,뀔
뀌다,뀔걸
뀌다,뀔까
뀌다,뀔는지
뀌다,뀔라
뀌다,뀔라고
뀌다,뀔러니
뀌다,뀔러라
뀌다,뀔런고
뀌다,뀔레
뀌다,뀔레라
뀌다,뀔망정
뀌다,뀔밖에
뀌다,뀔뿐더러
뀌다,뀔사
뀌다,뀔새
뀌다,뀔세
뀌다,뀔세라
뀌다,뀔세말이지
뀌다,뀔수록
뀌다,뀔시
뀌다,뀔쏘냐
뀌다,뀔쏜가
뀌다,뀔지
뀌다,뀔지나
뀌다,뀔지니
뀌다,뀔지니라
뀌다,뀔지라
뀌다,뀔지라도
뀌다,뀔지로다
뀌다,뀔지어다
뀌다,뀔지언정
뀌다,뀔진대
뀌다,뀔진대는
뀌다,뀔진댄
뀌다,뀔진저
뀌다,뀜
뀌다,뀜에도
뀌다,뀜에랴
뀌다,뀝네
뀌다,뀝늰다
뀌다,뀝니까
뀌다,뀝니다
뀌다,뀝디까
뀌다,뀝디다
뀌다,뀝딘다
뀌다,뀝죠
뀌다,뀝지요
뀌다,뀐
뀌다,뀐다
뀌다,뀐다고
뀌다,뀐다나
뀌다,뀐다네
뀌다,뀐다느니
뀌다,뀐다니
뀌다,뀐다니까
뀌다,뀐다더라
뀌다,뀐다마는
뀌다,뀐다며
뀌다,뀐다면
뀌다,뀐다면서
뀌다,뀐다손
뀌다,뀐다오
뀌다,뀐다지
뀌다,뀐단다
뀌다,뀐담
뀌다,뀐답니까
뀌다,뀐답니다
뀌다,뀐답시고
뀌다,뀐대
뀌다,뀐대요
뀌다,뀔거나
뀌다,뀔게
뀌다,뀔깝쇼
뀌다,뀔라치면
뀌다,뀔락
뀌다,뀔래
뀌다,뀔작시면
뀌다,뀔지며
뀌다,뀜세
뀌다,뀝시다
뀌다,뀝시사
뀌다,뀝시오
끄다,끈바
끌다,끈바
끄다,끈즉
끌다,끈즉
끄다,끈즉슨
끌다,끈즉슨
끄다,끌걸
끄르다,끌러라
끄다,끌레
끄다,끌레라
끄다,끌사
끄다,끌새
끄다,끌세
끄다,끌세라
끄다,끌세말이지
끄다,끌시
끄다,끌쏘냐
끄다,끌쏜가
끄다,끌지
끄다,끌지나
끄다,끌지니
끄다,끌지니라
끄다,끌지라
끄다,끌지로다
끄다,끌지어다
끄다,끌지언정
끄다,끌진대
끄다,끌진대는
끄다,끌진댄
끄다,끌진저
끄다,끔
끌다,끔
끄다,끔에도
끌다,끔에도
끄다,끔에랴
끌다,끔에랴
끄다,끕네
끌다,끕네
끄다,끕늰다
끌다,끕늰다
끄다,끕니까
끌다,끕니까
끄다,끕니다
끌다,끕니다
끄다,끕디까
끌다,끕디까
끄다,끕디다
끌다,끕디다
끄다,끕딘다
끌다,끕딘다
끄다,끕죠
끌다,끕죠
끄다,끕지요
끌다,끕지요
끄다,꺼
끄다,꺼도
끄다,꺼라
끄다,꺼서
끄다,꺼야
끄다,꺼야만
끄다,꺼야지
끄다,꺼요
끄다,꺼지이다
끄다,껐
끄다,껐었
끄다,끈다마는
끌다,끈다마는
끄다,끈다손
끌다,끈다손
끄다,끈다오
끌다,끈다오
끄다,끈다지
끌다,끈다지
끄다,끈단다
끌다,끈단다
끄다,끈담
끌다,끈담
끄다,끌거나
끄다,끌깝쇼
끄다,끌라치면
끄다,끌락
끄다,끌작시면
끄다,끌지며
끄다,끔세
끌다,끔세
끄다,끕시사
끌다,끕시사
끄다,끕시오
끌다,끕시오
끄다,꺼다
끄다,꺼다가
끄르다,끌러
끄르다,끌러도
끄르다,끌러서
끄르다,끌러야
끄르다,끌러야만
끄르다,끌러야지
끄르다,끌러요
끄르다,끌러지이다
끄르다,끌렀
끄르다,끌렀었
끄르다,끌러다
끄르다,끌러다가
끌다,끄나
끌다,끄나마
끌다,끄니
끌다,끄니까는
끌다,끄니만치
끌다,끄니만큼
끌다,끄려거든
끌다,끄려고
끌다,끄려나
끌다,끄려니
끌다,끄려니와
끌다,끄려면
끌다,끄련마는
끌다,끄련만
끌다,끄렷다
끌다,끄리
끌다,끄리까
끌다,끄리니
끌다,끄리니라
끌다,끄리다
끌다,끄리라
끌다,끄리로다
끌다,끄리오
끌다,끄매
끌다,끄므로
끌다,끄시
끌다,끄시어요
끌다,끄락
끌다,끄리만치
끌다,끄리만큼
끌다,끄사
끌다,끄소서
끌다,끄오
끌다,끄오니까
끌다,끄오리까
끌다,끄오리다
끌다,끄오리이까
끌다,끄오리이다
끌다,끄오이다
끌다,끄옵
끌다,끄옵나이까
끌다,끄옵나이다
끌다,끄옵니까
끌다,끄옵니다
끌다,끄옵디까
끌다,끄옵디다
끌다,끄옵소서
끌다,끄옵시
끌다,끄와
끌다,끄외다
끌다,끄랴
끌다,끄려든
끌다,끄려무나
끌다,끄렴
끌다,끄마
끌다,끄사이다
끌다,끄시압
끌다,끄십사
뉘다,뉜걸
뉘다,뉜들
뉘다,뉜바
뉘다,뉜즉
뉘다,뉜즉슨
뉘다,뉠
뉘다,뉠걸
뉘다,뉠까
뉘다,뉠는지
뉘다,뉠라
뉘다,뉠라고
뉘다,뉠러니
뉘다,뉠러라
뉘다,뉠런고
뉘다,뉠레
뉘다,뉠레라
뉘다,뉠망정
뉘다,뉠밖에
뉘다,뉠뿐더러
뉘다,뉠사
뉘다,뉠새
뉘다,뉠세
뉘다,뉠세라
뉘다,뉠세말이지
뉘다,뉠수록
뉘다,뉠시
뉘다,뉠쏘냐
뉘다,뉠쏜가
뉘다,뉠지
뉘다,뉠지나
뉘다,뉠지니
뉘다,뉠지니라
뉘다,뉠지라
뉘다,뉠지라도
뉘다,뉠지로다
뉘다,뉠지어다
뉘다,뉠지언정
뉘다,뉠진대
뉘다,뉠진대는
뉘다,뉠진댄
뉘다,뉠진저
뉘다,뉨
뉘다,뉨에도
뉘다,뉨에랴
뉘다,뉩네
뉘다,뉩늰다
뉘다,뉩니까
뉘다,뉩니다
뉘다,뉩디까
뉘다,뉩디다
뉘다,뉩딘다
뉘다,뉩죠
뉘다,뉩지요
뉘다,뉜
뉘다,뉜다
뉘다,뉜다고
뉘다,뉜다나
뉘다,뉜다네
뉘다,뉜다느니
뉘다,뉜다니
뉘다,뉜다니까
뉘다,뉜다더라
뉘다,뉜다마는
뉘다,뉜다며
뉘다,뉜다면
뉘다,뉜다면서
뉘다,뉜다손
뉘다,뉜다오
뉘다,뉜다지
뉘다,뉜단다
뉘다,뉜담
뉘다,뉜답니까
뉘다,뉜답니다
뉘다,뉜답시고
뉘다,뉜대
뉘다,뉜대요
뉘다,뉠거나
뉘다,뉠게
뉘다,뉠깝쇼
뉘다,뉠라치면
뉘다,뉠락
뉘다,뉠래
뉘다,뉠작시면
뉘다,뉠지며
뉘다,뉨세
뉘다,뉩시다
뉘다,뉩시사
뉘다,뉩시오
나르다,날라다
나르다,날라다가
라다,란걸
랗다,란걸
라다,란들
랗다,란들
라다,란바
라다,란즉
랗다,란즉
라다,란즉슨
랗다,란즉슨
라다,랄
랗다,랄
라다,랄걸
랗다,랄걸
라다,랄까
랗다,랄까
라다,랄는지
랗다,랄는지
라다,랄라
랗다,랄라
라다,랄라고
랗다,랄라고
라다,랄러니
랗다,랄러니
라다,랄러라
랗다,랄러라
라다,랄런고
랗다,랄런고
라다,랄레
랗다,랄레
라다,랄레라
랗다,랄레라
라다,랄망정
랗다,랄망정
라다,랄밖에
랗다,랄밖에
라다,랄뿐더러
랗다,랄뿐더러
라다,랄사
라다,랄새
랗다,랄새
라다,랄세
랗다,랄세
라다,랄세라
랗다,랄세라
라다,랄세말이지
랗다,랄세말이지
라다,랄수록
랗다,랄수록
라다,랄시
랗다,랄시
라다,랄쏘냐
랗다,랄쏘냐
라다,랄쏜가
랗다,랄쏜가
라다,랄지
랗다,랄지
라다,랄지나
랗다,랄지나
라다,랄지니
랗다,랄지니
라다,랄지니라
랗다,랄지니라
라다,랄지라
랗다,랄지라
라다,랄지라도
랗다,랄지라도
라다,랄지로다
랗다,랄지로다
라다,랄지어다
랗다,랄지어다
라다,랄지언정
랗다,랄지언정
라다,랄진대
랗다,랄진대
라다,랄진대는
랗다,랄진대는
라다,랄진댄
라다,랄진저
랗다,랄진저
라다,람
랗다,람
라다,람에도
랗다,람에도
라다,람에랴
랗다,람에랴
라다,랍네
라다,랍늰다
라다,랍니까
다,랍니까
라다,랍니다
다,랍니다
라다,랍디까
라다,랍디다
라다,랍딘다
라다,랍죠
라다,랍지요
라다,랐
르다,랐
라다,랐었
르다,랐었
라다,랐자
라다,란
랗다,란
라다,란다
다,란다
라다,란다고
라다,란다나
라다,란다네
라다,란다느니
라다,란다니
라다,란다니까
라다,란다더라
라다,란다마는
라다,란다며
라다,란다면
라다,란다면서
라다,란다손
라다,란다오
라다,란다지
라다,란단다
라다,란담
라다,란답니까
라다,란답니다
라다,란답시고
라다,란대
라다,란대요
라다,랄거나
라다,랄게
라다,랄깝쇼
라다,랄라치면
라다,랄락
라다,랄래
라다,랄작시면
라다,랄지며
랗다,랄지며
라다,람세
라다,랍시다
라다,랍시사
라다,랍시오
랗다,랍시오
쁘다,쁜걸
쁘다,쁜들
쁘다,쁜바
쁘다,쁜즉
쁘다,쁜즉슨
쁘다,쁠
쁘다,쁠걸
쁘다,쁠까
쁘다,쁠는지
쁘다,쁠라
쁘다,쁠라고
쁘다,쁠러니
쁘다,쁠러라
쁘다,쁠런고
쁘다,쁠레
쁘다,쁠레라
쁘다,쁠망정
쁘다,쁠밖에
쁘다,쁠뿐더러
쁘다,쁠사
쁘다,쁠새
쁘다,쁠세
쁘다,쁠세라
쁘다,쁠세말이지
쁘다,쁠수록
쁘다,쁠시
쁘다,쁠쏘냐
쁘다,쁠쏜가
쁘다,쁠지
쁘다,쁠지나
쁘다,쁠지니
쁘다,쁠지니라
쁘다,쁠지라
쁘다,쁠지라도
쁘다,쁠지로다
쁘다,쁠지어다
쁘다,쁠지언정
쁘다,쁠진대
쁘다,쁠진대는
쁘다,쁠진댄
쁘다,쁠진저
쁘다,쁨
쁘다,쁨에도
쁘다,쁨에랴
쁘다,쁩네
쁘다,쁩늰다
쁘다,쁩니까
쁘다,쁩니다
쁘다,쁩디까
쁘다,쁩디다
쁘다,쁩딘다
쁘다,쁩죠
쁘다,쁩지요
쁘다,빠
쁘다,빠도
쁘다,빠라
쁘다,빠서
쁘다,빠야
쁘다,빠야만
쁘다,빠야지
쁘다,빠요
쁘다,빠지이다
쁘다,빴
쁘다,빴었
쁘다,쁜뎁쇼
쁘다,쁜가
쁘다,쁜감
쁘다,쁜고
쁘다,쁜데
쁘다,쁜지
쁘다,쁠시고
날다,나나
날다,나나마
날다,나니까
날다,나니까는
날다,나니만치
날다,나니만큼
날다,나려거든
날다,나려고
날다,나려나
날다,나려니
날다,나려니와
날다,나려면
날다,나련마는
날다,나련만
날다,나렷다
날다,나리
날다,나리까
날다,나리니
날다,나리니라
날다,나리다
날다,나리라
날다,나리로다
날다,나리오
날다,나매
날다,나며
날다,나면
날다,나면서
날다,나므로
날다,나세요
날다,나셔요
날다,나시
날다,나시어요
날다,나락
날다,나리만치
날다,나리만큼
날다,나사
날다,나소서
날다,나오
날다,나오니까
날다,나오리까
날다,나오리다
날다,나오리이까
날다,나오리이다
날다,나오이다
날다,나옵
날다,나옵나이까
날다,나옵나이다
날다,나옵니까
날다,나옵니다
날다,나옵디까
날다,나옵디다
날다,나옵소서
날다,나옵시
날다,나와
날다,나외다
날다,나라고
날다,나랴
날다,나러
날다,나려
날다,나려든
날다,나려무나
날다,나렴
날다,나사이다
날다,나세
날다,나시라
날다,나시압
날다,나십사
날다,나십시다
날다,나십시오
낫다,나아
낫다,나아도
낫다,나아라
낫다,나아서
낫다,나아야
낫다,나아야만
낫다,나아야지
낫다,나아요
낫다,나아지이다
낫다,나았
낫다,나았었
낫다,나았자
낫다,나으나
낫다,나으나마
낫다,나으니
낫다,나으니까
낫다,나으니까는
낫다,나으니만치
낫다,나으니만큼
낫다,나으려니와
낫다,나으려면
낫다,나으련마는
낫다,나으렷다
낫다,나으리
낫다,나으리까
낫다,나으리니
낫다,나으리니라
낫다,나으리다
낫다,나으리라
낫다,나으리로다
낫다,나으리만치
낫다,나으리만큼
낫다,나으리오
낫다,나으매
낫다,나으며
낫다,나으면
낫다,나으면서
낫다,나으므로
낫다,나으사
낫다,나으세요
낫다,나으셔요
낫다,나으소서
낫다,나으시
낫다,나으시어요
낫다,나으오
낫다,나으오니까
낫다,나으오리까
낫다,나으오리다
낫다,나으오리이까
낫다,나으오리이다
낫다,나으오이다
낫다,나으옵
낫다,나으옵나이까
낫다,나으옵나이다
낫다,나으옵니까
낫다,나으옵니다
낫다,나으옵디까
낫다,나으옵디다
낫다,나으옵소서
낫다,나으옵시
낫다,나으와
낫다,나으우
낫다,나은
낫다,나은걸
낫다,나은들
낫다,나은즉
낫다,나은즉슨
낫다,나을
낫다,나을걸
낫다,나을까
낫다,나을는지
낫다,나을라
낫다,나을라고
낫다,나을러니
낫다,나을러라
낫다,나을런가
낫다,나을런고
낫다,나을레
낫다,나을레라
낫다,나을망정
낫다,나을밖에
낫다,나을뿐더러
낫다,나을새
낫다,나을세
낫다,나을세라
낫다,나을세말이지
낫다,나을수록
낫다,나을시
낫다,나을쏘냐
낫다,나을쏜가
낫다,나을지
낫다,나을지나
낫다,나을지니
낫다,나을지니라
낫다,나을지라
낫다,나을지라도
낫다,나을지로다
낫다,나을지며
낫다,나을지어다
낫다,나을지언정
낫다,나을진대
낫다,나을진대는
낫다,나을진저
낫다,나음
낫다,나음에도
낫다,나음에랴
낫다,나읍시오
낫다,나으냐
낫다,나으냐고
낫다,나으뇨
낫다,나으니라
낫다,나으이
낫다,나은가
낫다,나은감
낫다,나은고
낫다,나은데
낫다,나은뎁쇼
낫다,나은지
낫다,나을데라니
낫다,나을시고
낫다,나아다
낫다,나아다가
낫다,나으라
낫다,나으라고
낫다,나으라나
낫다,나으라느니
낫다,나으라니까
낫다,나으라며
낫다,나으라면서
낫다,나으라손
낫다,나으락
낫다,나으란
낫다,나으람
낫다,나으랴
낫다,나으러
낫다,나으려
낫다,나으려거든
낫다,나으려고
낫다,나으려나
낫다,나으려니
낫다,나으려든
낫다,나으려무나
낫다,나으련
낫다,나으렴
낫다,나으렵니까
낫다,나으렵니다
낫다,나으마
낫다,나으사이다
낫다,나으세
낫다,나으시라
낫다,나으시압
낫다,나으십사
낫다,나으십시다
낫다,나으십시오
낫다,나을거나
낫다,나을게
낫다,나을깝쇼
낫다,나을라치면
낫다,나을락
낫다,나을래
낫다,나을작시면
낫다,나음세
낫다,나읍시다
낫다,나읍시사
모르다,몰라다
모르다,몰라다가
설다,서나
설다,서나마
설다,서니
설다,서니까
설다,서니까는
설다,서니만치
설다,서니만큼
설다,서려거든
설다,서려고
설다,서려나
설다,서려니
설다,서려니와
설다,서려면
설다,서련마는
설다,서련만
설다,서렷다
설다,서리
설다,서리까
설다,서리니
설다,서리니라
설다,서리다
설다,서리라
설다,서리로다
설다,서리오
설다,서매
설다,서며
설다,서면
설다,서면서
설다,서므로
설다,서세요
설다,서셔요
설다,서시
설다,서시어요
설다,서락
설다,서리만치
설다,서리만큼
설다,서사
설다,서소서
설다,서오
설다,서오니까
설다,서오리까
설다,서오리다
설다,서오리이까
설다,서오리이다
설다,서오이다
설다,서옵
설다,서옵나이까
설다,서옵나이다
설다,서옵니까
설다,서옵니다
설다,서옵디까
설다,서옵디다
설다,서옵소서
설다,서옵시
설다,서와
설다,서외다
설다,선가
설다,선감
설다,선고
설다,선데
설다,선지
설다,서냐
설다,서냐고
설다,서니라
달다,단걸
닿다,단걸
달다,단들
닿다,단들
달다,단바
달다,단즉
닿다,단즉
달다,단즉슨
닿다,단즉슨
달다,다나마
닿다,다나마
달다,다니까는
닿다,다니까는
달다,다니만치
닿다,다니만치
달다,다니만큼
닿다,다니만큼
달다,달
닿다,달
달다,다려거든
달다,다려고
달다,다려나
달다,다려니
달다,다려니와
닿다,다려니와
달다,다려면
닿다,다려면
달다,다련마는
닿다,다련마는
달다,다련만
달다,다렷다
닿다,다렷다
달다,다리
닿다,다리
달다,다리까
닿다,다리까
달다,다리니
닿다,다리니
달다,다리니라
닿다,다리니라
달다,다리다
닿다,다리다
달다,다리라
닿다,다리라
달다,다리로다
닿다,다리로다
달다,다리오
닿다,다리오
달다,담에도
닿다,담에도
달다,담에랴
닿다,담에랴
달다,다매
닿다,다매
달다,다므로
닿다,다므로
달다,답네
달다,답늰다
달다,답디까
달다,답디다
달다,답딘다
달다,답죠
달다,답지요
달다,다세요
닿다,다세요
달다,다셔요
닿다,다셔요
달다,다시
닿다,다시
달다,다시어요
닿다,다시어요
달다,다락
달다,다리만치
닿다,다리만치
달다,다리만큼
닿다,다리만큼
달다,다사
닿다,다사
달다,다소서
닿다,다소서
달다,다오
닿다,다오
달다,다오니까
닿다,다오니까
달다,다오리까
닿다,다오리까
달다,다오리다
닿다,다오리다
달다,다오리이까
닿다,다오리이까
달다,다오리이다
닿다,다오리이다
달다,다오이다
닿다,다오이다
달다,다옵
닿다,다옵
달다,다옵나이까
닿다,다옵나이까
달다,다옵나이다
닿다,다옵나이다
달다,다옵니까
닿다,다옵니까
달다,다옵니다
닿다,다옵니다
달다,다옵디까
닿다,다옵디까
달다,다옵디다
닿다,다옵디다
달다,다옵소서
닿다,다옵소서
달다,다옵시
닿다,다옵시
달다,다와
닿다,다와
달다,다외다
달다,단
닿다,단
달다,단다고
달다,단다나
달다,단다네
달다,단다느니
달다,단다니
달다,단다니까
달다,단다더라
달다,단다마는
달다,단다며
달다,단다면
달다,단다면서
달다,단다손
달다,단다오
달다,단다지
달다,단단다
달다,단담
달다,단답니까
달다,단답니다
달다,단답시고
달다,단대
달다,단대요
달다,다라고
달다,다랴
달다,다러
달다,다려
달다,다려든
달다,다려무나
달다,다렴
달다,담세
달다,다마
달다,답시다
달다,답시사
달다,답시오
닿다,답시오
달다,다사이다
달다,다세
달다,다시라
달다,다시압
달다,다십사
달다,다십시다
달다,다십시오
두르다,둘러
두르다,둘러도
두르다,둘러서
두르다,둘러야
두르다,둘러야만
두르다,둘러야지
두르다,둘러요
두르다,둘러지이다
두르다,둘렀
두르다,둘렀었
두르다,둘러다
두르다,둘러다가
쓰다,쓴바
쓸다,쓴바
쓰다,쓴즉
쓸다,쓴즉
쓰다,쓴즉슨
쓸다,쓴즉슨
쓸다,쓸
쓰다,쓸레
쓰다,쓸레라
쓰다,쓸사
쓰다,쓸새
쓰다,쓸세
쓰다,쓸세라
쓰다,쓸세말이지
쓰다,쓸시
쓰다,쓸쏘냐
쓰다,쓸쏜가
쓰다,쓸지
쓰다,쓸지나
쓰다,쓸지니
쓰다,쓸지니라
쓰다,쓸지라
쓰다,쓸지로다
쓰다,쓸지어다
쓰다,쓸지언정
쓰다,쓸진대
쓰다,쓸진대는
쓰다,쓸진댄
쓰다,쓸진저
쓰다,씀
쓸다,씀
쓰다,씀에도
쓸다,씀에도
쓰다,씀에랴
쓸다,씀에랴
쓰다,씁네
쓸다,씁네
쓰다,씁늰다
쓸다,씁늰다
쓰다,씁니까
쓸다,씁니까
쓰다,씁니다
쓸다,씁니다
쓰다,씁디까
쓸다,씁디까
쓰다,씁디다
쓸다,씁디다
쓰다,씁딘다
쓸다,씁딘다
쓰다,씁죠
쓸다,씁죠
쓰다,씁지요
쓸다,씁지요
쓰다,써
쓰다,써도
쓰다,써라
쓰다,써서
쓰다,써야
쓰다,써야만
쓰다,써야지
쓰다,써요
쓰다,써지이다
쓰다,썼
쓰다,썼었
쓸다,쓴다나
쓸다,쓴다느니
쓸다,쓴다니까
쓸다,쓴다더라
쓰다,쓴다마는
쓸다,쓴다마는
쓸다,쓴다며
쓰다,쓴다손
쓸다,쓴다손
쓰다,쓴다오
쓸다,쓴다오
쓰다,쓴다지
쓸다,쓴다지
쓰다,쓴단다
쓸다,쓴단다
쓰다,쓴담
쓸다,쓴담
쓰다,쓸깝쇼
쓰다,쓸라치면
쓰다,쓸락
쓰다,쓸작시면
쓰다,쓸지며
쓰다,씀세
쓸다,씀세
쓰다,씁시사
쓸다,씁시사
쓰다,씁시오
쓸다,씁시오
쓰다,써다
쓰다,써다가
리다,린뎁쇼
리다,린가
리다,린감
리다,린고
리다,린데
리다,린지
리다,릴시고
누르다,눌러
누르다,눌러도
누르다,눌러서
누르다,눌러야
누르다,눌러야만
누르다,눌러야지
누르다,눌러요
누르다,눌러지이다
누르다,눌렀
누르다,눌렀었
누르다,눌러다
누르다,눌러다가
밀다,미나
밀다,미니까는
밀다,미니만치
밀다,미니만큼
밀다,미려거든
밀다,미려고
밀다,미려나
밀다,미려니
밀다,미려니와
밀다,미려면
밀다,미련마는
밀다,미련만
밀다,미렷다
밀다,미리
밀다,미리까
밀다,미리니
밀다,미리니라
밀다,미리다
밀다,미리라
밀다,미리로다
밀다,미리오
밀다,미매
밀다,미므로
밀다,미세요
밀다,미시
밀다,미시어요
밀다,미락
밀다,미리만치
밀다,미리만큼
밀다,미사
밀다,미소서
밀다,미오
밀다,미오니까
밀다,미오리까
밀다,미오리다
밀다,미오리이까
밀다,미오리이다
밀다,미오이다
밀다,미옵
밀다,미옵나이까
밀다,미옵나이다
밀다,미옵니까
밀다,미옵니다
밀다,미옵디까
밀다,미옵디다
밀다,미옵소서
밀다,미옵시
밀다,미와
밀다,미외다
밀다,미라고
밀다,미랴
밀다,미러
밀다,미려
밀다,미려든
밀다,미려무나
밀다,미렴
밀다,미마
밀다,미사이다
밀다,미세
밀다,미시라
밀다,미시압
밀다,미십사
붓다,부어
붓다,부어도
붓다,부어라
붓다,부어서
붓다,부어야
붓다,부어야만
붓다,부어야지
붓다,부어요
붓다,부어지이다
붓다,부었
붓다,부었었
붓다,부으나
붓다,부으나마
붓다,부으니
붓다,부으니까
붓다,부으니까는
붓다,부으니만치
붓다,부으니만큼
붓다,부으려니와
붓다,부으려면
붓다,부으련마는
붓다,부으렷다
붓다,부으리
붓다,부으리까
붓다,부으리니
붓다,부으리니라
붓다,부으리다
붓다,부으리라
붓다,부으리로다
붓다,부으리만치
붓다,부으리만큼
붓다,부으리오
붓다,부으매
붓다,부으며
붓다,부으면
붓다,부으면서
붓다,부으므로
붓다,부으사
붓다,부으세요
붓다,부으셔요
붓다,부으소서
붓다,부으시
붓다,부으시어요
붓다,부으오
붓다,부으오니까
붓다,부으오리까
붓다,부으오리다
붓다,부으오리이까
붓다,부으오리이다
붓다,부으오이다
붓다,부으옵
붓다,부으옵나이까
붓다,부으옵나이다
붓다,부으옵니까
붓다,부으옵니다
붓다,부으옵디까
붓다,부으옵디다
붓다,부으옵소서
붓다,부으옵시
붓다,부으와
붓다,부으우
붓다,부은
붓다,부은걸
붓다,부은들
붓다,부은즉
붓다,부은즉슨
붓다,부을
붓다,부을까
붓다,부을는지
붓다,부을라
붓다,부을라고
붓다,부을러니
붓다,부을러라
붓다,부을런가
붓다,부을런고
붓다,부을레
붓다,부을레라
붓다,부을망정
붓다,부을뿐더러
붓다,부을새
붓다,부을세
붓다,부을세라
붓다,부을세말이지
붓다,부을시
붓다,부을쏘냐
붓다,부을쏜가
붓다,부을지나
붓다,부을지니
붓다,부을지니라
붓다,부을지라
붓다,부을지라도
붓다,부을지로다
붓다,부을지어다
붓다,부을지언정
붓다,부을진대
붓다,부을진대는
붓다,부을진저
붓다,부음
붓다,부음에랴
붓다,부으라
붓다,부으라고
붓다,부으라나
붓다,부으라느니
붓다,부으라니까
붓다,부으라며
붓다,부으라면서
붓다,부으라손
붓다,부으락
붓다,부으란
붓다,부으람
붓다,부으랴
붓다,부으려
붓다,부으려거든
붓다,부으려고
붓다,부으려나
붓다,부으려니
붓다,부으려든
붓다,부으려무나
붓다,부으련
붓다,부으렴
붓다,부으렵니까
붓다,부으렵니다
붓다,부으마
붓다,부으사이다
붓다,부으세
붓다,부으시라
붓다,부으시압
붓다,부으십사
붓다,부으십시다
붓다,부으십시오
붓다,부을거나
붓다,부을게
붓다,부을깝쇼
붓다,부을라치면
붓다,부을락
붓다,부을래
붓다,부을작시면
붓다,부음세
붓다,부읍시사
붓다,부어다
붓다,부어다가
쉬다,쉰걸
쉬다,쉰들
쉬다,쉰바
쉬다,쉰즉
쉬다,쉰즉슨
쉬다,쉴
쉬다,쉴걸
쉬다,쉴까
쉬다,쉴는지
쉬다,쉴라
쉬다,쉴라고
쉬다,쉴러니
쉬다,쉴러라
쉬다,쉴런고
쉬다,쉴레
쉬다,쉴레라
쉬다,쉴망정
쉬다,쉴밖에
쉬다,쉴뿐더러
쉬다,쉴사
쉬다,쉴새
쉬다,쉴세
쉬다,쉴세라
쉬다,쉴세말이지
쉬다,쉴수록
쉬다,쉴시
쉬다,쉴쏘냐
쉬다,쉴쏜가
쉬다,쉴지
쉬다,쉴지나
쉬다,쉴지니
쉬다,쉴지니라
쉬다,쉴지라
쉬다,쉴지라도
쉬다,쉴지로다
쉬다,쉴지어다
쉬다,쉴지언정
쉬다,쉴진대
쉬다,쉴진대는
쉬다,쉴진댄
쉬다,쉴진저
쉬다,쉼
쉬다,쉼에도
쉬다,쉼에랴
쉬다,쉽네
쉬다,쉽늰다
쉬다,쉽니까
쉬다,쉽니다
쉬다,쉽디까
쉬다,쉽디다
쉬다,쉽딘다
쉬다,쉽죠
쉬다,쉽지요
쉬다,쉰
쉬다,쉰다
쉬다,쉰다고
쉬다,쉰다나
쉬다,쉰다네
쉬다,쉰다느니
쉬다,쉰다니
쉬다,쉰다니까
쉬다,쉰다더라
쉬다,쉰다마는
쉬다,쉰다며
쉬다,쉰다면
쉬다,쉰다면서
쉬다,쉰다손
쉬다,쉰다오
쉬다,쉰다지
쉬다,쉰단다
쉬다,쉰담
쉬다,쉰답니까
쉬다,쉰답니다
쉬다,쉰답시고
쉬다,쉰대
쉬다,쉰대요
쉬다,쉴거나
쉬다,쉴게
쉬다,쉴깝쇼
쉬다,쉴라치면
쉬다,쉴락
쉬다,쉴래
쉬다,쉴작시면
쉬다,쉴지며
쉬다,쉼세
쉬다,쉽시다
쉬다,쉽시사
쉬다,쉽시오
쓸다,쓰나
쓸다,쓰나마
쓸다,쓰니
쓸다,쓰니까
쓸다,쓰니까는
쓸다,쓰니만치
쓸다,쓰니만큼
쓸다,쓰려거든
쓸다,쓰려고
쓸다,쓰려나
쓸다,쓰려니
쓸다,쓰려니와
쓸다,쓰려면
쓸다,쓰련마는
쓸다,쓰련만
쓸다,쓰렷다
쓸다,쓰리
쓸다,쓰리까
쓸다,쓰리니
쓸다,쓰리니라
쓸다,쓰리다
쓸다,쓰리라
쓸다,쓰리로다
쓸다,쓰리오
쓸다,쓰매
쓸다,쓰며
쓸다,쓰면
쓸다,쓰면서
쓸다,쓰므로
쓸다,쓰시
쓸다,쓰시어요
쓸다,쓰락
쓸다,쓰리만치
쓸다,쓰리만큼
쓸다,쓰사
쓸다,쓰소서
쓸다,쓰오
쓸다,쓰오니까
쓸다,쓰오리까
쓸다,쓰오리다
쓸다,쓰오리이까
쓸다,쓰오리이다
쓸다,쓰오이다
쓸다,쓰옵
쓸다,쓰옵나이까
쓸다,쓰옵나이다
쓸다,쓰옵니까
쓸다,쓰옵니다
쓸다,쓰옵디까
쓸다,쓰옵디다
쓸다,쓰옵소서
쓸다,쓰옵시
쓸다,쓰와
쓸다,쓰외다
쓸다,쓰라고
쓸다,쓰랴
쓸다,쓰러
쓸다,쓰려
쓸다,쓰려든
쓸다,쓰려무나
쓸다,쓰렴
쓸다,쓰마
쓸다,쓰사이다
쓸다,쓰세
쓸다,쓰시라
쓸다,쓰시압
쓸다,쓰십사
쓸다,쓰십시다
쓸다,쓰십시오
쬐다,쬔걸
쬐다,쬔들
쬐다,쬔바
쬐다,쬔즉
쬐다,쬔즉슨
쬐다,쬘
쬐다,쬘걸
쬐다,쬘까
쬐다,쬘는지
쬐다,쬘라
쬐다,쬘라고
쬐다,쬘러니
쬐다,쬘러라
쬐다,쬘런고
쬐다,쬘레
쬐다,쬘레라
쬐다,쬘망정
쬐다,쬘밖에
쬐다,쬘뿐더러
쬐다,쬘사
쬐다,쬘새
쬐다,쬘세
쬐다,쬘세라
쬐다,쬘세말이지
쬐다,쬘수록
쬐다,쬘시
쬐다,쬘쏘냐
쬐다,쬘쏜가
쬐다,쬘지
쬐다,쬘지나
쬐다,쬘지니
쬐다,쬘지니라
쬐다,쬘지라
쬐다,쬘지라도
쬐다,쬘지로다
쬐다,쬘지어다
쬐다,쬘지언정
쬐다,쬘진대
쬐다,쬘진대는
쬐다,쬘진댄
쬐다,쬘진저
쬐다,쬠
쬐다,쬠에도
쬐다,쬠에랴
쬐다,쬡네
쬐다,쬡늰다
쬐다,쬡니까
쬐다,쬡니다
쬐다,쬡디까
쬐다,쬡디다
쬐다,쬡딘다
쬐다,쬡죠
쬐다,쬡지요
쬐다,쫴
쬐다,쫴도
쬐다,쫴라
쬐다,쫴서
쬐다,쫴야
쬐다,쫴야만
쬐다,쫴야지
쬐다,쫴요
쬐다,쫴지이다
쬐다,쬈
쬐다,쬈었
쬐다,쬔
쬐다,쬔다
쬐다,쬔다고
쬐다,쬔다나
쬐다,쬔다네
쬐다,쬔다느니
쬐다,쬔다니
쬐다,쬔다니까
쬐다,쬔다더라
쬐다,쬔다마는
쬐다,쬔다며
쬐다,쬔다면
쬐다,쬔다면서
쬐다,쬔다손
쬐다,쬔다오
쬐다,쬔다지
쬐다,쬔단다
쬐다,쬔담
쬐다,쬔답니까
쬐다,쬔답니다
쬐다,쬔답시고
쬐다,쬔대
쬐다,쬔대요
쬐다,쬘거나
쬐다,쬘게
쬐다,쬘깝쇼
쬐다,쬘라치면
쬐다,쬘락
쬐다,쬘래
쬐다,쬘작시면
쬐다,쬘지며
쬐다,쬠세
쬐다,쬡시다
쬐다,쬡시사
쬐다,쬡시오
쬐다,쫴다
쬐다,쫴다가
배다,밴걸
배다,밴들
배다,밴바
배다,밴즉
배다,밴즉슨
배다,밸
배다,밸걸
배다,밸까
배다,밸는지
배다,밸라
배다,밸라고
배다,밸러니
배다,밸러라
배다,밸런고
배다,밸레
배다,밸레라
배다,밸망정
배다,밸밖에
배다,밸뿐더러
배다,밸사
배다,밸새
배다,밸세
배다,밸세라
배다,밸세말이지
배다,밸수록
배다,밸시
배다,밸쏘냐
배다,밸쏜가
배다,밸지
배다,밸지나
배다,밸지니
배다,밸지니라
배다,밸지라
배다,밸지라도
배다,밸지로다
배다,밸지어다
배다,밸지언정
배다,밸진대
배다,밸진대는
배다,밸진댄
배다,밸진저
배다,뱀
배다,뱀에도
배다,뱀에랴
배다,뱁네
배다,뱁늰다
배다,뱁니까
배다,뱁니다
배다,뱁디까
배다,뱁디다
배다,뱁딘다
배다,뱁죠
배다,뱁지요
배다,배
배다,뱄
배다,뱄었
배다,밴
배다,밴다
배다,밴다고
배다,밴다나
배다,밴다네
배다,밴다느니
배다,밴다니
배다,밴다니까
배다,밴다더라
배다,밴다마는
배다,밴다며
배다,밴다면
배다,밴다면서
배다,밴다손
배다,밴다오
배다,밴다지
배다,밴단다
배다,밴담
배다,밴답니까
배다,밴답니다
배다,밴답시고
배다,밴대
배다,밴대요
배다,밸거나
배다,밸게
배다,밸깝쇼
배다,밸라치면
배다,밸락
배다,밸래
배다,밸작시면
배다,밸지며
배다,뱀세
배다,뱁시다
배다,뱁시사
배다,뱁시오
빼다,뺀걸
빼다,뺀들
빼다,뺀바
빼다,뺀즉
빼다,뺀즉슨
빼다,뺄
빼다,뺄걸
빼다,뺄까
빼다,뺄는지
빼다,뺄라
빼다,뺄라고
빼다,뺄러니
빼다,뺄러라
빼다,뺄런고
빼다,뺄레
빼다,뺄레라
빼다,뺄망정
빼다,뺄밖에
빼다,뺄뿐더러
빼다,뺄사
빼다,뺄새
빼다,뺄세
빼다,뺄세라
빼다,뺄세말이지
빼다,뺄수록
빼다,뺄시
빼다,뺄쏘냐
빼다,뺄쏜가
빼다,뺄지
빼다,뺄지나
빼다,뺄지니
빼다,뺄지니라
빼다,뺄지라
빼다,뺄지라도
빼다,뺄지로다
빼다,뺄지어다
빼다,뺄지언정
빼다,뺄진대
빼다,뺄진대는
빼다,뺄진댄
빼다,뺄진저
빼다,뺌
빼다,뺌에도
빼다,뺌에랴
빼다,뺍네
빼다,뺍늰다
빼다,뺍니까
빼다,뺍니다
빼다,뺍디까
빼다,뺍디다
빼다,뺍딘다
빼다,뺍죠
빼다,뺍지요
빼다,빼
빼다,뺐
빼다,뺐었
빼다,뺀
빼다,뺀다
빼다,뺀다고
빼다,뺀다나
빼다,뺀다네
빼다,뺀다느니
빼다,뺀다니
빼다,뺀다니까
빼다,뺀다더라
빼다,뺀다마는
빼다,뺀다며
빼다,뺀다면
빼다,뺀다면서
빼다,뺀다손
빼다,뺀다오
빼다,뺀다지
빼다,뺀단다
빼다,뺀담
빼다,뺀답니까
빼다,뺀답니다
빼다,뺀답시고
빼다,뺀대
빼다,뺀대요
빼다,뺄거나
빼다,뺄게
빼다,뺄깝쇼
빼다,뺄라치면
빼다,뺄락
빼다,뺄래
빼다,뺄작시면
빼다,뺄지며
빼다,뺌세
빼다,뺍시다
빼다,뺍시사
빼다,뺍시오
쏠다,쏜걸
쏘다,쏜들
쏠다,쏜들
쏘다,쏜바
쏠다,쏜바
쏘다,쏜즉
쏠다,쏜즉
쏘다,쏜즉슨
쏠다,쏜즉슨
쏠다,쏠
쏘다,쏠걸
쏘다,쏠레
쏘다,쏠레라
쏘다,쏠사
쏘다,쏠새
쏘다,쏠세
쏘다,쏠세라
쏘다,쏠세말이지
쏘다,쏠시
쏘다,쏠쏘냐
쏘다,쏠쏜가
쏘다,쏠지
쏘다,쏠지나
쏘다,쏠지니
쏘다,쏠지니라
쏘다,쏠지라
쏘다,쏠지로다
쏘다,쏠지어다
쏘다,쏠지언정
쏘다,쏠진대
쏘다,쏠진대는
쏘다,쏠진댄
쏘다,쏠진저
쏘다,쏨
쏠다,쏨
쏘다,쏨에도
쏠다,쏨에도
쏘다,쏨에랴
쏠다,쏨에랴
쏘다,쏩네
쏠다,쏩네
쏘다,쏩늰다
쏠다,쏩늰다
쏘다,쏩니까
쏠다,쏩니까
쏘다,쏩니다
쏠다,쏩니다
쏘다,쏩디까
쏠다,쏩디까
쏘다,쏩디다
쏠다,쏩디다
쏘다,쏩딘다
쏠다,쏩딘다
쏘다,쏩죠
쏠다,쏩죠
쏘다,쏩지요
쏠다,쏩지요
쏘다,쏴
쏘다,쏴도
쏘다,쏴라
쏘다,쏴서
쏘다,쏴야
쏘다,쏴야만
쏘다,쏴야지
쏘다,쏴요
쏘다,쏴지이다
쏘다,쐈
쏘다,쐈었
쏘다,쐈자
쏠다,쏜
쏠다,쏜다
쏠다,쏜다고
쏠다,쏜다나
쏠다,쏜다네
쏠다,쏜다느니
쏠다,쏜다니
쏠다,쏜다니까
쏠다,쏜다더라
쏘다,쏜다마는
쏠다,쏜다마는
쏠다,쏜다며
쏠다,쏜다면
쏠다,쏜다면서
쏘다,쏜다손
쏠다,쏜다손
쏘다,쏜다오
쏠다,쏜다오
쏘다,쏜다지
쏠다,쏜다지
쏘다,쏜단다
쏠다,쏜단다
쏘다,쏜담
쏠다,쏜담
쏠다,쏜답니까
쏠다,쏜답니다
쏠다,쏜답시고
쏠다,쏜대
쏠다,쏜대요
쏘다,쏠거나
쏘다,쏠깝쇼
쏘다,쏠라치면
쏘다,쏠락
쏘다,쏠작시면
쏘다,쏠지며
쏘다,쏨세
쏠다,쏨세
쏠다,쏩시다
쏘다,쏩시사
쏠다,쏩시사
쏘다,쏩시오
쏠다,쏩시오
쏘다,쏴다
쏘다,쏴다가
널다,너나
널다,너나마
널다,너니
널다,너니까
널다,너니까는
널다,너니만치
널다,너니만큼
널다,너려거든
널다,너려고
널다,너려나
널다,너려니
널다,너려니와
널다,너려면
널다,너련마는
널다,너련만
널다,너렷다
널다,너리
널다,너리까
널다,너리니
널다,너리니라
널다,너리다
널다,너리라
널다,너리로다
널다,너리오
널다,너매
널다,너며
널다,너면
널다,너면서
널다,너므로
널다,너세요
널다,너셔요
널다,너시
널다,너시어요
널다,너락
널다,너리만치
널다,너리만큼
널다,너사
널다,너소서
널다,너오
널다,너오니까
널다,너오리까
널다,너오리다
널다,너오리이까
널다,너오리이다
널다,너오이다
널다,너옵
널다,너옵나이까
널다,너옵나이다
널다,너옵니까
널다,너옵니다
널다,너옵디까
널다,너옵디다
널다,너옵소서
널다,너옵시
널다,너와
널다,너외다
널다,너라고
널다,너랴
널다,너러
널다,너려
널다,너려든
널다,너려무나
널다,너렴
널다,너마
널다,너사이다
널다,너세
널다,너시라
널다,너시압
널다,너십사
널다,너십시다
널다,너십시오
놀다,논바
놀다,논즉
놀다,논즉슨
놀다,노나
놀다,노니까는
놀다,노니만치
놀다,노니만큼
놀다,노려거든
놀다,노려고
놀다,노려나
놀다,노려니
놀다,노려니와
놀다,노려면
놀다,노련마는
놀다,노련만
놀다,노렷다
놀다,노리
놀다,노리까
놀다,노리니
놀다,노리니라
놀다,노리다
놀다,노리라
놀다,노리로다
놀다,노리오
놀다,놈
놀다,놈에도
놀다,놈에랴
놀다,노매
놀다,노므로
놀다,놉네
놀다,놉늰다
놀다,놉니까
놀다,놉니다
놀다,놉디까
놀다,놉디다
놀다,놉딘다
놀다,놉죠
놀다,놉지요
놀다,노시
놀다,노시어요
놀다,노락
놀다,노리만치
놀다,노리만큼
놀다,노사
놀다,노소서
놀다,노오
놀다,노오니까
놀다,노오리까
놀다,노오리다
놀다,노오리이까
놀다,노오리이다
놀다,노오이다
놀다,노옵
놀다,노옵나이까
놀다,노옵나이다
놀다,노옵니까
놀다,노옵니다
놀다,노옵디까
놀다,노옵디다
놀다,노옵소서
놀다,노옵시
놀다,노와
놀다,노외다
놀다,논
놀다,논다마는
놀다,논다손
놀다,논다오
놀다,논다지
놀다,논단다
놀다,논담
놀다,노랴
놀다,노려든
놀다,노려무나
놀다,노렴
놀다,놈세
놀다,노마
놀다,놉시사
놀다,놉시오
놀다,노사이다
놀다,노시압
놀다,노십사
흐르다,흘러
흐르다,흘러도
흐르다,흘러라
흐르다,흘러서
흐르다,흘러야
흐르다,흘러야만
흐르다,흘러야지
흐르다,흘러요
흐르다,흘러지이다
흐르다,흘렀
흐르다,흘렀었
흐르다,흘러다
흐르다,흘러다가
놀다,논가
놀다,논감
놀다,논고
놀다,논데
놀다,논지
놀다,노냐
놀다,노냐고
놀다,노니라
래다,랜걸
래다,랜들
래다,랜바
래다,랜즉
래다,랜즉슨
래다,랠
래다,랠걸
래다,랠까
래다,랠는지
래다,랠라
래다,랠라고
래다,랠러니
래다,랠러라
래다,랠런고
래다,랠레
래다,랠레라
래다,랠망정
래다,랠밖에
래다,랠뿐더러
래다,랠사
래다,랠새
래다,랠세
래다,랠세라
래다,랠세말이지
래다,랠수록
래다,랠시
래다,랠쏘냐
래다,랠쏜가
래다,랠지
래다,랠지나
래다,랠지니
래다,랠지니라
래다,랠지라
래다,랠지라도
래다,랠지로다
래다,랠지어다
래다,랠지언정
래다,랠진대
래다,랠진대는
래다,랠진댄
래다,랠진저
래다,램
래다,램에도
래다,램에랴
래다,랩네
래다,랩늰다
래다,랩니까
래다,랩니다
래다,랩디까
래다,랩디다
래다,랩딘다
래다,랩죠
래다,랩지요
래다,랜
래다,랜다
래다,랜다고
래다,랜다나
래다,랜다네
래다,랜다느니
래다,랜다니
래다,랜다니까
래다,랜다더라
래다,랜다마는
래다,랜다며
래다,랜다면
래다,랜다면서
래다,랜다손
래다,랜다오
래다,랜다지
래다,랜단다
래다,랜담
래다,랜답니까
래다,랜답니다
래다,랜답시고
래다,랜대
래다,랜대요
래다,랠거나
래다,랠게
래다,랠깝쇼
래다,랠라치면
래다,랠락
래다,랠래
래다,랠작시면
래다,랠지며
래다,램세
래다,랩시다
래다,랩시사
래다,랩시오
뇌다,뇐걸
뇌다,뇐들
뇌다,뇐바
뇌다,뇐즉
뇌다,뇐즉슨
뇌다,뇔
뇌다,뇔걸
뇌다,뇔까
뇌다,뇔는지
뇌다,뇔라
뇌다,뇔라고
뇌다,뇔러니
뇌다,뇔러라
뇌다,뇔런고
뇌다,뇔레
뇌다,뇔레라
뇌다,뇔망정
뇌다,뇔밖에
뇌다,뇔뿐더러
뇌다,뇔사
뇌다,뇔새
뇌다,뇔세
뇌다,뇔세라
뇌다,뇔세말이지
뇌다,뇔수록
뇌다,뇔시
뇌다,뇔쏘냐
뇌다,뇔쏜가
뇌다,뇔지
뇌다,뇔지나
뇌다,뇔지니
뇌다,뇔지니라
뇌다,뇔지라
뇌다,뇔지라도
뇌다,뇔지로다
뇌다,뇔지어다
뇌다,뇔지언정
뇌다,뇔진대
뇌다,뇔진대는
뇌다,뇔진댄
뇌다,뇔진저
뇌다,뇜
뇌다,뇜에도
뇌다,뇜에랴
뇌다,뇝네
뇌다,뇝늰다
뇌다,뇝니까
뇌다,뇝니다
뇌다,뇝디까
뇌다,뇝디다
뇌다,뇝딘다
뇌다,뇝죠
뇌다,뇝지요
뇌다,놰
뇌다,놰도
뇌다,놰라
뇌다,놰서
뇌다,놰야
뇌다,놰야만
뇌다,놰야지
뇌다,놰요
뇌다,놰지이다
뇌다,뇄
뇌다,뇄었
뇌다,뇐
뇌다,뇐다
뇌다,뇐다고
뇌다,뇐다나
뇌다,뇐다네
뇌다,뇐다느니
뇌다,뇐다니
뇌다,뇐다니까
뇌다,뇐다더라
뇌다,뇐다마는
뇌다,뇐다며
뇌다,뇐다면
뇌다,뇐다면서
뇌다,뇐다손
뇌다,뇐다오
뇌다,뇐다지
뇌다,뇐단다
뇌다,뇐담
뇌다,뇐답니까
뇌다,뇐답니다
뇌다,뇐답시고
뇌다,뇐대
뇌다,뇐대요
뇌다,뇔거나
뇌다,뇔게
뇌다,뇔깝쇼
뇌다,뇔라치면
뇌다,뇔락
뇌다,뇔래
뇌다,뇔작시면
뇌다,뇔지며
뇌다,뇜세
뇌다,뇝시다
뇌다,뇝시사
뇌다,뇝시오
뇌다,놰다
뇌다,놰다가
다,러도
르다,러도
다,러서
르다,러서
다,러야
르다,러야
다,러야만
르다,러야만
다,러야지
르다,러야지
다,러요
르다,러요
다,러지이다
르다,러지이다
다,렀
르다,렀
다,렀었
르다,렀었
비다,빈걸
빌다,빈걸
비다,빈들
빌다,빈들
비다,빈바
빌다,빈바
비다,빈즉
빌다,빈즉
비다,빈즉슨
빌다,빈즉슨
비다,빌
빌다,빌
비다,빌걸
비다,빌까
비다,빌는지
비다,빌라
비다,빌라고
비다,빌러니
비다,빌러라
비다,빌런고
비다,빌레
비다,빌레라
비다,빌망정
비다,빌밖에
비다,빌뿐더러
비다,빌사
비다,빌새
비다,빌세
비다,빌세라
비다,빌세말이지
비다,빌수록
비다,빌시
비다,빌쏘냐
비다,빌쏜가
비다,빌지
비다,빌지나
비다,빌지니
비다,빌지니라
비다,빌지라
비다,빌지라도
비다,빌지로다
비다,빌지어다
비다,빌지언정
비다,빌진대
비다,빌진대는
비다,빌진댄
비다,빌진저
비다,빔
빌다,빔
비다,빔에도
빌다,빔에도
비다,빔에랴
빌다,빔에랴
비다,빕네
빌다,빕네
비다,빕늰다
빌다,빕늰다
비다,빕니까
빌다,빕니까
비다,빕니다
빌다,빕니다
비다,빕디까
빌다,빕디까
비다,빕디다
빌다,빕디다
비다,빕딘다
빌다,빕딘다
비다,빕죠
빌다,빕죠
비다,빕지요
빌다,빕지요
비다,벼
비다,벼도
비다,벼라
비다,벼서
비다,벼야
비다,벼야만
비다,벼야지
비다,벼요
비다,벼지이다
비다,볐
비다,볐었
비다,빈
빌다,빈
비다,빈다
빌다,빈다
비다,빈다고
빌다,빈다고
비다,빈다나
빌다,빈다나
비다,빈다네
빌다,빈다네
비다,빈다느니
빌다,빈다느니
비다,빈다니
빌다,빈다니
비다,빈다니까
빌다,빈다니까
비다,빈다더라
빌다,빈다더라
비다,빈다마는
빌다,빈다마는
비다,빈다며
빌다,빈다며
비다,빈다면
빌다,빈다면
비다,빈다면서
빌다,빈다면서
비다,빈다손
빌다,빈다손
비다,빈다오
빌다,빈다오
비다,빈다지
빌다,빈다지
비다,빈단다
빌다,빈단다
비다,빈담
빌다,빈담
비다,빈답니까
빌다,빈답니까
비다,빈답니다
빌다,빈답니다
비다,빈답시고
빌다,빈답시고
비다,빈대
빌다,빈대
비다,빈대요
빌다,빈대요
비다,빌거나
비다,빌게
비다,빌깝쇼
비다,빌라치면
비다,빌락
비다,빌래
비다,빌작시면
비다,빌지며
비다,빔세
빌다,빔세
비다,빕시다
빌다,빕시다
비다,빕시사
빌다,빕시사
비다,빕시오
빌다,빕시오
비다,벼다
비다,벼다가
멀다,먼걸
멓다,먼걸
멀다,먼들
멓다,먼들
멀다,먼바
멀다,먼즉
멓다,먼즉
멀다,먼즉슨
멓다,먼즉슨
멀다,머나
멓다,머나
멀다,머나마
멓다,머나마
멀다,머니
멓다,머니
멀다,머니까
멓다,머니까
멀다,머니까는
멓다,머니까는
멀다,머니만치
멓다,머니만치
멀다,머니만큼
멓다,머니만큼
멀다,멀
멓다,멀
멀다,머려거든
멀다,머려고
멀다,머려나
멀다,머려니
멀다,머려니와
멓다,머려니와
멀다,머려면
멓다,머려면
멀다,머련마는
멓다,머련마는
멀다,머련만
멀다,머렷다
멓다,머렷다
멀다,머리
멓다,머리
멀다,머리까
멓다,머리까
멀다,머리니
멓다,머리니
멀다,머리니라
멓다,머리니라
멀다,머리다
멓다,머리다
멀다,머리라
멓다,머리라
멀다,머리로다
멓다,머리로다
멀다,머리오
멓다,머리오
멀다,멈
멓다,멈
멀다,멈에도
멓다,멈에도
멀다,멈에랴
멓다,멈에랴
멀다,머매
멓다,머매
멀다,머며
멓다,머며
멀다,머면
멓다,머면
멀다,머면서
멓다,머면서
멀다,머므로
멓다,머므로
멀다,멉네
멀다,멉늰다
멀다,멉니까
멀다,멉니다
멀다,멉디까
멀다,멉디다
멀다,멉딘다
멀다,멉죠
멀다,멉지요
멀다,머세요
멓다,머세요
멀다,머셔요
멓다,머셔요
멀다,머시
멓다,머시
멀다,머시어요
멓다,머시어요
멀다,머락
멀다,머리만치
멓다,머리만치
멀다,머리만큼
멓다,머리만큼
멀다,머사
멓다,머사
멀다,머소서
멓다,머소서
멀다,머오
멓다,머오
멀다,머오니까
멓다,머오니까
멀다,머오리까
멓다,머오리까
멀다,머오리다
멓다,머오리다
멀다,머오리이까
멓다,머오리이까
멀다,머오리이다
멓다,머오리이다
멀다,머오이다
멓다,머오이다
멀다,머옵
멓다,머옵
멀다,머옵나이까
멓다,머옵나이까
멀다,머옵나이다
멓다,머옵나이다
멀다,머옵니까
멓다,머옵니까
멀다,머옵니다
멓다,머옵니다
멀다,머옵디까
멓다,머옵디까
멀다,머옵디다
멓다,머옵디다
멀다,머옵소서
멓다,머옵소서
멀다,머옵시
멓다,머옵시
멀다,머와
멓다,머와
멀다,머외다
멀다,먼
멓다,먼
멀다,먼다
멀다,먼다고
멀다,먼다나
멀다,먼다네
멀다,먼다느니
멀다,먼다니
멀다,먼다니까
멀다,먼다더라
멀다,먼다마는
멀다,먼다며
멀다,먼다면
멀다,먼다면서
멀다,먼다손
멀다,먼다오
멀다,먼다지
멀다,먼단다
멀다,먼담
멀다,먼답니까
멀다,먼답니다
멀다,먼답시고
멀다,먼대
멀다,먼대요
멀다,머라고
멀다,머랴
멀다,머러
멀다,머려
멀다,머려든
멀다,머려무나
멀다,머렴
멀다,멈세
멀다,머마
멀다,멉시다
멀다,멉시사
멀다,멉시오
멓다,멉시오
멀다,머사이다
멀다,머세
멀다,머시라
멀다,머시압
멀다,머십사
멀다,머십시다
멀다,머십시오
트다,틀걸
트다,틀까
트다,틀는지
트다,틀라
트다,틀라고
트다,틀러니
트다,틀러라
트다,틀런고
트다,틀레
트다,틀레라
트다,틀망정
트다,틀밖에
트다,틀뿐더러
트다,틀사
트다,틀새
트다,틀세
트다,틀세라
트다,틀세말이지
트다,틀수록
트다,틀시
트다,틀쏘냐
트다,틀쏜가
트다,틀지
트다,틀지나
트다,틀지니
트다,틀지니라
트다,틀지라
트다,틀지라도
트다,틀지로다
트다,틀지어다
트다,틀지언정
트다,틀진대
트다,틀진대는
트다,틀진댄
트다,틀진저
트다,터
트다,터도
트다,터라
트다,터서
트다,터야
트다,터야만
트다,터야지
트다,터요
트다,터지이다
트다,텄
트다,텄었
트다,틀거나
트다,틀게
트다,틀깝쇼
트다,틀라치면
트다,틀락
트다,틀래
트다,틀작시면
트다,틀지며
트다,터다
트다,터다가
눋다,눌어
눋다,눌어도
눋다,눌어라
눋다,눌어서
눋다,눌어야
눋다,눌어야만
눋다,눌어야지
눋다,눌어요
눋다,눌어지이다
눋다,눌었
눋다,눌었었
눋다,눌으나
눋다,눌으나마
눋다,눌으니
눋다,눌으니까
눋다,눌으니까는
눋다,눌으니만치
눋다,눌으니만큼
눋다,눌으려니와
눋다,눌으려면
눋다,눌으련마는
눋다,눌으렷다
눋다,눌으리
눋다,눌으리까
눋다,눌으리니
눋다,눌으리니라
눋다,눌으리다
눋다,눌으리라
눋다,눌으리로다
눋다,눌으리만치
눋다,눌으리만큼
눋다,눌으리오
눋다,눌으매
눋다,눌으며
눋다,눌으면
눋다,눌으면서
눋다,눌으므로
눋다,눌으사
눋다,눌으세요
눋다,눌으셔요
눋다,눌으소서
눋다,눌으시
눋다,눌으시어요
눋다,눌으오
눋다,눌으오니까
눋다,눌으오리까
눋다,눌으오리다
눋다,눌으오리이까
눋다,눌으오리이다
눋다,눌으오이다
눋다,눌으옵
눋다,눌으옵나이까
눋다,눌으옵나이다
눋다,눌으옵니까
눋다,눌으옵니다
눋다,눌으옵디까
눋다,눌으옵디다
눋다,눌으옵소서
눋다,눌으옵시
눋다,눌으와
눋다,눌으우
눋다,눌은
눋다,눌은걸
눋다,눌은들
눋다,눌은즉
눋다,눌은즉슨
눋다,눌을
눋다,눌을걸
눋다,눌을까
눋다,눌을는지
눋다,눌을라
눋다,눌을라고
눋다,눌을러니
눋다,눌을러라
눋다,눌을런가
눋다,눌을런고
눋다,눌을레
눋다,눌을레라
눋다,눌을망정
눋다,눌을밖에
눋다,눌을뿐더러
눋다,눌을새
눋다,눌을세
눋다,눌을세라
눋다,눌을세말이지
눋다,눌을수록
눋다,눌을시
눋다,눌을쏘냐
눋다,눌을쏜가
눋다,눌을지
눋다,눌을지나
눋다,눌을지니
눋다,눌을지니라
눋다,눌을지라
눋다,눌을지라도
눋다,눌을지로다
눋다,눌을지며
눋다,눌을지어다
눋다,눌을지언정
눋다,눌을진대
눋다,눌을진대는
눋다,눌을진저
눋다,눌음
눋다,눌음에도
눋다,눌음에랴
눋다,눌읍시오
눋다,눌으라
눋다,눌으라고
눋다,눌으라나
눋다,눌으라느니
눋다,눌으라니까
눋다,눌으라며
눋다,눌으라면서
눋다,눌으라손
눋다,눌으락
눋다,눌으란
눋다,눌으람
눋다,눌으랴
눋다,눌으러
눋다,눌으려
눋다,눌으려거든
눋다,눌으려고
눋다,눌으려나
눋다,눌으려니
눋다,눌으려든
눋다,눌으려무나
눋다,눌으련
눋다,눌으렴
눋다,눌으렵니까
눋다,눌으렵니다
눋다,눌으마
눋다,눌으사이다
눋다,눌으세
눋다,눌으시라
눋다,눌으시압
눋다,눌으십사
눋다,눌으십시다
눋다,눌으십시오
눋다,눌을거나
눋다,눌을게
눋다,눌을깝쇼
눋다,눌을라치면
눋다,눌을락
눋다,눌을래
눋다,눌을작시면
눋다,눌음세
눋다,눌읍시다
눋다,눌읍시사
눋다,눌어다
눋다,눌어다가
늘다,느랴
늘다,느러
늘다,느려
늘다,느려든
늘다,느려무나
늘다,느렴
늘다,느마
늘다,느사이다
늘다,느세
늘다,느시라
늘다,느시압
늘다,느십사
늘다,느십시다
늘다,느십시오
치다,친뎁쇼
치다,친가
칠다,친가
치다,친감
칠다,친감
치다,친고
칠다,친고
치다,친데
칠다,친데
치다,친지
칠다,친지
치다,칠시고
그다,글걸
그다,글까
그다,글는지
그다,글라
그다,글라고
그다,글러니
그다,글런고
그다,글레
그다,글레라
그다,글망정
그다,글밖에
그다,글뿐더러
그다,글사
그다,글새
그다,글세
그다,글세라
그다,글세말이지
그다,글수록
그다,글시
그다,글쏘냐
그다,글쏜가
그다,글지
그다,글지나
그다,글지니
그다,글지니라
그다,글지라
그다,글지라도
그다,글지로다
그다,글지어다
그다,글지언정
그다,글진대
그다,글진대는
그다,글진댄
그다,글진저
그다,가도
그다,가라
그다,가서
그다,가야
그다,가야만
그다,가야지
그다,가요
그다,가지이다
그다,글거나
그다,글게
그다,글깝쇼
그다,글라치면
그다,글락
그다,글래
그다,글작시면
그다,글지며
그다,가다
그다,가다가
르다,라도
다,라도
르다,라라
르다,라서
다,라서
르다,라야
다,라야
르다,라야만
다,라야만
르다,라야지
르다,라요
르다,라지이다
르다,라다
르다,라다가
다르다,달라
닿다,달라
다르다,달라도
다르다,달라라
다르다,달라서
다르다,달라야
다르다,달라야만
다르다,달라야지
다르다,달라요
다르다,달라지이다
다르다,달랐
다르다,달랐었
투다,툰걸
툴다,툰걸
투다,툰들
툴다,툰들
투다,툰바
툴다,툰바
투다,툰즉
툴다,툰즉
투다,툰즉슨
툴다,툰즉슨
투다,툴
툴다,툴
투다,툴걸
투다,툴까
투다,툴는지
투다,툴라
투다,툴라고
투다,툴러니
투다,툴러라
투르다,툴러라
투다,툴런고
투다,툴레
투다,툴레라
투다,툴망정
투다,툴밖에
투다,툴뿐더러
투다,툴사
투다,툴새
투다,툴세
투다,툴세라
투다,툴세말이지
투다,툴수록
투다,툴시
투다,툴쏘냐
투다,툴쏜가
투다,툴지
투다,툴지나
투다,툴지니
투다,툴지니라
투다,툴지라
투다,툴지라도
투다,툴지로다
투다,툴지어다
투다,툴지언정
투다,툴진대
투다,툴진대는
투다,툴진댄
투다,툴진저
투다,툼
툴다,툼
투다,툼에도
툴다,툼에도
투다,툼에랴
툴다,툼에랴
투다,툽네
툴다,툽네
투다,툽늰다
툴다,툽늰다
투다,툽니까
툴다,툽니까
투다,툽니다
툴다,툽니다
투다,툽디까
툴다,툽디까
투다,툽디다
툴다,툽디다
투다,툽딘다
툴다,툽딘다
투다,툽죠
툴다,툽죠
투다,툽지요
툴다,툽지요
투다,퉈
투다,퉈도
투다,퉈라
투다,퉈서
투다,퉈야
투다,퉈야만
투다,퉈야지
투다,퉈요
투다,퉈지이다
투다,퉜
투다,퉜었
투다,툰
투다,툰다
투다,툰다고
투다,툰다나
투다,툰다네
투다,툰다느니
투다,툰다니
투다,툰다니까
투다,툰다더라
투다,툰다마는
투다,툰다며
투다,툰다면
투다,툰다면서
투다,툰다손
투다,툰다오
투다,툰다지
투다,툰단다
투다,툰담
투다,툰답니까
투다,툰답니다
투다,툰답시고
투다,툰대
투다,툰대요
투다,툴거나
투다,툴게
투다,툴깝쇼
투다,툴라치면
투다,툴락
투다,툴래
투다,툴작시면
투다,툴지며
투다,툼세
투다,툽시다
투다,툽시사
투다,툽시오
투다,퉈다
투다,퉈다가
달다,단가
닿다,단가
달다,단감
닿다,단감
달다,단고
닿다,단고
달다,단데
닿다,단데
달다,단지
닿다,단지
달다,다냐
닿다,다냐
달다,다냐고
닿다,다냐고
달다,다니라
닿다,다니라
구다,굴걸
구다,굴까
구다,굴는지
구다,굴라
구다,굴라고
구다,굴러니
구다,굴런고
구다,굴레
구다,굴레라
구다,굴망정
구다,굴밖에
구다,굴뿐더러
구다,굴사
구다,굴새
구다,굴세
구다,굴세라
구다,굴세말이지
구다,굴수록
구다,굴시
구다,굴쏘냐
구다,굴쏜가
구다,굴지
구다,굴지나
구다,굴지니
구다,굴지니라
구다,굴지라
구다,굴지라도
구다,굴지로다
구다,굴지어다
구다,굴지언정
구다,굴진대
구다,굴진대는
구다,굴진댄
구다,굴진저
구다,궈
구다,궈도
구다,궈라
구다,궈서
구다,궈야
구다,궈야만
구다,궈야지
구다,궈요
구다,궈지이다
구다,궜
구다,궜었
구다,굴거나
구다,굴게
구다,굴깝쇼
구다,굴라치면
구다,굴락
구다,굴래
구다,굴작시면
구다,굴지며
구다,궈다
구다,궈다가
끼다,낀뎁쇼
끼다,낀가
끼다,낀감
끼다,낀고
끼다,낀데
끼다,낀지
끼다,낄시고
느다,너도
느다,너서
느다,너야
느다,너야만
느다,너야지
느다,너요
느다,너지이다
느다,너다
느다,너다가
디다,딘뎁쇼
디다,딘가
디다,딘감
디다,딘고
디다,딘데
디다,딘지
디다,딜시고
덜다,던들
덜다,던즉
덜다,던즉슨
덜다,더나
덜다,더나마
덜다,더니까
덜다,더니까는
덜다,더니만치
덜다,더니만큼
덜다,덜
덜다,더려거든
덜다,더려고
덜다,더려나
덜다,더려니
덜다,더려니와
덜다,더려면
덜다,더련마는
덜다,더련만
덜다,더렷다
덜다,더리
덜다,더리까
덜다,더리니
덜다,더리니라
덜다,더리다
덜다,더리라
덜다,더리로다
덜다,더리오
덜다,덤
덜다,덤에도
덜다,덤에랴
덜다,더매
덜다,더며
덜다,더면
덜다,더면서
덜다,더므로
덜다,덥네
덜다,덥늰다
덜다,덥니까
덜다,덥니다
덜다,덥디까
덜다,덥디다
덜다,덥딘다
덜다,덥죠
덜다,덥지요
덜다,더세요
덜다,더셔요
덜다,더시
덜다,더시어요
덜다,더락
덜다,더리만치
덜다,더리만큼
덜다,더사
덜다,더소서
덜다,더오
덜다,더오니까
덜다,더오리까
덜다,더오리다
덜다,더오리이까
덜다,더오리이다
덜다,더오이다
덜다,더옵
덜다,더옵나이까
덜다,더옵나이다
덜다,더옵니까
덜다,더옵니다
덜다,더옵디까
덜다,더옵디다
덜다,더옵소서
덜다,더옵시
덜다,더와
덜다,더외다
덜다,던다
덜다,던다고
덜다,던다나
덜다,던다네
덜다,던다느니
덜다,던다니
덜다,던다니까
덜다,던다더라
덜다,던다마는
덜다,던다며
덜다,던다면
덜다,던다면서
덜다,던다손
덜다,던다오
덜다,던다지
덜다,던단다
덜다,던담
덜다,던답니까
덜다,던답니다
덜다,던답시고
덜다,던대
덜다,던대요
덜다,더라고
덜다,더랴
덜다,더러
덜다,더려
덜다,더려든
덜다,더려무나
덜다,더렴
덜다,덤세
덜다,더마
덜다,덥시다
덜다,덥시사
덜다,덥시오
덜다,더사이다
덜다,더세
덜다,더시라
덜다,더시압
덜다,더십사
덜다,더십시다
덜다,더십시오
바르다,발라다
바르다,발라다가
태다,탠걸
태다,탠들
태다,탠바
태다,탠즉
태다,탠즉슨
태다,탤
태다,탤걸
태다,탤까
태다,탤는지
태다,탤라
태다,탤라고
태다,탤러니
태다,탤러라
태다,탤런고
태다,탤레
태다,탤레라
태다,탤망정
태다,탤밖에
태다,탤뿐더러
태다,탤사
태다,탤새
태다,탤세
태다,탤세라
태다,탤세말이지
태다,탤수록
태다,탤시
태다,탤쏘냐
태다,탤쏜가
태다,탤지
태다,탤지나
태다,탤지니
태다,탤지니라
태다,탤지라
태다,탤지라도
태다,탤지로다
태다,탤지어다
태다,탤지언정
태다,탤진대
태다,탤진대는
태다,탤진댄
태다,탤진저
태다,탬
태다,탬에도
태다,탬에랴
태다,탭네
태다,탭늰다
태다,탭니까
태다,탭니다
태다,탭디까
태다,탭디다
태다,탭딘다
태다,탭죠
태다,탭지요
태다,태
태다,탰
태다,탰었
태다,탠
태다,탠다
태다,탠다고
태다,탠다나
태다,탠다네
태다,탠다느니
태다,탠다니
태다,탠다니까
태다,탠다더라
태다,탠다마는
태다,탠다며
태다,탠다면
태다,탠다면서
태다,탠다손
태다,탠다오
태다,탠다지
태다,탠단다
태다,탠담
태다,탠답니까
태다,탠답니다
태다,탠답시고
태다,탠대
태다,탠대요
태다,탤거나
태다,탤게
태다,탤깝쇼
태다,탤라치면
태다,탤락
태다,탤래
태다,탤작시면
태다,탤지며
태다,탬세
태다,탭시다
태다,탭시사
태다,탭시오
데다,덴걸
데다,덴들
데다,덴바
데다,덴즉
데다,덴즉슨
데다,델
데다,델걸
데다,델까
데다,델는지
데다,델라
데다,델라고
데다,델러니
데다,델러라
데다,델런고
데다,델레
데다,델레라
데다,델망정
데다,델밖에
데다,델뿐더러
데다,델사
데다,델새
데다,델세
데다,델세라
데다,델세말이지
데다,델수록
데다,델시
데다,델쏘냐
데다,델쏜가
데다,델지
데다,델지나
데다,델지니
데다,델지니라
데다,델지라
데다,델지라도
데다,델지로다
데다,델지어다
데다,델지언정
데다,델진대
데다,델진대는
데다,델진댄
데다,델진저
데다,뎀
데다,뎀에도
데다,뎀에랴
데다,뎁네
데다,뎁늰다
데다,뎁니까
데다,뎁니다
데다,뎁디까
데다,뎁디다
데다,뎁딘다
데다,뎁죠
데다,뎁지요
데다,뎄
데다,뎄었
데다,덴
데다,덴다
데다,덴다고
데다,덴다나
데다,덴다네
데다,덴다느니
데다,덴다니
데다,덴다니까
데다,덴다더라
데다,덴다마는
데다,덴다며
데다,덴다면
데다,덴다면서
데다,덴다손
데다,덴다오
데다,덴다지
데다,덴단다
데다,덴담
데다,덴답니까
데다,덴답니다
데다,덴답시고
데다,덴대
데다,덴대요
데다,델거나
데다,델게
데다,델깝쇼
데다,델라치면
데다,델락
데다,델래
데다,델작시면
데다,델지며
데다,뎀세
데다,뎁시다
데다,뎁시사
데다,뎁시오
도르다,돌라다
도르다,돌라다가
뵈다,뵌걸
뵈다,뵌들
뵈다,뵌바
뵈다,뵌즉
뵈다,뵌즉슨
뵈다,뵐
뵈다,뵐걸
뵈다,뵐까
뵈다,뵐는지
뵈다,뵐라
뵈다,뵐라고
뵈다,뵐러니
뵈다,뵐러라
뵈다,뵐런고
뵈다,뵐레
뵈다,뵐레라
뵈다,뵐망정
뵈다,뵐밖에
뵈다,뵐뿐더러
뵈다,뵐사
뵈다,뵐새
뵈다,뵐세
뵈다,뵐세라
뵈다,뵐세말이지
뵈다,뵐수록
뵈다,뵐시
뵈다,뵐쏘냐
뵈다,뵐쏜가
뵈다,뵐지
뵈다,뵐지나
뵈다,뵐지니
뵈다,뵐지니라
뵈다,뵐지라
뵈다,뵐지라도
뵈다,뵐지로다
뵈다,뵐지어다
뵈다,뵐지언정
뵈다,뵐진대
뵈다,뵐진대는
뵈다,뵐진댄
뵈다,뵐진저
뵈다,뵘
뵈다,뵘에도
뵈다,뵘에랴
뵈다,뵙네
뵈다,뵙늰다
뵈다,뵙니까
뵈다,뵙니다
뵈다,뵙디까
뵈다,뵙디다
뵈다,뵙딘다
뵈다,뵙죠
뵈다,뵙지요
뵈다,봬
뵈다,봬도
뵈다,봬라
뵈다,봬서
뵈다,봬야
뵈다,봬야만
뵈다,봬야지
뵈다,봬요
뵈다,봬지이다
뵈다,뵀
뵈다,뵀었
뵈다,뵌
뵈다,뵌다
뵈다,뵌다고
뵈다,뵌다나
뵈다,뵌다네
뵈다,뵌다느니
뵈다,뵌다니
뵈다,뵌다니까
뵈다,뵌다더라
뵈다,뵌다마는
뵈다,뵌다며
뵈다,뵌다면
뵈다,뵌다면서
뵈다,뵌다손
뵈다,뵌다오
뵈다,뵌다지
뵈다,뵌단다
뵈다,뵌담
뵈다,뵌답니까
뵈다,뵌답니다
뵈다,뵌답시고
뵈다,뵌대
뵈다,뵌대요
뵈다,뵐거나
뵈다,뵐게
뵈다,뵐깝쇼
뵈다,뵐라치면
뵈다,뵐락
뵈다,뵐래
뵈다,뵐작시면
뵈다,뵐지며
뵈다,뵘세
뵈다,뵙시다
뵈다,뵙시사
뵈다,뵙시오
뵈다,봬다
뵈다,봬다가
돕다,도와도
돕다,도와라
돕다,도와서
돕다,도와야
돕다,도와야만
돕다,도와야지
돕다,도와요
돕다,도와지이다
돕다,도왔
돕다,도왔었
돕다,도왔자
돕다,도우나
돕다,도우나마
돕다,도우니
돕다,도우니까
돕다,도우니까는
돕다,도우니만치
돕다,도우니만큼
돕다,도우려니와
돕다,도우려면
돕다,도우련마는
돕다,도우렷다
돕다,도우리
돕다,도우리까
돕다,도우리니
돕다,도우리니라
돕다,도우리다
돕다,도우리라
돕다,도우리로다
돕다,도우리만치
돕다,도우리만큼
돕다,도우리오
돕다,도우매
돕다,도우며
돕다,도우면
돕다,도우면서
돕다,도우므로
돕다,도우사
돕다,도우세요
돕다,도우셔요
돕다,도우소서
돕다,도우시
돕다,도우시어요
돕다,도우오
돕다,도우오니까
돕다,도우오리까
돕다,도우오리다
돕다,도우오리이까
돕다,도우오리이다
돕다,도우오이다
돕다,도우옵
돕다,도우옵나이까
돕다,도우옵나이다
돕다,도우옵니까
돕다,도우옵니다
돕다,도우옵디까
돕다,도우옵디다
돕다,도우옵소서
돕다,도우옵시
돕다,도우와
돕다,도우우
돕다,도운
돕다,도운걸
돕다,도운들
돕다,도운즉
돕다,도운즉슨
돕다,도울
돕다,도울걸
돕다,도울까
돕다,도울는지
돕다,도울라
돕다,도울라고
돕다,도울러니
돕다,도울러라
돕다,도울런가
돕다,도울런고
돕다,도울레
돕다,도울레라
돕다,도울망정
돕다,도울밖에
돕다,도울뿐더러
돕다,도울새
돕다,도울세
돕다,도울세라
돕다,도울세말이지
돕다,도울수록
돕다,도울시
돕다,도울쏘냐
돕다,도울쏜가
돕다,도울지
돕다,도울지나
돕다,도울지니
돕다,도울지니라
돕다,도울지라
돕다,도울지라도
돕다,도울지로다
돕다,도울지며
돕다,도울지어다
돕다,도울지언정
돕다,도울진대
돕다,도울진대는
돕다,도울진저
돕다,도움
돕다,도움에도
돕다,도움에랴
돕다,도웁시오
돕다,도와다
돕다,도와다가
돕다,도우라
돕다,도우라고
돕다,도우라나
돕다,도우라느니
돕다,도우라니까
돕다,도우라며
돕다,도우라면서
돕다,도우라손
돕다,도우락
돕다,도우란
돕다,도우람
돕다,도우랴
돕다,도우러
돕다,도우려
돕다,도우려거든
돕다,도우려고
돕다,도우려나
돕다,도우려니
돕다,도우려든
돕다,도우려무나
돕다,도우련
돕다,도우렴
돕다,도우렵니까
돕다,도우렵니다
돕다,도우마
돕다,도우사이다
돕다,도우세
돕다,도우시라
돕다,도우시압
돕다,도우십사
돕다,도우십시다
돕다,도우십시오
돕다,도울거나
돕다,도울게
돕다,도울깝쇼
돕다,도울라치면
돕다,도울락
돕다,도울래
돕다,도울작시면
돕다,도움세
돕다,도웁시다
돕다,도웁시사
되다,된뎁쇼
되다,된가
되다,된감
되다,된고
되다,된데
되다,된지
되다,될시고
묻다,물어
묻다,물어도
묻다,물어라
묻다,물어서
묻다,물어야
묻다,물어야만
묻다,물어야지
묻다,물어요
묻다,물어지이다
묻다,물었
묻다,물었었
묻다,물으나
묻다,물으나마
묻다,물으니
묻다,물으니까
묻다,물으니까는
묻다,물으니만치
묻다,물으니만큼
묻다,물으려니와
묻다,물으려면
묻다,물으련마는
묻다,물으렷다
묻다,물으리
묻다,물으리까
묻다,물으리니
묻다,물으리니라
묻다,물으리다
묻다,물으리라
묻다,물으리로다
묻다,물으리만치
묻다,물으리만큼
묻다,물으리오
묻다,물으매
묻다,물으며
묻다,물으면
묻다,물으면서
묻다,물으므로
묻다,물으사
묻다,물으세요
묻다,물으셔요
묻다,물으소서
묻다,물으시
묻다,물으시어요
묻다,물으오
묻다,물으오니까
묻다,물으오리까
묻다,물으오리다
묻다,물으오리이까
묻다,물으오리이다
묻다,물으오이다
묻다,물으옵
묻다,물으옵나이까
묻다,물으옵나이다
묻다,물으옵니까
묻다,물으옵니다
묻다,물으옵디까
묻다,물으옵디다
묻다,물으옵소서
묻다,물으옵시
묻다,물으와
묻다,물으우
묻다,물은
묻다,물은걸
묻다,물은들
묻다,물은즉
묻다,물은즉슨
묻다,물을
묻다,물을걸
묻다,물을까
묻다,물을는지
묻다,물을라
묻다,물을라고
묻다,물을러니
묻다,물을러라
묻다,물을런가
묻다,물을런고
묻다,물을레
묻다,물을레라
묻다,물을망정
묻다,물을밖에
묻다,물을뿐더러
묻다,물을새
묻다,물을세
묻다,물을세라
묻다,물을세말이지
묻다,물을수록
묻다,물을시
묻다,물을쏘냐
묻다,물을쏜가
묻다,물을지
묻다,물을지나
묻다,물을지니
묻다,물을지니라
묻다,물을지라
묻다,물을지라도
묻다,물을지로다
묻다,물을지며
묻다,물을지어다
묻다,물을지언정
묻다,물을진대
묻다,물을진대는
묻다,물을진저
묻다,물음
묻다,물음에도
묻다,물음에랴
묻다,물읍시오
묻다,물으라
묻다,물으라고
묻다,물으라나
묻다,물으라느니
묻다,물으라니까
묻다,물으라며
묻다,물으라면서
묻다,물으라손
묻다,물으락
묻다,물으란
묻다,물으람
묻다,물으랴
묻다,물으러
묻다,물으려
묻다,물으려거든
묻다,물으려고
묻다,물으려나
묻다,물으려니
묻다,물으려든
묻다,물으려무나
묻다,물으련
묻다,물으렴
묻다,물으렵니까
묻다,물으렵니다
묻다,물으마
묻다,물으사이다
묻다,물으세
묻다,물으시라
묻다,물으시압
묻다,물으십사
묻다,물으십시다
묻다,물으십시오
묻다,물을거나
묻다,물을게
묻다,물을깝쇼
묻다,물을라치면
묻다,물을락
묻다,물을래
묻다,물을작시면
묻다,물음세
묻다,물읍시다
묻다,물읍시사
묻다,물어다
묻다,물어다가
살다,산걸
살다,산들
사다,산바
살다,산바
사다,산즉
살다,산즉
사다,산즉슨
살다,산즉슨
사다,살
살다,살
사다,살레
사다,살레라
사다,살사
사다,살새
사다,살세
사다,살세라
사다,살세말이지
사다,살시
사다,살쏘냐
사다,살쏜가
사다,살지
사다,살지나
사다,살지니
사다,살지니라
사다,살지라
사다,살지로다
사다,살지어다
사다,살지언정
사다,살진대
사다,살진대는
사다,살진댄
사다,살진저
사다,삼
살다,삼
사다,삼에도
살다,삼에도
사다,삼에랴
살다,삼에랴
사다,삽네
살다,삽네
사다,삽늰다
살다,삽늰다
사다,삽니까
살다,삽니까
사다,삽니다
살다,삽니다
사다,삽디까
살다,삽디까
사다,삽디다
살다,삽디다
사다,삽딘다
살다,삽딘다
사다,삽죠
살다,삽죠
사다,삽지요
살다,삽지요
사다,샀
사다,샀었
사다,샀자
살다,산
살다,산다
살다,산다고
사다,산다나
살다,산다나
살다,산다네
사다,산다느니
살다,산다느니
살다,산다니
사다,산다니까
살다,산다니까
살다,산다더라
사다,산다마는
살다,산다마는
사다,산다며
살다,산다며
살다,산다면
사다,산다면서
살다,산다면서
사다,산다손
살다,산다손
사다,산다오
살다,산다오
사다,산다지
살다,산다지
사다,산단다
살다,산단다
사다,산담
살다,산담
살다,산답니까
사다,산답니다
살다,산답니다
살다,산답시고
살다,산대
살다,산대요
사다,살깝쇼
사다,살라치면
사다,살락
사다,살작시면
사다,살지며
사다,삼세
살다,삼세
살다,삽시다
사다,삽시사
살다,삽시사
사다,삽시오
살다,삽시오
살다,사나
살다,사나마
살다,사니
살다,사니까
살다,사니까는
살다,사니만치
살다,사니만큼
살다,사려거든
살다,사려고
살다,사려나
살다,사려니
살다,사려니와
살다,사려면
살다,사련마는
살다,사련만
살다,사렷다
살다,사리
살다,사리까
살다,사리니
살다,사리니라
살다,사리다
살다,사리라
살다,사리로다
살다,사리오
살다,사매
살다,사며
살다,사면
살다,사면서
살다,사므로
살다,사세요
살다,사셔요
살다,사시
살다,사시어요
살다,사락
살다,사리만치
살다,사리만큼
살다,사사
살다,사소서
살다,사오
살다,사오니까
살다,사오리까
살다,사오리다
살다,사오리이까
살다,사오리이다
살다,사오이다
살다,사옵
살다,사옵나이까
살다,사옵나이다
살다,사옵니까
살다,사옵니다
살다,사옵디까
살다,사옵디다
살다,사옵소서
살다,사옵시
살다,사와
살다,사외다
살다,사라고
살다,사랴
살다,사러
살다,사려
살다,사려든
살다,사려무나
살다,사렴
살다,사마
살다,사사이다
살다,사세
살다,사시라
살다,사시압
살다,사십사
살다,사십시다
살다,사십시오
팔다,판바
파다,판바
팔다,판즉
파다,판즉
팔다,판즉슨
파다,판즉슨
팔다,파나
팔다,파나마
팔다,파니
팔다,파니까
팔다,파니까는
팔다,파니만치
팔다,파니만큼
팔다,팔
팔다,파려거든
팔다,파려고
팔다,파려나
팔다,파려니
팔다,파려니와
팔다,파려면
팔다,파련마는
팔다,파련만
팔다,파렷다
팔다,파리
팔다,파리까
팔다,파리니
팔다,파리니라
팔다,파리다
팔다,파리라
팔다,파리로다
팔다,파리오
팔다,팜
파다,팜
팔다,팜에도
파다,팜에도
팔다,팜에랴
파다,팜에랴
팔다,파매
팔다,파므로
팔다,팝네
파다,팝네
팔다,팝늰다
파다,팝늰다
팔다,팝니까
파다,팝니까
팔다,팝니다
파다,팝니다
팔다,팝디까
파다,팝디까
팔다,팝디다
파다,팝디다
팔다,팝딘다
파다,팝딘다
팔다,팝죠
파다,팝죠
팔다,팝지요
파다,팝지요
팔다,파시
팔다,파시어요
팔다,파락
팔다,파리만치
팔다,파리만큼
팔다,파사
팔다,파소서
팔다,파오
팔다,파오니까
팔다,파오리까
팔다,파오리다
팔다,파오리이까
팔다,파오리이다
팔다,파오이다
팔다,파옵
팔다,파옵나이까
팔다,파옵나이다
팔다,파옵니까
팔다,파옵니다
팔다,파옵디까
팔다,파옵디다
팔다,파옵소서
팔다,파옵시
팔다,파와
팔다,파외다
팔다,판
팔다,판다
파다,판다
파다,판다고
파다,판다나
파다,판다네
파다,판다느니
파다,판다니
파다,판다니까
파다,판다더라
팔다,판다마는
파다,판다마는
파다,판다며
파다,판다면
파다,판다면서
팔다,판다손
파다,판다손
팔다,판다오
파다,판다오
팔다,판다지
파다,판다지
팔다,판단다
파다,판단다
팔다,판담
파다,판담
파다,판답니까
파다,판답니다
파다,판답시고
파다,판대
파다,판대요
팔다,파랴
팔다,파려든
팔다,파려무나
팔다,파렴
팔다,팜세
파다,팜세
팔다,파마
팔다,팝시사
파다,팝시사
팔다,팝시오
파다,팝시오
팔다,파사이다
팔다,파시압
팔다,파십사
풀다,푼걸
푸다,푼걸
풀다,푼들
푸다,푼들
풀다,푼바
푸다,푼바
풀다,푼즉
푸다,푼즉
풀다,푼즉슨
푸다,푼즉슨
풀다,푸나
풀다,푸나마
풀다,푸니
풀다,푸니까
풀다,푸니까는
풀다,푸니만치
풀다,푸니만큼
풀다,풀
푸다,풀
풀다,푸려거든
풀다,푸려고
풀다,푸려나
풀다,푸려니
풀다,푸려니와
풀다,푸려면
풀다,푸련마는
풀다,푸련만
풀다,푸렷다
풀다,푸리
풀다,푸리까
풀다,푸리니
풀다,푸리니라
풀다,푸리다
풀다,푸리라
풀다,푸리로다
풀다,푸리오
풀다,품
푸다,품
풀다,품에도
푸다,품에도
풀다,품에랴
푸다,품에랴
풀다,푸매
풀다,푸며
풀다,푸면
풀다,푸면서
풀다,푸므로
풀다,풉네
푸다,풉네
풀다,풉늰다
푸다,풉늰다
풀다,풉니까
푸다,풉니까
풀다,풉니다
푸다,풉니다
풀다,풉디까
푸다,풉디까
풀다,풉디다
푸다,풉디다
풀다,풉딘다
푸다,풉딘다
풀다,풉죠
푸다,풉죠
풀다,풉지요
푸다,풉지요
풀다,푸세요
풀다,푸셔요
풀다,푸시
풀다,푸시어요
풀다,푸락
풀다,푸리만치
풀다,푸리만큼
풀다,푸사
풀다,푸소서
풀다,푸오
풀다,푸오니까
풀다,푸오리까
풀다,푸오리다
풀다,푸오리이까
풀다,푸오리이다
풀다,푸오이다
풀다,푸옵
풀다,푸옵나이까
풀다,푸옵나이다
풀다,푸옵니까
풀다,푸옵니다
풀다,푸옵디까
풀다,푸옵디다
풀다,푸옵소서
풀다,푸옵시
풀다,푸와
풀다,푸외다
풀다,푼
푸다,푼
풀다,푼다
푸다,푼다
풀다,푼다고
푸다,푼다고
풀다,푼다나
푸다,푼다나
풀다,푼다네
푸다,푼다네
풀다,푼다느니
푸다,푼다느니
풀다,푼다니
푸다,푼다니
풀다,푼다니까
푸다,푼다니까
풀다,푼다더라
푸다,푼다더라
풀다,푼다마는
푸다,푼다마는
풀다,푼다며
푸다,푼다며
풀다,푼다면
푸다,푼다면
풀다,푼다면서
푸다,푼다면서
풀다,푼다손
푸다,푼다손
풀다,푼다오
푸다,푼다오
풀다,푼다지
푸다,푼다지
풀다,푼단다
푸다,푼단다
풀다,푼담
푸다,푼담
풀다,푼답니까
푸다,푼답니까
풀다,푼답니다
푸다,푼답니다
풀다,푼답시고
푸다,푼답시고
풀다,푼대
푸다,푼대
풀다,푼대요
푸다,푼대요
풀다,푸라고
풀다,푸랴
풀다,푸러
풀다,푸려
풀다,푸려든
풀다,푸려무나
풀다,푸렴
풀다,품세
푸다,품세
풀다,푸마
풀다,풉시다
푸다,풉시다
풀다,풉시사
푸다,풉시사
풀다,풉시오
푸다,풉시오
풀다,푸사이다
풀다,푸세
풀다,푸시라
풀다,푸시압
풀다,푸십사
풀다,푸십시다
풀다,푸십시오
껍다,꺼워
껍다,꺼워도
껍다,꺼워라
껍다,꺼워서
껍다,꺼워야
껍다,꺼워야만
껍다,꺼워야지
껍다,꺼워요
껍다,꺼워지이다
껍다,꺼웠
껍다,꺼웠었
껍다,꺼우나
껍다,꺼우나마
껍다,꺼우니
껍다,꺼우니까
껍다,꺼우니까는
껍다,꺼우니만치
껍다,꺼우니만큼
껍다,꺼우려니와
껍다,꺼우려면
껍다,꺼우련마는
껍다,꺼우렷다
껍다,꺼우리
껍다,꺼우리까
껍다,꺼우리니
껍다,꺼우리니라
껍다,꺼우리다
껍다,꺼우리라
껍다,꺼우리로다
껍다,꺼우리만치
껍다,꺼우리만큼
껍다,꺼우리오
껍다,꺼우매
껍다,꺼우며
껍다,꺼우면
껍다,꺼우면서
껍다,꺼우므로
껍다,꺼우사
껍다,꺼우세요
껍다,꺼우셔요
껍다,꺼우소서
껍다,꺼우시
껍다,꺼우시어요
껍다,꺼우오
껍다,꺼우오니까
껍다,꺼우오리까
껍다,꺼우오리다
껍다,꺼우오리이까
껍다,꺼우오리이다
껍다,꺼우오이다
껍다,꺼우옵
껍다,꺼우옵나이까
껍다,꺼우옵나이다
껍다,꺼우옵니까
껍다,꺼우옵니다
껍다,꺼우옵디까
껍다,꺼우옵디다
껍다,꺼우옵소서
껍다,꺼우옵시
껍다,꺼우와
껍다,꺼우우
껍다,꺼운
껍다,꺼운걸
껍다,꺼운들
껍다,꺼운즉
껍다,꺼운즉슨
껍다,꺼울
껍다,꺼울걸
껍다,꺼울까
껍다,꺼울는지
껍다,꺼울라
껍다,꺼울라고
껍다,꺼울러니
껍다,꺼울러라
껍다,꺼울런가
껍다,꺼울런고
껍다,꺼울레
껍다,꺼울레라
껍다,꺼울망정
껍다,꺼울밖에
껍다,꺼울뿐더러
껍다,꺼울새
껍다,꺼울세
껍다,꺼울세라
껍다,꺼울세말이지
껍다,꺼울수록
껍다,꺼울시
껍다,꺼울쏘냐
껍다,꺼울쏜가
껍다,꺼울지
껍다,꺼울지나
껍다,꺼울지니
껍다,꺼울지니라
껍다,꺼울지라
껍다,꺼울지라도
껍다,꺼울지로다
껍다,꺼울지며
껍다,꺼울지어다
껍다,꺼울지언정
껍다,꺼울진대
껍다,꺼울진대는
껍다,꺼울진저
껍다,꺼움
껍다,꺼움에도
껍다,꺼움에랴
껍다,꺼웁시오
껍다,꺼우냐
껍다,꺼우냐고
껍다,꺼우뇨
껍다,꺼우니라
껍다,꺼우이
껍다,꺼운가
껍다,꺼운감
껍다,꺼운고
껍다,꺼운데
껍다,꺼운뎁쇼
껍다,꺼운지
껍다,꺼울데라니
껍다,꺼울시고
렵다,려워
렵다,려워도
렵다,려워라
렵다,려워서
렵다,려워야
렵다,려워야만
렵다,려워야지
렵다,려워요
렵다,려워지이다
렵다,려웠
렵다,려웠었
렵다,려우나
렵다,려우나마
렵다,려우니
렵다,려우니까
렵다,려우니까는
렵다,려우니만치
렵다,려우니만큼
렵다,려우려니와
렵다,려우려면
렵다,려우련마는
렵다,려우렷다
렵다,려우리
렵다,려우리까
렵다,려우리니
렵다,려우리니라
렵다,려우리다
렵다,려우리라
렵다,려우리로다
렵다,려우리만치
렵다,려우리만큼
렵다,려우리오
렵다,려우매
렵다,려우며
렵다,려우면
렵다,려우면서
렵다,려우므로
렵다,려우사
렵다,려우세요
렵다,려우셔요
렵다,려우소서
렵다,려우시
렵다,려우시어요
렵다,려우오
렵다,려우오니까
렵다,려우오리까
렵다,려우오리다
렵다,려우오리이까
렵다,려우오리이다
렵다,려우오이다
렵다,려우옵
렵다,려우옵나이까
렵다,려우옵나이다
렵다,려우옵니까
렵다,려우옵니다
렵다,려우옵디까
렵다,려우옵디다
렵다,려우옵소서
렵다,려우옵시
렵다,려우와
렵다,려우우
렵다,려운
렵다,려운걸
렵다,려운들
렵다,려운즉
렵다,려운즉슨
렵다,려울
렵다,려울걸
렵다,려울까
렵다,려울는지
렵다,려울라
렵다,려울라고
렵다,려울러니
렵다,려울러라
렵다,려울런가
렵다,려울런고
렵다,려울레
렵다,려울레라
렵다,려울망정
렵다,려울밖에
렵다,려울뿐더러
렵다,려울새
렵다,려울세
렵다,려울세라
렵다,려울세말이지
렵다,려울수록
렵다,려울시
렵다,려울쏘냐
렵다,려울쏜가
렵다,려울지
렵다,려울지나
렵다,려울지니
렵다,려울지니라
렵다,려울지라
렵다,려울지라도
렵다,려울지로다
렵다,려울지며
렵다,려울지어다
렵다,려울지언정
렵다,려울진대
렵다,려울진대는
렵다,려울진저
렵다,려움
렵다,려움에도
렵다,려움에랴
렵다,려웁시오
렵다,려우냐
렵다,려우냐고
렵다,려우뇨
렵다,려우니라
렵다,려우이
렵다,려운가
렵다,려운감
렵다,려운고
렵다,려운데
렵다,려운뎁쇼
렵다,려운지
렵다,려울데라니
렵다,려울시고
글다,근가
글다,근감
글다,근고
글다,근데
글다,근지
글다,그냐
글다,그냐고
글다,그니라
뒤다,뒨걸
뒤다,뒨들
뒤다,뒨바
뒤다,뒨즉
뒤다,뒨즉슨
뒤다,뒬
뒤다,뒬걸
뒤다,뒬까
뒤다,뒬는지
뒤다,뒬라
뒤다,뒬라고
뒤다,뒬러니
뒤다,뒬러라
뒤다,뒬런고
뒤다,뒬레
뒤다,뒬레라
뒤다,뒬망정
뒤다,뒬밖에
뒤다,뒬뿐더러
뒤다,뒬사
뒤다,뒬새
뒤다,뒬세
뒤다,뒬세라
뒤다,뒬세말이지
뒤다,뒬수록
뒤다,뒬시
뒤다,뒬쏘냐
뒤다,뒬쏜가
뒤다,뒬지
뒤다,뒬지나
뒤다,뒬지니
뒤다,뒬지니라
뒤다,뒬지라
뒤다,뒬지라도
뒤다,뒬지로다
뒤다,뒬지어다
뒤다,뒬지언정
뒤다,뒬진대
뒤다,뒬진대는
뒤다,뒬진댄
뒤다,뒬진저
뒤다,뒴
뒤다,뒴에도
뒤다,뒴에랴
뒤다,뒵네
뒤다,뒵늰다
뒤다,뒵니까
뒤다,뒵니다
뒤다,뒵디까
뒤다,뒵디다
뒤다,뒵딘다
뒤다,뒵죠
뒤다,뒵지요
뒤다,뒨
뒤다,뒨다
뒤다,뒨다고
뒤다,뒨다나
뒤다,뒨다네
뒤다,뒨다느니
뒤다,뒨다니
뒤다,뒨다니까
뒤다,뒨다더라
뒤다,뒨다마는
뒤다,뒨다며
뒤다,뒨다면
뒤다,뒨다면서
뒤다,뒨다손
뒤다,뒨다오
뒤다,뒨다지
뒤다,뒨단다
뒤다,뒨담
뒤다,뒨답니까
뒤다,뒨답니다
뒤다,뒨답시고
뒤다,뒨대
뒤다,뒨대요
뒤다,뒬거나
뒤다,뒬게
뒤다,뒬깝쇼
뒤다,뒬라치면
뒤다,뒬락
뒤다,뒬래
뒤다,뒬작시면
뒤다,뒬지며
뒤다,뒴세
뒤다,뒵시다
뒤다,뒵시사
뒤다,뒵시오
따르다,딸라다
따르다,딸라다가
레다,렌걸
레다,렌들
레다,렌바
레다,렌즉
레다,렌즉슨
레다,렐
레다,렐걸
레다,렐까
레다,렐는지
레다,렐라
레다,렐라고
레다,렐러니
레다,렐러라
레다,렐런고
레다,렐레
레다,렐레라
레다,렐망정
레다,렐밖에
레다,렐뿐더러
레다,렐사
레다,렐새
레다,렐세
레다,렐세라
레다,렐세말이지
레다,렐수록
레다,렐시
레다,렐쏘냐
레다,렐쏜가
레다,렐지
레다,렐지나
레다,렐지니
레다,렐지니라
레다,렐지라
레다,렐지라도
레다,렐지로다
레다,렐지어다
레다,렐지언정
레다,렐진대
레다,렐진대는
레다,렐진댄
레다,렐진저
레다,렘
레다,렘에도
레다,렘에랴
레다,렙네
레다,렙늰다
레다,렙니까
레다,렙니다
레다,렙디까
레다,렙디다
레다,렙딘다
레다,렙죠
레다,렙지요
레다,렜
렇다,렜
레다,렜었
렇다,렜었
레다,렌
레다,렌다
레다,렌다고
레다,렌다나
레다,렌다네
레다,렌다느니
레다,렌다니
레다,렌다니까
레다,렌다더라
레다,렌다마는
레다,렌다며
레다,렌다면
레다,렌다면서
레다,렌다손
레다,렌다오
레다,렌다지
레다,렌단다
레다,렌담
레다,렌답니까
레다,렌답니다
레다,렌답시고
레다,렌대
레다,렌대요
레다,렐거나
레다,렐게
레다,렐깝쇼
레다,렐라치면
레다,렐락
레다,렐래
레다,렐작시면
레다,렐지며
레다,렘세
레다,렙시다
레다,렙시사
레다,렙시오
잇다,이어
잇다,이어도
잇다,이어라
잇다,이어서
잇다,이어야
잇다,이어야만
잇다,이어야지
잇다,이어요
잇다,이어지이다
잇다,이었
잇다,이었었
잇다,이으나
잇다,이으나마
잇다,이으니
잇다,이으니까
잇다,이으니까는
잇다,이으니만치
잇다,이으니만큼
잇다,이으려니와
잇다,이으려면
잇다,이으련마는
잇다,이으렷다
잇다,이으리
잇다,이으리까
잇다,이으리니
잇다,이으리니라
잇다,이으리다
잇다,이으리라
잇다,이으리로다
잇다,이으리만치
잇다,이으리만큼
잇다,이으리오
잇다,이으매
잇다,이으며
잇다,이으면
잇다,이으면서
잇다,이으므로
잇다,이으사
잇다,이으세요
잇다,이으셔요
잇다,이으소서
잇다,이으시
잇다,이으시어요
잇다,이으오
잇다,이으오니까
잇다,이으오리까
잇다,이으오리다
잇다,이으오리이까
잇다,이으오리이다
잇다,이으오이다
잇다,이으옵
잇다,이으옵나이까
잇다,이으옵나이다
잇다,이으옵니까
잇다,이으옵니다
잇다,이으옵디까
잇다,이으옵디다
잇다,이으옵소서
잇다,이으옵시
잇다,이으와
잇다,이으우
잇다,이은
잇다,이은걸
잇다,이은들
잇다,이은즉
잇다,이은즉슨
잇다,이을
잇다,이을걸
잇다,이을까
잇다,이을는지
잇다,이을라
잇다,이을라고
잇다,이을러니
잇다,이을러라
잇다,이을런가
잇다,이을런고
잇다,이을레
잇다,이을레라
잇다,이을망정
잇다,이을밖에
잇다,이을뿐더러
잇다,이을새
잇다,이을세
잇다,이을세라
잇다,이을세말이지
잇다,이을수록
잇다,이을시
잇다,이을쏘냐
잇다,이을쏜가
잇다,이을지
잇다,이을지나
잇다,이을지니
잇다,이을지니라
잇다,이을지라
잇다,이을지라도
잇다,이을지로다
잇다,이을지며
잇다,이을지어다
잇다,이을지언정
잇다,이을진대
잇다,이을진대는
잇다,이을진저
잇다,이음
잇다,이음에도
잇다,이음에랴
잇다,이읍시오
잇다,이으라
잇다,이으라고
잇다,이으라나
잇다,이으라느니
잇다,이으라니까
잇다,이으라며
잇다,이으라면서
잇다,이으라손
잇다,이으락
잇다,이으란
잇다,이으람
잇다,이으랴
잇다,이으러
잇다,이으려
잇다,이으려거든
잇다,이으려고
잇다,이으려나
잇다,이으려니
잇다,이으려든
잇다,이으려무나
잇다,이으련
잇다,이으렴
잇다,이으렵니까
잇다,이으렵니다
잇다,이으마
잇다,이으사이다
잇다,이으세
잇다,이으시라
잇다,이으시압
잇다,이으십사
잇다,이으십시다
잇다,이으십시오
잇다,이을거나
잇다,이을게
잇다,이을깝쇼
잇다,이을라치면
잇다,이을락
잇다,이을래
잇다,이을작시면
잇다,이음세
잇다,이읍시다
잇다,이읍시사
잇다,이어다
잇다,이어다가
클다,큰걸
크다,큰걸
클다,큰들
크다,큰들
클다,큰바
크다,큰바
클다,큰즉
크다,큰즉
클다,큰즉슨
크다,큰즉슨
클다,크나
클다,크나마
클다,크니
클다,크니까
클다,크니까는
클다,크니만치
클다,크니만큼
클다,클
크다,클
클다,크려거든
클다,크려고
클다,크려나
클다,크려니
클다,크려니와
클다,크려면
클다,크련마는
클다,크련만
클다,크렷다
클다,크리
클다,크리까
클다,크리니
클다,크리니라
클다,크리다
클다,크리라
클다,크리로다
클다,크리오
클다,큼
크다,큼
클다,큼에도
크다,큼에도
클다,큼에랴
크다,큼에랴
클다,크매
클다,크며
클다,크면
클다,크면서
클다,크므로
클다,큽네
크다,큽네
클다,큽늰다
크다,큽늰다
클다,큽니까
크다,큽니까
클다,큽니다
크다,큽니다
클다,큽디까
크다,큽디까
클다,큽디다
크다,큽디다
클다,큽딘다
크다,큽딘다
클다,큽죠
크다,큽죠
클다,큽지요
크다,큽지요
클다,크세요
클다,크셔요
클다,크시
클다,크시어요
클다,크락
클다,크리만치
클다,크리만큼
클다,크사
클다,크소서
클다,크오
클다,크오니까
클다,크오리까
클다,크오리다
클다,크오리이까
클다,크오리이다
클다,크오이다
클다,크옵
클다,크옵나이까
클다,크옵나이다
클다,크옵니까
클다,크옵니다
클다,크옵디까
클다,크옵디다
클다,크옵소서
클다,크옵시
클다,크와
클다,크외다
클다,큰
클다,큰다
클다,큰다고
클다,큰다나
클다,큰다네
클다,큰다느니
클다,큰다니
클다,큰다니까
클다,큰다더라
클다,큰다마는
클다,큰다며
클다,큰다면
클다,큰다면서
클다,큰다손
클다,큰다오
클다,큰다지
클다,큰단다
클다,큰담
클다,큰답니까
클다,큰답니다
클다,큰답시고
클다,큰대
클다,큰대요
클다,크라고
클다,크랴
클다,크러
클다,크려
클다,크려든
클다,크려무나
클다,크렴
클다,큼세
클다,크마
클다,큽시다
클다,큽시사
클다,큽시오
클다,크사이다
클다,크세
클다,크시라
클다,크시압
클다,크십사
클다,크십시다
클다,크십시오
물다,문가
물다,문감
물다,문고
물다,문데
물다,문지
물다,무냐
물다,무냐고
물다,무니라
르다,ᆯ러
르다,ᆯ러도
르다,ᆯ러라
르다,ᆯ러서
르다,ᆯ러야
르다,ᆯ러야만
르다,ᆯ러야지
르다,ᆯ러요
르다,ᆯ러지이다
르다,ᆯ렀
르다,ᆯ렀었
르다,ᆯ러다
르다,ᆯ러다가
켜다,켠바
켜다,켠즉
켜다,켠즉슨
켜다,켤
켜다,켤레
켜다,켤레라
켜다,켤사
켜다,켤새
켜다,켤세
켜다,켤세라
켜다,켤세말이지
켜다,켤시
켜다,켤쏘냐
켜다,켤쏜가
켜다,켤지
켜다,켤지나
켜다,켤지니
켜다,켤지니라
켜다,켤지라
켜다,켤지로다
켜다,켤지어다
켜다,켤지언정
켜다,켤진대
켜다,켤진대는
켜다,켤진댄
켜다,켤진저
켜다,켬
켜다,켬에도
켜다,켬에랴
켜다,켭네
켜다,켭늰다
켜다,켭니까
켜다,켭니다
켜다,켭디까
켜다,켭디다
켜다,켭딘다
켜다,켭죠
켜다,켭지요
켜다,켠다
켜다,켠다고
켜다,켠다나
켜다,켠다네
켜다,켠다느니
켜다,켠다니
켜다,켠다니까
켜다,켠다더라
켜다,켠다마는
켜다,켠다며
켜다,켠다면
켜다,켠다손
켜다,켠다오
켜다,켠다지
켜다,켠단다
켜다,켠담
켜다,켠답니까
켜다,켠답니다
켜다,켠답시고
켜다,켠대
켜다,켠대요
켜다,켤깝쇼
켜다,켤라치면
켜다,켤락
켜다,켤작시면
켜다,켤지며
켜다,켬세
켜다,켭시사
켜다,켭시오
따다,딴걸
따다,딴들
따다,딴바
따다,딴즉
따다,딴즉슨
따다,딸
따다,딸걸
따다,딸까
따다,딸는지
따다,딸라
따다,딸라고
따다,딸러니
따다,딸러라
따다,딸런고
따다,딸레
따다,딸레라
따다,딸망정
따다,딸밖에
따다,딸뿐더러
따다,딸사
따다,딸새
따다,딸세
따다,딸세라
따다,딸세말이지
따다,딸수록
따다,딸시
따다,딸쏘냐
따다,딸쏜가
따다,딸지
따다,딸지나
따다,딸지니
따다,딸지니라
따다,딸지라
따다,딸지라도
따다,딸지로다
따다,딸지어다
따다,딸지언정
따다,딸진대
따다,딸진대는
따다,딸진댄
따다,딸진저
따다,땀
따다,땀에도
따다,땀에랴
따다,땁네
따다,땁늰다
따다,땁니까
따다,땁니다
따다,땁디까
따다,땁디다
따다,땁딘다
따다,땁죠
따다,땁지요
따다,따
따다,땄
따다,땄었
따다,땄자
따다,딴
따다,딴다
따다,딴다고
따다,딴다나
따다,딴다네
따다,딴다느니
따다,딴다니
따다,딴다니까
따다,딴다더라
따다,딴다마는
따다,딴다며
따다,딴다면
따다,딴다면서
따다,딴다손
따다,딴다오
따다,딴다지
따다,딴단다
따다,딴담
따다,딴답니까
따다,딴답니다
따다,딴답시고
따다,딴대
따다,딴대요
따다,딸거나
따다,딸게
따다,딸깝쇼
따다,딸라치면
따다,딸락
따다,딸래
따다,딸작시면
따다,딸지며
따다,땀세
따다,땁시다
따다,땁시사
따다,땁시오
때다,땐걸
때다,땐들
때다,땐바
때다,땐즉
때다,땐즉슨
때다,땔
때다,땔걸
때다,땔까
때다,땔는지
때다,땔라
때다,땔라고
때다,땔러니
때다,땔러라
때다,땔런고
때다,땔레
때다,땔레라
때다,땔망정
때다,땔밖에
때다,땔뿐더러
때다,땔사
때다,땔새
때다,땔세
때다,땔세라
때다,땔세말이지
때다,땔수록
때다,땔시
때다,땔쏘냐
때다,땔쏜가
때다,땔지
때다,땔지나
때다,땔지니
때다,땔지니라
때다,땔지라
때다,땔지라도
때다,땔지로다
때다,땔지어다
때다,땔지언정
때다,땔진대
때다,땔진대는
때다,땔진댄
때다,땔진저
때다,땜
때다,땜에도
때다,땜에랴
때다,땝네
때다,땝늰다
때다,땝니까
때다,땝니다
때다,땝디까
때다,땝디다
때다,땝딘다
때다,땝죠
때다,땝지요
때다,때
때다,땠
때다,땠었
때다,땐
때다,땐다
때다,땐다고
때다,땐다나
때다,땐다네
때다,땐다느니
때다,땐다니
때다,땐다니까
때다,땐다더라
때다,땐다마는
때다,땐다며
때다,땐다면
때다,땐다면서
때다,땐다손
때다,땐다오
때다,땐다지
때다,땐단다
때다,땐담
때다,땐답니까
때다,땐답니다
때다,땐답시고
때다,땐대
때다,땐대요
때다,땔거나
때다,땔게
때다,땔깝쇼
때다,땔라치면
때다,땔락
때다,땔래
때다,땔작시면
때다,땔지며
때다,땜세
때다,땝시다
때다,땝시사
때다,땝시오
떼다,뗀걸
떼다,뗀들
떼다,뗀바
떼다,뗀즉
떼다,뗀즉슨
떼다,뗄
떼다,뗄걸
떼다,뗄까
떼다,뗄는지
떼다,뗄라
떼다,뗄라고
떼다,뗄러니
떼다,뗄러라
떼다,뗄런고
떼다,뗄레
떼다,뗄레라
떼다,뗄망정
떼다,뗄밖에
떼다,뗄뿐더러
떼다,뗄사
떼다,뗄새
떼다,뗄세
떼다,뗄세라
떼다,뗄세말이지
떼다,뗄수록
떼다,뗄시
떼다,뗄쏘냐
떼다,뗄쏜가
떼다,뗄지
떼다,뗄지나
떼다,뗄지니
떼다,뗄지니라
떼다,뗄지라
떼다,뗄지라도
떼다,뗄지로다
떼다,뗄지어다
떼다,뗄지언정
떼다,뗄진대
떼다,뗄진대는
떼다,뗄진댄
떼다,뗄진저
떼다,뗌
떼다,뗌에도
떼다,뗌에랴
떼다,뗍네
떼다,뗍늰다
떼다,뗍니까
떼다,뗍니다
떼다,뗍디까
떼다,뗍디다
떼다,뗍딘다
떼다,뗍죠
떼다,뗍지요
떼다,떼
떻다,떼
떼다,뗐
떻다,뗐
떼다,뗐었
떻다,뗐었
떼다,뗀
떼다,뗀다
떼다,뗀다고
떼다,뗀다나
떼다,뗀다네
떼다,뗀다느니
떼다,뗀다니
떼다,뗀다니까
떼다,뗀다더라
떼다,뗀다마는
떼다,뗀다며
떼다,뗀다면
떼다,뗀다면서
떼다,뗀다손
떼다,뗀다오
떼다,뗀다지
떼다,뗀단다
떼다,뗀담
떼다,뗀답니까
떼다,뗀답니다
떼다,뗀답시고
떼다,뗀대
떼다,뗀대요
떼다,뗄거나
떼다,뗄게
떼다,뗄깝쇼
떼다,뗄라치면
떼다,뗄락
떼다,뗄래
떼다,뗄작시면
떼다,뗄지며
떼다,뗌세
떼다,뗍시다
떼다,뗍시사
떼다,뗍시오
나다,난뎁쇼
나다,난가
나다,난감
나다,난고
나다,난데
나다,난지
나다,날시고
뜨다,뜬뎁쇼
뜨다,뜬가
뜨다,뜬감
뜨다,뜬고
뜨다,뜬데
뜨다,뜬지
뜨다,뜰시고
띄다,띈걸
띄다,띈들
띄다,띈바
띄다,띈즉
띄다,띈즉슨
띄다,띌
띄다,띌걸
띄다,띌까
띄다,띌는지
띄다,띌라
띄다,띌라고
띄다,띌러니
띄다,띌러라
띄다,띌런고
띄다,띌레
띄다,띌레라
띄다,띌망정
띄다,띌밖에
띄다,띌뿐더러
띄다,띌사
띄다,띌새
띄다,띌세
띄다,띌세라
띄다,띌세말이지
띄다,띌수록
띄다,띌시
띄다,띌쏘냐
띄다,띌쏜가
띄다,띌지
띄다,띌지나
띄다,띌지니
띄다,띌지니라
띄다,띌지라
띄다,띌지라도
띄다,띌지로다
띄다,띌지어다
띄다,띌지언정
띄다,띌진대
띄다,띌진대는
띄다,띌진댄
띄다,띌진저
띄다,띔
띄다,띔에도
띄다,띔에랴
띄다,띕네
띄다,띕늰다
띄다,띕니까
띄다,띕니다
띄다,띕디까
띄다,띕디다
띄다,띕딘다
띄다,띕죠
띄다,띕지요
띄다,띈
띄다,띈다
띄다,띈다고
띄다,띈다나
띄다,띈다네
띄다,띈다느니
띄다,띈다니
띄다,띈다니까
띄다,띈다더라
띄다,띈다마는
띄다,띈다며
띄다,띈다면
띄다,띈다면서
띄다,띈다손
띄다,띈다오
띄다,띈다지
띄다,띈단다
띄다,띈담
띄다,띈답니까
띄다,띈답니다
띄다,띈답시고
띄다,띈대
띄다,띈대요
띄다,띌거나
띄다,띌게
띄다,띌깝쇼
띄다,띌라치면
띄다,띌락
띄다,띌래
띄다,띌작시면
띄다,띌지며
띄다,띔세
띄다,띕시다
띄다,띕시사
띄다,띕시오
띠다,띤걸
띠다,띤들
띠다,띤바
띠다,띤즉
띠다,띤즉슨
띠다,띨
띠다,띨걸
띠다,띨까
띠다,띨는지
띠다,띨라
띠다,띨라고
띠다,띨러니
띠다,띨러라
띠다,띨런고
띠다,띨레
띠다,띨레라
띠다,띨망정
띠다,띨밖에
띠다,띨뿐더러
띠다,띨사
띠다,띨새
띠다,띨세
띠다,띨세라
띠다,띨세말이지
띠다,띨수록
띠다,띨시
띠다,띨쏘냐
띠다,띨쏜가
띠다,띨지
띠다,띨지나
띠다,띨지니
띠다,띨지니라
띠다,띨지라
띠다,띨지라도
띠다,띨지로다
띠다,띨지어다
띠다,띨지언정
띠다,띨진대
띠다,띨진대는
띠다,띨진댄
띠다,띨진저
띠다,띰
띠다,띰에도
띠다,띰에랴
띠다,띱네
띠다,띱늰다
띠다,띱니까
띠다,띱니다
띠다,띱디까
띠다,띱디다
띠다,띱딘다
띠다,띱죠
띠다,띱지요
띠다,뗘
띠다,뗘도
띠다,뗘라
띠다,뗘서
띠다,뗘야
띠다,뗘야만
띠다,뗘야지
띠다,뗘요
띠다,뗘지이다
띠다,뗬
띠다,뗬었
띠다,띤
띠다,띤다
띠다,띤다고
띠다,띤다나
띠다,띤다네
띠다,띤다느니
띠다,띤다니
띠다,띤다니까
띠다,띤다더라
띠다,띤다마는
띠다,띤다며
띠다,띤다면
띠다,띤다면서
띠다,띤다손
띠다,띤다오
띠다,띤다지
띠다,띤단다
띠다,띤담
띠다,띤답니까
띠다,띤답니다
띠다,띤답시고
띠다,띤대
띠다,띤대요
띠다,띨거나
띠다,띨게
띠다,띨깝쇼
띠다,띨라치면
띠다,띨락
띠다,띨래
띠다,띨작시면
띠다,띨지며
띠다,띰세
띠다,띱시다
띠다,띱시사
띠다,띱시오
띠다,뗘다
띠다,뗘다가
마다,말걸
맣다,말걸
마다,말까
맣다,말까
마다,말는지
맣다,말는지
마다,말라
마르다,말라
맣다,말라
마다,말라고
맣다,말라고
마다,말러니
맣다,말러니
마다,말러라
맣다,말러라
마다,말런고
맣다,말런고
마다,말레
맣다,말레
마다,말레라
맣다,말레라
마다,말망정
맣다,말망정
마다,말밖에
맣다,말밖에
마다,말뿐더러
맣다,말뿐더러
마다,말사
마다,말새
맣다,말새
마다,말세
맣다,말세
마다,말세라
맣다,말세라
마다,말세말이지
맣다,말세말이지
마다,말수록
맣다,말수록
마다,말시
맣다,말시
마다,말쏘냐
맣다,말쏘냐
마다,말쏜가
맣다,말쏜가
마다,말지
맣다,말지
마다,말지나
맣다,말지나
마다,말지니
맣다,말지니
마다,말지니라
맣다,말지니라
마다,말지라
맣다,말지라
마다,말지라도
맣다,말지라도
마다,말지로다
맣다,말지로다
마다,말지어다
맣다,말지어다
마다,말지언정
맣다,말지언정
마다,말진대
맣다,말진대
마다,말진대는
맣다,말진대는
마다,말진댄
마다,말진저
맣다,말진저
마다,맜
마다,맜었
마다,맜자
마다,말거나
마다,말게
마다,말깝쇼
마다,말라치면
마다,말락
마다,말래
마다,말작시면
마다,말지며
맣다,말지며
마르다,말라다
마르다,말라다가
무르다,물러
무르다,물러도
무르다,물러라
무르다,물러서
무르다,물러야
무르다,물러야만
무르다,물러야지
무르다,물러요
무르다,물러지이다
무르다,물렀
무르다,물렀었
무르다,물러다
무르다,물러다가
티다,틴걸
티다,틴들
티다,틴바
티다,틴즉
티다,틴즉슨
티다,틸
티다,틸걸
티다,틸까
티다,틸는지
티다,틸라
티다,틸라고
티다,틸러니
티다,틸러라
티다,틸런고
티다,틸레
티다,틸레라
티다,틸망정
티다,틸밖에
티다,틸뿐더러
티다,틸사
티다,틸새
티다,틸세
티다,틸세라
티다,틸세말이지
티다,틸수록
티다,틸시
티다,틸쏘냐
티다,틸쏜가
티다,틸지
티다,틸지나
티다,틸지니
티다,틸지니라
티다,틸지라
티다,틸지라도
티다,틸지로다
티다,틸지어다
티다,틸지언정
티다,틸진대
티다,틸진대는
티다,틸진댄
티다,틸진저
티다,팀
티다,팀에도
티다,팀에랴
티다,팁네
티다,팁늰다
티다,팁니까
티다,팁니다
티다,팁디까
티다,팁디다
티다,팁딘다
티다,팁죠
티다,팁지요
티다,텨
티다,텨도
티다,텨라
티다,텨서
티다,텨야
티다,텨야만
티다,텨야지
티다,텨요
티다,텨지이다
티다,텼
티다,텼었
티다,틴
티다,틴다
티다,틴다고
티다,틴다나
티다,틴다네
티다,틴다느니
티다,틴다니
티다,틴다니까
티다,틴다더라
티다,틴다마는
티다,틴다며
티다,틴다면
티다,틴다면서
티다,틴다손
티다,틴다오
티다,틴다지
티다,틴단다
티다,틴담
티다,틴답니까
티다,틴답니다
티다,틴답시고
티다,틴대
티다,틴대요
티다,틸거나
티다,틸게
티다,틸깝쇼
티다,틸라치면
티다,틸락
티다,틸래
티다,틸작시면
티다,틸지며
티다,팀세
티다,팁시다
티다,팁시사
티다,팁시오
티다,텨다
티다,텨다가
멀다,먼가
멓다,먼가
멀다,먼감
멓다,먼감
멀다,먼고
멓다,먼고
멀다,먼데
멓다,먼데
멀다,먼지
멓다,먼지
멀다,머냐
멓다,머냐
멀다,머냐고
멓다,머냐고
멀다,머니라
멓다,머니라
모다,몰걸
모다,몰까
모다,몰는지
모다,몰라
모르다,몰라
모다,몰라고
모다,몰러니
모다,몰러라
모다,몰런고
모다,몰레
모다,몰레라
모다,몰망정
모다,몰밖에
모다,몰뿐더러
모다,몰사
모다,몰새
모다,몰세
모다,몰세라
모다,몰세말이지
모다,몰수록
모다,몰시
모다,몰쏘냐
모다,몰쏜가
모다,몰지
모다,몰지나
모다,몰지니
모다,몰지니라
모다,몰지라
모다,몰지라도
모다,몰지로다
모다,몰지어다
모다,몰지언정
모다,몰진대
모다,몰진대는
모다,몰진댄
모다,몰진저
모다,뫄
모다,뫄도
모다,뫄라
모다,뫄서
모다,뫄야
모다,뫄야만
모다,뫄야지
모다,뫄요
모다,뫄지이다
모다,뫘
모다,뫘었
모다,뫘자
모다,몰거나
모다,몰게
모다,몰깝쇼
모다,몰라치면
모다,몰락
모다,몰래
모다,몰작시면
모다,몰지며
모다,뫄다
모다,뫄다가
이다,인뎁쇼
이다,인가
일다,인가
이다,인감
일다,인감
이다,인고
일다,인고
이다,인데
일다,인데
이다,인지
일다,인지
이다,일시고
마르다,말라도
마르다,말라라
마르다,말라서
마르다,말라야
마르다,말라야만
마르다,말라야지
마르다,말라요
마르다,말라지이다
마르다,말랐
마르다,말랐었
기다,긴뎁쇼
기다,길시고
찌르다,찔러
찌르다,찔러도
찌르다,찔러라
찌다,찔러라
찌르다,찔러서
찌르다,찔러야
찌르다,찔러야만
찌르다,찔러야지
찌르다,찔러요
찌르다,찔러지이다
찌르다,찔렀
찌르다,찔렀었
찌르다,찔러다
찌르다,찔러다가
뭇다,무어
뭇다,무어도
뭇다,무어라
뭇다,무어서
뭇다,무어야
뭇다,무어야만
뭇다,무어야지
뭇다,무어요
뭇다,무어지이다
뭇다,무었
뭇다,무었었
뭇다,무으나
뭇다,무으나마
뭇다,무으니
뭇다,무으니까
뭇다,무으니까는
뭇다,무으니만치
뭇다,무으니만큼
뭇다,무으려니와
뭇다,무으려면
뭇다,무으련마는
뭇다,무으렷다
뭇다,무으리
뭇다,무으리까
뭇다,무으리니
뭇다,무으리니라
뭇다,무으리다
뭇다,무으리라
뭇다,무으리로다
뭇다,무으리만치
뭇다,무으리만큼
뭇다,무으리오
뭇다,무으매
뭇다,무으며
뭇다,무으면
뭇다,무으면서
뭇다,무으므로
뭇다,무으사
뭇다,무으세요
뭇다,무으셔요
뭇다,무으소서
뭇다,무으시
뭇다,무으시어요
뭇다,무으오
뭇다,무으오니까
뭇다,무으오리까
뭇다,무으오리다
뭇다,무으오리이까
뭇다,무으오리이다
뭇다,무으오이다
뭇다,무으옵
뭇다,무으옵나이까
뭇다,무으옵나이다
뭇다,무으옵니까
뭇다,무으옵니다
뭇다,무으옵디까
뭇다,무으옵디다
뭇다,무으옵소서
뭇다,무으옵시
뭇다,무으와
뭇다,무으우
뭇다,무은
뭇다,무은걸
뭇다,무은들
뭇다,무은즉
뭇다,무은즉슨
뭇다,무을
뭇다,무을걸
뭇다,무을까
뭇다,무을는지
뭇다,무을라
뭇다,무을라고
뭇다,무을러니
뭇다,무을러라
뭇다,무을런가
뭇다,무을런고
뭇다,무을레
뭇다,무을레라
뭇다,무을망정
뭇다,무을밖에
뭇다,무을뿐더러
뭇다,무을새
뭇다,무을세
뭇다,무을세라
뭇다,무을세말이지
뭇다,무을수록
뭇다,무을시
뭇다,무을쏘냐
뭇다,무을쏜가
뭇다,무을지
뭇다,무을지나
뭇다,무을지니
뭇다,무을지니라
뭇다,무을지라
뭇다,무을지라도
뭇다,무을지로다
뭇다,무을지며
뭇다,무을지어다
뭇다,무을지언정
뭇다,무을진대
뭇다,무을진대는
뭇다,무을진저
뭇다,무음
뭇다,무음에도
뭇다,무음에랴
뭇다,무읍시오
뭇다,무으라
뭇다,무으라고
뭇다,무으라나
뭇다,무으라느니
뭇다,무으라니까
뭇다,무으라며
뭇다,무으라면서
뭇다,무으라손
뭇다,무으락
뭇다,무으란
뭇다,무으람
뭇다,무으랴
뭇다,무으러
뭇다,무으려
뭇다,무으려거든
뭇다,무으려고
뭇다,무으려나
뭇다,무으려니
뭇다,무으려든
뭇다,무으려무나
뭇다,무으련
뭇다,무으렴
뭇다,무으렵니까
뭇다,무으렵니다
뭇다,무으마
뭇다,무으사이다
뭇다,무으세
뭇다,무으시라
뭇다,무으시압
뭇다,무으십사
뭇다,무으십시다
뭇다,무으십시오
뭇다,무을거나
뭇다,무을게
뭇다,무을깝쇼
뭇다,무을라치면
뭇다,무을락
뭇다,무을래
뭇다,무을작시면
뭇다,무음세
뭇다,무읍시다
뭇다,무읍시사
뭇다,무어다
뭇다,무어다가
럽다,러워
럽다,러워도
럽다,러워라
럽다,러워서
럽다,러워야
럽다,러워야만
럽다,러워야지
럽다,러워요
럽다,러워지이다
럽다,러웠
럽다,러웠었
럽다,러우나
럽다,러우나마
럽다,러우니
럽다,러우니까
럽다,러우니까는
럽다,러우니만치
럽다,러우니만큼
럽다,러우려니와
럽다,러우려면
럽다,러우련마는
럽다,러우렷다
럽다,러우리
럽다,러우리까
럽다,러우리니
럽다,러우리니라
럽다,러우리다
럽다,러우리라
럽다,러우리로다
럽다,러우리만치
럽다,러우리만큼
럽다,러우리오
럽다,러우매
럽다,러우며
럽다,러우면
럽다,러우면서
럽다,러우므로
럽다,러우사
럽다,러우세요
럽다,러우셔요
럽다,러우소서
럽다,러우시
럽다,러우시어요
럽다,러우오
럽다,러우오니까
럽다,러우오리까
럽다,러우오리다
럽다,러우오리이까
럽다,러우오리이다
럽다,러우오이다
럽다,러우옵
럽다,러우옵나이까
럽다,러우옵나이다
럽다,러우옵니까
럽다,러우옵니다
럽다,러우옵디까
럽다,러우옵디다
럽다,러우옵소서
럽다,러우옵시
럽다,러우와
럽다,러우우
럽다,러운
럽다,러운걸
럽다,러운들
럽다,러운즉
럽다,러운즉슨
럽다,러울
럽다,러울걸
럽다,러울까
럽다,러울는지
럽다,러울라
럽다,러울라고
럽다,러울러니
럽다,러울러라
럽다,러울런가
럽다,러울런고
럽다,러울레
럽다,러울레라
럽다,러울망정
럽다,러울밖에
럽다,러울뿐더러
럽다,러울새
럽다,러울세
럽다,러울세라
럽다,러울세말이지
럽다,러울수록
럽다,러울시
럽다,러울쏘냐
럽다,러울쏜가
럽다,러울지
럽다,러울지나
럽다,러울지니
럽다,러울지니라
럽다,러울지라
럽다,러울지라도
럽다,러울지로다
럽다,러울지며
럽다,러울지어다
럽다,러울지언정
럽다,러울진대
럽다,러울진대는
럽다,러울진저
럽다,러움
럽다,러움에도
럽다,러움에랴
럽다,러웁시오
럽다,러우냐
럽다,러우냐고
럽다,러우뇨
럽다,러우니라
럽다,러우이
럽다,러운가
럽다,러운감
럽다,러운고
럽다,러운데
럽다,러운뎁쇼
럽다,러운지
럽다,러울데라니
럽다,러울시고
바르다,발라
바르다,발라도
바르다,발라라
바르다,발라서
바르다,발라야
바르다,발라야만
바르다,발라야지
바르다,발라요
바르다,발라지이다
바르다,발랐
바르다,발랐었
갑다,가워
갑다,가워도
갑다,가워라
갑다,가워서
갑다,가워야
갑다,가워야만
갑다,가워야지
갑다,가워요
갑다,가워지이다
갑다,가웠
갑다,가웠었
갑다,가우나
갑다,가우나마
갑다,가우니
갑다,가우니까
갑다,가우니까는
갑다,가우니만치
갑다,가우니만큼
갑다,가우려니와
갑다,가우려면
갑다,가우련마는
갑다,가우렷다
갑다,가우리
갑다,가우리까
갑다,가우리니
갑다,가우리니라
갑다,가우리다
갑다,가우리라
갑다,가우리로다
갑다,가우리만치
갑다,가우리만큼
갑다,가우리오
갑다,가우매
갑다,가우며
갑다,가우면
갑다,가우면서
갑다,가우므로
갑다,가우사
갑다,가우세요
갑다,가우셔요
갑다,가우소서
갑다,가우시
갑다,가우시어요
갑다,가우오
갑다,가우오니까
갑다,가우오리까
갑다,가우오리다
갑다,가우오리이까
갑다,가우오리이다
갑다,가우오이다
갑다,가우옵
갑다,가우옵나이까
갑다,가우옵나이다
갑다,가우옵니까
갑다,가우옵니다
갑다,가우옵디까
갑다,가우옵디다
갑다,가우옵소서
갑다,가우옵시
갑다,가우와
갑다,가우우
갑다,가운
갑다,가운걸
갑다,가운들
갑다,가운즉
갑다,가운즉슨
갑다,가울
갑다,가울걸
갑다,가울까
갑다,가울는지
갑다,가울라
갑다,가울라고
갑다,가울러니
갑다,가울러라
갑다,가울런가
갑다,가울런고
갑다,가울레
갑다,가울레라
갑다,가울망정
갑다,가울밖에
갑다,가울뿐더러
갑다,가울새
갑다,가울세
갑다,가울세라
갑다,가울세말이지
갑다,가울수록
갑다,가울시
갑다,가울쏘냐
갑다,가울쏜가
갑다,가울지
갑다,가울지나
갑다,가울지니
갑다,가울지니라
갑다,가울지라
갑다,가울지라도
갑다,가울지로다
갑다,가울지며
갑다,가울지어다
갑다,가울지언정
갑다,가울진대
갑다,가울진대는
갑다,가울진저
갑다,가움
갑다,가움에도
갑다,가움에랴
갑다,가웁시오
갑다,가우냐
갑다,가우냐고
갑다,가우뇨
갑다,가우니라
갑다,가우이
갑다,가운가
갑다,가운감
갑다,가운고
갑다,가운데
갑다,가운뎁쇼
갑다,가운지
갑다,가울데라니
갑다,가울시고
배다,밴뎁쇼
배다,밴가
배다,밴감
배다,밴고
배다,밴데
배다,밴지
배다,밸시고
프다,픈걸
프다,픈들
프다,픈바
프다,픈즉
프다,픈즉슨
프다,플
프다,플걸
프다,플까
프다,플는지
프다,플라
프다,플라고
프다,플러니
프다,플러라
프다,플런고
프다,플레
프다,플레라
프다,플망정
프다,플밖에
프다,플뿐더러
프다,플사
프다,플새
프다,플세
프다,플세라
프다,플세말이지
프다,플수록
프다,플시
프다,플쏘냐
프다,플쏜가
프다,플지
프다,플지나
프다,플지니
프다,플지니라
프다,플지라
프다,플지라도
프다,플지로다
프다,플지어다
프다,플지언정
프다,플진대
프다,플진대는
프다,플진댄
프다,플진저
프다,픔
프다,픔에도
프다,픔에랴
프다,픕네
프다,픕늰다
프다,픕니까
프다,픕니다
프다,픕디까
프다,픕디다
프다,픕딘다
프다,픕죠
프다,픕지요
프다,파
파다,파
프다,파도
프다,파라
프다,파서
프다,파야
프다,파야만
프다,파야지
프다,파요
프다,파지이다
프다,팠
파다,팠
프다,팠었
파다,팠었
프다,픈뎁쇼
프다,픈가
프다,픈감
프다,픈고
프다,픈데
프다,픈지
프다,플시고
차다,찬뎁쇼
차다,찬가
차다,찬감
차다,찬고
차다,찬데
차다,찬지
차다,찰시고
벌다,번바
벌다,번즉
벌다,번즉슨
벌다,버나
벌다,버나마
벌다,버니
벌다,버니까는
벌다,버니만치
벌다,버니만큼
벌다,벌
벌다,버려거든
벌다,버려고
벌다,버려나
벌다,버려니
벌다,버려니와
벌다,버려면
벌다,버련마는
벌다,버련만
벌다,버렷다
벌다,버리
벌다,버리까
벌다,버리니
벌다,버리니라
벌다,버리다
벌다,버리라
벌다,버리로다
벌다,버리오
벌다,범
벌다,범에도
벌다,범에랴
벌다,버매
벌다,버며
벌다,버면서
벌다,버므로
벌다,법네
벌다,법늰다
벌다,법니까
벌다,법니다
벌다,법디까
벌다,법디다
벌다,법딘다
벌다,법죠
벌다,법지요
벌다,버셔요
벌다,버시
벌다,버시어요
벌다,버락
벌다,버리만치
벌다,버리만큼
벌다,버사
벌다,버소서
벌다,버오
벌다,버오니까
벌다,버오리까
벌다,버오리다
벌다,버오리이까
벌다,버오리이다
벌다,버오이다
벌다,버옵
벌다,버옵나이까
벌다,버옵나이다
벌다,버옵니까
벌다,버옵니다
벌다,버옵디까
벌다,버옵디다
벌다,버옵소서
벌다,버옵시
벌다,버와
벌다,버외다
벌다,번가
벌다,번감
벌다,번고
벌다,번데
벌다,번지
벌다,버냐
벌다,버냐고
벌다,버니라
벌다,번
벌다,번다마는
벌다,번다손
벌다,번다오
벌다,번다지
벌다,번단다
벌다,번담
벌다,번답시고
벌다,버라고
벌다,버랴
벌다,버러
벌다,버려
벌다,버려든
벌다,버려무나
벌다,버렴
벌다,범세
벌다,버마
벌다,법시사
벌다,법시오
벌다,버사이다
벌다,버세
벌다,버시압
벌다,버십사
벌다,버십시다
벌다,버십시오
베다,벤바
베다,벤즉
베다,벤즉슨
베다,벨
베다,벨레
베다,벨레라
베다,벨사
베다,벨새
베다,벨세
베다,벨세라
베다,벨세말이지
베다,벨시
베다,벨쏘냐
베다,벨쏜가
베다,벨지
베다,벨지나
베다,벨지니
베다,벨지니라
베다,벨지라
베다,벨지로다
베다,벨지어다
베다,벨지언정
베다,벨진대
베다,벨진대는
베다,벨진댄
베다,벨진저
베다,벰
베다,벰에도
베다,벰에랴
베다,벱네
베다,벱늰다
베다,벱니까
베다,벱니다
베다,벱디까
베다,벱디다
베다,벱딘다
베다,벱죠
베다,벱지요
베다,베
베다,벴
베다,벴었
베다,벤
베다,벤다마는
베다,벤다손
베다,벤다오
베다,벤다지
베다,벤단다
베다,벤담
베다,벨깝쇼
베다,벨라치면
베다,벨락
베다,벨작시면
베다,벨지며
베다,벰세
베다,벱시사
베다,벱시오
벼르다,별러
벼르다,별러도
벼르다,별러라
벼르다,별러서
벼르다,별러야
벼르다,별러야만
벼르다,별러야지
벼르다,별러요
벼르다,별러지이다
벼르다,별렀
벼르다,별렀었
벼르다,별러다
벼르다,별러다가
보다,본뎁쇼
보다,본가
보다,본감
보다,본고
보다,본데
보다,본지
보다,볼시고
붇다,불어
붇다,불어도
붇다,불어라
붇다,불어서
붇다,불어야
붇다,불어야만
붇다,불어야지
붇다,불어요
붇다,불어지이다
붇다,불었
붇다,불었었
붇다,불으나
붇다,불으나마
붇다,불으니
붇다,불으니까
붇다,불으니까는
붇다,불으니만치
붇다,불으니만큼
붇다,불으려니와
붇다,불으려면
붇다,불으련마는
붇다,불으렷다
붇다,불으리
붇다,불으리까
붇다,불으리니
붇다,불으리니라
붇다,불으리다
붇다,불으리라
붇다,불으리로다
붇다,불으리만치
붇다,불으리만큼
붇다,불으리오
붇다,불으매
붇다,불으며
붇다,불으면
붇다,불으면서
붇다,불으므로
붇다,불으사
붇다,불으세요
붇다,불으셔요
붇다,불으소서
붇다,불으시
붇다,불으시어요
붇다,불으오
붇다,불으오니까
붇다,불으오리까
붇다,불으오리다
붇다,불으오리이까
붇다,불으오리이다
붇다,불으오이다
붇다,불으옵
붇다,불으옵나이까
붇다,불으옵나이다
붇다,불으옵니까
붇다,불으옵니다
붇다,불으옵디까
붇다,불으옵디다
붇다,불으옵소서
붇다,불으옵시
붇다,불으와
붇다,불으우
붇다,불은
붇다,불은걸
붇다,불은들
붇다,불은즉
붇다,불은즉슨
붇다,불을
붇다,불을걸
붇다,불을까
붇다,불을는지
붇다,불을라
붇다,불을라고
붇다,불을러니
붇다,불을러라
붇다,불을런가
붇다,불을런고
붇다,불을레
붇다,불을레라
붇다,불을망정
붇다,불을밖에
붇다,불을뿐더러
붇다,불을새
붇다,불을세
붇다,불을세라
붇다,불을세말이지
붇다,불을수록
붇다,불을시
붇다,불을쏘냐
붇다,불을쏜가
붇다,불을지
붇다,불을지나
붇다,불을지니
붇다,불을지니라
붇다,불을지라
붇다,불을지라도
붇다,불을지로다
붇다,불을지며
붇다,불을지어다
붇다,불을지언정
붇다,불을진대
붇다,불을진대는
붇다,불을진저
붇다,불음
붇다,불음에도
붇다,불음에랴
붇다,불읍시오
붇다,불으라
붇다,불으라고
붇다,불으라나
붇다,불으라느니
붇다,불으라니까
붇다,불으라며
붇다,불으라면서
붇다,불으라손
붇다,불으락
붇다,불으란
붇다,불으람
붇다,불으랴
붇다,불으러
붇다,불으려
붇다,불으려거든
붇다,불으려고
붇다,불으려나
붇다,불으려니
붇다,불으려든
붇다,불으려무나
붇다,불으련
붇다,불으렴
붇다,불으렵니까
붇다,불으렵니다
붇다,불으마
붇다,불으사이다
붇다,불으세
붇다,불으시라
붇다,불으시압
붇다,불으십사
붇다,불으십시다
붇다,불으십시오
붇다,불을거나
붇다,불을게
붇다,불을깝쇼
붇다,불을라치면
붇다,불을락
붇다,불을래
붇다,불을작시면
붇다,불음세
붇다,불읍시다
붇다,불읍시사
붇다,불어다
붇다,불어다가
사르다,살라다
사르다,살라다가
세다,센바
세다,센즉
세다,센즉슨
세다,셀걸
세다,셀레
세다,셀레라
세다,셀사
세다,셀새
세다,셀세
세다,셀세라
세다,셀세말이지
세다,셀시
세다,셀쏘냐
세다,셀쏜가
세다,셀지
세다,셀지나
세다,셀지니
세다,셀지니라
세다,셀지라
세다,셀지로다
세다,셀지어다
세다,셀지언정
세다,셀진대
세다,셀진대는
세다,셀진댄
세다,셀진저
세다,셈
세다,셈에도
세다,셈에랴
세다,셉네
세다,셉늰다
세다,셉니까
세다,셉니다
세다,셉디까
세다,셉디다
세다,셉딘다
세다,셉죠
세다,셉지요
세다,셌
세다,셌었
세다,센다마는
세다,센다손
세다,센다오
세다,센다지
세다,센단다
세다,센담
세다,셀깝쇼
세다,셀라치면
세다,셀락
세다,셀작시면
세다,셀지며
세다,셈세
세다,셉시사
세다,셉시오
뚤다,뚠걸
뚤다,뚠들
뚤다,뚠바
뚤다,뚠즉
뚤다,뚠즉슨
뚤다,뚜나
뚤다,뚜나마
뚤다,뚜니
뚤다,뚜니까
뚤다,뚜니까는
뚤다,뚜니만치
뚤다,뚜니만큼
뚤다,뚤
뚤다,뚜려거든
뚤다,뚜려고
뚤다,뚜려나
뚤다,뚜려니
뚤다,뚜려니와
뚤다,뚜려면
뚤다,뚜련마는
뚤다,뚜련만
뚤다,뚜렷다
뚤다,뚜리
뚤다,뚜리까
뚤다,뚜리니
뚤다,뚜리니라
뚤다,뚜리다
뚤다,뚜리라
뚤다,뚜리로다
뚤다,뚜리오
뚤다,뚬
뚤다,뚬에도
뚤다,뚬에랴
뚤다,뚜매
뚤다,뚜며
뚤다,뚜면
뚤다,뚜면서
뚤다,뚜므로
뚤다,뚭네
뚤다,뚭늰다
뚤다,뚭니까
뚤다,뚭니다
뚤다,뚭디까
뚤다,뚭디다
뚤다,뚭딘다
뚤다,뚭죠
뚤다,뚭지요
뚤다,뚜세요
뚤다,뚜셔요
뚤다,뚜시
뚤다,뚜시어요
뚤다,뚜락
뚤다,뚜리만치
뚤다,뚜리만큼
뚤다,뚜사
뚤다,뚜소서
뚤다,뚜오
뚤다,뚜오니까
뚤다,뚜오리까
뚤다,뚜오리다
뚤다,뚜오리이까
뚤다,뚜오리이다
뚤다,뚜오이다
뚤다,뚜옵
뚤다,뚜옵나이까
뚤다,뚜옵나이다
뚤다,뚜옵니까
뚤다,뚜옵니다
뚤다,뚜옵디까
뚤다,뚜옵디다
뚤다,뚜옵소서
뚤다,뚜옵시
뚤다,뚜와
뚤다,뚜외다
뚤다,뚠가
뚤다,뚠감
뚤다,뚠고
뚤다,뚠데
뚤다,뚠지
뚤다,뚜냐
뚤다,뚜냐고
뚤다,뚜니라
싸다,싼뎁쇼
싸다,싼가
싸다,싼감
싸다,싼고
싸다,싼데
싸다,싼지
싸다,쌀시고
취다,췬걸
취다,췬들
취다,췬바
취다,췬즉
취다,췬즉슨
취다,췰
취다,췰걸
취다,췰까
취다,췰는지
취다,췰라
취다,췰라고
취다,췰러니
취다,췰러라
취다,췰런고
취다,췰레
취다,췰레라
취다,췰망정
취다,췰밖에
취다,췰뿐더러
취다,췰사
취다,췰새
취다,췰세
취다,췰세라
취다,췰세말이지
취다,췰수록
취다,췰시
취다,췰쏘냐
취다,췰쏜가
취다,췰지
취다,췰지나
취다,췰지니
취다,췰지니라
취다,췰지라
취다,췰지라도
취다,췰지로다
취다,췰지어다
취다,췰지언정
취다,췰진대
취다,췰진대는
취다,췰진댄
취다,췰진저
취다,췸
취다,췸에도
취다,췸에랴
취다,췹네
취다,췹늰다
취다,췹니까
취다,췹니다
취다,췹디까
취다,췹디다
취다,췹딘다
취다,췹죠
취다,췹지요
취다,췬
취다,췬다
취다,췬다고
취다,췬다나
취다,췬다네
취다,췬다느니
취다,췬다니
취다,췬다니까
취다,췬다더라
취다,췬다마는
취다,췬다며
취다,췬다면
취다,췬다면서
취다,췬다손
취다,췬다오
취다,췬다지
취다,췬단다
취다,췬담
취다,췬답니까
취다,췬답니다
취다,췬답시고
취다,췬대
취다,췬대요
취다,췰거나
취다,췰게
취다,췰깝쇼
취다,췰라치면
취다,췰락
취다,췰래
취다,췰작시면
취다,췰지며
취다,췸세
취다,췹시다
취다,췹시사
취다,췹시오
빌다,비나
빌다,비나마
빌다,비니
빌다,비니까
빌다,비니까는
빌다,비니만치
빌다,비니만큼
빌다,비려거든
빌다,비려고
빌다,비려나
빌다,비려니
빌다,비려니와
빌다,비려면
빌다,비련마는
빌다,비련만
빌다,비렷다
빌다,비리
빌다,비리까
빌다,비리니
빌다,비리니라
빌다,비리다
빌다,비리라
빌다,비리로다
빌다,비리오
빌다,비매
빌다,비며
빌다,비면
빌다,비면서
빌다,비므로
빌다,비세요
빌다,비셔요
빌다,비시
빌다,비시어요
빌다,비락
빌다,비리만치
빌다,비리만큼
빌다,비사
빌다,비소서
빌다,비오
빌다,비오니까
빌다,비오리까
빌다,비오리다
빌다,비오리이까
빌다,비오리이다
빌다,비오이다
빌다,비옵
빌다,비옵나이까
빌다,비옵나이다
빌다,비옵니까
빌다,비옵니다
빌다,비옵디까
빌다,비옵디다
빌다,비옵소서
빌다,비옵시
빌다,비와
빌다,비외다
빌다,비라고
빌다,비랴
빌다,비러
빌다,비려
빌다,비려든
빌다,비려무나
빌다,비렴
빌다,비마
빌다,비사이다
빌다,비세
빌다,비시라
빌다,비시압
빌다,비십사
빌다,비십시다
빌다,비십시오
빨다,빤가
빨다,빤감
빨다,빤고
빨다,빤데
빨다,빤지
빨다,빠냐
빨다,빠냐고
빨다,빠니라
삐다,삔걸
삐다,삔들
삐다,삔바
삐다,삔즉
삐다,삔즉슨
삐다,삘
삐다,삘걸
삐다,삘까
삐다,삘는지
삐다,삘라
삐다,삘라고
삐다,삘러니
삐다,삘러라
삐다,삘런고
삐다,삘레
삐다,삘레라
삐다,삘망정
삐다,삘밖에
삐다,삘뿐더러
삐다,삘사
삐다,삘새
삐다,삘세
삐다,삘세라
삐다,삘세말이지
삐다,삘수록
삐다,삘시
삐다,삘쏘냐
삐다,삘쏜가
삐다,삘지
삐다,삘지나
삐다,삘지니
삐다,삘지니라
삐다,삘지라
삐다,삘지라도
삐다,삘지로다
삐다,삘지어다
삐다,삘지언정
삐다,삘진대
삐다,삘진대는
삐다,삘진댄
삐다,삘진저
삐다,삠
삐다,삠에도
삐다,삠에랴
삐다,삡네
삐다,삡늰다
삐다,삡니까
삐다,삡니다
삐다,삡디까
삐다,삡디다
삐다,삡딘다
삐다,삡죠
삐다,삡지요
삐다,뼈
삐다,뼈도
삐다,뼈라
삐다,뼈서
삐다,뼈야
삐다,뼈야만
삐다,뼈야지
삐다,뼈요
삐다,뼈지이다
삐다,뼜
삐다,뼜었
삐다,삔
삐다,삔다
삐다,삔다고
삐다,삔다나
삐다,삔다네
삐다,삔다느니
삐다,삔다니
삐다,삔다니까
삐다,삔다더라
삐다,삔다마는
삐다,삔다며
삐다,삔다면
삐다,삔다면서
삐다,삔다손
삐다,삔다오
삐다,삔다지
삐다,삔단다
삐다,삔담
삐다,삔답니까
삐다,삔답니다
삐다,삔답시고
삐다,삔대
삐다,삔대요
삐다,삘거나
삐다,삘게
삐다,삘깝쇼
삐다,삘라치면
삐다,삘락
삐다,삘래
삐다,삘작시면
삐다,삘지며
삐다,삠세
삐다,삡시다
삐다,삡시사
삐다,삡시오
삐다,뼈다
삐다,뼈다가
귀다,귄걸
귀다,귄들
귀다,귄바
귀다,귄즉
귀다,귄즉슨
귀다,귈
귀다,귈걸
귀다,귈까
귀다,귈는지
귀다,귈라
귀다,귈라고
귀다,귈러니
귀다,귈러라
귀다,귈런고
귀다,귈레
귀다,귈레라
귀다,귈망정
귀다,귈밖에
귀다,귈뿐더러
귀다,귈사
귀다,귈새
귀다,귈세
귀다,귈세라
귀다,귈세말이지
귀다,귈수록
귀다,귈시
귀다,귈쏘냐
귀다,귈쏜가
귀다,귈지
귀다,귈지나
귀다,귈지니
귀다,귈지니라
귀다,귈지라
귀다,귈지라도
귀다,귈지로다
귀다,귈지어다
귀다,귈지언정
귀다,귈진대
귀다,귈진대는
귀다,귈진댄
귀다,귈진저
귀다,귐
귀다,귐에도
귀다,귐에랴
귀다,귑네
귀다,귑늰다
귀다,귑니까
귀다,귑니다
귀다,귑디까
귀다,귑디다
귀다,귑딘다
귀다,귑죠
귀다,귑지요
귀다,귄
귀다,귄다
귀다,귄다고
귀다,귄다나
귀다,귄다네
귀다,귄다느니
귀다,귄다니
귀다,귄다니까
귀다,귄다더라
귀다,귄다마는
귀다,귄다며
귀다,귄다면
귀다,귄다면서
귀다,귄다손
귀다,귄다오
귀다,귄다지
귀다,귄단다
귀다,귄담
귀다,귄답니까
귀다,귄답니다
귀다,귄답시고
귀다,귄대
귀다,귄대요
귀다,귈거나
귀다,귈게
귀다,귈깝쇼
귀다,귈라치면
귀다,귈락
귀다,귈래
귀다,귈작시면
귀다,귈지며
귀다,귐세
귀다,귑시다
귀다,귑시사
귀다,귑시오
자다,잔걸
잘다,잔걸
자다,잔들
잘다,잔들
자다,잔바
잘다,잔바
자다,잔즉
잘다,잔즉
자다,잔즉슨
잘다,잔즉슨
자다,잘
잘다,잘
자다,잘걸
자다,잘까
자다,잘는지
자다,잘라
자다,잘라고
자다,잘러니
자다,잘러라
자다,잘런고
자다,잘레
자다,잘레라
자다,잘망정
자다,잘밖에
자다,잘뿐더러
자다,잘사
자다,잘새
자다,잘세
자다,잘세라
자다,잘세말이지
자다,잘수록
자다,잘시
자다,잘쏘냐
자다,잘쏜가
자다,잘지
자다,잘지나
자다,잘지니
자다,잘지니라
자다,잘지라
자다,잘지라도
자다,잘지로다
자다,잘지어다
자다,잘지언정
자다,잘진대
자다,잘진대는
자다,잘진댄
자다,잘진저
자다,잠
잘다,잠
자다,잠에도
잘다,잠에도
자다,잠에랴
잘다,잠에랴
자다,잡네
잘다,잡네
자다,잡늰다
잘다,잡늰다
자다,잡니까
잘다,잡니까
자다,잡니다
잘다,잡니다
자다,잡디까
잘다,잡디까
자다,잡디다
잘다,잡디다
자다,잡딘다
잘다,잡딘다
자다,잡죠
잘다,잡죠
자다,잡지요
잘다,잡지요
자다,잤
자다,잤었
자다,잤자
자다,잔
자다,잔다
자다,잔다고
자다,잔다나
자다,잔다네
자다,잔다느니
자다,잔다니
자다,잔다니까
자다,잔다더라
자다,잔다마는
자다,잔다며
자다,잔다면
자다,잔다면서
자다,잔다손
자다,잔다오
자다,잔다지
자다,잔단다
자다,잔담
자다,잔답니까
자다,잔답니다
자다,잔답시고
자다,잔대
자다,잔대요
자다,잘거나
자다,잘게
자다,잘깝쇼
자다,잘라치면
자다,잘락
자다,잘래
자다,잘작시면
자다,잘지며
자다,잠세
자다,잡시다
자다,잡시사
자다,잡시오
뢰다,뢴걸
뢰다,뢴들
뢰다,뢴바
뢰다,뢴즉
뢰다,뢴즉슨
뢰다,뢸
뢰다,뢸걸
뢰다,뢸까
뢰다,뢸는지
뢰다,뢸라
뢰다,뢸라고
뢰다,뢸러니
뢰다,뢸러라
뢰다,뢸런고
뢰다,뢸레
뢰다,뢸레라
뢰다,뢸망정
뢰다,뢸밖에
뢰다,뢸뿐더러
뢰다,뢸사
뢰다,뢸새
뢰다,뢸세
뢰다,뢸세라
뢰다,뢸세말이지
뢰다,뢸수록
뢰다,뢸시
뢰다,뢸쏘냐
뢰다,뢸쏜가
뢰다,뢸지
뢰다,뢸지나
뢰다,뢸지니
뢰다,뢸지니라
뢰다,뢸지라
뢰다,뢸지라도
뢰다,뢸지로다
뢰다,뢸지어다
뢰다,뢸지언정
뢰다,뢸진대
뢰다,뢸진대는
뢰다,뢸진댄
뢰다,뢸진저
뢰다,룀
뢰다,룀에도
뢰다,룀에랴
뢰다,룁네
뢰다,룁늰다
뢰다,룁니까
뢰다,룁니다
뢰다,룁디까
뢰다,룁디다
뢰다,룁딘다
뢰다,룁죠
뢰다,룁지요
뢰다,뢔
뢰다,뢔도
뢰다,뢔라
뢰다,뢔서
뢰다,뢔야
뢰다,뢔야만
뢰다,뢔야지
뢰다,뢔요
뢰다,뢔지이다
뢰다,뢨
뢰다,뢨었
뢰다,뢴
뢰다,뢴다
뢰다,뢴다고
뢰다,뢴다나
뢰다,뢴다네
뢰다,뢴다느니
뢰다,뢴다니
뢰다,뢴다니까
뢰다,뢴다더라
뢰다,뢴다마는
뢰다,뢴다며
뢰다,뢴다면
뢰다,뢴다면서
뢰다,뢴다손
뢰다,뢴다오
뢰다,뢴다지
뢰다,뢴단다
뢰다,뢴담
뢰다,뢴답니까
뢰다,뢴답니다
뢰다,뢴답시고
뢰다,뢴대
뢰다,뢴대요
뢰다,뢸거나
뢰다,뢸게
뢰다,뢸깝쇼
뢰다,뢸라치면
뢰다,뢸락
뢰다,뢸래
뢰다,뢸작시면
뢰다,뢸지며
뢰다,룀세
뢰다,룁시다
뢰다,룁시사
뢰다,룁시오
뢰다,뢔다
뢰다,뢔다가
위다,윈걸
위다,윈들
위다,윈바
위다,윈즉
위다,윈즉슨
위다,윌
위다,윌걸
위다,윌까
위다,윌는지
위다,윌라
위다,윌라고
위다,윌러니
위다,윌러라
위다,윌런고
위다,윌레
위다,윌레라
위다,윌망정
위다,윌밖에
위다,윌뿐더러
위다,윌사
위다,윌새
위다,윌세
위다,윌세라
위다,윌세말이지
위다,윌수록
위다,윌시
위다,윌쏘냐
위다,윌쏜가
위다,윌지
위다,윌지나
위다,윌지니
위다,윌지니라
위다,윌지라
위다,윌지라도
위다,윌지로다
위다,윌지어다
위다,윌지언정
위다,윌진대
위다,윌진대는
위다,윌진댄
위다,윌진저
위다,윔
위다,윔에도
위다,윔에랴
위다,윕네
위다,윕늰다
위다,윕니까
위다,윕니다
위다,윕디까
위다,윕디다
위다,윕딘다
위다,윕죠
위다,윕지요
위다,윈
위다,윈다
위다,윈다고
위다,윈다나
위다,윈다네
위다,윈다느니
위다,윈다니
위다,윈다니까
위다,윈다더라
위다,윈다마는
위다,윈다며
위다,윈다면
위다,윈다면서
위다,윈다손
위다,윈다오
위다,윈다지
위다,윈단다
위다,윈담
위다,윈답니까
위다,윈답니다
위다,윈답시고
위다,윈대
위다,윈대요
위다,윌거나
위다,윌게
위다,윌깝쇼
위다,윌라치면
위다,윌락
위다,윌래
위다,윌작시면
위다,윌지며
위다,윔세
위다,윕시다
위다,윕시사
위다,윕시오
재다,잰바
재다,잰즉
재다,잰즉슨
재다,잴
재다,잴레
재다,잴레라
재다,잴사
재다,잴새
재다,잴세
재다,잴세라
재다,잴세말이지
재다,잴시
재다,잴쏘냐
재다,잴쏜가
재다,잴지
재다,잴지나
재다,잴지니
재다,잴지니라
재다,잴지라
재다,잴지로다
재다,잴지어다
재다,잴지언정
재다,잴진대
재다,잴진대는
재다,잴진댄
재다,잴진저
재다,잼
재다,잼에도
재다,잼에랴
재다,잽네
재다,잽늰다
재다,잽니까
재다,잽니다
재다,잽디까
재다,잽디다
재다,잽딘다
재다,잽죠
재다,잽지요
재다,재
재다,쟀
재다,쟀었
재다,잰다나
재다,잰다네
재다,잰다니
재다,잰다니까
재다,잰다더라
재다,잰다마는
재다,잰다면
재다,잰다면서
재다,잰다손
재다,잰다오
재다,잰다지
재다,잰단다
재다,잰담
재다,잰답니까
재다,잰답시고
재다,잰대
재다,잰대요
재다,잴깝쇼
재다,잴라치면
재다,잴락
재다,잴작시면
재다,잴지며
재다,잼세
재다,잽시사
재다,잽시오
살다,산가
살다,산감
살다,산고
살다,산데
살다,산지
살다,사냐
살다,사냐고
살다,사니라
찌다,찐걸
찌다,찐들
찌다,찐바
찌다,찐즉
찌다,찐즉슨
찌다,찔
찌다,찔걸
찌다,찔까
찌다,찔는지
찌다,찔라
찌다,찔라고
찌다,찔러니
찌다,찔런고
찌다,찔레
찌다,찔레라
찌다,찔망정
찌다,찔밖에
찌다,찔뿐더러
찌다,찔사
찌다,찔새
찌다,찔세
찌다,찔세라
찌다,찔세말이지
찌다,찔수록
찌다,찔시
찌다,찔쏘냐
찌다,찔쏜가
찌다,찔지
찌다,찔지나
찌다,찔지니
찌다,찔지니라
찌다,찔지라
찌다,찔지라도
찌다,찔지로다
찌다,찔지어다
찌다,찔지언정
찌다,찔진대
찌다,찔진대는
찌다,찔진댄
찌다,찔진저
찌다,찜
찌다,찜에도
찌다,찜에랴
찌다,찝네
찌다,찝늰다
찌다,찝니까
찌다,찝니다
찌다,찝디까
찌다,찝디다
찌다,찝딘다
찌다,찝죠
찌다,찝지요
찌다,쪄
찌다,쪄도
찌다,쪄라
찌다,쪄서
찌다,쪄야
찌다,쪄야만
찌다,쪄야지
찌다,쪄요
찌다,쪄지이다
찌다,쪘
찌다,쪘었
찌다,찐
찌다,찐다
찌다,찐다고
찌다,찐다나
찌다,찐다네
찌다,찐다느니
찌다,찐다니
찌다,찐다니까
찌다,찐다더라
찌다,찐다마는
찌다,찐다며
찌다,찐다면
찌다,찐다면서
찌다,찐다손
찌다,찐다오
찌다,찐다지
찌다,찐단다
찌다,찐담
찌다,찐답니까
찌다,찐답니다
찌다,찐답시고
찌다,찐대
찌다,찐대요
찌다,찔거나
찌다,찔게
찌다,찔깝쇼
찌다,찔라치면
찌다,찔락
찌다,찔래
찌다,찔작시면
찌다,찔지며
찌다,찜세
찌다,찝시다
찌다,찝시사
찌다,찝시오
찌다,쪄다
찌다,쪄다가
피다,핀뎁쇼
피다,핀가
피다,핀감
피다,핀고
피다,핀데
피다,핀지
피다,필시고
롭다,로워
롭다,로워도
롭다,로워라
롭다,로워서
롭다,로워야
롭다,로워야만
롭다,로워야지
롭다,로워요
롭다,로워지이다
롭다,로웠
롭다,로웠었
롭다,로우나
롭다,로우나마
롭다,로우니
롭다,로우니까
롭다,로우니까는
롭다,로우니만치
롭다,로우니만큼
롭다,로우려니와
롭다,로우려면
롭다,로우련마는
롭다,로우렷다
롭다,로우리
롭다,로우리까
롭다,로우리니
롭다,로우리니라
롭다,로우리다
롭다,로우리라
롭다,로우리로다
롭다,로우리만치
롭다,로우리만큼
롭다,로우리오
롭다,로우매
롭다,로우며
롭다,로우면
롭다,로우면서
롭다,로우므로
롭다,로우사
롭다,로우세요
롭다,로우셔요
롭다,로우소서
롭다,로우시
롭다,로우시어요
롭다,로우오
롭다,로우오니까
롭다,로우오리까
롭다,로우오리다
롭다,로우오리이까
롭다,로우오리이다
롭다,로우오이다
롭다,로우옵
롭다,로우옵나이까
롭다,로우옵나이다
롭다,로우옵니까
롭다,로우옵니다
롭다,로우옵디까
롭다,로우옵디다
롭다,로우옵소서
롭다,로우옵시
롭다,로우와
롭다,로우우
롭다,로운
롭다,로운걸
롭다,로운들
롭다,로운즉
롭다,로운즉슨
롭다,로울
롭다,로울걸
롭다,로울까
롭다,로울는지
롭다,로울라
롭다,로울라고
롭다,로울러니
롭다,로울러라
롭다,로울런가
롭다,로울런고
롭다,로울레
롭다,로울레라
롭다,로울망정
롭다,로울밖에
롭다,로울뿐더러
롭다,로울새
롭다,로울세
롭다,로울세라
롭다,로울세말이지
롭다,로울수록
롭다,로울시
롭다,로울쏘냐
롭다,로울쏜가
롭다,로울지
롭다,로울지나
롭다,로울지니
롭다,로울지니라
롭다,로울지라
롭다,로울지라도
롭다,로울지로다
롭다,로울지며
롭다,로울지어다
롭다,로울지언정
롭다,로울진대
롭다,로울진대는
롭다,로울진저
롭다,로움
롭다,로움에도
롭다,로움에랴
롭다,로웁시오
롭다,로우냐
롭다,로우냐고
롭다,로우뇨
롭다,로우니라
롭다,로우이
롭다,로운가
롭다,로운감
롭다,로운고
롭다,로운데
롭다,로운뎁쇼
롭다,로운지
롭다,로울데라니
롭다,로울시고
둘다,두나
둘다,두나마
둘다,두니
둘다,두니까
둘다,두니까는
둘다,두니만치
둘다,두니만큼
둘다,두려거든
둘다,두려고
둘다,두려나
둘다,두려니
둘다,두려니와
둘다,두려면
둘다,두련마는
둘다,두련만
둘다,두렷다
둘다,두리
둘다,두리까
둘다,두리니
둘다,두리니라
둘다,두리다
둘다,두리라
둘다,두리로다
둘다,두리오
둘다,두매
둘다,두며
둘다,두면
둘다,두면서
둘다,두므로
둘다,두세요
둘다,두셔요
둘다,두시
둘다,두시어요
둘다,두락
둘다,두리만치
둘다,두리만큼
둘다,두사
둘다,두소서
둘다,두오
둘다,두오니까
둘다,두오리까
둘다,두오리다
둘다,두오리이까
둘다,두오리이다
둘다,두오이다
둘다,두옵
둘다,두옵나이까
둘다,두옵나이다
둘다,두옵니까
둘다,두옵니다
둘다,두옵디까
둘다,두옵디다
둘다,두옵소서
둘다,두옵시
둘다,두와
둘다,두외다
둘다,두라고
둘다,두랴
둘다,두러
둘다,두려
둘다,두려든
둘다,두려무나
둘다,두렴
둘다,두마
둘다,두사이다
둘다,두세
둘다,두시라
둘다,두시압
둘다,두십사
둘다,두십시다
둘다,두십시오
설다,서라고
설다,서랴
설다,서러
설다,서려
설다,서려든
설다,서려무나
설다,서렴
설다,서마
설다,서사이다
설다,서세
설다,서시라
설다,서시압
설다,서십사
설다,서십시다
설다,서십시오
세다,센뎁쇼
세다,센가
세다,센감
세다,센고
세다,센데
세다,센지
세다,셀시고
쇠다,쇤걸
쇠다,쇤들
쇠다,쇤바
쇠다,쇤즉
쇠다,쇤즉슨
쇠다,쇨
쇠다,쇨걸
쇠다,쇨까
쇠다,쇨는지
쇠다,쇨라
쇠다,쇨라고
쇠다,쇨러니
쇠다,쇨러라
쇠다,쇨런고
쇠다,쇨레
쇠다,쇨레라
쇠다,쇨망정
쇠다,쇨밖에
쇠다,쇨뿐더러
쇠다,쇨사
쇠다,쇨새
쇠다,쇨세
쇠다,쇨세라
쇠다,쇨세말이지
쇠다,쇨수록
쇠다,쇨시
쇠다,쇨쏘냐
쇠다,쇨쏜가
쇠다,쇨지
쇠다,쇨지나
쇠다,쇨지니
쇠다,쇨지니라
쇠다,쇨지라
쇠다,쇨지라도
쇠다,쇨지로다
쇠다,쇨지어다
쇠다,쇨지언정
쇠다,쇨진대
쇠다,쇨진대는
쇠다,쇨진댄
쇠다,쇨진저
쇠다,쇰
쇠다,쇰에도
쇠다,쇰에랴
쇠다,쇱네
쇠다,쇱늰다
쇠다,쇱니까
쇠다,쇱니다
쇠다,쇱디까
쇠다,쇱디다
쇠다,쇱딘다
쇠다,쇱죠
쇠다,쇱지요
쇠다,쇄
쇠다,쇄도
쇠다,쇄라
쇠다,쇄서
쇠다,쇄야
쇠다,쇄야만
쇠다,쇄야지
쇠다,쇄요
쇠다,쇄지이다
쇠다,쇘
쇠다,쇘었
쇠다,쇤
쇠다,쇤다
쇠다,쇤다고
쇠다,쇤다나
쇠다,쇤다네
쇠다,쇤다느니
쇠다,쇤다니
쇠다,쇤다니까
쇠다,쇤다더라
쇠다,쇤다마는
쇠다,쇤다며
쇠다,쇤다면
쇠다,쇤다면서
쇠다,쇤다손
쇠다,쇤다오
쇠다,쇤다지
쇠다,쇤단다
쇠다,쇤담
쇠다,쇤답니까
쇠다,쇤답니다
쇠다,쇤답시고
쇠다,쇤대
쇠다,쇤대요
쇠다,쇨거나
쇠다,쇨게
쇠다,쇨깝쇼
쇠다,쇨라치면
쇠다,쇨락
쇠다,쇨래
쇠다,쇨작시면
쇠다,쇨지며
쇠다,쇰세
쇠다,쇱시다
쇠다,쇱시사
쇠다,쇱시오
쇠다,쇄다
쇠다,쇄다가
싣다,실어
싣다,실어도
싣다,실어라
싣다,실어서
싣다,실어야
싣다,실어야만
싣다,실어야지
싣다,실어요
싣다,실어지이다
싣다,실었
싣다,실었었
싣다,실으나
싣다,실으나마
싣다,실으니
싣다,실으니까
싣다,실으니까는
싣다,실으니만치
싣다,실으니만큼
싣다,실으려니와
싣다,실으려면
싣다,실으련마는
싣다,실으렷다
싣다,실으리
싣다,실으리까
싣다,실으리니
싣다,실으리니라
싣다,실으리다
싣다,실으리라
싣다,실으리로다
싣다,실으리만치
싣다,실으리만큼
싣다,실으리오
싣다,실으매
싣다,실으며
싣다,실으면
싣다,실으면서
싣다,실으므로
싣다,실으사
싣다,실으세요
싣다,실으셔요
싣다,실으소서
싣다,실으시
싣다,실으시어요
싣다,실으오
싣다,실으오니까
싣다,실으오리까
싣다,실으오리다
싣다,실으오리이까
싣다,실으오리이다
싣다,실으오이다
싣다,실으옵
싣다,실으옵나이까
싣다,실으옵나이다
싣다,실으옵니까
싣다,실으옵니다
싣다,실으옵디까
싣다,실으옵디다
싣다,실으옵소서
싣다,실으옵시
싣다,실으와
싣다,실으우
싣다,실은
싣다,실은걸
싣다,실은들
싣다,실은즉
싣다,실은즉슨
싣다,실을
싣다,실을걸
싣다,실을까
싣다,실을는지
싣다,실을라
싣다,실을라고
싣다,실을러니
싣다,실을러라
싣다,실을런가
싣다,실을런고
싣다,실을레
싣다,실을레라
싣다,실을망정
싣다,실을밖에
싣다,실을뿐더러
싣다,실을새
싣다,실을세
싣다,실을세라
싣다,실을세말이지
싣다,실을수록
싣다,실을시
싣다,실을쏘냐
싣다,실을쏜가
싣다,실을지
싣다,실을지나
싣다,실을지니
싣다,실을지니라
싣다,실을지라
싣다,실을지라도
싣다,실을지로다
싣다,실을지며
싣다,실을지어다
싣다,실을지언정
싣다,실을진대
싣다,실을진대는
싣다,실을진저
싣다,실음
싣다,실음에도
싣다,실음에랴
싣다,실읍시오
싣다,실으라
싣다,실으라고
싣다,실으라나
싣다,실으라느니
싣다,실으라니까
싣다,실으라며
싣다,실으라면서
싣다,실으라손
싣다,실으락
싣다,실으란
싣다,실으람
싣다,실으랴
싣다,실으러
싣다,실으려
싣다,실으려거든
싣다,실으려고
싣다,실으려나
싣다,실으려니
싣다,실으려든
싣다,실으려무나
싣다,실으련
싣다,실으렴
싣다,실으렵니까
싣다,실으렵니다
싣다,실으마
싣다,실으사이다
싣다,실으세
싣다,실으시라
싣다,실으시압
싣다,실으십사
싣다,실으십시다
싣다,실으십시오
싣다,실을거나
싣다,실을게
싣다,실을깝쇼
싣다,실을라치면
싣다,실을락
싣다,실을래
싣다,실을작시면
싣다,실음세
싣다,실읍시다
싣다,실읍시사
싣다,실어다
싣다,실어다가
쌔다,쌘걸
쌔다,쌘들
쌔다,쌘바
쌔다,쌘즉
쌔다,쌘즉슨
쌔다,쌜
쌔다,쌜걸
쌔다,쌜까
쌔다,쌜는지
쌔다,쌜라
쌔다,쌜라고
쌔다,쌜러니
쌔다,쌜러라
쌔다,쌜런고
쌔다,쌜레
쌔다,쌜레라
쌔다,쌜망정
쌔다,쌜밖에
쌔다,쌜뿐더러
쌔다,쌜사
쌔다,쌜새
쌔다,쌜세
쌔다,쌜세라
쌔다,쌜세말이지
쌔다,쌜수록
쌔다,쌜시
쌔다,쌜쏘냐
쌔다,쌜쏜가
쌔다,쌜지
쌔다,쌜지나
쌔다,쌜지니
쌔다,쌜지니라
쌔다,쌜지라
쌔다,쌜지라도
쌔다,쌜지로다
쌔다,쌜지어다
쌔다,쌜지언정
쌔다,쌜진대
쌔다,쌜진대는
쌔다,쌜진댄
쌔다,쌜진저
쌔다,쌤
쌔다,쌤에도
쌔다,쌤에랴
쌔다,쌥네
쌔다,쌥늰다
쌔다,쌥니까
쌔다,쌥니다
쌔다,쌥디까
쌔다,쌥디다
쌔다,쌥딘다
쌔다,쌥죠
쌔다,쌥지요
쌔다,쌔
쌔다,쌨
쌔다,쌨었
쌔다,쌘
쌔다,쌘다
쌔다,쌘다고
쌔다,쌘다나
쌔다,쌘다네
쌔다,쌘다느니
쌔다,쌘다니
쌔다,쌘다니까
쌔다,쌘다더라
쌔다,쌘다마는
쌔다,쌘다며
쌔다,쌘다면
쌔다,쌘다면서
쌔다,쌘다손
쌔다,쌘다오
쌔다,쌘다지
쌔다,쌘단다
쌔다,쌘담
쌔다,쌘답니까
쌔다,쌘답니다
쌔다,쌘답시고
쌔다,쌘대
쌔다,쌘대요
쌔다,쌜거나
쌔다,쌜게
쌔다,쌜깝쇼
쌔다,쌜라치면
쌔다,쌜락
쌔다,쌜래
쌔다,쌜작시면
쌔다,쌜지며
쌔다,쌤세
쌔다,쌥시다
쌔다,쌥시사
쌔다,쌥시오
써다,썬걸
써다,썬들
써다,썬바
썰다,썬바
써다,썬즉
썰다,썬즉
써다,썬즉슨
썰다,썬즉슨
써다,썰
써다,썰걸
써다,썰까
써다,썰는지
써다,썰라
써다,썰라고
써다,썰러니
써다,썰러라
써다,썰런고
써다,썰레
써다,썰레라
써다,썰망정
써다,썰밖에
써다,썰뿐더러
써다,썰사
써다,썰새
써다,썰세
써다,썰세라
써다,썰세말이지
써다,썰수록
써다,썰시
써다,썰쏘냐
써다,썰쏜가
써다,썰지
써다,썰지나
써다,썰지니
써다,썰지니라
써다,썰지라
써다,썰지라도
써다,썰지로다
써다,썰지어다
써다,썰지언정
써다,썰진대
써다,썰진대는
써다,썰진댄
써다,썰진저
써다,썸
썰다,썸
써다,썸에도
썰다,썸에도
써다,썸에랴
썰다,썸에랴
써다,썹네
썰다,썹네
써다,썹늰다
썰다,썹늰다
써다,썹니까
썰다,썹니까
써다,썹니다
썰다,썹니다
써다,썹디까
썰다,썹디까
써다,썹디다
썰다,썹디다
써다,썹딘다
썰다,썹딘다
써다,썹죠
썰다,썹죠
써다,썹지요
썰다,썹지요
다,ᅡ
다,ᅡ도
다,ᅡ라
다,ᅡ서
다,ᅡ야
다,ᅡ야만
다,ᅡ야지
다,ᅡ요
다,ᅡ지이다
다,ᅡᆻ
다,ᅡᆻ었
다,ᅡᆻ자
써다,썬
써다,썬다
써다,썬다고
써다,썬다나
써다,썬다네
써다,썬다느니
써다,썬다니
써다,썬다니까
써다,썬다더라
써다,썬다마는
썰다,썬다마는
써다,썬다며
써다,썬다면
써다,썬다면서
써다,썬다손
썰다,썬다손
써다,썬다오
썰다,썬다오
써다,썬다지
썰다,썬다지
써다,썬단다
썰다,썬단다
써다,썬담
썰다,썬담
써다,썬답니까
써다,썬답니다
써다,썬답시고
써다,썬대
써다,썬대요
써다,썰거나
써다,썰게
써다,썰깝쇼
써다,썰라치면
써다,썰락
써다,썰래
써다,썰작시면
써다,썰지며
써다,썸세
썰다,썸세
써다,썹시다
써다,썹시사
썰다,썹시사
써다,썹시오
썰다,썹시오
다,ᅡ다
다,ᅡ다가
썰다,써나
썰다,써니까는
썰다,써니만치
썰다,써니만큼
썰다,써려거든
썰다,써려고
썰다,써려나
썰다,써려니
썰다,써려니와
썰다,써려면
썰다,써련마는
썰다,써련만
썰다,써렷다
썰다,써리
썰다,써리까
썰다,써리니
썰다,써리니라
썰다,써리다
썰다,써리라
썰다,써리로다
썰다,써리오
썰다,써매
썰다,써며
썰다,써면
썰다,써므로
썰다,써세요
썰다,써시
썰다,써시어요
썰다,써락
썰다,써리만치
썰다,써리만큼
썰다,써사
썰다,써소서
썰다,써오
썰다,써오니까
썰다,써오리까
썰다,써오리다
썰다,써오리이까
썰다,써오리이다
썰다,써오이다
썰다,써옵
썰다,써옵나이까
썰다,써옵나이다
썰다,써옵니까
썰다,써옵니다
썰다,써옵디까
썰다,써옵디다
썰다,써옵소서
썰다,써옵시
썰다,써와
썰다,써외다
썰다,써라고
썰다,써랴
썰다,써러
썰다,써려
썰다,써려든
썰다,써려무나
썰다,써렴
썰다,써마
썰다,써사이다
썰다,써세
썰다,써시라
썰다,써시압
썰다,써십사
썰다,써십시다
썰다,써십시오
쏠다,쏘나
쏠다,쏘나마
쏠다,쏘니
쏠다,쏘니까
쏠다,쏘니까는
쏠다,쏘니만치
쏠다,쏘니만큼
쏠다,쏘려거든
쏠다,쏘려고
쏠다,쏘려나
쏠다,쏘려니
쏠다,쏘려니와
쏠다,쏘려면
쏠다,쏘련마는
쏠다,쏘련만
쏠다,쏘렷다
쏠다,쏘리
쏠다,쏘리까
쏠다,쏘리니
쏠다,쏘리니라
쏠다,쏘리다
쏠다,쏘리라
쏠다,쏘리로다
쏠다,쏘리오
쏠다,쏘매
쏠다,쏘며
쏠다,쏘면
쏠다,쏘면서
쏠다,쏘므로
쏠다,쏘세요
쏠다,쏘셔요
쏠다,쏘시
쏠다,쏘시어요
쏠다,쏘락
쏠다,쏘리만치
쏠다,쏘리만큼
쏠다,쏘사
쏠다,쏘소서
쏠다,쏘오
쏠다,쏘오니까
쏠다,쏘오리까
쏠다,쏘오리다
쏠다,쏘오리이까
쏠다,쏘오리이다
쏠다,쏘오이다
쏠다,쏘옵
쏠다,쏘옵나이까
쏠다,쏘옵나이다
쏠다,쏘옵니까
쏠다,쏘옵니다
쏠다,쏘옵디까
쏠다,쏘옵디다
쏠다,쏘옵소서
쏠다,쏘옵시
쏠다,쏘와
쏠다,쏘외다
쏠다,쏘라고
쏠다,쏘랴
쏠다,쏘러
쏠다,쏘려
쏠다,쏘려든
쏠다,쏘려무나
쏠다,쏘렴
쏠다,쏘마
쏠다,쏘사이다
쏠다,쏘세
쏠다,쏘시라
쏠다,쏘시압
쏠다,쏘십사
쏠다,쏘십시다
쏠다,쏘십시오
쐬다,쐰걸
쐬다,쐰들
쐬다,쐰바
쐬다,쐰즉
쐬다,쐰즉슨
쐬다,쐴
쐬다,쐴걸
쐬다,쐴까
쐬다,쐴는지
쐬다,쐴라
쐬다,쐴라고
쐬다,쐴러니
쐬다,쐴러라
쐬다,쐴런고
쐬다,쐴레
쐬다,쐴레라
쐬다,쐴망정
쐬다,쐴밖에
쐬다,쐴뿐더러
쐬다,쐴사
쐬다,쐴새
쐬다,쐴세
쐬다,쐴세라
쐬다,쐴세말이지
쐬다,쐴수록
쐬다,쐴시
쐬다,쐴쏘냐
쐬다,쐴쏜가
쐬다,쐴지
쐬다,쐴지나
쐬다,쐴지니
쐬다,쐴지니라
쐬다,쐴지라
쐬다,쐴지라도
쐬다,쐴지로다
쐬다,쐴지어다
쐬다,쐴지언정
쐬다,쐴진대
쐬다,쐴진대는
쐬다,쐴진댄
쐬다,쐴진저
쐬다,쐼
쐬다,쐼에도
쐬다,쐼에랴
쐬다,쐽네
쐬다,쐽늰다
쐬다,쐽니까
쐬다,쐽니다
쐬다,쐽디까
쐬다,쐽디다
쐬다,쐽딘다
쐬다,쐽죠
쐬다,쐽지요
쐬다,쐐
쐬다,쐐도
쐬다,쐐라
쐬다,쐐서
쐬다,쐐야
쐬다,쐐야만
쐬다,쐐야지
쐬다,쐐요
쐬다,쐐지이다
쐬다,쐤
쐬다,쐤었
쐬다,쐰
쐬다,쐰다
쐬다,쐰다고
쐬다,쐰다나
쐬다,쐰다네
쐬다,쐰다느니
쐬다,쐰다니
쐬다,쐰다니까
쐬다,쐰다더라
쐬다,쐰다마는
쐬다,쐰다며
쐬다,쐰다면
쐬다,쐰다면서
쐬다,쐰다손
쐬다,쐰다오
쐬다,쐰다지
쐬다,쐰단다
쐬다,쐰담
쐬다,쐰답니까
쐬다,쐰답니다
쐬다,쐰답시고
쐬다,쐰대
쐬다,쐰대요
쐬다,쐴거나
쐬다,쐴게
쐬다,쐴깝쇼
쐬다,쐴라치면
쐬다,쐴락
쐬다,쐴래
쐬다,쐴작시면
쐬다,쐴지며
쐬다,쐼세
쐬다,쐽시다
쐬다,쐽시사
쐬다,쐽시오
쐬다,쐐다
쐬다,쐐다가
쑤다,쑨걸
쑤다,쑨들
쑤다,쑨바
쑤다,쑨즉
쑤다,쑨즉슨
쑤다,쑬
쑤다,쑬걸
쑤다,쑬까
쑤다,쑬는지
쑤다,쑬라
쑤다,쑬라고
쑤다,쑬러니
쑤다,쑬러라
쑤다,쑬런고
쑤다,쑬레
쑤다,쑬레라
쑤다,쑬망정
쑤다,쑬밖에
쑤다,쑬뿐더러
쑤다,쑬사
쑤다,쑬새
쑤다,쑬세
쑤다,쑬세라
쑤다,쑬세말이지
쑤다,쑬수록
쑤다,쑬시
쑤다,쑬쏘냐
쑤다,쑬쏜가
쑤다,쑬지
쑤다,쑬지나
쑤다,쑬지니
쑤다,쑬지니라
쑤다,쑬지라
쑤다,쑬지라도
쑤다,쑬지로다
쑤다,쑬지어다
쑤다,쑬지언정
쑤다,쑬진대
쑤다,쑬진대는
쑤다,쑬진댄
쑤다,쑬진저
쑤다,쑴
쑤다,쑴에도
쑤다,쑴에랴
쑤다,쑵네
쑤다,쑵늰다
쑤다,쑵니까
쑤다,쑵니다
쑤다,쑵디까
쑤다,쑵디다
쑤다,쑵딘다
쑤다,쑵죠
쑤다,쑵지요
쑤다,쒀
쑤다,쒀도
쑤다,쒀라
쑤다,쒀서
쑤다,쒀야
쑤다,쒀야만
쑤다,쒀야지
쑤다,쒀요
쑤다,쒀지이다
쑤다,쒔
쑤다,쒔었
쑤다,쑨
쑤다,쑨다
쑤다,쑨다고
쑤다,쑨다나
쑤다,쑨다네
쑤다,쑨다느니
쑤다,쑨다니
쑤다,쑨다니까
쑤다,쑨다더라
쑤다,쑨다마는
쑤다,쑨다며
쑤다,쑨다면
쑤다,쑨다면서
쑤다,쑨다손
쑤다,쑨다오
쑤다,쑨다지
쑤다,쑨단다
쑤다,쑨담
쑤다,쑨답니까
쑤다,쑨답니다
쑤다,쑨답시고
쑤다,쑨대
쑤다,쑨대요
쑤다,쑬거나
쑤다,쑬게
쑤다,쑬깝쇼
쑤다,쑬라치면
쑤다,쑬락
쑤다,쑬래
쑤다,쑬작시면
쑤다,쑬지며
쑤다,쑴세
쑤다,쑵시다
쑤다,쑵시사
쑤다,쑵시오
쑤다,쒀다
쑤다,쒀다가
쓰다,쓴뎁쇼
쓰다,쓴가
쓰다,쓴감
쓰다,쓴고
쓰다,쓴데
쓰다,쓴지
쓰다,쓸시고
씌다,씐걸
씌다,씐들
씌다,씐바
씌다,씐즉
씌다,씐즉슨
씌다,씔
씌다,씔걸
씌다,씔까
씌다,씔는지
씌다,씔라
씌다,씔라고
씌다,씔러니
씌다,씔러라
씌다,씔런고
씌다,씔레
씌다,씔레라
씌다,씔망정
씌다,씔밖에
씌다,씔뿐더러
씌다,씔사
씌다,씔새
씌다,씔세
씌다,씔세라
씌다,씔세말이지
씌다,씔수록
씌다,씔시
씌다,씔쏘냐
씌다,씔쏜가
씌다,씔지
씌다,씔지나
씌다,씔지니
씌다,씔지니라
씌다,씔지라
씌다,씔지라도
씌다,씔지로다
씌다,씔지어다
씌다,씔지언정
씌다,씔진대
씌다,씔진대는
씌다,씔진댄
씌다,씔진저
씌다,씜
씌다,씜에도
씌다,씜에랴
씌다,씝네
씌다,씝늰다
씌다,씝니까
씌다,씝니다
씌다,씝디까
씌다,씝디다
씌다,씝딘다
씌다,씝죠
씌다,씝지요
씌다,씐
씌다,씐다
씌다,씐다고
씌다,씐다나
씌다,씐다네
씌다,씐다느니
씌다,씐다니
씌다,씐다니까
씌다,씐다더라
씌다,씐다마는
씌다,씐다며
씌다,씐다면
씌다,씐다면서
씌다,씐다손
씌다,씐다오
씌다,씐다지
씌다,씐단다
씌다,씐담
씌다,씐답니까
씌다,씐답니다
씌다,씐답시고
씌다,씐대
씌다,씐대요
씌다,씔거나
씌다,씔게
씌다,씔깝쇼
씌다,씔라치면
씌다,씔락
씌다,씔래
씌다,씔작시면
씌다,씔지며
씌다,씜세
씌다,씝시다
씌다,씝시사
씌다,씝시오
니다,닌뎁쇼
니다,닌가
니다,닌감
니다,닌고
니다,닌데
니다,닌지
니다,닐시고
다,에요
다,라나
랗다,라나
다,라네
다,라니
랗다,라니
다,라니까
랗다,라니까
다,라며
랗다,라며
다,라면
랗다,라면
다,라면서
랗다,라면서
다,라오
랗다,라오
다,라지
다,랍시고
다,러니이까
다,러니이다
다,러이까
다,러이다
다,로고
다,로구나
다,로구려
다,로군
다,로다
다,로되
다,로라
다,로서니
다,로세
다,언마는
다,언정
다,올시다
꼽다,꼬워
꼽다,꼬워도
꼽다,꼬워라
꼽다,꼬워서
꼽다,꼬워야
꼽다,꼬워야만
꼽다,꼬워야지
꼽다,꼬워요
꼽다,꼬워지이다
꼽다,꼬웠
꼽다,꼬웠었
꼽다,꼬우나
꼽다,꼬우나마
꼽다,꼬우니
꼽다,꼬우니까
꼽다,꼬우니까는
꼽다,꼬우니만치
꼽다,꼬우니만큼
꼽다,꼬우려니와
꼽다,꼬우려면
꼽다,꼬우련마는
꼽다,꼬우렷다
꼽다,꼬우리
꼽다,꼬우리까
꼽다,꼬우리니
꼽다,꼬우리니라
꼽다,꼬우리다
꼽다,꼬우리라
꼽다,꼬우리로다
꼽다,꼬우리만치
꼽다,꼬우리만큼
꼽다,꼬우리오
꼽다,꼬우매
꼽다,꼬우며
꼽다,꼬우면
꼽다,꼬우면서
꼽다,꼬우므로
꼽다,꼬우사
꼽다,꼬우세요
꼽다,꼬우셔요
꼽다,꼬우소서
꼽다,꼬우시
꼽다,꼬우시어요
꼽다,꼬우오
꼽다,꼬우오니까
꼽다,꼬우오리까
꼽다,꼬우오리다
꼽다,꼬우오리이까
꼽다,꼬우오리이다
꼽다,꼬우오이다
꼽다,꼬우옵
꼽다,꼬우옵나이까
꼽다,꼬우옵나이다
꼽다,꼬우옵니까
꼽다,꼬우옵니다
꼽다,꼬우옵디까
꼽다,꼬우옵디다
꼽다,꼬우옵소서
꼽다,꼬우옵시
꼽다,꼬우와
꼽다,꼬우우
꼽다,꼬운
꼽다,꼬운걸
꼽다,꼬운들
꼽다,꼬운즉
꼽다,꼬운즉슨
꼽다,꼬울
꼽다,꼬울걸
꼽다,꼬울까
꼽다,꼬울는지
꼽다,꼬울라
꼽다,꼬울라고
꼽다,꼬울러니
꼽다,꼬울러라
꼽다,꼬울런가
꼽다,꼬울런고
꼽다,꼬울레
꼽다,꼬울레라
꼽다,꼬울망정
꼽다,꼬울밖에
꼽다,꼬울뿐더러
꼽다,꼬울새
꼽다,꼬울세
꼽다,꼬울세라
꼽다,꼬울세말이지
꼽다,꼬울수록
꼽다,꼬울시
꼽다,꼬울쏘냐
꼽다,꼬울쏜가
꼽다,꼬울지
꼽다,꼬울지나
꼽다,꼬울지니
꼽다,꼬울지니라
꼽다,꼬울지라
꼽다,꼬울지라도
꼽다,꼬울지로다
꼽다,꼬울지며
꼽다,꼬울지어다
꼽다,꼬울지언정
꼽다,꼬울진대
꼽다,꼬울진대는
꼽다,꼬울진저
꼽다,꼬움
꼽다,꼬움에도
꼽다,꼬움에랴
꼽다,꼬웁시오
꼽다,꼬우냐
꼽다,꼬우냐고
꼽다,꼬우뇨
꼽다,꼬우니라
꼽다,꼬우이
꼽다,꼬운가
꼽다,꼬운감
꼽다,꼬운고
꼽다,꼬운데
꼽다,꼬운뎁쇼
꼽다,꼬운지
꼽다,꼬울데라니
꼽다,꼬울시고
쉽다,쉬워
쉽다,쉬워도
쉽다,쉬워라
쉽다,쉬워서
쉽다,쉬워야
쉽다,쉬워야만
쉽다,쉬워야지
쉽다,쉬워요
쉽다,쉬워지이다
쉽다,쉬웠
쉽다,쉬웠었
쉽다,쉬우나
쉽다,쉬우나마
쉽다,쉬우니
쉽다,쉬우니까
쉽다,쉬우니까는
쉽다,쉬우니만치
쉽다,쉬우니만큼
쉽다,쉬우려니와
쉽다,쉬우려면
쉽다,쉬우련마는
쉽다,쉬우렷다
쉽다,쉬우리
쉽다,쉬우리까
쉽다,쉬우리니
쉽다,쉬우리니라
쉽다,쉬우리다
쉽다,쉬우리라
쉽다,쉬우리로다
쉽다,쉬우리만치
쉽다,쉬우리만큼
쉽다,쉬우리오
쉽다,쉬우매
쉽다,쉬우며
쉽다,쉬우면
쉽다,쉬우면서
쉽다,쉬우므로
쉽다,쉬우사
쉽다,쉬우세요
쉽다,쉬우셔요
쉽다,쉬우소서
쉽다,쉬우시
쉽다,쉬우시어요
쉽다,쉬우오
쉽다,쉬우오니까
쉽다,쉬우오리까
쉽다,쉬우오리다
쉽다,쉬우오리이까
쉽다,쉬우오리이다
쉽다,쉬우오이다
쉽다,쉬우옵
쉽다,쉬우옵나이까
쉽다,쉬우옵나이다
쉽다,쉬우옵니까
쉽다,쉬우옵니다
쉽다,쉬우옵디까
쉽다,쉬우옵디다
쉽다,쉬우옵소서
쉽다,쉬우옵시
쉽다,쉬우와
쉽다,쉬우우
쉽다,쉬운
쉽다,쉬운걸
쉽다,쉬운들
쉽다,쉬운즉
쉽다,쉬운즉슨
쉽다,쉬울
쉽다,쉬울걸
쉽다,쉬울까
쉽다,쉬울는지
쉽다,쉬울라
쉽다,쉬울라고
쉽다,쉬울러니
쉽다,쉬울러라
쉽다,쉬울런가
쉽다,쉬울런고
쉽다,쉬울레
쉽다,쉬울레라
쉽다,쉬울망정
쉽다,쉬울밖에
쉽다,쉬울뿐더러
쉽다,쉬울새
쉽다,쉬울세
쉽다,쉬울세라
쉽다,쉬울세말이지
쉽다,쉬울수록
쉽다,쉬울시
쉽다,쉬울쏘냐
쉽다,쉬울쏜가
쉽다,쉬울지
쉽다,쉬울지나
쉽다,쉬울지니
쉽다,쉬울지니라
쉽다,쉬울지라
쉽다,쉬울지라도
쉽다,쉬울지로다
쉽다,쉬울지며
쉽다,쉬울지어다
쉽다,쉬울지언정
쉽다,쉬울진대
쉽다,쉬울진대는
쉽다,쉬울진저
쉽다,쉬움
쉽다,쉬움에도
쉽다,쉬움에랴
쉽다,쉬웁시오
쉽다,쉬우냐
쉽다,쉬우냐고
쉽다,쉬우뇨
쉽다,쉬우니라
쉽다,쉬우이
쉽다,쉬운가
쉽다,쉬운감
쉽다,쉬운고
쉽다,쉬운데
쉽다,쉬운뎁쇼
쉽다,쉬운지
쉽다,쉬울데라니
쉽다,쉬울시고
우르다,울러
우르다,울러도
우르다,울러서
우르다,울러야
우르다,울러야만
우르다,울러야지
우르다,울러요
우르다,울러지이다
우르다,울렀
우르다,울렀었
우르다,울러다
우르다,울러다가
알다,안바
알다,안즉
알다,안즉슨
알다,아나
알다,아나마
알다,아니
알다,아니까
알다,아니까는
알다,아니만치
알다,아니만큼
알다,알
알다,아려거든
알다,아려고
알다,아려나
알다,아려니
알다,아려니와
알다,아려면
알다,아련마는
알다,아련만
알다,아렷다
알다,아리
알다,아리까
알다,아리니
알다,아리니라
알다,아리다
알다,아리라
알다,아리로다
알다,아리오
알다,암
알다,암에도
알다,암에랴
알다,아매
알다,아므로
알다,압네
알다,압늰다
알다,압니까
알다,압니다
알다,압디까
알다,압디다
알다,압딘다
알다,압죠
알다,압지요
알다,아시
알다,아시어요
알다,아락
알다,아리만치
알다,아리만큼
알다,아사
알다,아소서
알다,아오
알다,아오니까
알다,아오리까
알다,아오리다
알다,아오리이까
알다,아오리이다
알다,아오이다
알다,아옵
알다,아옵나이까
알다,아옵나이다
알다,아옵니까
알다,아옵니다
알다,아옵디까
알다,아옵디다
알다,아옵소서
알다,아옵시
알다,아와
알다,아외다
알다,안
알다,안다마는
알다,안다손
알다,안다오
알다,안다지
알다,안단다
알다,안담
알다,아랴
알다,아려
알다,아려든
알다,아려무나
알다,아렴
알다,암세
알다,아마
알다,압시사
알다,압시오
알다,아사이다
알다,아세
알다,아시라
알다,아시압
알다,아십사
알다,아십시다
알다,아십시오
둡다,두워
둡다,두워도
둡다,두워라
둡다,두워서
둡다,두워야
둡다,두워야만
둡다,두워야지
둡다,두워요
둡다,두워지이다
둡다,두웠
둡다,두웠었
둡다,두우나
둡다,두우나마
둡다,두우니
둡다,두우니까
둡다,두우니까는
둡다,두우니만치
둡다,두우니만큼
둡다,두우려니와
둡다,두우려면
둡다,두우련마는
둡다,두우렷다
둡다,두우리
둡다,두우리까
둡다,두우리니
둡다,두우리니라
둡다,두우리다
둡다,두우리라
둡다,두우리로다
둡다,두우리만치
둡다,두우리만큼
둡다,두우리오
둡다,두우매
둡다,두우며
둡다,두우면
둡다,두우면서
둡다,두우므로
둡다,두우사
둡다,두우세요
둡다,두우셔요
둡다,두우소서
둡다,두우시
둡다,두우시어요
둡다,두우오
둡다,두우오니까
둡다,두우오리까
둡다,두우오리다
둡다,두우오리이까
둡다,두우오리이다
둡다,두우오이다
둡다,두우옵
둡다,두우옵나이까
둡다,두우옵나이다
둡다,두우옵니까
둡다,두우옵니다
둡다,두우옵디까
둡다,두우옵디다
둡다,두우옵소서
둡다,두우옵시
둡다,두우와
둡다,두우우
둡다,두운
둡다,두운걸
둡다,두운들
둡다,두운즉
둡다,두운즉슨
둡다,두울
둡다,두울걸
둡다,두울까
둡다,두울는지
둡다,두울라
둡다,두울라고
둡다,두울러니
둡다,두울러라
둡다,두울런가
둡다,두울런고
둡다,두울레
둡다,두울레라
둡다,두울망정
둡다,두울밖에
둡다,두울뿐더러
둡다,두울새
둡다,두울세
둡다,두울세라
둡다,두울세말이지
둡다,두울수록
둡다,두울시
둡다,두울쏘냐
둡다,두울쏜가
둡다,두울지
둡다,두울지나
둡다,두울지니
둡다,두울지니라
둡다,두울지라
둡다,두울지라도
둡다,두울지로다
둡다,두울지며
둡다,두울지어다
둡다,두울지언정
둡다,두울진대
둡다,두울진대는
둡다,두울진저
둡다,두움
둡다,두움에도
둡다,두움에랴
둡다,두웁시오
둡다,두우냐
둡다,두우냐고
둡다,두우뇨
둡다,두우니라
둡다,두우이
둡다,두운가
둡다,두운감
둡다,두운고
둡다,두운데
둡다,두운뎁쇼
둡다,두운지
둡다,두울데라니
둡다,두울시고
떻다,떼도
떻다,떼라
떻다,떼서
떻다,떼야
떻다,떼야만
떻다,떼야지
떻다,떼요
떻다,떼지이다
떻다,떠우
떻다,떨걸
떻다,떨까
떻다,떨는지
떻다,떨라
떻다,떨라고
떻다,떨러니
떻다,떨러라
떻다,떨런가
떻다,떨런고
떻다,떨레
떻다,떨레라
떻다,떨망정
떻다,떨밖에
떻다,떨뿐더러
떻다,떨새
떻다,떨세
떻다,떨세라
떻다,떨세말이지
떻다,떨수록
떻다,떨시
떻다,떨쏘냐
떻다,떨쏜가
떻다,떨지
떻다,떨지나
떻다,떨지니
떻다,떨지니라
떻다,떨지라
떻다,떨지라도
떻다,떨지로다
떻다,떨지며
떻다,떨지어다
떻다,떨지언정
떻다,떨진대
떻다,떨진대는
떻다,떨진저
떻다,떠냐
떻다,떠냐고
떻다,떠뇨
떻다,떠니라
떻다,떠이
떻다,떤가
떻다,떤감
떻다,떤고
떻다,떤데
떻다,떤뎁쇼
떻다,떤지
떻다,떨데라니
떻다,떨시고
어르다,얼러
어르다,얼러도
어르다,얼러라
어르다,얼러서
어르다,얼러야
어르다,얼러야만
어르다,얼러야지
어르다,얼러요
어르다,얼러지이다
어르다,얼렀
어르다,얼렀었
어르다,얼러다
어르다,얼러다가
쩌다,쩐걸
쩌다,쩐들
쩌다,쩐바
쩌다,쩐즉
쩌다,쩐즉슨
쩌다,쩔
쩌다,쩔걸
쩌다,쩔까
쩌다,쩔는지
쩌다,쩔라
쩌다,쩔라고
쩌다,쩔러니
쩌다,쩔러라
쩌다,쩔런고
쩌다,쩔레
쩌다,쩔레라
쩌다,쩔망정
쩌다,쩔밖에
쩌다,쩔뿐더러
쩌다,쩔사
쩌다,쩔새
쩌다,쩔세
쩌다,쩔세라
쩌다,쩔세말이지
쩌다,쩔수록
쩌다,쩔시
쩌다,쩔쏘냐
쩌다,쩔쏜가
쩌다,쩔지
쩌다,쩔지나
쩌다,쩔지니
쩌다,쩔지니라
쩌다,쩔지라
쩌다,쩔지라도
쩌다,쩔지로다
쩌다,쩔지어다
쩌다,쩔지언정
쩌다,쩔진대
쩌다,쩔진대는
쩌다,쩔진댄
쩌다,쩔진저
쩌다,쩜
쩌다,쩜에도
쩌다,쩜에랴
쩌다,쩝네
쩌다,쩝늰다
쩌다,쩝니까
쩌다,쩝니다
쩌다,쩝디까
쩌다,쩝디다
쩌다,쩝딘다
쩌다,쩝죠
쩌다,쩝지요
쩌다,쩌
쩌다,쩠
쩌다,쩠었
쩌다,쩐
쩌다,쩐다
쩌다,쩐다고
쩌다,쩐다나
쩌다,쩐다네
쩌다,쩐다느니
쩌다,쩐다니
쩌다,쩐다니까
쩌다,쩐다더라
쩌다,쩐다마는
쩌다,쩐다며
쩌다,쩐다면
쩌다,쩐다면서
쩌다,쩐다손
쩌다,쩐다오
쩌다,쩐다지
쩌다,쩐단다
쩌다,쩐담
쩌다,쩐답니까
쩌다,쩐답니다
쩌다,쩐답시고
쩌다,쩐대
쩌다,쩐대요
쩌다,쩔거나
쩌다,쩔게
쩌다,쩔깝쇼
쩌다,쩔라치면
쩌다,쩔락
쩌다,쩔래
쩌다,쩔작시면
쩌다,쩔지며
쩌다,쩜세
쩌다,쩝시다
쩌다,쩝시사
쩌다,쩝시오
얼다,언바
얼다,언즉
얼다,언즉슨
얼다,어나
얼다,어나마
얼다,어니
얼다,어니까
얼다,어니까는
얼다,어니만치
얼다,어니만큼
얼다,얼
얼다,어려거든
얼다,어려고
얼다,어려나
얼다,어려니
얼다,어려니와
얼다,어려면
얼다,어련마는
얼다,어련만
얼다,어렷다
얼다,어리
얼다,어리까
얼다,어리니
얼다,어리니라
얼다,어리다
얼다,어리라
얼다,어리로다
얼다,어리오
얼다,엄
얼다,엄에도
얼다,엄에랴
얼다,어매
얼다,어므로
얼다,업네
얼다,업늰다
얼다,업니까
얼다,업니다
얼다,업디까
얼다,업디다
얼다,업딘다
얼다,업죠
얼다,업지요
얼다,어시
얼다,어시어요
얼다,어락
얼다,어리만치
얼다,어리만큼
얼다,어사
얼다,어소서
얼다,어오
얼다,어오니까
얼다,어오리까
얼다,어오리다
얼다,어오리이까
얼다,어오리이다
얼다,어오이다
얼다,어옵
얼다,어옵나이까
얼다,어옵나이다
얼다,어옵니까
얼다,어옵니다
얼다,어옵디까
얼다,어옵디다
얼다,어옵소서
얼다,어옵시
얼다,어와
얼다,어외다
얼다,언
얼다,언다느니
얼다,언다니
얼다,언다더라
얼다,언다마는
얼다,언다면
얼다,언다손
얼다,언다오
얼다,언다지
얼다,언단다
얼다,언담
얼다,언답니까
얼다,언답니다
얼다,언답시고
얼다,언대요
얼다,어라고
얼다,어랴
얼다,어러
얼다,어려
얼다,어려든
얼다,어려무나
얼다,어렴
얼다,엄세
얼다,어마
얼다,업시사
얼다,업시오
얼다,어사이다
얼다,어세
얼다,어시라
얼다,어시압
얼다,어십사
얼다,어십시다
얼다,어십시오
애다,앤걸
애다,앤들
애다,앤바
애다,앤즉
애다,앤즉슨
애다,앨
애다,앨걸
애다,앨까
애다,앨는지
애다,앨라
애다,앨라고
애다,앨러니
애다,앨러라
애다,앨런고
애다,앨레
애다,앨레라
애다,앨망정
애다,앨밖에
애다,앨뿐더러
애다,앨사
애다,앨새
애다,앨세
애다,앨세라
애다,앨세말이지
애다,앨수록
애다,앨시
애다,앨쏘냐
애다,앨쏜가
애다,앨지
애다,앨지나
애다,앨지니
애다,앨지니라
애다,앨지라
애다,앨지라도
애다,앨지로다
애다,앨지어다
애다,앨지언정
애다,앨진대
애다,앨진대는
애다,앨진댄
애다,앨진저
애다,앰
애다,앰에도
애다,앰에랴
애다,앱네
애다,앱늰다
애다,앱니까
애다,앱니다
애다,앱디까
애다,앱디다
애다,앱딘다
애다,앱죠
애다,앱지요
애다,애
애다,앴
애다,앴었
애다,앤
애다,앤다
애다,앤다고
애다,앤다나
애다,앤다네
애다,앤다느니
애다,앤다니
애다,앤다니까
애다,앤다더라
애다,앤다마는
애다,앤다며
애다,앤다면
애다,앤다면서
애다,앤다손
애다,앤다오
애다,앤다지
애다,앤단다
애다,앤담
애다,앤답니까
애다,앤답니다
애다,앤답시고
애다,앤대
애다,앤대요
애다,앨거나
애다,앨게
애다,앨깝쇼
애다,앨라치면
애다,앨락
애다,앨래
애다,앨작시면
애다,앨지며
애다,앰세
애다,앱시다
애다,앱시사
애다,앱시오
에다,엔걸
에다,엔들
에다,엔바
에다,엔즉
에다,엔즉슨
에다,엘
에다,엘걸
에다,엘까
에다,엘는지
에다,엘라
에다,엘라고
에다,엘러니
에다,엘러라
에다,엘런고
에다,엘레
에다,엘레라
에다,엘망정
에다,엘밖에
에다,엘뿐더러
에다,엘사
에다,엘새
에다,엘세
에다,엘세라
에다,엘세말이지
에다,엘수록
에다,엘시
에다,엘쏘냐
에다,엘쏜가
에다,엘지
에다,엘지나
에다,엘지니
에다,엘지니라
에다,엘지라
에다,엘지라도
에다,엘지로다
에다,엘지어다
에다,엘지언정
에다,엘진대
에다,엘진대는
에다,엘진댄
에다,엘진저
에다,엠
에다,엠에도
에다,엠에랴
에다,엡네
에다,엡늰다
에다,엡니까
에다,엡니다
에다,엡디까
에다,엡디다
에다,엡딘다
에다,엡죠
에다,엡지요
에다,에
에다,엤
에다,엤었
에다,엔
에다,엔다
에다,엔다고
에다,엔다나
에다,엔다네
에다,엔다느니
에다,엔다니
에다,엔다니까
에다,엔다더라
에다,엔다마는
에다,엔다며
에다,엔다면
에다,엔다면서
에다,엔다손
에다,엔다오
에다,엔다지
에다,엔단다
에다,엔담
에다,엔답니까
에다,엔답니다
에다,엔답시고
에다,엔대
에다,엔대요
에다,엘거나
에다,엘게
에다,엘깝쇼
에다,엘라치면
에다,엘락
에다,엘래
에다,엘작시면
에다,엘지며
에다,엠세
에다,엡시다
에다,엡시사
에다,엡시오
의다,읜걸
의다,읜들
의다,읜바
의다,읜즉
의다,읜즉슨
의다,읠
의다,읠걸
의다,읠까
의다,읠는지
의다,읠라
의다,읠라고
의다,읠러니
의다,읠러라
의다,읠런고
의다,읠레
의다,읠레라
의다,읠망정
의다,읠밖에
의다,읠뿐더러
의다,읠사
의다,읠새
의다,읠세
의다,읠세라
의다,읠세말이지
의다,읠수록
의다,읠시
의다,읠쏘냐
의다,읠쏜가
의다,읠지
의다,읠지나
의다,읠지니
의다,읠지니라
의다,읠지라
의다,읠지라도
의다,읠지로다
의다,읠지어다
의다,읠지언정
의다,읠진대
의다,읠진대는
의다,읠진댄
의다,읠진저
의다,읨
의다,읨에도
의다,읨에랴
의다,읩네
의다,읩늰다
의다,읩니까
의다,읩니다
의다,읩디까
의다,읩디다
의다,읩딘다
의다,읩죠
의다,읩지요
의다,읜
의다,읜다
의다,읜다고
의다,읜다나
의다,읜다네
의다,읜다느니
의다,읜다니
의다,읜다니까
의다,읜다더라
의다,읜다마는
의다,읜다며
의다,읜다면
의다,읜다면서
의다,읜다손
의다,읜다오
의다,읜다지
의다,읜단다
의다,읜담
의다,읜답니까
의다,읜답니다
의다,읜답시고
의다,읜대
의다,읜대요
의다,읠거나
의다,읠게
의다,읠깝쇼
의다,읠라치면
의다,읠락
의다,읠래
의다,읠작시면
의다,읠지며
의다,읨세
의다,읩시다
의다,읩시사
의다,읩시오
쭈다,쭌걸
쭈다,쭌들
쭈다,쭌바
쭈다,쭌즉
쭈다,쭌즉슨
쭈다,쭐
쭈다,쭐걸
쭈다,쭐까
쭈다,쭐는지
쭈다,쭐라
쭈다,쭐라고
쭈다,쭐러니
쭈다,쭐러라
쭈다,쭐런고
쭈다,쭐레
쭈다,쭐레라
쭈다,쭐망정
쭈다,쭐밖에
쭈다,쭐뿐더러
쭈다,쭐사
쭈다,쭐새
쭈다,쭐세
쭈다,쭐세라
쭈다,쭐세말이지
쭈다,쭐수록
쭈다,쭐시
쭈다,쭐쏘냐
쭈다,쭐쏜가
쭈다,쭐지
쭈다,쭐지나
쭈다,쭐지니
쭈다,쭐지니라
쭈다,쭐지라
쭈다,쭐지라도
쭈다,쭐지로다
쭈다,쭐지어다
쭈다,쭐지언정
쭈다,쭐진대
쭈다,쭐진대는
쭈다,쭐진댄
쭈다,쭐진저
쭈다,쭘
쭈다,쭘에도
쭈다,쭘에랴
쭈다,쭙네
쭈다,쭙늰다
쭈다,쭙니까
쭈다,쭙니다
쭈다,쭙디까
쭈다,쭙디다
쭈다,쭙딘다
쭈다,쭙죠
쭈다,쭙지요
쭈다,쭤
쭈다,쭤도
쭈다,쭤라
쭈다,쭤서
쭈다,쭤야
쭈다,쭤야만
쭈다,쭤야지
쭈다,쭤요
쭈다,쭤지이다
쭈다,쭸
쭈다,쭸었
쭈다,쭌
쭈다,쭌다
쭈다,쭌다고
쭈다,쭌다나
쭈다,쭌다네
쭈다,쭌다느니
쭈다,쭌다니
쭈다,쭌다니까
쭈다,쭌다더라
쭈다,쭌다마는
쭈다,쭌다며
쭈다,쭌다면
쭈다,쭌다면서
쭈다,쭌다손
쭈다,쭌다오
쭈다,쭌다지
쭈다,쭌단다
쭈다,쭌담
쭈다,쭌답니까
쭈다,쭌답니다
쭈다,쭌답시고
쭈다,쭌대
쭈다,쭌대요
쭈다,쭐거나
쭈다,쭐게
쭈다,쭐깝쇼
쭈다,쭐라치면
쭈다,쭐락
쭈다,쭐래
쭈다,쭐작시면
쭈다,쭐지며
쭈다,쭘세
쭈다,쭙시다
쭈다,쭙시사
쭈다,쭙시오
쭈다,쭤다
쭈다,쭤다가
쭙다,쭈워
쭙다,쭈워도
쭙다,쭈워라
쭙다,쭈워서
쭙다,쭈워야
쭙다,쭈워야만
쭙다,쭈워야지
쭙다,쭈워요
쭙다,쭈워지이다
쭙다,쭈웠
쭙다,쭈웠었
쭙다,쭈우나
쭙다,쭈우나마
쭙다,쭈우니
쭙다,쭈우니까
쭙다,쭈우니까는
쭙다,쭈우니만치
쭙다,쭈우니만큼
쭙다,쭈우려니와
쭙다,쭈우려면
쭙다,쭈우련마는
쭙다,쭈우렷다
쭙다,쭈우리
쭙다,쭈우리까
쭙다,쭈우리니
쭙다,쭈우리니라
쭙다,쭈우리다
쭙다,쭈우리라
쭙다,쭈우리로다
쭙다,쭈우리만치
쭙다,쭈우리만큼
쭙다,쭈우리오
쭙다,쭈우매
쭙다,쭈우며
쭙다,쭈우면
쭙다,쭈우면서
쭙다,쭈우므로
쭙다,쭈우사
쭙다,쭈우세요
쭙다,쭈우셔요
쭙다,쭈우소서
쭙다,쭈우시
쭙다,쭈우시어요
쭙다,쭈우오
쭙다,쭈우오니까
쭙다,쭈우오리까
쭙다,쭈우오리다
쭙다,쭈우오리이까
쭙다,쭈우오리이다
쭙다,쭈우오이다
쭙다,쭈우옵
쭙다,쭈우옵나이까
쭙다,쭈우옵나이다
쭙다,쭈우옵니까
쭙다,쭈우옵니다
쭙다,쭈우옵디까
쭙다,쭈우옵디다
쭙다,쭈우옵소서
쭙다,쭈우옵시
쭙다,쭈우와
쭙다,쭈우우
쭙다,쭈운
쭙다,쭈운걸
쭙다,쭈운들
쭙다,쭈운즉
쭙다,쭈운즉슨
쭙다,쭈울
쭙다,쭈울걸
쭙다,쭈울까
쭙다,쭈울는지
쭙다,쭈울라
쭙다,쭈울라고
쭙다,쭈울러니
쭙다,쭈울러라
쭙다,쭈울런가
쭙다,쭈울런고
쭙다,쭈울레
쭙다,쭈울레라
쭙다,쭈울망정
쭙다,쭈울밖에
쭙다,쭈울뿐더러
쭙다,쭈울새
쭙다,쭈울세
쭙다,쭈울세라
쭙다,쭈울세말이지
쭙다,쭈울수록
쭙다,쭈울시
쭙다,쭈울쏘냐
쭙다,쭈울쏜가
쭙다,쭈울지
쭙다,쭈울지나
쭙다,쭈울지니
쭙다,쭈울지니라
쭙다,쭈울지라
쭙다,쭈울지라도
쭙다,쭈울지로다
쭙다,쭈울지며
쭙다,쭈울지어다
쭙다,쭈울지언정
쭙다,쭈울진대
쭙다,쭈울진대는
쭙다,쭈울진저
쭙다,쭈움
쭙다,쭈움에도
쭙다,쭈움에랴
쭙다,쭈웁시오
쭙다,쭈우라
쭙다,쭈우라고
쭙다,쭈우라나
쭙다,쭈우라느니
쭙다,쭈우라니까
쭙다,쭈우라며
쭙다,쭈우라면서
쭙다,쭈우라손
쭙다,쭈우락
쭙다,쭈우란
쭙다,쭈우람
쭙다,쭈우랴
쭙다,쭈우러
쭙다,쭈우려
쭙다,쭈우려거든
쭙다,쭈우려고
쭙다,쭈우려나
쭙다,쭈우려니
쭙다,쭈우려든
쭙다,쭈우려무나
쭙다,쭈우련
쭙다,쭈우렴
쭙다,쭈우렵니까
쭙다,쭈우렵니다
쭙다,쭈우마
쭙다,쭈우사이다
쭙다,쭈우세
쭙다,쭈우시라
쭙다,쭈우시압
쭙다,쭈우십사
쭙다,쭈우십시다
쭙다,쭈우십시오
쭙다,쭈울거나
쭙다,쭈울게
쭙다,쭈울깝쇼
쭙다,쭈울라치면
쭙다,쭈울락
쭙다,쭈울래
쭙다,쭈울작시면
쭙다,쭈움세
쭙다,쭈웁시다
쭙다,쭈웁시사
쭙다,쭈워다
쭙다,쭈워다가
랗다,랬자
랗다,라나마
랗다,라니까는
랗다,라니만치
랗다,라니만큼
랗다,라려니와
랗다,라려면
랗다,라련마는
랗다,라렷다
랗다,라리
랗다,라리까
랗다,라리니
랗다,라리니라
랗다,라리다
랗다,라리라
랗다,라리로다
랗다,라리만치
랗다,라리만큼
랗다,라리오
랗다,라매
랗다,라므로
랗다,라사
랗다,라세요
랗다,라셔요
랗다,라소서
랗다,라시
랗다,라시어요
랗다,라오니까
랗다,라오리까
랗다,라오리다
랗다,라오리이까
랗다,라오리이다
랗다,라오이다
랗다,라옵
랗다,라옵나이까
랗다,라옵나이다
랗다,라옵니까
랗다,라옵니다
랗다,라옵디까
랗다,라옵디다
랗다,라옵소서
랗다,라옵시
랗다,라와
랗다,라우
랗다,랄런가
랗다,라냐
랗다,라냐고
랗다,라뇨
랗다,라니라
랗다,라이
랗다,란가
라다,란가
랗다,란감
라다,란감
랗다,란고
라다,란고
랗다,란데
라다,란데
랗다,란뎁쇼
라다,란뎁쇼
랗다,란지
라다,란지
랗다,랄데라니
랗다,랄시고
라다,랄시고
옇다,연걸
열다,연들
옇다,연들
열다,연바
열다,연즉
옇다,연즉
열다,연즉슨
옇다,연즉슨
열다,여나
옇다,여나
옇다,여나마
옇다,여니
옇다,여니까
열다,여니까는
옇다,여니까는
열다,여니만치
옇다,여니만치
열다,여니만큼
옇다,여니만큼
옇다,열
열다,여려거든
열다,여려고
열다,여려나
열다,여려니
열다,여려니와
옇다,여려니와
열다,여려면
옇다,여려면
열다,여련마는
옇다,여련마는
열다,여련만
열다,여렷다
옇다,여렷다
열다,여리
옇다,여리
열다,여리까
옇다,여리까
열다,여리니
옇다,여리니
열다,여리니라
옇다,여리니라
열다,여리다
옇다,여리다
열다,여리라
옇다,여리라
열다,여리로다
옇다,여리로다
열다,여리오
옇다,여리오
열다,염
옇다,염
열다,염에도
옇다,염에도
열다,염에랴
옇다,염에랴
열다,여매
옇다,여매
옇다,여며
열다,여면
옇다,여면
열다,여면서
옇다,여면서
열다,여므로
옇다,여므로
열다,엽네
열다,엽늰다
열다,엽니까
열다,엽니다
열다,엽디까
열다,엽디다
열다,엽딘다
열다,엽죠
열다,엽지요
옇다,여세요
옇다,여셔요
열다,여시
옇다,여시
열다,여시어요
옇다,여시어요
열다,여락
열다,여리만치
옇다,여리만치
열다,여리만큼
옇다,여리만큼
열다,여사
옇다,여사
열다,여소서
옇다,여소서
열다,여오
옇다,여오
열다,여오니까
옇다,여오니까
열다,여오리까
옇다,여오리까
열다,여오리다
옇다,여오리다
열다,여오리이까
옇다,여오리이까
열다,여오리이다
옇다,여오리이다
열다,여오이다
옇다,여오이다
열다,여옵
옇다,여옵
열다,여옵나이까
옇다,여옵나이까
열다,여옵나이다
옇다,여옵나이다
열다,여옵니까
옇다,여옵니까
열다,여옵니다
옇다,여옵니다
열다,여옵디까
옇다,여옵디까
열다,여옵디다
옇다,여옵디다
열다,여옵소서
옇다,여옵소서
열다,여옵시
옇다,여옵시
열다,여와
옇다,여와
열다,여외다
열다,연
옇다,연
열다,연다마는
열다,연다손
열다,연다오
열다,연다지
열다,연단다
열다,연담
열다,여랴
열다,여려든
열다,여려무나
열다,여렴
열다,염세
열다,여마
열다,엽시사
열다,엽시오
옇다,엽시오
열다,여사이다
열다,여시압
열다,여십사
래다,랜뎁쇼
래다,랜가
래다,랜감
래다,랜고
래다,랜데
래다,랜지
래다,랠시고
외다,왼걸
외다,왼들
외다,왼바
외다,왼즉
외다,왼즉슨
외다,욀
외다,욀걸
외다,욀까
외다,욀는지
외다,욀라
외다,욀라고
외다,욀러니
외다,욀러라
외다,욀런고
외다,욀레
외다,욀레라
외다,욀망정
외다,욀밖에
외다,욀뿐더러
외다,욀사
외다,욀새
외다,욀세
외다,욀세라
외다,욀세말이지
외다,욀수록
외다,욀시
외다,욀쏘냐
외다,욀쏜가
외다,욀지
외다,욀지나
외다,욀지니
외다,욀지니라
외다,욀지라
외다,욀지라도
외다,욀지로다
외다,욀지어다
외다,욀지언정
외다,욀진대
외다,욀진대는
외다,욀진댄
외다,욀진저
외다,욈
외다,욈에도
외다,욈에랴
외다,욉네
외다,욉늰다
외다,욉니까
외다,욉니다
외다,욉디까
외다,욉디다
외다,욉딘다
외다,욉죠
외다,욉지요
외다,왜
외다,왜도
외다,왜라
외다,왜서
외다,왜야
외다,왜야만
외다,왜야지
외다,왜요
외다,왜지이다
외다,왰
외다,왰었
외다,왼
외다,왼다
외다,왼다고
외다,왼다나
외다,왼다네
외다,왼다느니
외다,왼다니
외다,왼다니까
외다,왼다더라
외다,왼다마는
외다,왼다며
외다,왼다면
외다,왼다면서
외다,왼다손
외다,왼다오
외다,왼다지
외다,왼단다
외다,왼담
외다,왼답니까
외다,왼답니다
외다,왼답시고
외다,왼대
외다,왼대요
외다,욀거나
외다,욀게
외다,욀깝쇼
외다,욀라치면
외다,욀락
외다,욀래
외다,욀작시면
외다,욀지며
외다,욈세
외다,욉시다
외다,욉시사
외다,욉시오
외다,왜다
외다,왜다가
외다,왼뎁쇼
외다,왼가
외다,왼감
외다,왼고
외다,왼데
외다,왼지
외다,욀시고
르다,러다
다,러다
르다,러다가
다,러다가
습다,스워
습다,스워도
습다,스워라
습다,스워서
습다,스워야
습다,스워야만
습다,스워야지
습다,스워요
습다,스워지이다
습다,스웠
습다,스웠었
습다,스우나
습다,스우나마
습다,스우니
습다,스우니까
습다,스우니까는
습다,스우니만치
습다,스우니만큼
습다,스우려니와
습다,스우려면
습다,스우련마는
습다,스우렷다
습다,스우리
습다,스우리까
습다,스우리니
습다,스우리니라
습다,스우리다
습다,스우리라
습다,스우리로다
습다,스우리만치
습다,스우리만큼
습다,스우리오
습다,스우매
습다,스우며
습다,스우면
습다,스우면서
습다,스우므로
습다,스우사
습다,스우세요
습다,스우셔요
습다,스우소서
습다,스우시
습다,스우시어요
습다,스우오
습다,스우오니까
습다,스우오리까
습다,스우오리다
습다,스우오리이까
습다,스우오리이다
습다,스우오이다
습다,스우옵
습다,스우옵나이까
습다,스우옵나이다
습다,스우옵니까
습다,스우옵니다
습다,스우옵디까
습다,스우옵디다
습다,스우옵소서
습다,스우옵시
습다,스우와
습다,스우우
습다,스운
습다,스운걸
습다,스운들
습다,스운즉
습다,스운즉슨
습다,스울
습다,스울걸
습다,스울까
습다,스울는지
습다,스울라
습다,스울라고
습다,스울러니
습다,스울러라
습다,스울런가
습다,스울런고
습다,스울레
습다,스울레라
습다,스울망정
습다,스울밖에
습다,스울뿐더러
습다,스울새
습다,스울세
습다,스울세라
습다,스울세말이지
습다,스울수록
습다,스울시
습다,스울쏘냐
습다,스울쏜가
습다,스울지
습다,스울지나
습다,스울지니
습다,스울지니라
습다,스울지라
습다,스울지라도
습다,스울지로다
습다,스울지며
습다,스울지어다
습다,스울지언정
습다,스울진대
습다,스울진대는
습다,스울진저
습다,스움
습다,스움에도
습다,스움에랴
습다,스웁시오
습다,스우냐
습다,스우냐고
습다,스우뇨
습다,스우니라
습다,스우이
습다,스운가
습다,스운감
습다,스운고
습다,스운데
습다,스운뎁쇼
습다,스운지
습다,스울데라니
습다,스울시고
으르다,을러
으르다,을러도
으르다,을러서
으르다,을러야
으르다,을러야만
으르다,을러야지
으르다,을러요
으르다,을러지이다
으르다,을렀
으르다,을렀었
으르다,을러다
으르다,을러다가
렇다,레도
렇다,레서
렇다,레야
렇다,레야만
렇다,레야지
렇다,레요
렇다,레지이다
이르다,일러
이르다,일러도
이르다,일러서
이르다,일러야
이르다,일러야만
이르다,일러야지
이르다,일러요
이르다,일러지이다
이르다,일렀
이르다,일렀었
이르다,일러다
이르다,일러다가
일다,이나
일다,이나마
일다,이니
일다,이니까
일다,이니까는
일다,이니만치
일다,이니만큼
일다,이려거든
일다,이려고
일다,이려나
일다,이려니
일다,이려니와
일다,이려면
일다,이련마는
일다,이련만
일다,이렷다
일다,이리
일다,이리까
일다,이리니
일다,이리니라
일다,이리다
일다,이리라
일다,이리로다
일다,이리오
일다,이매
일다,이며
일다,이면
일다,이면서
일다,이므로
일다,이세요
일다,이셔요
일다,이시
일다,이시어요
일다,이락
일다,이리만치
일다,이리만큼
일다,이사
일다,이소서
일다,이오
일다,이오니까
일다,이오리까
일다,이오리다
일다,이오리이까
일다,이오리이다
일다,이오이다
일다,이옵
일다,이옵나이까
일다,이옵나이다
일다,이옵니까
일다,이옵니다
일다,이옵디까
일다,이옵디다
일다,이옵소서
일다,이옵시
일다,이와
일다,이외다
일다,이냐
일다,이냐고
일다,이니라
일다,이라고
일다,이랴
일다,이러
일다,이려
일다,이려든
일다,이려무나
일다,이렴
일다,이마
일다,이사이다
일다,이세
일다,이시라
일다,이시압
일다,이십사
일다,이십시다
일다,이십시오
컫다,컬어
컫다,컬어도
컫다,컬어라
컫다,컬어서
컫다,컬어야
컫다,컬어야만
컫다,컬어야지
컫다,컬어요
컫다,컬어지이다
컫다,컬었
컫다,컬었었
컫다,컬으나
컫다,컬으나마
컫다,컬으니
컫다,컬으니까
컫다,컬으니까는
컫다,컬으니만치
컫다,컬으니만큼
컫다,컬으려니와
컫다,컬으려면
컫다,컬으련마는
컫다,컬으렷다
컫다,컬으리
컫다,컬으리까
컫다,컬으리니
컫다,컬으리니라
컫다,컬으리다
컫다,컬으리라
컫다,컬으리로다
컫다,컬으리만치
컫다,컬으리만큼
컫다,컬으리오
컫다,컬으매
컫다,컬으며
컫다,컬으면
컫다,컬으면서
컫다,컬으므로
컫다,컬으사
컫다,컬으세요
컫다,컬으셔요
컫다,컬으소서
컫다,컬으시
컫다,컬으시어요
컫다,컬으오
컫다,컬으오니까
컫다,컬으오리까
컫다,컬으오리다
컫다,컬으오리이까
컫다,컬으오리이다
컫다,컬으오이다
컫다,컬으옵
컫다,컬으옵나이까
컫다,컬으옵나이다
컫다,컬으옵니까
컫다,컬으옵니다
컫다,컬으옵디까
컫다,컬으옵디다
컫다,컬으옵소서
컫다,컬으옵시
컫다,컬으와
컫다,컬으우
컫다,컬은
컫다,컬은걸
컫다,컬은들
컫다,컬은즉
컫다,컬은즉슨
컫다,컬을
컫다,컬을걸
컫다,컬을까
컫다,컬을는지
컫다,컬을라
컫다,컬을라고
컫다,컬을러니
컫다,컬을러라
컫다,컬을런가
컫다,컬을런고
컫다,컬을레
컫다,컬을레라
컫다,컬을망정
컫다,컬을밖에
컫다,컬을뿐더러
컫다,컬을새
컫다,컬을세
컫다,컬을세라
컫다,컬을세말이지
컫다,컬을수록
컫다,컬을시
컫다,컬을쏘냐
컫다,컬을쏜가
컫다,컬을지
컫다,컬을지나
컫다,컬을지니
컫다,컬을지니라
컫다,컬을지라
컫다,컬을지라도
컫다,컬을지로다
컫다,컬을지며
컫다,컬을지어다
컫다,컬을지언정
컫다,컬을진대
컫다,컬을진대는
컫다,컬을진저
컫다,컬음
컫다,컬음에도
컫다,컬음에랴
컫다,컬읍시오
컫다,컬으라
컫다,컬으라고
컫다,컬으라나
컫다,컬으라느니
컫다,컬으라니까
컫다,컬으라며
컫다,컬으라면서
컫다,컬으라손
컫다,컬으락
컫다,컬으란
컫다,컬으람
컫다,컬으랴
컫다,컬으러
컫다,컬으려
컫다,컬으려거든
컫다,컬으려고
컫다,컬으려나
컫다,컬으려니
컫다,컬으려든
컫다,컬으려무나
컫다,컬으련
컫다,컬으렴
컫다,컬으렵니까
컫다,컬으렵니다
컫다,컬으마
컫다,컬으사이다
컫다,컬으세
컫다,컬으시라
컫다,컬으시압
컫다,컬으십사
컫다,컬으십시다
컫다,컬으십시오
컫다,컬을거나
컫다,컬을게
컫다,컬을깝쇼
컫다,컬을라치면
컫다,컬을락
컫다,컬을래
컫다,컬을작시면
컫다,컬음세
컫다,컬읍시다
컫다,컬읍시사
컫다,컬어다
컫다,컬어다가
자르다,잘라다
자르다,잘라다가
숫다,수어
숫다,수어도
숫다,수어라
숫다,수어서
숫다,수어야
숫다,수어야만
숫다,수어야지
숫다,수어요
숫다,수어지이다
숫다,수었
숫다,수었었
숫다,수으나
숫다,수으나마
숫다,수으니
숫다,수으니까
숫다,수으니까는
숫다,수으니만치
숫다,수으니만큼
숫다,수으려니와
숫다,수으려면
숫다,수으련마는
숫다,수으렷다
숫다,수으리
숫다,수으리까
숫다,수으리니
숫다,수으리니라
숫다,수으리다
숫다,수으리라
숫다,수으리로다
숫다,수으리만치
숫다,수으리만큼
숫다,수으리오
숫다,수으매
숫다,수으며
숫다,수으면
숫다,수으면서
숫다,수으므로
숫다,수으사
숫다,수으세요
숫다,수으셔요
숫다,수으소서
숫다,수으시
숫다,수으시어요
숫다,수으오
숫다,수으오니까
숫다,수으오리까
숫다,수으오리다
숫다,수으오리이까
숫다,수으오리이다
숫다,수으오이다
숫다,수으옵
숫다,수으옵나이까
숫다,수으옵나이다
숫다,수으옵니까
숫다,수으옵니다
숫다,수으옵디까
숫다,수으옵디다
숫다,수으옵소서
숫다,수으옵시
숫다,수으와
숫다,수으우
숫다,수은
숫다,수은걸
숫다,수은들
숫다,수은즉
숫다,수은즉슨
숫다,수을
숫다,수을걸
숫다,수을까
숫다,수을는지
숫다,수을라
숫다,수을라고
숫다,수을러니
숫다,수을러라
숫다,수을런가
숫다,수을런고
숫다,수을레
숫다,수을레라
숫다,수을망정
숫다,수을밖에
숫다,수을뿐더러
숫다,수을새
숫다,수을세
숫다,수을세라
숫다,수을세말이지
숫다,수을수록
숫다,수을시
숫다,수을쏘냐
숫다,수을쏜가
숫다,수을지
숫다,수을지나
숫다,수을지니
숫다,수을지니라
숫다,수을지라
숫다,수을지라도
숫다,수을지로다
숫다,수을지며
숫다,수을지어다
숫다,수을지언정
숫다,수을진대
숫다,수을진대는
숫다,수을진저
숫다,수음
숫다,수음에도
숫다,수음에랴
숫다,수읍시오
숫다,수으라
숫다,수으라고
숫다,수으라나
숫다,수으라느니
숫다,수으라니까
숫다,수으라며
숫다,수으라면서
숫다,수으라손
숫다,수으락
숫다,수으란
숫다,수으람
숫다,수으랴
숫다,수으러
숫다,수으려
숫다,수으려거든
숫다,수으려고
숫다,수으려나
숫다,수으려니
숫다,수으려든
숫다,수으려무나
숫다,수으련
숫다,수으렴
숫다,수으렵니까
숫다,수으렵니다
숫다,수으마
숫다,수으사이다
숫다,수으세
숫다,수으시라
숫다,수으시압
숫다,수으십사
숫다,수으십시다
숫다,수으십시오
숫다,수을거나
숫다,수을게
숫다,수을깝쇼
숫다,수을라치면
숫다,수을락
숫다,수을래
숫다,수을작시면
숫다,수음세
숫다,수읍시다
숫다,수읍시사
숫다,수어다
숫다,수어다가
잣다,자아
잣다,자아도
잣다,자아라
잣다,자아서
잣다,자아야
잣다,자아야만
잣다,자아야지
잣다,자아요
잣다,자아지이다
잣다,자았
잣다,자았었
잣다,자았자
잣다,자으나
잣다,자으나마
잣다,자으니
잣다,자으니까
잣다,자으니까는
잣다,자으니만치
잣다,자으니만큼
잣다,자으려니와
잣다,자으려면
잣다,자으련마는
잣다,자으렷다
잣다,자으리
잣다,자으리까
잣다,자으리니
잣다,자으리니라
잣다,자으리다
잣다,자으리라
잣다,자으리로다
잣다,자으리만치
잣다,자으리만큼
잣다,자으리오
잣다,자으매
잣다,자으며
잣다,자으면
잣다,자으면서
잣다,자으므로
잣다,자으사
잣다,자으세요
잣다,자으셔요
잣다,자으소서
잣다,자으시
잣다,자으시어요
잣다,자으오
잣다,자으오니까
잣다,자으오리까
잣다,자으오리다
잣다,자으오리이까
잣다,자으오리이다
잣다,자으오이다
잣다,자으옵
잣다,자으옵나이까
잣다,자으옵나이다
잣다,자으옵니까
잣다,자으옵니다
잣다,자으옵디까
잣다,자으옵디다
잣다,자으옵소서
잣다,자으옵시
잣다,자으와
잣다,자으우
잣다,자은
잣다,자은걸
잣다,자은들
잣다,자은즉
잣다,자은즉슨
잣다,자을
잣다,자을걸
잣다,자을까
잣다,자을는지
잣다,자을라
잣다,자을라고
잣다,자을러니
잣다,자을러라
잣다,자을런가
잣다,자을런고
잣다,자을레
잣다,자을레라
잣다,자을망정
잣다,자을밖에
잣다,자을뿐더러
잣다,자을새
잣다,자을세
잣다,자을세라
잣다,자을세말이지
잣다,자을수록
잣다,자을시
잣다,자을쏘냐
잣다,자을쏜가
잣다,자을지
잣다,자을지나
잣다,자을지니
잣다,자을지니라
잣다,자을지라
잣다,자을지라도
잣다,자을지로다
잣다,자을지며
잣다,자을지어다
잣다,자을지언정
잣다,자을진대
잣다,자을진대는
잣다,자을진저
잣다,자음
잣다,자음에도
잣다,자음에랴
잣다,자읍시오
잣다,자아다
잣다,자아다가
잣다,자으라
잣다,자으라고
잣다,자으라나
잣다,자으라느니
잣다,자으라니까
잣다,자으라며
잣다,자으라면서
잣다,자으라손
잣다,자으락
잣다,자으란
잣다,자으람
잣다,자으랴
잣다,자으러
잣다,자으려
잣다,자으려거든
잣다,자으려고
잣다,자으려나
잣다,자으려니
잣다,자으려든
잣다,자으려무나
잣다,자으련
잣다,자으렴
잣다,자으렵니까
잣다,자으렵니다
잣다,자으마
잣다,자으사이다
잣다,자으세
잣다,자으시라
잣다,자으시압
잣다,자으십사
잣다,자으십시다
잣다,자으십시오
잣다,자을거나
잣다,자을게
잣다,자을깝쇼
잣다,자을라치면
잣다,자을락
잣다,자을래
잣다,자을작시면
잣다,자음세
잣다,자읍시다
잣다,자읍시사
추르다,출러
추르다,출러도
추르다,출러서
추르다,출러야
추르다,출러야만
추르다,출러야지
추르다,출러요
추르다,출러지이다
추르다,출렀
추르다,출렀었
추르다,출러다
추르다,출러다가
재다,잰뎁쇼
재다,잰가
재다,잰감
재다,잰고
재다,잰데
재다,잰지
재다,잴시고
절다,전걸
절다,전들
절다,전바
절다,전즉
절다,전즉슨
절다,저나
절다,저나마
절다,저니
절다,저니까
절다,저니까는
절다,저니만치
절다,저니만큼
절다,절
절다,저려거든
절다,저려고
절다,저려나
절다,저려니
절다,저려니와
절다,저려면
절다,저련마는
절다,저련만
절다,저렷다
절다,저리
절다,저리까
절다,저리니
절다,저리니라
절다,저리다
절다,저리라
절다,저리로다
절다,저리오
절다,점
절다,점에도
절다,점에랴
절다,저매
절다,저며
절다,저면
절다,저면서
절다,저므로
절다,접네
절다,접늰다
절다,접니까
절다,접니다
절다,접디까
절다,접디다
절다,접딘다
절다,접죠
절다,접지요
절다,저세요
절다,저셔요
절다,저시
절다,저시어요
절다,저락
절다,저리만치
절다,저리만큼
절다,저사
절다,저소서
절다,저오
절다,저오니까
절다,저오리까
절다,저오리다
절다,저오리이까
절다,저오리이다
절다,저오이다
절다,저옵
절다,저옵나이까
절다,저옵나이다
절다,저옵니까
절다,저옵니다
절다,저옵디까
절다,저옵디다
절다,저옵소서
절다,저옵시
절다,저와
절다,저외다
절다,전
절다,전다
절다,전다고
절다,전다나
절다,전다네
절다,전다느니
절다,전다니
절다,전다니까
절다,전다더라
절다,전다마는
절다,전다며
절다,전다면
절다,전다면서
절다,전다손
절다,전다오
절다,전다지
절다,전단다
절다,전담
절다,전답니까
절다,전답니다
절다,전답시고
절다,전대
절다,전대요
절다,저라고
절다,저랴
절다,저러
절다,저려
절다,저려든
절다,저려무나
절다,저렴
절다,점세
절다,저마
절다,접시다
절다,접시사
절다,접시오
절다,저사이다
절다,저세
절다,저시라
절다,저시압
절다,저십사
절다,저십시다
절다,저십시오
조다,존걸
졸다,존걸
조다,존들
졸다,존들
조다,존바
졸다,존바
조다,존즉
졸다,존즉
조다,존즉슨
졸다,존즉슨
조다,졸
졸다,졸
조다,졸걸
조다,졸까
조다,졸는지
조다,졸라
조다,졸라고
조다,졸러니
조다,졸러라
조다,졸런고
조다,졸레
조다,졸레라
조다,졸망정
조다,졸밖에
조다,졸뿐더러
조다,졸사
조다,졸새
조다,졸세
조다,졸세라
조다,졸세말이지
조다,졸수록
조다,졸시
조다,졸쏘냐
조다,졸쏜가
조다,졸지
조다,졸지나
조다,졸지니
조다,졸지니라
조다,졸지라
조다,졸지라도
조다,졸지로다
조다,졸지어다
조다,졸지언정
조다,졸진대
조다,졸진대는
조다,졸진댄
조다,졸진저
조다,좀
졸다,좀
조다,좀에도
졸다,좀에도
조다,좀에랴
졸다,좀에랴
조다,좁네
졸다,좁네
조다,좁늰다
졸다,좁늰다
조다,좁니까
졸다,좁니까
조다,좁니다
졸다,좁니다
조다,좁디까
졸다,좁디까
조다,좁디다
졸다,좁디다
조다,좁딘다
졸다,좁딘다
조다,좁죠
졸다,좁죠
조다,좁지요
졸다,좁지요
조다,좌
조다,좌도
조다,좌라
조다,좌서
조다,좌야
조다,좌야만
조다,좌야지
조다,좌요
조다,좌지이다
조다,좠
조다,좠었
조다,좠자
조다,존
졸다,존
조다,존다
졸다,존다
조다,존다고
졸다,존다고
조다,존다나
졸다,존다나
조다,존다네
졸다,존다네
조다,존다느니
졸다,존다느니
조다,존다니
졸다,존다니
조다,존다니까
졸다,존다니까
조다,존다더라
졸다,존다더라
조다,존다마는
졸다,존다마는
조다,존다며
졸다,존다며
조다,존다면
졸다,존다면
조다,존다면서
졸다,존다면서
조다,존다손
졸다,존다손
조다,존다오
졸다,존다오
조다,존다지
졸다,존다지
조다,존단다
졸다,존단다
조다,존담
졸다,존담
조다,존답니까
졸다,존답니까
조다,존답니다
졸다,존답니다
조다,존답시고
졸다,존답시고
조다,존대
졸다,존대
조다,존대요
졸다,존대요
조다,졸거나
조다,졸게
조다,졸깝쇼
조다,졸라치면
조다,졸락
조다,졸래
조다,졸작시면
조다,졸지며
조다,좀세
졸다,좀세
조다,좁시다
졸다,좁시다
조다,좁시사
졸다,좁시사
조다,좁시오
졸다,좁시오
조다,좌다
조다,좌다가
조르다,졸라다
조르다,졸라다가
졸다,조나
졸다,조나마
졸다,조니
졸다,조니까
졸다,조니까는
졸다,조니만치
졸다,조니만큼
졸다,조려거든
졸다,조려고
졸다,조려나
졸다,조려니
졸다,조려니와
졸다,조려면
졸다,조련마는
졸다,조련만
졸다,조렷다
졸다,조리
졸다,조리까
졸다,조리니
졸다,조리니라
졸다,조리다
졸다,조리라
졸다,조리로다
졸다,조리오
졸다,조매
졸다,조며
졸다,조면
졸다,조면서
졸다,조므로
졸다,조세요
졸다,조셔요
졸다,조시
졸다,조시어요
졸다,조락
졸다,조리만치
졸다,조리만큼
졸다,조사
졸다,조소서
졸다,조오
졸다,조오니까
졸다,조오리까
졸다,조오리다
졸다,조오리이까
졸다,조오리이다
졸다,조오이다
졸다,조옵
졸다,조옵나이까
졸다,조옵나이다
졸다,조옵니까
졸다,조옵니다
졸다,조옵디까
졸다,조옵디다
졸다,조옵소서
졸다,조옵시
졸다,조와
졸다,조외다
졸다,조라고
졸다,조랴
졸다,조러
졸다,조려
졸다,조려든
졸다,조려무나
졸다,조렴
졸다,조마
졸다,조사이다
졸다,조세
졸다,조시라
졸다,조시압
졸다,조십사
졸다,조십시다
졸다,조십시오
좁다,조워
좁다,조워도
좁다,조워라
좁다,조워서
좁다,조워야
좁다,조워야만
좁다,조워야지
좁다,조워요
좁다,조워지이다
좁다,조웠
좁다,조웠었
좁다,조우나
좁다,조우나마
좁다,조우니
좁다,조우니까
좁다,조우니까는
좁다,조우니만치
좁다,조우니만큼
좁다,조우려니와
좁다,조우려면
좁다,조우련마는
좁다,조우렷다
좁다,조우리
좁다,조우리까
좁다,조우리니
좁다,조우리니라
좁다,조우리다
좁다,조우리라
좁다,조우리로다
좁다,조우리만치
좁다,조우리만큼
좁다,조우리오
좁다,조우매
좁다,조우며
좁다,조우면
좁다,조우면서
좁다,조우므로
좁다,조우사
좁다,조우세요
좁다,조우셔요
좁다,조우소서
좁다,조우시
좁다,조우시어요
좁다,조우오
좁다,조우오니까
좁다,조우오리까
좁다,조우오리다
좁다,조우오리이까
좁다,조우오리이다
좁다,조우오이다
좁다,조우옵
좁다,조우옵나이까
좁다,조우옵나이다
좁다,조우옵니까
좁다,조우옵니다
좁다,조우옵디까
좁다,조우옵디다
좁다,조우옵소서
좁다,조우옵시
좁다,조우와
좁다,조우우
좁다,조운
좁다,조운걸
좁다,조운들
좁다,조운즉
좁다,조운즉슨
좁다,조울
좁다,조울걸
좁다,조울까
좁다,조울는지
좁다,조울라
좁다,조울라고
좁다,조울러니
좁다,조울러라
좁다,조울런가
좁다,조울런고
좁다,조울레
좁다,조울레라
좁다,조울망정
좁다,조울밖에
좁다,조울뿐더러
좁다,조울새
좁다,조울세
좁다,조울세라
좁다,조울세말이지
좁다,조울수록
좁다,조울시
좁다,조울쏘냐
좁다,조울쏜가
좁다,조울지
좁다,조울지나
좁다,조울지니
좁다,조울지니라
좁다,조울지라
좁다,조울지라도
좁다,조울지로다
좁다,조울지며
좁다,조울지어다
좁다,조울지언정
좁다,조울진대
좁다,조울진대는
좁다,조울진저
좁다,조움
좁다,조움에도
좁다,조움에랴
좁다,조웁시오
좁다,조우냐
좁다,조우냐고
좁다,조우뇨
좁다,조우니라
좁다,조우이
좁다,조운가
좁다,조운감
좁다,조운고
좁다,조운데
좁다,조운뎁쇼
좁다,조운지
좁다,조울데라니
좁다,조울시고
줄다,주나
줄다,주나마
줄다,주니
줄다,주니까
줄다,주니까는
줄다,주니만치
줄다,주니만큼
줄다,주려거든
줄다,주려고
줄다,주려나
줄다,주려니
줄다,주려니와
줄다,주려면
줄다,주련마는
줄다,주련만
줄다,주렷다
줄다,주리
줄다,주리까
줄다,주리니
줄다,주리니라
줄다,주리다
줄다,주리라
줄다,주리로다
줄다,주리오
줄다,주매
줄다,주며
줄다,주면
줄다,주면서
줄다,주므로
줄다,주세요
줄다,주셔요
줄다,주시
줄다,주시어요
줄다,주락
줄다,주리만치
줄다,주리만큼
줄다,주사
줄다,주소서
줄다,주오
줄다,주오니까
줄다,주오리까
줄다,주오리다
줄다,주오리이까
줄다,주오리이다
줄다,주오이다
줄다,주옵
줄다,주옵나이까
줄다,주옵나이다
줄다,주옵니까
줄다,주옵니다
줄다,주옵디까
줄다,주옵디다
줄다,주옵소서
줄다,주옵시
줄다,주와
줄다,주외다
줄다,주라고
줄다,주랴
줄다,주러
줄다,주려
줄다,주려든
줄다,주려무나
줄다,주렴
줄다,주마
줄다,주사이다
줄다,주세
줄다,주시라
줄다,주시압
줄다,주십사
줄다,주십시다
줄다,주십시오
줍다,주워
줍다,주워도
줍다,주워라
줍다,주워서
줍다,주워야
줍다,주워야만
줍다,주워야지
줍다,주워요
줍다,주워지이다
줍다,주웠
줍다,주웠었
줍다,주우나
줍다,주우나마
줍다,주우니
줍다,주우니까
줍다,주우니까는
줍다,주우니만치
줍다,주우니만큼
줍다,주우려니와
줍다,주우려면
줍다,주우련마는
줍다,주우렷다
줍다,주우리
줍다,주우리까
줍다,주우리니
줍다,주우리니라
줍다,주우리다
줍다,주우리라
줍다,주우리로다
줍다,주우리만치
줍다,주우리만큼
줍다,주우리오
줍다,주우매
줍다,주우며
줍다,주우면
줍다,주우면서
줍다,주우므로
줍다,주우사
줍다,주우세요
줍다,주우셔요
줍다,주우소서
줍다,주우시
줍다,주우시어요
줍다,주우오
줍다,주우오니까
줍다,주우오리까
줍다,주우오리다
줍다,주우오리이까
줍다,주우오리이다
줍다,주우오이다
줍다,주우옵
줍다,주우옵나이까
줍다,주우옵나이다
줍다,주우옵니까
줍다,주우옵니다
줍다,주우옵디까
줍다,주우옵디다
줍다,주우옵소서
줍다,주우옵시
줍다,주우와
줍다,주우우
줍다,주운
줍다,주운걸
줍다,주운들
줍다,주운즉
줍다,주운즉슨
줍다,주울
줍다,주울걸
줍다,주울까
줍다,주울는지
줍다,주울라
줍다,주울라고
줍다,주울러니
줍다,주울러라
줍다,주울런가
줍다,주울런고
줍다,주울레
줍다,주울레라
줍다,주울망정
줍다,주울밖에
줍다,주울뿐더러
줍다,주울새
줍다,주울세
줍다,주울세라
줍다,주울세말이지
줍다,주울수록
줍다,주울시
줍다,주울쏘냐
줍다,주울쏜가
줍다,주울지
줍다,주울지나
줍다,주울지니
줍다,주울지니라
줍다,주울지라
줍다,주울지라도
줍다,주울지로다
줍다,주울지며
줍다,주울지어다
줍다,주울지언정
줍다,주울진대
줍다,주울진대는
줍다,주울진저
줍다,주움
줍다,주움에도
줍다,주움에랴
줍다,주웁시오
줍다,주우라
줍다,주우라고
줍다,주우라나
줍다,주우라느니
줍다,주우라니까
줍다,주우라며
줍다,주우라면서
줍다,주우라손
줍다,주우락
줍다,주우란
줍다,주우람
줍다,주우랴
줍다,주우러
줍다,주우려
줍다,주우려거든
줍다,주우려고
줍다,주우려나
줍다,주우려니
줍다,주우려든
줍다,주우려무나
줍다,주우련
줍다,주우렴
줍다,주우렵니까
줍다,주우렵니다
줍다,주우마
줍다,주우사이다
줍다,주우세
줍다,주우시라
줍다,주우시압
줍다,주우십사
줍다,주우십시다
줍다,주우십시오
줍다,주울거나
줍다,주울게
줍다,주울깝쇼
줍다,주울라치면
줍다,주울락
줍다,주울래
줍다,주울작시면
줍다,주움세
줍다,주웁시다
줍다,주웁시사
줍다,주워다
줍다,주워다가
짜다,짠걸
짜다,짠들
짜다,짠바
짜다,짠즉
짜다,짠즉슨
짜다,짤
짜다,짤걸
짜다,짤까
짜다,짤는지
짜다,짤라
짜다,짤라고
짜다,짤러니
짜다,짤러라
짜다,짤런고
짜다,짤레
짜다,짤레라
짜다,짤망정
짜다,짤밖에
짜다,짤뿐더러
짜다,짤사
짜다,짤새
짜다,짤세
짜다,짤세라
짜다,짤세말이지
짜다,짤수록
짜다,짤시
짜다,짤쏘냐
짜다,짤쏜가
짜다,짤지
짜다,짤지나
짜다,짤지니
짜다,짤지니라
짜다,짤지라
짜다,짤지라도
짜다,짤지로다
짜다,짤지어다
짜다,짤지언정
짜다,짤진대
짜다,짤진대는
짜다,짤진댄
짜다,짤진저
짜다,짬
짜다,짬에도
짜다,짬에랴
짜다,짭네
짜다,짭늰다
짜다,짭니까
짜다,짭니다
짜다,짭디까
짜다,짭디다
짜다,짭딘다
짜다,짭죠
짜다,짭지요
짜다,짜
짜다,짰
짜다,짰었
짜다,짰자
짜다,짠
짜다,짠다
짜다,짠다고
짜다,짠다나
짜다,짠다네
짜다,짠다느니
짜다,짠다니
짜다,짠다니까
짜다,짠다더라
짜다,짠다마는
짜다,짠다며
짜다,짠다면
짜다,짠다면서
짜다,짠다손
짜다,짠다오
짜다,짠다지
짜다,짠단다
짜다,짠담
짜다,짠답니까
짜다,짠답니다
짜다,짠답시고
짜다,짠대
짜다,짠대요
짜다,짤거나
짜다,짤게
짜다,짤깝쇼
짜다,짤라치면
짜다,짤락
짜다,짤래
짜다,짤작시면
짜다,짤지며
짜다,짬세
짜다,짭시다
짜다,짭시사
짜다,짭시오
질다,지나마
질다,지니까
질다,지니까는
질다,지니만치
질다,지니만큼
질다,지려거든
질다,지려고
질다,지려나
질다,지려니
질다,지려니와
질다,지려면
질다,지련마는
질다,지련만
질다,지렷다
질다,지리
질다,지리까
질다,지리니
질다,지리니라
질다,지리다
질다,지리라
질다,지리로다
질다,지리오
질다,지매
질다,지면
질다,지면서
질다,지므로
질다,지세요
질다,지셔요
질다,지시
질다,지시어요
질다,지락
질다,지리만치
질다,지리만큼
질다,지사
질다,지소서
질다,지오
질다,지오니까
질다,지오리까
질다,지오리다
질다,지오리이까
질다,지오리이다
질다,지오이다
질다,지옵
질다,지옵나이까
질다,지옵나이다
질다,지옵니까
질다,지옵니다
질다,지옵디까
질다,지옵디다
질다,지옵소서
질다,지옵시
질다,지와
질다,지외다
질다,지냐
질다,지냐고
짜다,짠뎁쇼
짜다,짠가
짜다,짠감
짜다,짠고
짜다,짠데
짜다,짠지
짜다,짤시고
째다,짼걸
째다,짼들
째다,짼바
째다,짼즉
째다,짼즉슨
째다,쨀
째다,쨀걸
째다,쨀까
째다,쨀는지
째다,쨀라
째다,쨀라고
째다,쨀러니
째다,쨀러라
째다,쨀런고
째다,쨀레
째다,쨀레라
째다,쨀망정
째다,쨀밖에
째다,쨀뿐더러
째다,쨀사
째다,쨀새
째다,쨀세
째다,쨀세라
째다,쨀세말이지
째다,쨀수록
째다,쨀시
째다,쨀쏘냐
째다,쨀쏜가
째다,쨀지
째다,쨀지나
째다,쨀지니
째다,쨀지니라
째다,쨀지라
째다,쨀지라도
째다,쨀지로다
째다,쨀지어다
째다,쨀지언정
째다,쨀진대
째다,쨀진대는
째다,쨀진댄
째다,쨀진저
째다,쨈
째다,쨈에도
째다,쨈에랴
째다,쨉네
째다,쨉늰다
째다,쨉니까
째다,쨉니다
째다,쨉디까
째다,쨉디다
째다,쨉딘다
째다,쨉죠
째다,쨉지요
째다,째
째다,쨌
째다,쨌었
째다,짼
째다,짼다
째다,짼다고
째다,짼다나
째다,짼다네
째다,짼다느니
째다,짼다니
째다,짼다니까
째다,짼다더라
째다,짼다마는
째다,짼다며
째다,짼다면
째다,짼다면서
째다,짼다손
째다,짼다오
째다,짼다지
째다,짼단다
째다,짼담
째다,짼답니까
째다,짼답니다
째다,짼답시고
째다,짼대
째다,짼대요
째다,쨀거나
째다,쨀게
째다,쨀깝쇼
째다,쨀라치면
째다,쨀락
째다,쨀래
째다,쨀작시면
째다,쨀지며
째다,쨈세
째다,쨉시다
째다,쨉시사
째다,쨉시오
쪼다,쫀걸
쪼다,쫀들
쪼다,쫀바
쪼다,쫀즉
쪼다,쫀즉슨
쪼다,쫄
쪼다,쫄걸
쪼다,쫄까
쪼다,쫄는지
쪼다,쫄라
쪼다,쫄라고
쪼다,쫄러니
쪼다,쫄러라
쪼다,쫄런고
쪼다,쫄레
쪼다,쫄레라
쪼다,쫄망정
쪼다,쫄밖에
쪼다,쫄뿐더러
쪼다,쫄사
쪼다,쫄새
쪼다,쫄세
쪼다,쫄세라
쪼다,쫄세말이지
쪼다,쫄수록
쪼다,쫄시
쪼다,쫄쏘냐
쪼다,쫄쏜가
쪼다,쫄지
쪼다,쫄지나
쪼다,쫄지니
쪼다,쫄지니라
쪼다,쫄지라
쪼다,쫄지라도
쪼다,쫄지로다
쪼다,쫄지어다
쪼다,쫄지언정
쪼다,쫄진대
쪼다,쫄진대는
쪼다,쫄진댄
쪼다,쫄진저
쪼다,쫌
쪼다,쫌에도
쪼다,쫌에랴
쪼다,쫍네
쪼다,쫍늰다
쪼다,쫍니까
쪼다,쫍니다
쪼다,쫍디까
쪼다,쫍디다
쪼다,쫍딘다
쪼다,쫍죠
쪼다,쫍지요
쪼다,쫘
쪼다,쫘도
쪼다,쫘라
쪼다,쫘서
쪼다,쫘야
쪼다,쫘야만
쪼다,쫘야지
쪼다,쫘요
쪼다,쫘지이다
쪼다,쫬
쪼다,쫬었
쪼다,쫬자
쪼다,쫀
쪼다,쫀다
쪼다,쫀다고
쪼다,쫀다나
쪼다,쫀다네
쪼다,쫀다느니
쪼다,쫀다니
쪼다,쫀다니까
쪼다,쫀다더라
쪼다,쫀다마는
쪼다,쫀다며
쪼다,쫀다면
쪼다,쫀다면서
쪼다,쫀다손
쪼다,쫀다오
쪼다,쫀다지
쪼다,쫀단다
쪼다,쫀담
쪼다,쫀답니까
쪼다,쫀답니다
쪼다,쫀답시고
쪼다,쫀대
쪼다,쫀대요
쪼다,쫄거나
쪼다,쫄게
쪼다,쫄깝쇼
쪼다,쫄라치면
쪼다,쫄락
쪼다,쫄래
쪼다,쫄작시면
쪼다,쫄지며
쪼다,쫌세
쪼다,쫍시다
쪼다,쫍시사
쪼다,쫍시오
쪼다,쫘다
쪼다,쫘다가
캐다,캔걸
캐다,캔들
캐다,캔바
캐다,캔즉
캐다,캔즉슨
캐다,캘
캐다,캘걸
캐다,캘까
캐다,캘는지
캐다,캘라
캐다,캘라고
캐다,캘러니
캐다,캘러라
캐다,캘런고
캐다,캘레
캐다,캘레라
캐다,캘망정
캐다,캘밖에
캐다,캘뿐더러
캐다,캘사
캐다,캘새
캐다,캘세
캐다,캘세라
캐다,캘세말이지
캐다,캘수록
캐다,캘시
캐다,캘쏘냐
캐다,캘쏜가
캐다,캘지
캐다,캘지나
캐다,캘지니
캐다,캘지니라
캐다,캘지라
캐다,캘지라도
캐다,캘지로다
캐다,캘지어다
캐다,캘지언정
캐다,캘진대
캐다,캘진대는
캐다,캘진댄
캐다,캘진저
캐다,캠
캐다,캠에도
캐다,캠에랴
캐다,캡네
캐다,캡늰다
캐다,캡니까
캐다,캡니다
캐다,캡디까
캐다,캡디다
캐다,캡딘다
캐다,캡죠
캐다,캡지요
캐다,캐
캐다,캤
캐다,캤었
캐다,캔
캐다,캔다
캐다,캔다고
캐다,캔다나
캐다,캔다네
캐다,캔다느니
캐다,캔다니
캐다,캔다니까
캐다,캔다더라
캐다,캔다마는
캐다,캔다며
캐다,캔다면
캐다,캔다면서
캐다,캔다손
캐다,캔다오
캐다,캔다지
캐다,캔단다
캐다,캔담
캐다,캔답니까
캐다,캔답니다
캐다,캔답시고
캐다,캔대
캐다,캔대요
캐다,캘거나
캐다,캘게
캐다,캘깝쇼
캐다,캘라치면
캐다,캘락
캐다,캘래
캐다,캘작시면
캐다,캘지며
캐다,캠세
캐다,캡시다
캐다,캡시사
캐다,캡시오
크다,클걸
크다,클까
크다,클는지
크다,클라
크다,클라고
크다,클러니
크다,클러라
크다,클런고
크다,클레
크다,클레라
크다,클망정
크다,클밖에
크다,클뿐더러
크다,클사
크다,클새
크다,클세
크다,클세라
크다,클세말이지
크다,클수록
크다,클시
크다,클쏘냐
크다,클쏜가
크다,클지
크다,클지나
크다,클지니
크다,클지니라
크다,클지라
크다,클지라도
크다,클지로다
크다,클지어다
크다,클지언정
크다,클진대
크다,클진대는
크다,클진댄
크다,클진저
크다,커
크다,커도
크다,커라
크다,커서
크다,커야
크다,커야만
크다,커야지
크다,커요
크다,커지이다
크다,컸
크다,컸었
크다,큰뎁쇼
크다,큰가
크다,큰감
크다,큰고
크다,큰데
크다,큰지
크다,클시고
털다,턴바
털다,턴즉
털다,턴즉슨
털다,터나
털다,터나마
털다,터니
털다,터니까
털다,터니까는
털다,터니만치
털다,터니만큼
털다,털
털다,터려거든
털다,터려고
털다,터려나
털다,터려니
털다,터려니와
털다,터려면
털다,터련마는
털다,터련만
털다,터렷다
털다,터리
털다,터리까
털다,터리니
털다,터리니라
털다,터리다
털다,터리라
털다,터리로다
털다,터리오
털다,텀
털다,텀에도
털다,텀에랴
털다,터매
털다,터며
털다,터면
털다,터면서
털다,터므로
털다,텁네
털다,텁늰다
털다,텁니까
털다,텁니다
털다,텁디까
털다,텁디다
털다,텁딘다
털다,텁죠
털다,텁지요
털다,터시
털다,터시어요
털다,터락
털다,터리만치
털다,터리만큼
털다,터사
털다,터소서
털다,터오
털다,터오니까
털다,터오리까
털다,터오리다
털다,터오리이까
털다,터오리이다
털다,터오이다
털다,터옵
털다,터옵나이까
털다,터옵나이다
털다,터옵니까
털다,터옵니다
털다,터옵디까
털다,터옵디다
털다,터옵소서
털다,터옵시
털다,터와
털다,터외다
털다,턴
털다,턴다니까
털다,턴다더라
털다,턴다마는
털다,턴다며
털다,턴다면
털다,턴다면서
털다,턴다손
털다,턴다오
털다,턴다지
털다,턴단다
털다,턴담
털다,턴답니다
털다,턴답시고
털다,턴대
털다,턴대요
털다,터라고
털다,터랴
털다,터러
털다,터려
털다,터려든
털다,터려무나
털다,터렴
털다,텀세
털다,터마
털다,텁시사
털다,텁시오
털다,터사이다
털다,터시압
털다,터십사
튀다,튄바
튀다,튄즉
튀다,튄즉슨
튀다,튈걸
튀다,튈레
튀다,튈레라
튀다,튈사
튀다,튈새
튀다,튈세
튀다,튈세라
튀다,튈세말이지
튀다,튈시
튀다,튈쏘냐
튀다,튈쏜가
튀다,튈지
튀다,튈지나
튀다,튈지니
튀다,튈지니라
튀다,튈지라
튀다,튈지로다
튀다,튈지어다
튀다,튈지언정
튀다,튈진대
튀다,튈진대는
튀다,튈진댄
튀다,튈진저
튀다,튐
튀다,튐에도
튀다,튐에랴
튀다,튑네
튀다,튑늰다
튀다,튑니까
튀다,튑니다
튀다,튑디까
튀다,튑디다
튀다,튑딘다
튀다,튑죠
튀다,튑지요
튀다,튄다마는
튀다,튄다손
튀다,튄다오
튀다,튄다지
튀다,튄단다
튀다,튄담
튀다,튈거나
튀다,튈깝쇼
튀다,튈라치면
튀다,튈락
튀다,튈작시면
튀다,튈지며
튀다,튐세
튀다,튑시사
튀다,튑시오
틔다,틘걸
틔다,틘들
틔다,틘바
틔다,틘즉
틔다,틘즉슨
틔다,틜
틔다,틜걸
틔다,틜까
틔다,틜는지
틔다,틜라
틔다,틜라고
틔다,틜러니
틔다,틜러라
틔다,틜런고
틔다,틜레
틔다,틜레라
틔다,틜망정
틔다,틜밖에
틔다,틜뿐더러
틔다,틜사
틔다,틜새
틔다,틜세
틔다,틜세라
틔다,틜세말이지
틔다,틜수록
틔다,틜시
틔다,틜쏘냐
틔다,틜쏜가
틔다,틜지
틔다,틜지나
틔다,틜지니
틔다,틜지니라
틔다,틜지라
틔다,틜지라도
틔다,틜지로다
틔다,틜지어다
틔다,틜지언정
틔다,틜진대
틔다,틜진대는
틔다,틜진댄
틔다,틜진저
틔다,틤
틔다,틤에도
틔다,틤에랴
틔다,틥네
틔다,틥늰다
틔다,틥니까
틔다,틥니다
틔다,틥디까
틔다,틥디다
틔다,틥딘다
틔다,틥죠
틔다,틥지요
틔다,틘
틔다,틘다
틔다,틘다고
틔다,틘다나
틔다,틘다네
틔다,틘다느니
틔다,틘다니
틔다,틘다니까
틔다,틘다더라
틔다,틘다마는
틔다,틘다며
틔다,틘다면
틔다,틘다면서
틔다,틘다손
틔다,틘다오
틔다,틘다지
틔다,틘단다
틔다,틘담
틔다,틘답니까
틔다,틘답니다
틔다,틘답시고
틔다,틘대
틔다,틘대요
틔다,틜거나
틔다,틜게
틔다,틜깝쇼
틔다,틜라치면
틔다,틜락
틔다,틜래
틔다,틜작시면
틔다,틜지며
틔다,틤세
틔다,틥시다
틔다,틥시사
틔다,틥시오
파다,팔걸
파다,팔까
파다,팔는지
파다,팔라
파르다,팔라
파다,팔레
파다,팔레라
파다,팔사
파다,팔새
파다,팔세
파다,팔세라
파다,팔세말이지
파다,팔시
파다,팔쏘냐
파다,팔쏜가
파다,팔지
파다,팔지나
파다,팔지니
파다,팔지니라
파다,팔지라
파다,팔지로다
파다,팔지어다
파다,팔지언정
파다,팔진대
파다,팔진대는
파다,팔진댄
파다,팔진저
파다,팠자
파다,팔깝쇼
파다,팔라치면
파다,팔락
파다,팔작시면
파다,팔지며
패다,팬걸
패다,팬들
패다,팬바
패다,팬즉
패다,팬즉슨
패다,팰
패다,팰걸
패다,팰까
패다,팰는지
패다,팰라
패다,팰라고
패다,팰러니
패다,팰러라
패다,팰런고
패다,팰레
패다,팰레라
패다,팰망정
패다,팰밖에
패다,팰뿐더러
패다,팰사
패다,팰새
패다,팰세
패다,팰세라
패다,팰세말이지
패다,팰수록
패다,팰시
패다,팰쏘냐
패다,팰쏜가
패다,팰지
패다,팰지나
패다,팰지니
패다,팰지니라
패다,팰지라
패다,팰지라도
패다,팰지로다
패다,팰지어다
패다,팰지언정
패다,팰진대
패다,팰진대는
패다,팰진댄
패다,팰진저
패다,팸
패다,팸에도
패다,팸에랴
패다,팹네
패다,팹늰다
패다,팹니까
패다,팹니다
패다,팹디까
패다,팹디다
패다,팹딘다
패다,팹죠
패다,팹지요
패다,패
패다,팼
패다,팼었
패다,팬
패다,팬다
패다,팬다고
패다,팬다나
패다,팬다네
패다,팬다느니
패다,팬다니
패다,팬다니까
패다,팬다더라
패다,팬다마는
패다,팬다며
패다,팬다면
패다,팬다면서
패다,팬다손
패다,팬다오
패다,팬다지
패다,팬단다
패다,팬담
패다,팬답니까
패다,팬답니다
패다,팬답시고
패다,팬대
패다,팬대요
패다,팰거나
패다,팰게
패다,팰깝쇼
패다,팰라치면
패다,팰락
패다,팰래
패다,팰작시면
패다,팰지며
패다,팸세
패다,팹시다
패다,팹시사
패다,팹시오
펴다,편바
펴다,편즉
펴다,편즉슨
펴다,펼레
펴다,펼레라
펴다,펼사
펴다,펼새
펴다,펼세
펴다,펼세라
펴다,펼세말이지
펴다,펼시
펴다,펼쏘냐
펴다,펼쏜가
펴다,펼지
펴다,펼지나
펴다,펼지니
펴다,펼지니라
펴다,펼지라
펴다,펼지로다
펴다,펼지어다
펴다,펼지언정
펴다,펼진대
펴다,펼진대는
펴다,펼진댄
펴다,펼진저
펴다,폄
펴다,폄에도
펴다,폄에랴
펴다,폅네
펴다,폅늰다
펴다,폅니까
펴다,폅니다
펴다,폅디까
펴다,폅디다
펴다,폅딘다
펴다,폅죠
펴다,폅지요
펴다,편다마는
펴다,편다손
펴다,편다오
펴다,편다지
펴다,편단다
펴다,편담
펴다,펼깝쇼
펴다,펼라치면
펴다,펼락
펴다,펼작시면
펴다,펼지며
펴다,폄세
펴다,폅시사
펴다,폅시오
푸다,풀걸
푸다,풀까
푸다,풀는지
푸다,풀라
푸다,풀라고
푸다,풀러니
푸다,풀러라
푸다,풀런고
푸다,풀레
푸다,풀레라
푸다,풀망정
푸다,풀밖에
푸다,풀뿐더러
푸다,풀사
푸다,풀새
푸다,풀세
푸다,풀세라
푸다,풀세말이지
푸다,풀수록
푸다,풀시
푸다,풀쏘냐
푸다,풀쏜가
푸다,풀지
푸다,풀지나
푸다,풀지니
푸다,풀지니라
푸다,풀지라
푸다,풀지라도
푸다,풀지로다
푸다,풀지어다
푸다,풀지언정
푸다,풀진대
푸다,풀진대는
푸다,풀진댄
푸다,풀진저
푸다,퍼
프다,퍼
푸다,퍼도
프다,퍼도
푸다,퍼라
프다,퍼라
푸다,퍼서
프다,퍼서
푸다,퍼야
프다,퍼야
푸다,퍼야만
프다,퍼야만
푸다,퍼야지
프다,퍼야지
푸다,퍼요
프다,퍼요
푸다,퍼지이다
프다,퍼지이다
푸다,펐
프다,펐
푸다,펐었
프다,펐었
푸다,풀거나
푸다,풀게
푸다,풀깝쇼
푸다,풀라치면
푸다,풀락
푸다,풀래
푸다,풀작시면
푸다,풀지며
푸다,퍼다
푸다,퍼다가
퀴다,퀸걸
퀴다,퀸들
퀴다,퀸바
퀴다,퀸즉
퀴다,퀸즉슨
퀴다,퀼
퀴다,퀼걸
퀴다,퀼까
퀴다,퀼는지
퀴다,퀼라
퀴다,퀼라고
퀴다,퀼러니
퀴다,퀼러라
퀴다,퀼런고
퀴다,퀼레
퀴다,퀼레라
퀴다,퀼망정
퀴다,퀼밖에
퀴다,퀼뿐더러
퀴다,퀼사
퀴다,퀼새
퀴다,퀼세
퀴다,퀼세라
퀴다,퀼세말이지
퀴다,퀼수록
퀴다,퀼시
퀴다,퀼쏘냐
퀴다,퀼쏜가
퀴다,퀼지
퀴다,퀼지나
퀴다,퀼지니
퀴다,퀼지니라
퀴다,퀼지라
퀴다,퀼지라도
퀴다,퀼지로다
퀴다,퀼지어다
퀴다,퀼지언정
퀴다,퀼진대
퀴다,퀼진대는
퀴다,퀼진댄
퀴다,퀼진저
퀴다,큄
퀴다,큄에도
퀴다,큄에랴
퀴다,큅네
퀴다,큅늰다
퀴다,큅니까
퀴다,큅니다
퀴다,큅디까
퀴다,큅디다
퀴다,큅딘다
퀴다,큅죠
퀴다,큅지요
퀴다,퀸
퀴다,퀸다
퀴다,퀸다고
퀴다,퀸다나
퀴다,퀸다네
퀴다,퀸다느니
퀴다,퀸다니
퀴다,퀸다니까
퀴다,퀸다더라
퀴다,퀸다마는
퀴다,퀸다며
퀴다,퀸다면
퀴다,퀸다면서
퀴다,퀸다손
퀴다,퀸다오
퀴다,퀸다지
퀴다,퀸단다
퀴다,퀸담
퀴다,퀸답니까
퀴다,퀸답니다
퀴다,퀸답시고
퀴다,퀸대
퀴다,퀸대요
퀴다,퀼거나
퀴다,퀼게
퀴다,퀼깝쇼
퀴다,퀼라치면
퀴다,퀼락
퀴다,퀼래
퀴다,퀼작시면
퀴다,퀼지며
퀴다,큄세
퀴다,큅시다
퀴다,큅시사
퀴다,큅시오
헐다,헌걸
헐다,헌들
헐다,헌바
헐다,헌즉
헐다,헌즉슨
헐다,허나
헐다,허나마
헐다,허니
헐다,허니까
헐다,허니까는
헐다,허니만치
헐다,허니만큼
헐다,헐
헐다,허려거든
헐다,허려고
헐다,허려나
헐다,허려니
헐다,허려니와
헐다,허려면
헐다,허련마는
헐다,허련만
헐다,허렷다
헐다,허리
헐다,허리까
헐다,허리니
헐다,허리니라
헐다,허리다
헐다,허리라
헐다,허리로다
헐다,허리오
헐다,험
헐다,험에도
헐다,험에랴
헐다,허매
헐다,허며
헐다,허면
헐다,허면서
헐다,허므로
헐다,헙네
헐다,헙늰다
헐다,헙니까
헐다,헙니다
헐다,헙디까
헐다,헙디다
헐다,헙딘다
헐다,헙죠
헐다,헙지요
헐다,허세요
헐다,허셔요
헐다,허시
헐다,허시어요
헐다,허락
헐다,허리만치
헐다,허리만큼
헐다,허사
헐다,허소서
헐다,허오
헐다,허오니까
헐다,허오리까
헐다,허오리다
헐다,허오리이까
헐다,허오리이다
헐다,허오이다
헐다,허옵
헐다,허옵나이까
헐다,허옵나이다
헐다,허옵니까
헐다,허옵니다
헐다,허옵디까
헐다,허옵디다
헐다,허옵소서
헐다,허옵시
헐다,허와
헐다,허외다
헐다,헌
헐다,헌다
헐다,헌다고
헐다,헌다나
헐다,헌다네
헐다,헌다느니
헐다,헌다니
헐다,헌다니까
헐다,헌다더라
헐다,헌다마는
헐다,헌다며
헐다,헌다면
헐다,헌다면서
헐다,헌다손
헐다,헌다오
헐다,헌다지
헐다,헌단다
헐다,헌담
헐다,헌답니까
헐다,헌답니다
헐다,헌답시고
헐다,헌대
헐다,헌대요
헐다,허라고
헐다,허랴
헐다,허러
헐다,허려
헐다,허려든
헐다,허려무나
헐다,허렴
헐다,험세
헐다,허마
헐다,헙시다
헐다,헙시사
헐다,헙시오
헐다,허사이다
헐다,허세
헐다,허시라
헐다,허시압
헐다,허십사
헐다,허십시다
헐다,허십시오
헤다,헨걸
헤다,헨들
헤다,헨바
헤다,헨즉
헤다,헨즉슨
헤다,헬
헤다,헬걸
헤다,헬까
헤다,헬는지
헤다,헬라
헤다,헬라고
헤다,헬러니
헤다,헬러라
헤다,헬런고
헤다,헬레
헤다,헬레라
헤다,헬망정
헤다,헬밖에
헤다,헬뿐더러
헤다,헬사
헤다,헬새
헤다,헬세
헤다,헬세라
헤다,헬세말이지
헤다,헬수록
헤다,헬시
헤다,헬쏘냐
헤다,헬쏜가
헤다,헬지
헤다,헬지나
헤다,헬지니
헤다,헬지니라
헤다,헬지라
헤다,헬지라도
헤다,헬지로다
헤다,헬지어다
헤다,헬지언정
헤다,헬진대
헤다,헬진대는
헤다,헬진댄
헤다,헬진저
헤다,헴
헤다,헴에도
헤다,헴에랴
헤다,헵네
헤다,헵늰다
헤다,헵니까
헤다,헵니다
헤다,헵디까
헤다,헵디다
헤다,헵딘다
헤다,헵죠
헤다,헵지요
헤다,헤
헤다,헸
헤다,헸었
헤다,헨
헤다,헨다
헤다,헨다고
헤다,헨다나
헤다,헨다네
헤다,헨다느니
헤다,헨다니
헤다,헨다니까
헤다,헨다더라
헤다,헨다마는
헤다,헨다며
헤다,헨다면
헤다,헨다면서
헤다,헨다손
헤다,헨다오
헤다,헨다지
헤다,헨단다
헤다,헨담
헤다,헨답니까
헤다,헨답니다
헤다,헨답시고
헤다,헨대
헤다,헨대요
헤다,헬거나
헤다,헬게
헤다,헬깝쇼
헤다,헬라치면
헤다,헬락
헤다,헬래
헤다,헬작시면
헤다,헬지며
헤다,헴세
헤다,헵시다
헤다,헵시사
헤다,헵시오
호다,혼걸
호다,혼들
호다,혼바
호다,혼즉
호다,혼즉슨
호다,홀
호다,홀걸
호다,홀까
호다,홀는지
호다,홀라
호다,홀라고
호다,홀러니
호다,홀러라
호다,홀런고
호다,홀레
호다,홀레라
호다,홀망정
호다,홀밖에
호다,홀뿐더러
호다,홀사
호다,홀새
호다,홀세
호다,홀세라
호다,홀세말이지
호다,홀수록
호다,홀시
호다,홀쏘냐
호다,홀쏜가
호다,홀지
호다,홀지나
호다,홀지니
호다,홀지니라
호다,홀지라
호다,홀지라도
호다,홀지로다
호다,홀지어다
호다,홀지언정
호다,홀진대
호다,홀진대는
호다,홀진댄
호다,홀진저
호다,홈
호다,홈에도
호다,홈에랴
호다,홉네
호다,홉늰다
호다,홉니까
호다,홉니다
호다,홉디까
호다,홉디다
호다,홉딘다
호다,홉죠
호다,홉지요
호다,화
호다,화도
호다,화라
호다,화서
호다,화야
호다,화야만
호다,화야지
호다,화요
호다,화지이다
호다,홨
호다,홨었
호다,홨자
호다,혼
호다,혼다
호다,혼다고
호다,혼다나
호다,혼다네
호다,혼다느니
호다,혼다니
호다,혼다니까
호다,혼다더라
호다,혼다마는
호다,혼다며
호다,혼다면
호다,혼다면서
호다,혼다손
호다,혼다오
호다,혼다지
호다,혼단다
호다,혼담
호다,혼답니까
호다,혼답니다
호다,혼답시고
호다,혼대
호다,혼대요
호다,홀거나
호다,홀게
호다,홀깝쇼
호다,홀라치면
호다,홀락
호다,홀래
호다,홀작시면
호다,홀지며
호다,홈세
호다,홉시다
호다,홉시사
호다,홉시오
호다,화다
호다,화다가
휘다,휜걸
휘다,휜들
휘다,휜바
휘다,휜즉
휘다,휜즉슨
휘다,휠
휘다,휠걸
휘다,휠까
휘다,휠는지
휘다,휠라
휘다,휠라고
휘다,휠러니
휘다,휠러라
휘다,휠런고
휘다,휠레
휘다,휠레라
휘다,휠망정
휘다,휠밖에
휘다,휠뿐더러
휘다,휠사
휘다,휠새
휘다,휠세
휘다,휠세라
휘다,휠세말이지
휘다,휠수록
휘다,휠시
휘다,휠쏘냐
휘다,휠쏜가
휘다,휠지
휘다,휠지나
휘다,휠지니
휘다,휠지니라
휘다,휠지라
휘다,휠지라도
휘다,휠지로다
휘다,휠지어다
휘다,휠지언정
휘다,휠진대
휘다,휠진대는
휘다,휠진댄
휘다,휠진저
휘다,휨
휘다,휨에도
휘다,휨에랴
휘다,휩네
휘다,휩늰다
휘다,휩니까
휘다,휩니다
휘다,휩디까
휘다,휩디다
휘다,휩딘다
휘다,휩죠
휘다,휩지요
휘다,휜
휘다,휜다
휘다,휜다고
휘다,휜다나
휘다,휜다네
휘다,휜다느니
휘다,휜다니
휘다,휜다니까
휘다,휜다더라
휘다,휜다마는
휘다,휜다며
휘다,휜다면
휘다,휜다면서
휘다,휜다손
휘다,휜다오
휘다,휜다지
휘다,휜단다
휘다,휜담
휘다,휜답니까
휘다,휜답니다
휘다,휜답시고
휘다,휜대
휘다,휜대요
휘다,휠거나
휘다,휠게
휘다,휠깝쇼
휘다,휠라치면
휘다,휠락
휘다,휠래
휘다,휠작시면
휘다,휠지며
휘다,휨세
휘다,휩시다
휘다,휩시사
휘다,휩시오
들다,든감
들다,든고
들다,든데
들다,드냐
들다,드냐고
들다,드니라
닿다,대도
닿다,대라
닿다,대서
닿다,대야
닿다,대야만
닿다,대야지
닿다,대지이다
닿다,댔자
닿다,다우
닿다,달걸
닿다,달까
닿다,달는지
닿다,달라고
닿다,달러니
닿다,달러라
닿다,달런가
닿다,달런고
닿다,달레
닿다,달레라
닿다,달망정
닿다,달밖에
닿다,달뿐더러
닿다,달새
닿다,달세
닿다,달세라
닿다,달세말이지
닿다,달수록
닿다,달시
닿다,달쏘냐
닿다,달쏜가
닿다,달지
닿다,달지나
닿다,달지니
닿다,달지니라
닿다,달지라
닿다,달지라도
닿다,달지로다
닿다,달지며
닿다,달지어다
닿다,달지언정
닿다,달진대
닿다,달진대는
닿다,달진저
닿다,다뇨
닿다,다이
닿다,단뎁쇼
닿다,달데라니
닿다,달시고
맣다,매도
맣다,매라
맣다,매서
맣다,매야
맣다,매야만
맣다,매야지
맣다,매요
맣다,매지이다
맣다,맸자
맣다,마우
맣다,말런가
맣다,마냐
맣다,마냐고
맣다,마뇨
맣다,마니라
맣다,마이
맣다,만가
맣다,만감
맣다,만고
맣다,만데
맣다,만뎁쇼
맣다,만지
맣다,말데라니
맣다,말시고
멸다,면걸
멸다,면들
멸다,면바
멸다,면즉
멸다,면즉슨
멸다,며나
멸다,며나마
멸다,며니
멸다,며니까
멸다,며니까는
멸다,며니만치
멸다,며니만큼
멸다,멸
멸다,며려거든
멸다,며려고
멸다,며려나
멸다,며려니
멸다,며려니와
멸다,며려면
멸다,며련마는
멸다,며련만
멸다,며렷다
멸다,며리
멸다,며리까
멸다,며리니
멸다,며리니라
멸다,며리다
멸다,며리라
멸다,며리로다
멸다,며리오
멸다,몀
멸다,몀에도
멸다,몀에랴
멸다,며매
멸다,며며
멸다,며면
멸다,며면서
멸다,며므로
멸다,몁네
멸다,몁늰다
멸다,몁니까
멸다,몁니다
멸다,몁디까
멸다,몁디다
멸다,몁딘다
멸다,몁죠
멸다,몁지요
멸다,며세요
멸다,며셔요
멸다,며시
멸다,며시어요
멸다,며락
멸다,며리만치
멸다,며리만큼
멸다,며사
멸다,며소서
멸다,며오
멸다,며오니까
멸다,며오리까
멸다,며오리다
멸다,며오리이까
멸다,며오리이다
멸다,며오이다
멸다,며옵
멸다,며옵나이까
멸다,며옵나이다
멸다,며옵니까
멸다,며옵니다
멸다,며옵디까
멸다,며옵디다
멸다,며옵소서
멸다,며옵시
멸다,며와
멸다,며외다
멸다,면가
멸다,면감
멸다,면고
멸다,면데
멸다,면지
멸다,며냐
멸다,며냐고
멸다,며니라
볍다,벼워
볍다,벼워도
볍다,벼워라
볍다,벼워서
볍다,벼워야
볍다,벼워야만
볍다,벼워야지
볍다,벼워요
볍다,벼워지이다
볍다,벼웠
볍다,벼웠었
볍다,벼우나
볍다,벼우나마
볍다,벼우니
볍다,벼우니까
볍다,벼우니까는
볍다,벼우니만치
볍다,벼우니만큼
볍다,벼우려니와
볍다,벼우려면
볍다,벼우련마는
볍다,벼우렷다
볍다,벼우리
볍다,벼우리까
볍다,벼우리니
볍다,벼우리니라
볍다,벼우리다
볍다,벼우리라
볍다,벼우리로다
볍다,벼우리만치
볍다,벼우리만큼
볍다,벼우리오
볍다,벼우매
볍다,벼우며
볍다,벼우면
볍다,벼우면서
볍다,벼우므로
볍다,벼우사
볍다,벼우세요
볍다,벼우셔요
볍다,벼우소서
볍다,벼우시
볍다,벼우시어요
볍다,벼우오
볍다,벼우오니까
볍다,벼우오리까
볍다,벼우오리다
볍다,벼우오리이까
볍다,벼우오리이다
볍다,벼우오이다
볍다,벼우옵
볍다,벼우옵나이까
볍다,벼우옵나이다
볍다,벼우옵니까
볍다,벼우옵니다
볍다,벼우옵디까
볍다,벼우옵디다
볍다,벼우옵소서
볍다,벼우옵시
볍다,벼우와
볍다,벼우우
볍다,벼운
볍다,벼운걸
볍다,벼운들
볍다,벼운즉
볍다,벼운즉슨
볍다,벼울
볍다,벼울걸
볍다,벼울까
볍다,벼울는지
볍다,벼울라
볍다,벼울라고
볍다,벼울러니
볍다,벼울러라
볍다,벼울런가
볍다,벼울런고
볍다,벼울레
볍다,벼울레라
볍다,벼울망정
볍다,벼울밖에
볍다,벼울뿐더러
볍다,벼울새
볍다,벼울세
볍다,벼울세라
볍다,벼울세말이지
볍다,벼울수록
볍다,벼울시
볍다,벼울쏘냐
볍다,벼울쏜가
볍다,벼울지
볍다,벼울지나
볍다,벼울지니
볍다,벼울지니라
볍다,벼울지라
볍다,벼울지라도
볍다,벼울지로다
볍다,벼울지며
볍다,벼울지어다
볍다,벼울지언정
볍다,벼울진대
볍다,벼울진대는
볍다,벼울진저
볍다,벼움
볍다,벼움에도
볍다,벼움에랴
볍다,벼웁시오
볍다,벼우냐
볍다,벼우냐고
볍다,벼우뇨
볍다,벼우니라
볍다,벼우이
볍다,벼운가
볍다,벼운감
볍다,벼운고
볍다,벼운데
볍다,벼운뎁쇼
볍다,벼운지
볍다,벼울데라니
볍다,벼울시고
엽다,여워
엽다,여워도
엽다,여워라
엽다,여워서
엽다,여워야
엽다,여워야만
엽다,여워야지
엽다,여워요
엽다,여워지이다
엽다,여웠
엽다,여웠었
엽다,여우나
엽다,여우나마
엽다,여우니
엽다,여우니까
엽다,여우니까는
엽다,여우니만치
엽다,여우니만큼
엽다,여우려니와
엽다,여우려면
엽다,여우련마는
엽다,여우렷다
엽다,여우리
엽다,여우리까
엽다,여우리니
엽다,여우리니라
엽다,여우리다
엽다,여우리라
엽다,여우리로다
엽다,여우리만치
엽다,여우리만큼
엽다,여우리오
엽다,여우매
엽다,여우며
엽다,여우면
엽다,여우면서
엽다,여우므로
엽다,여우사
엽다,여우세요
엽다,여우셔요
엽다,여우소서
엽다,여우시
엽다,여우시어요
엽다,여우오
엽다,여우오니까
엽다,여우오리까
엽다,여우오리다
엽다,여우오리이까
엽다,여우오리이다
엽다,여우오이다
엽다,여우옵
엽다,여우옵나이까
엽다,여우옵나이다
엽다,여우옵니까
엽다,여우옵니다
엽다,여우옵디까
엽다,여우옵디다
엽다,여우옵소서
엽다,여우옵시
엽다,여우와
엽다,여우우
엽다,여운
엽다,여운걸
엽다,여운들
엽다,여운즉
엽다,여운즉슨
엽다,여울
엽다,여울걸
엽다,여울까
엽다,여울는지
엽다,여울라
엽다,여울라고
엽다,여울러니
엽다,여울러라
엽다,여울런가
엽다,여울런고
엽다,여울레
엽다,여울레라
엽다,여울망정
엽다,여울밖에
엽다,여울뿐더러
엽다,여울새
엽다,여울세
엽다,여울세라
엽다,여울세말이지
엽다,여울수록
엽다,여울시
엽다,여울쏘냐
엽다,여울쏜가
엽다,여울지
엽다,여울지나
엽다,여울지니
엽다,여울지니라
엽다,여울지라
엽다,여울지라도
엽다,여울지로다
엽다,여울지며
엽다,여울지어다
엽다,여울지언정
엽다,여울진대
엽다,여울진대는
엽다,여울진저
엽다,여움
엽다,여움에도
엽다,여움에랴
엽다,여웁시오
엽다,여우냐
엽다,여우냐고
엽다,여우뇨
엽다,여우니라
엽다,여우이
엽다,여운가
엽다,여운감
엽다,여운고
엽다,여운데
엽다,여운뎁쇼
엽다,여운지
엽다,여울데라니
엽다,여울시고
파르다,팔라도
파르다,팔라라
파르다,팔라서
파르다,팔라야
파르다,팔라야만
파르다,팔라야지
파르다,팔라요
파르다,팔라지이다
파르다,팔랐
파르다,팔랐었
납다,나워
납다,나워도
납다,나워라
납다,나워서
납다,나워야
납다,나워야만
납다,나워야지
납다,나워요
납다,나워지이다
납다,나웠
납다,나웠었
납다,나우나
납다,나우나마
납다,나우니
납다,나우니까
납다,나우니까는
납다,나우니만치
납다,나우니만큼
납다,나우려니와
납다,나우려면
납다,나우련마는
납다,나우렷다
납다,나우리
납다,나우리까
납다,나우리니
납다,나우리니라
납다,나우리다
납다,나우리라
납다,나우리로다
납다,나우리만치
납다,나우리만큼
납다,나우리오
납다,나우매
납다,나우며
납다,나우면
납다,나우면서
납다,나우므로
납다,나우사
납다,나우세요
납다,나우셔요
납다,나우소서
납다,나우시
납다,나우시어요
납다,나우오
납다,나우오니까
납다,나우오리까
납다,나우오리다
납다,나우오리이까
납다,나우오리이다
납다,나우오이다
납다,나우옵
납다,나우옵나이까
납다,나우옵나이다
납다,나우옵니까
납다,나우옵니다
납다,나우옵디까
납다,나우옵디다
납다,나우옵소서
납다,나우옵시
납다,나우와
납다,나우우
납다,나운
납다,나운걸
납다,나운들
납다,나운즉
납다,나운즉슨
납다,나울
납다,나울걸
납다,나울까
납다,나울는지
납다,나울라
납다,나울라고
납다,나울러니
납다,나울러라
납다,나울런가
납다,나울런고
납다,나울레
납다,나울레라
납다,나울망정
납다,나울밖에
납다,나울뿐더러
납다,나울새
납다,나울세
납다,나울세라
납다,나울세말이지
납다,나울수록
납다,나울시
납다,나울쏘냐
납다,나울쏜가
납다,나울지
납다,나울지나
납다,나울지니
납다,나울지니라
납다,나울지라
납다,나울지라도
납다,나울지로다
납다,나울지며
납다,나울지어다
납다,나울지언정
납다,나울진대
납다,나울진대는
납다,나울진저
납다,나움
납다,나움에도
납다,나움에랴
납다,나웁시오
납다,나우냐
납다,나우냐고
납다,나우뇨
납다,나우니라
납다,나우이
납다,나운가
납다,나운감
납다,나운고
납다,나운데
납다,나운뎁쇼
납다,나운지
납다,나울데라니
납다,나울시고
개르다,갤러
개르다,갤러도
개르다,갤러서
개르다,갤러야
개르다,갤러야만
개르다,갤러야지
개르다,갤러요
개르다,갤러지이다
개르다,갤렀
개르다,갤렀었
멓다,메도
멓다,메라
멓다,메서
멓다,메야
멓다,메야만
멓다,메야지
멓다,메요
멓다,메지이다
멓다,머우
멓다,멀걸
멓다,멀까
멓다,멀는지
멓다,멀라
멓다,멀라고
멓다,멀러니
멓다,멀러라
멓다,멀런가
멓다,멀런고
멓다,멀레
멓다,멀레라
멓다,멀망정
멓다,멀밖에
멓다,멀뿐더러
멓다,멀새
멓다,멀세
멓다,멀세라
멓다,멀세말이지
멓다,멀수록
멓다,멀시
멓다,멀쏘냐
멓다,멀쏜가
멓다,멀지
멓다,멀지나
멓다,멀지니
멓다,멀지니라
멓다,멀지라
멓다,멀지라도
멓다,멀지로다
멓다,멀지며
멓다,멀지어다
멓다,멀지언정
멓다,멀진대
멓다,멀진대는
멓다,멀진저
멓다,머뇨
멓다,머이
멓다,먼뎁쇼
멓다,멀데라니
멓다,멀시고
칠다,치나
칠다,치나마
칠다,치니
칠다,치니까
칠다,치니까는
칠다,치니만치
칠다,치니만큼
칠다,치려거든
칠다,치려고
칠다,치려나
칠다,치려니
칠다,치려니와
칠다,치려면
칠다,치련마는
칠다,치련만
칠다,치렷다
칠다,치리
칠다,치리까
칠다,치리니
칠다,치리니라
칠다,치리다
칠다,치리라
칠다,치리로다
칠다,치리오
칠다,치매
칠다,치며
칠다,치면
칠다,치면서
칠다,치므로
칠다,치세요
칠다,치셔요
칠다,치시
칠다,치시어요
칠다,치락
칠다,치리만치
칠다,치리만큼
칠다,치사
칠다,치소서
칠다,치오
칠다,치오니까
칠다,치오리까
칠다,치오리다
칠다,치오리이까
칠다,치오리이다
칠다,치오이다
칠다,치옵
칠다,치옵나이까
칠다,치옵나이다
칠다,치옵니까
칠다,치옵니다
칠다,치옵디까
칠다,치옵디다
칠다,치옵소서
칠다,치옵시
칠다,치와
칠다,치외다
칠다,치냐
칠다,치냐고
칠다,치니라
옇다,예
옇다,예도
옇다,예라
옇다,예서
옇다,예야
옇다,예야만
옇다,예야지
옇다,예요
옇다,예지이다
옇다,옜
옇다,옜었
옇다,여우
옇다,열걸
옇다,열까
옇다,열는지
옇다,열라
옇다,열라고
옇다,열러니
옇다,열러라
옇다,열런가
옇다,열런고
옇다,열레
옇다,열레라
옇다,열망정
옇다,열밖에
옇다,열뿐더러
옇다,열새
옇다,열세
옇다,열세라
옇다,열세말이지
옇다,열수록
옇다,열시
옇다,열쏘냐
옇다,열쏜가
옇다,열지
옇다,열지나
옇다,열지니
옇다,열지니라
옇다,열지라
옇다,열지라도
옇다,열지로다
옇다,열지며
옇다,열지어다
옇다,열지언정
옇다,열진대
옇다,열진대는
옇다,열진저
옇다,여냐
옇다,여냐고
옇다,여뇨
옇다,여니라
옇다,여이
옇다,연가
옇다,연감
옇다,연고
옇다,연데
옇다,연뎁쇼
옇다,연지
옇다,열데라니
옇다,열시고
게르다,겔러
게르다,겔러도
게르다,겔러라
게르다,겔러서
게르다,겔러야
게르다,겔러야만
게르다,겔러야지
게르다,겔러요
게르다,겔러지이다
게르다,겔렀
게르다,겔렀었
곱다,고워
곱다,고워도
곱다,고워라
곱다,고워서
곱다,고워야
곱다,고워야만
곱다,고워야지
곱다,고워요
곱다,고워지이다
곱다,고웠
곱다,고웠었
쁘다,뻐
쁘다,뻐도
쁘다,뻐라
쁘다,뻐서
쁘다,뻐야
쁘다,뻐야만
쁘다,뻐야지
쁘다,뻐요
쁘다,뻐지이다
쁘다,뻤
쁘다,뻤었
굴다,군가
굴다,군감
굴다,군고
굴다,군데
굴다,군지
굴다,구냐
굴다,구냐고
굴다,구니라
립다,리워
립다,리워도
립다,리워라
립다,리워서
립다,리워야
립다,리워야만
립다,리워야지
립다,리워요
립다,리워지이다
립다,리웠
립다,리웠었
립다,리우나
립다,리우나마
립다,리우니
립다,리우니까
립다,리우니까는
립다,리우니만치
립다,리우니만큼
립다,리우려니와
립다,리우려면
립다,리우련마는
립다,리우렷다
립다,리우리
립다,리우리까
립다,리우리니
립다,리우리니라
립다,리우리다
립다,리우리라
립다,리우리로다
립다,리우리만치
립다,리우리만큼
립다,리우리오
립다,리우매
립다,리우며
립다,리우면
립다,리우면서
립다,리우므로
립다,리우사
립다,리우세요
립다,리우셔요
립다,리우소서
립다,리우시
립다,리우시어요
립다,리우오
립다,리우오니까
립다,리우오리까
립다,리우오리다
립다,리우오리이까
립다,리우오리이다
립다,리우오이다
립다,리우옵
립다,리우옵나이까
립다,리우옵나이다
립다,리우옵니까
립다,리우옵니다
립다,리우옵디까
립다,리우옵디다
립다,리우옵소서
립다,리우옵시
립다,리우와
립다,리우우
립다,리운
립다,리운걸
립다,리운들
립다,리운즉
립다,리운즉슨
립다,리울
립다,리울걸
립다,리울까
립다,리울는지
립다,리울라
립다,리울라고
립다,리울러니
립다,리울러라
립다,리울런가
립다,리울런고
립다,리울레
립다,리울레라
립다,리울망정
립다,리울밖에
립다,리울뿐더러
립다,리울새
립다,리울세
립다,리울세라
립다,리울세말이지
립다,리울수록
립다,리울시
립다,리울쏘냐
립다,리울쏜가
립다,리울지
립다,리울지나
립다,리울지니
립다,리울지니라
립다,리울지라
립다,리울지라도
립다,리울지로다
립다,리울지며
립다,리울지어다
립다,리울지언정
립다,리울진대
립다,리울진대는
립다,리울진저
립다,리움
립다,리움에도
립다,리움에랴
립다,리웁시오
립다,리우냐
립다,리우냐고
립다,리우뇨
립다,리우니라
립다,리우이
립다,리운가
립다,리운감
립다,리운고
립다,리운데
립다,리운뎁쇼
립다,리운지
립다,리울데라니
립다,리울시고
히다,힌뎁쇼
히다,힌가
히다,힌감
히다,힌고
히다,힌데
히다,힌지
히다,힐시고
쌔다,쌘뎁쇼
쌔다,쌘가
쌔다,쌘감
쌔다,쌘고
쌔다,쌘데
쌔다,쌘지
쌔다,쌜시고
모르다,몰라도
모르다,몰라라
모르다,몰라서
모르다,몰라야
모르다,몰라야만
모르다,몰라야지
모르다,몰라요
모르다,몰라지이다
모르다,몰랐
모르다,몰랐었
냅다,내워
냅다,내워도
냅다,내워라
냅다,내워서
냅다,내워야
냅다,내워야만
냅다,내워야지
냅다,내워요
냅다,내워지이다
냅다,내웠
냅다,내웠었
냅다,내우나
냅다,내우나마
냅다,내우니
냅다,내우니까
냅다,내우니까는
냅다,내우니만치
냅다,내우니만큼
냅다,내우려니와
냅다,내우려면
냅다,내우련마는
냅다,내우렷다
냅다,내우리
냅다,내우리까
냅다,내우리니
냅다,내우리니라
냅다,내우리다
냅다,내우리라
냅다,내우리로다
냅다,내우리만치
냅다,내우리만큼
냅다,내우리오
냅다,내우매
냅다,내우며
냅다,내우면
냅다,내우면서
냅다,내우므로
냅다,내우사
냅다,내우세요
냅다,내우셔요
냅다,내우소서
냅다,내우시
냅다,내우시어요
냅다,내우오
냅다,내우오니까
냅다,내우오리까
냅다,내우오리다
냅다,내우오리이까
냅다,내우오리이다
냅다,내우오이다
냅다,내우옵
냅다,내우옵나이까
냅다,내우옵나이다
냅다,내우옵니까
냅다,내우옵니다
냅다,내우옵디까
냅다,내우옵디다
냅다,내우옵소서
냅다,내우옵시
냅다,내우와
냅다,내우우
냅다,내운
냅다,내운걸
냅다,내운들
냅다,내운즉
냅다,내운즉슨
냅다,내울
냅다,내울걸
냅다,내울까
냅다,내울는지
냅다,내울라
냅다,내울라고
냅다,내울러니
냅다,내울러라
냅다,내울런가
냅다,내울런고
냅다,내울레
냅다,내울레라
냅다,내울망정
냅다,내울밖에
냅다,내울뿐더러
냅다,내울새
냅다,내울세
냅다,내울세라
냅다,내울세말이지
냅다,내울수록
냅다,내울시
냅다,내울쏘냐
냅다,내울쏜가
냅다,내울지
냅다,내울지나
냅다,내울지니
냅다,내울지니라
냅다,내울지라
냅다,내울지라도
냅다,내울지로다
냅다,내울지며
냅다,내울지어다
냅다,내울지언정
냅다,내울진대
냅다,내울진대는
냅다,내울진저
냅다,내움
냅다,내움에도
냅다,내움에랴
냅다,내웁시오
냅다,내우냐
냅다,내우냐고
냅다,내우뇨
냅다,내우니라
냅다,내우이
냅다,내운가
냅다,내운감
냅다,내운고
냅다,내운데
냅다,내운뎁쇼
냅다,내운지
냅다,내울데라니
냅다,내울시고
너르다,널러
너르다,널러도
너르다,널러서
너르다,널러야
너르다,널러야만
너르다,널러야지
너르다,널러요
너르다,널러지이다
너르다,널렀
너르다,널렀었
랍다,라워
랍다,라워도
랍다,라워라
랍다,라워서
랍다,라워야
랍다,라워야만
랍다,라워야지
랍다,라워요
랍다,라워지이다
랍다,라웠
랍다,라웠었
랍다,라우나
랍다,라우나마
랍다,라우니
랍다,라우니까
랍다,라우니까는
랍다,라우니만치
랍다,라우니만큼
랍다,라우려니와
랍다,라우려면
랍다,라우련마는
랍다,라우렷다
랍다,라우리
랍다,라우리까
랍다,라우리니
랍다,라우리니라
랍다,라우리다
랍다,라우리라
랍다,라우리로다
랍다,라우리만치
랍다,라우리만큼
랍다,라우리오
랍다,라우매
랍다,라우며
랍다,라우면
랍다,라우면서
랍다,라우므로
랍다,라우사
랍다,라우세요
랍다,라우셔요
랍다,라우소서
랍다,라우시
랍다,라우시어요
랍다,라우오
랍다,라우오니까
랍다,라우오리까
랍다,라우오리다
랍다,라우오리이까
랍다,라우오리이다
랍다,라우오이다
랍다,라우옵
랍다,라우옵나이까
랍다,라우옵나이다
랍다,라우옵니까
랍다,라우옵니다
랍다,라우옵디까
랍다,라우옵디다
랍다,라우옵소서
랍다,라우옵시
랍다,라우와
랍다,라우우
랍다,라운
랍다,라운걸
랍다,라운들
랍다,라운즉
랍다,라운즉슨
랍다,라울
랍다,라울걸
랍다,라울까
랍다,라울는지
랍다,라울라
랍다,라울라고
랍다,라울러니
랍다,라울러라
랍다,라울런가
랍다,라울런고
랍다,라울레
랍다,라울레라
랍다,라울망정
랍다,라울밖에
랍다,라울뿐더러
랍다,라울새
랍다,라울세
랍다,라울세라
랍다,라울세말이지
랍다,라울수록
랍다,라울시
랍다,라울쏘냐
랍다,라울쏜가
랍다,라울지
랍다,라울지나
랍다,라울지니
랍다,라울지니라
랍다,라울지라
랍다,라울지라도
랍다,라울지로다
랍다,라울지며
랍다,라울지어다
랍다,라울지언정
랍다,라울진대
랍다,라울진대는
랍다,라울진저
랍다,라움
랍다,라움에도
랍다,라움에랴
랍다,라웁시오
랍다,라우냐
랍다,라우냐고
랍다,라우뇨
랍다,라우니라
랍다,라우이
랍다,라운가
랍다,라운감
랍다,라운고
랍다,라운데
랍다,라운뎁쇼
랍다,라운지
랍다,라울데라니
랍다,라울시고
덥다,더워
덥다,더워도
덥다,더워라
덥다,더워서
덥다,더워야
덥다,더워야만
덥다,더워야지
덥다,더워요
덥다,더워지이다
덥다,더웠
덥다,더웠었
덥다,더우나
덥다,더우나마
덥다,더우니
덥다,더우니까
덥다,더우니까는
덥다,더우니만치
덥다,더우니만큼
덥다,더우려니와
덥다,더우려면
덥다,더우련마는
덥다,더우렷다
덥다,더우리
덥다,더우리까
덥다,더우리니
덥다,더우리니라
덥다,더우리다
덥다,더우리라
덥다,더우리로다
덥다,더우리만치
덥다,더우리만큼
덥다,더우리오
덥다,더우매
덥다,더우며
덥다,더우면
덥다,더우면서
덥다,더우므로
덥다,더우사
덥다,더우세요
덥다,더우셔요
덥다,더우소서
덥다,더우시
덥다,더우시어요
덥다,더우오
덥다,더우오니까
덥다,더우오리까
덥다,더우오리다
덥다,더우오리이까
덥다,더우오리이다
덥다,더우오이다
덥다,더우옵
덥다,더우옵나이까
덥다,더우옵나이다
덥다,더우옵니까
덥다,더우옵니다
덥다,더우옵디까
덥다,더우옵디다
덥다,더우옵소서
덥다,더우옵시
덥다,더우와
덥다,더우우
덥다,더운
덥다,더운걸
덥다,더운들
덥다,더운즉
덥다,더운즉슨
덥다,더울까
덥다,더울는지
덥다,더울라
덥다,더울라고
덥다,더울러니
덥다,더울러라
덥다,더울런가
덥다,더울런고
덥다,더울레
덥다,더울레라
덥다,더울망정
덥다,더울뿐더러
덥다,더울새
덥다,더울세
덥다,더울세라
덥다,더울세말이지
덥다,더울시
덥다,더울쏘냐
덥다,더울쏜가
덥다,더울지나
덥다,더울지니
덥다,더울지니라
덥다,더울지라
덥다,더울지라도
덥다,더울지로다
덥다,더울지어다
덥다,더울지언정
덥다,더울진대
덥다,더울진대는
덥다,더울진저
덥다,더움에랴
덥다,더우냐
덥다,더우냐고
덥다,더우뇨
덥다,더우니라
덥다,더우이
덥다,더운가
덥다,더운감
덥다,더운고
덥다,더운뎁쇼
덥다,더울데라니
덥다,더울시고
탑다,타워
탑다,타워도
탑다,타워라
탑다,타워서
탑다,타워야
탑다,타워야만
탑다,타워야지
탑다,타워요
탑다,타워지이다
탑다,타웠
탑다,타웠었
탑다,타우나
탑다,타우나마
탑다,타우니
탑다,타우니까
탑다,타우니까는
탑다,타우니만치
탑다,타우니만큼
탑다,타우려니와
탑다,타우려면
탑다,타우련마는
탑다,타우렷다
탑다,타우리
탑다,타우리까
탑다,타우리니
탑다,타우리니라
탑다,타우리다
탑다,타우리라
탑다,타우리로다
탑다,타우리만치
탑다,타우리만큼
탑다,타우리오
탑다,타우매
탑다,타우며
탑다,타우면
탑다,타우면서
탑다,타우므로
탑다,타우사
탑다,타우세요
탑다,타우셔요
탑다,타우소서
탑다,타우시
탑다,타우시어요
탑다,타우오
탑다,타우오니까
탑다,타우오리까
탑다,타우오리다
탑다,타우오리이까
탑다,타우오리이다
탑다,타우오이다
탑다,타우옵
탑다,타우옵나이까
탑다,타우옵나이다
탑다,타우옵니까
탑다,타우옵니다
탑다,타우옵디까
탑다,타우옵디다
탑다,타우옵소서
탑다,타우옵시
탑다,타우와
탑다,타우우
탑다,타운
탑다,타운걸
탑다,타운들
탑다,타운즉
탑다,타운즉슨
탑다,타울
탑다,타울걸
탑다,타울까
탑다,타울는지
탑다,타울라
탑다,타울라고
탑다,타울러니
탑다,타울러라
탑다,타울런가
탑다,타울런고
탑다,타울레
탑다,타울레라
탑다,타울망정
탑다,타울밖에
탑다,타울뿐더러
탑다,타울새
탑다,타울세
탑다,타울세라
탑다,타울세말이지
탑다,타울수록
탑다,타울시
탑다,타울쏘냐
탑다,타울쏜가
탑다,타울지
탑다,타울지나
탑다,타울지니
탑다,타울지니라
탑다,타울지라
탑다,타울지라도
탑다,타울지로다
탑다,타울지며
탑다,타울지어다
탑다,타울지언정
탑다,타울진대
탑다,타울진대는
탑다,타울진저
탑다,타움
탑다,타움에도
탑다,타움에랴
탑다,타웁시오
탑다,타우냐
탑다,타우냐고
탑다,타우뇨
탑다,타우니라
탑다,타우이
탑다,타운가
탑다,타운감
탑다,타운고
탑다,타운데
탑다,타운뎁쇼
탑다,타운지
탑다,타울데라니
탑다,타울시고
텁다,터워
텁다,터워도
텁다,터워라
텁다,터워서
텁다,터워야
텁다,터워야만
텁다,터워야지
텁다,터워요
텁다,터워지이다
텁다,터웠
텁다,터웠었
텁다,터우나
텁다,터우나마
텁다,터우니
텁다,터우니까
텁다,터우니까는
텁다,터우니만치
텁다,터우니만큼
텁다,터우려니와
텁다,터우려면
텁다,터우련마는
텁다,터우렷다
텁다,터우리
텁다,터우리까
텁다,터우리니
텁다,터우리니라
텁다,터우리다
텁다,터우리라
텁다,터우리로다
텁다,터우리만치
텁다,터우리만큼
텁다,터우리오
텁다,터우매
텁다,터우며
텁다,터우면
텁다,터우면서
텁다,터우므로
텁다,터우사
텁다,터우세요
텁다,터우셔요
텁다,터우소서
텁다,터우시
텁다,터우시어요
텁다,터우오
텁다,터우오니까
텁다,터우오리까
텁다,터우오리다
텁다,터우오리이까
텁다,터우오리이다
텁다,터우오이다
텁다,터우옵
텁다,터우옵나이까
텁다,터우옵나이다
텁다,터우옵니까
텁다,터우옵니다
텁다,터우옵디까
텁다,터우옵디다
텁다,터우옵소서
텁다,터우옵시
텁다,터우와
텁다,터우우
텁다,터운
텁다,터운걸
텁다,터운들
텁다,터운즉
텁다,터운즉슨
텁다,터울
텁다,터울걸
텁다,터울까
텁다,터울는지
텁다,터울라
텁다,터울라고
텁다,터울러니
텁다,터울러라
텁다,터울런가
텁다,터울런고
텁다,터울레
텁다,터울레라
텁다,터울망정
텁다,터울밖에
텁다,터울뿐더러
텁다,터울새
텁다,터울세
텁다,터울세라
텁다,터울세말이지
텁다,터울수록
텁다,터울시
텁다,터울쏘냐
텁다,터울쏜가
텁다,터울지
텁다,터울지나
텁다,터울지니
텁다,터울지니라
텁다,터울지라
텁다,터울지라도
텁다,터울지로다
텁다,터울지며
텁다,터울지어다
텁다,터울지언정
텁다,터울진대
텁다,터울진대는
텁다,터울진저
텁다,터움
텁다,터움에도
텁다,터움에랴
텁다,터웁시오
텁다,터우냐
텁다,터우냐고
텁다,터우뇨
텁다,터우니라
텁다,터우이
텁다,터운가
텁다,터운감
텁다,터운고
텁다,터운데
텁다,터운뎁쇼
텁다,터운지
텁다,터울데라니
텁다,터울시고
겁다,거워
겁다,거워도
겁다,거워라
겁다,거워서
겁다,거워야
겁다,거워야만
겁다,거워야지
겁다,거워요
겁다,거워지이다
겁다,거웠
겁다,거웠었
겁다,거우나
겁다,거우나마
겁다,거우니
겁다,거우니까
겁다,거우니까는
겁다,거우니만치
겁다,거우니만큼
겁다,거우려니와
겁다,거우려면
겁다,거우련마는
겁다,거우렷다
겁다,거우리
겁다,거우리까
겁다,거우리니
겁다,거우리니라
겁다,거우리다
겁다,거우리라
겁다,거우리로다
겁다,거우리만치
겁다,거우리만큼
겁다,거우리오
겁다,거우매
겁다,거우며
겁다,거우면
겁다,거우면서
겁다,거우므로
겁다,거우사
겁다,거우세요
겁다,거우셔요
겁다,거우소서
겁다,거우시
겁다,거우시어요
겁다,거우오
겁다,거우오니까
겁다,거우오리까
겁다,거우오리다
겁다,거우오리이까
겁다,거우오리이다
겁다,거우오이다
겁다,거우옵
겁다,거우옵나이까
겁다,거우옵나이다
겁다,거우옵니까
겁다,거우옵니다
겁다,거우옵디까
겁다,거우옵디다
겁다,거우옵소서
겁다,거우옵시
겁다,거우와
겁다,거우우
겁다,거운
겁다,거운걸
겁다,거운들
겁다,거운즉
겁다,거운즉슨
겁다,거울
겁다,거울걸
겁다,거울까
겁다,거울는지
겁다,거울라
겁다,거울라고
겁다,거울러니
겁다,거울러라
겁다,거울런가
겁다,거울런고
겁다,거울레
겁다,거울레라
겁다,거울망정
겁다,거울밖에
겁다,거울뿐더러
겁다,거울새
겁다,거울세
겁다,거울세라
겁다,거울세말이지
겁다,거울수록
겁다,거울시
겁다,거울쏘냐
겁다,거울쏜가
겁다,거울지
겁다,거울지나
겁다,거울지니
겁다,거울지니라
겁다,거울지라
겁다,거울지라도
겁다,거울지로다
겁다,거울지며
겁다,거울지어다
겁다,거울지언정
겁다,거울진대
겁다,거울진대는
겁다,거울진저
겁다,거움
겁다,거움에도
겁다,거움에랴
겁다,거웁시오
겁다,거우냐
겁다,거우냐고
겁다,거우뇨
겁다,거우니라
겁다,거우이
겁다,거운가
겁다,거운감
겁다,거운고
겁다,거운데
겁다,거운뎁쇼
겁다,거운지
겁다,거울데라니
겁다,거울시고
갛다,개도
갛다,개라
갛다,개서
갛다,개야
갛다,개야만
갛다,개야지
갛다,개요
갛다,개지이다
갛다,갰자
갛다,가우
갛다,갈런가
갛다,가냐
갛다,가냐고
갛다,가뇨
갛다,가니라
갛다,가이
갛다,간가
갛다,간감
갛다,간고
갛다,간데
갛다,간뎁쇼
갛다,간지
갛다,갈데라니
갛다,갈시고
섭다,서워
섭다,서워도
섭다,서워라
섭다,서워서
섭다,서워야
섭다,서워야만
섭다,서워야지
섭다,서워요
섭다,서워지이다
섭다,서웠
섭다,서웠었
섭다,서우나
섭다,서우나마
섭다,서우니
섭다,서우니까
섭다,서우니까는
섭다,서우니만치
섭다,서우니만큼
섭다,서우려니와
섭다,서우려면
섭다,서우련마는
섭다,서우렷다
섭다,서우리
섭다,서우리까
섭다,서우리니
섭다,서우리니라
섭다,서우리다
섭다,서우리라
섭다,서우리로다
섭다,서우리만치
섭다,서우리만큼
섭다,서우리오
섭다,서우매
섭다,서우며
섭다,서우면
섭다,서우면서
섭다,서우므로
섭다,서우사
섭다,서우세요
섭다,서우셔요
섭다,서우소서
섭다,서우시
섭다,서우시어요
섭다,서우오
섭다,서우오니까
섭다,서우오리까
섭다,서우오리다
섭다,서우오리이까
섭다,서우오리이다
섭다,서우오이다
섭다,서우옵
섭다,서우옵나이까
섭다,서우옵나이다
섭다,서우옵니까
섭다,서우옵니다
섭다,서우옵디까
섭다,서우옵디다
섭다,서우옵소서
섭다,서우옵시
섭다,서우와
섭다,서우우
섭다,서운
섭다,서운걸
섭다,서운들
섭다,서운즉
섭다,서운즉슨
섭다,서울
섭다,서울걸
섭다,서울까
섭다,서울는지
섭다,서울라
섭다,서울라고
섭다,서울러니
섭다,서울러라
섭다,서울런가
섭다,서울런고
섭다,서울레
섭다,서울레라
섭다,서울망정
섭다,서울밖에
섭다,서울뿐더러
섭다,서울새
섭다,서울세
섭다,서울세라
섭다,서울세말이지
섭다,서울수록
섭다,서울시
섭다,서울쏘냐
섭다,서울쏜가
섭다,서울지
섭다,서울지나
섭다,서울지니
섭다,서울지니라
섭다,서울지라
섭다,서울지라도
섭다,서울지로다
섭다,서울지며
섭다,서울지어다
섭다,서울지언정
섭다,서울진대
섭다,서울진대는
섭다,서울진저
섭다,서움
섭다,서움에도
섭다,서움에랴
섭다,서웁시오
섭다,서우냐
섭다,서우냐고
섭다,서우뇨
섭다,서우니라
섭다,서우이
섭다,서운가
섭다,서운감
섭다,서운고
섭다,서운데
섭다,서운뎁쇼
섭다,서운지
섭다,서울데라니
섭다,서울시고
맵다,매워
맵다,매워도
맵다,매워라
맵다,매워서
맵다,매워야
맵다,매워야만
맵다,매워야지
맵다,매워요
맵다,매워지이다
맵다,매웠
맵다,매웠었
맵다,매우나
맵다,매우나마
맵다,매우니
맵다,매우니까
맵다,매우니까는
맵다,매우니만치
맵다,매우니만큼
맵다,매우려니와
맵다,매우려면
맵다,매우련마는
맵다,매우렷다
맵다,매우리
맵다,매우리까
맵다,매우리니
맵다,매우리니라
맵다,매우리다
맵다,매우리라
맵다,매우리로다
맵다,매우리만치
맵다,매우리만큼
맵다,매우리오
맵다,매우매
맵다,매우며
맵다,매우면
맵다,매우면서
맵다,매우므로
맵다,매우사
맵다,매우세요
맵다,매우셔요
맵다,매우소서
맵다,매우시
맵다,매우시어요
맵다,매우오
맵다,매우오니까
맵다,매우오리까
맵다,매우오리다
맵다,매우오리이까
맵다,매우오리이다
맵다,매우오이다
맵다,매우옵
맵다,매우옵나이까
맵다,매우옵나이다
맵다,매우옵니까
맵다,매우옵니다
맵다,매우옵디까
맵다,매우옵디다
맵다,매우옵소서
맵다,매우옵시
맵다,매우와
맵다,매우우
맵다,매운
맵다,매운걸
맵다,매운들
맵다,매운즉
맵다,매운즉슨
맵다,매울
맵다,매울걸
맵다,매울까
맵다,매울는지
맵다,매울라
맵다,매울라고
맵다,매울러니
맵다,매울러라
맵다,매울런가
맵다,매울런고
맵다,매울레
맵다,매울레라
맵다,매울망정
맵다,매울밖에
맵다,매울뿐더러
맵다,매울새
맵다,매울세
맵다,매울세라
맵다,매울세말이지
맵다,매울수록
맵다,매울시
맵다,매울쏘냐
맵다,매울쏜가
맵다,매울지
맵다,매울지나
맵다,매울지니
맵다,매울지니라
맵다,매울지라
맵다,매울지라도
맵다,매울지로다
맵다,매울지며
맵다,매울지어다
맵다,매울지언정
맵다,매울진대
맵다,매울진대는
맵다,매울진저
맵다,매움
맵다,매움에도
맵다,매움에랴
맵다,매웁시오
맵다,매우냐
맵다,매우냐고
맵다,매우뇨
맵다,매우니라
맵다,매우이
맵다,매운가
맵다,매운감
맵다,매운고
맵다,매운데
맵다,매운뎁쇼
맵다,매운지
맵다,매울데라니
맵다,매울시고
겋다,게도
겋다,게라
겋다,게서
겋다,게야
겋다,게야만
겋다,게야지
겋다,게요
겋다,게지이다
겋다,겠었
겋다,거우
겋다,걸걸
겋다,걸까
겋다,걸는지
겋다,걸라
겋다,걸라고
겋다,걸러니
겋다,걸런가
겋다,걸런고
겋다,걸레
겋다,걸레라
겋다,걸망정
겋다,걸밖에
겋다,걸뿐더러
겋다,걸새
겋다,걸세
겋다,걸세라
겋다,걸세말이지
겋다,걸수록
겋다,걸시
겋다,걸쏘냐
겋다,걸쏜가
겋다,걸지
겋다,걸지나
겋다,걸지니
겋다,걸지니라
겋다,걸지라
겋다,걸지라도
겋다,걸지로다
겋다,걸지며
겋다,걸지어다
겋다,걸지언정
겋다,걸진대
겋다,걸진대는
겋다,걸진저
겋다,거뇨
겋다,거이
겋다,건뎁쇼
겋다,걸데라니
겋다,걸시고
밉다,미워
밉다,미워도
밉다,미워라
밉다,미워서
밉다,미워야
밉다,미워야만
밉다,미워야지
밉다,미워요
밉다,미워지이다
밉다,미웠
밉다,미웠었
밉다,미우나
밉다,미우나마
밉다,미우니
밉다,미우니까
밉다,미우니까는
밉다,미우니만치
밉다,미우니만큼
밉다,미우려니와
밉다,미우려면
밉다,미우련마는
밉다,미우렷다
밉다,미우리
밉다,미우리까
밉다,미우리니
밉다,미우리니라
밉다,미우리다
밉다,미우리라
밉다,미우리로다
밉다,미우리만치
밉다,미우리만큼
밉다,미우리오
밉다,미우매
밉다,미우며
밉다,미우면
밉다,미우면서
밉다,미우므로
밉다,미우사
밉다,미우세요
밉다,미우셔요
밉다,미우소서
밉다,미우시
밉다,미우시어요
밉다,미우오
밉다,미우오니까
밉다,미우오리까
밉다,미우오리다
밉다,미우오리이까
밉다,미우오리이다
밉다,미우오이다
밉다,미우옵
밉다,미우옵나이까
밉다,미우옵나이다
밉다,미우옵니까
밉다,미우옵니다
밉다,미우옵디까
밉다,미우옵디다
밉다,미우옵소서
밉다,미우옵시
밉다,미우와
밉다,미우우
밉다,미운
밉다,미운걸
밉다,미운들
밉다,미운즉
밉다,미운즉슨
밉다,미울
밉다,미울걸
밉다,미울까
밉다,미울는지
밉다,미울라
밉다,미울라고
밉다,미울러니
밉다,미울러라
밉다,미울런가
밉다,미울런고
밉다,미울레
밉다,미울레라
밉다,미울망정
밉다,미울밖에
밉다,미울뿐더러
밉다,미울새
밉다,미울세
밉다,미울세라
밉다,미울세말이지
밉다,미울수록
밉다,미울시
밉다,미울쏘냐
밉다,미울쏜가
밉다,미울지
밉다,미울지나
밉다,미울지니
밉다,미울지니라
밉다,미울지라
밉다,미울지라도
밉다,미울지로다
밉다,미울지며
밉다,미울지어다
밉다,미울지언정
밉다,미울진대
밉다,미울진대는
밉다,미울진저
밉다,미움
밉다,미움에도
밉다,미움에랴
밉다,미웁시오
밉다,미우냐
밉다,미우냐고
밉다,미우뇨
밉다,미우니라
밉다,미우이
밉다,미운가
밉다,미운감
밉다,미운고
밉다,미운데
밉다,미운뎁쇼
밉다,미운지
밉다,미울데라니
밉다,미울시고
위다,윈뎁쇼
위다,윈가
위다,윈감
위다,윈고
위다,윈데
위다,윈지
위다,윌시고
얗다,얘
얗다,얘도
얗다,얘라
얗다,얘서
얗다,얘야
얗다,얘야만
얗다,얘야지
얗다,얘요
얗다,얘지이다
얗다,얬
얗다,얬었
얗다,얬자
얗다,야나
얗다,야나마
얗다,야니
얗다,야니까
얗다,야니까는
얗다,야니만치
얗다,야니만큼
얗다,야려니와
얗다,야려면
얗다,야련마는
얗다,야렷다
얗다,야리
얗다,야리까
얗다,야리니
얗다,야리니라
얗다,야리다
얗다,야리라
얗다,야리로다
얗다,야리만치
얗다,야리만큼
얗다,야리오
얗다,야매
얗다,야며
얗다,야면
얗다,야면서
얗다,야므로
얗다,야사
얗다,야세요
얗다,야셔요
얗다,야소서
얗다,야시
얗다,야시어요
얗다,야오
얗다,야오니까
얗다,야오리까
얗다,야오리다
얗다,야오리이까
얗다,야오리이다
얗다,야오이다
얗다,야옵
얗다,야옵나이까
얗다,야옵나이다
얗다,야옵니까
얗다,야옵니다
얗다,야옵디까
얗다,야옵디다
얗다,야옵소서
얗다,야옵시
얗다,야와
얗다,야우
얗다,얀
얗다,얀걸
얗다,얀들
얗다,얀즉
얗다,얀즉슨
얗다,얄
얗다,얄걸
얗다,얄까
얗다,얄는지
얗다,얄라
얗다,얄라고
얗다,얄러니
얗다,얄러라
얗다,얄런가
얗다,얄런고
얗다,얄레
얗다,얄레라
얗다,얄망정
얗다,얄밖에
얗다,얄뿐더러
얗다,얄새
얗다,얄세
얗다,얄세라
얗다,얄세말이지
얗다,얄수록
얗다,얄시
얗다,얄쏘냐
얗다,얄쏜가
얗다,얄지
얗다,얄지나
얗다,얄지니
얗다,얄지니라
얗다,얄지라
얗다,얄지라도
얗다,얄지로다
얗다,얄지며
얗다,얄지어다
얗다,얄지언정
얗다,얄진대
얗다,얄진대는
얗다,얄진저
얗다,얌
얗다,얌에도
얗다,얌에랴
얗다,얍시오
얗다,야냐
얗다,야냐고
얗다,야뇨
얗다,야니라
얗다,야이
얗다,얀가
얗다,얀감
얗다,얀고
얗다,얀데
얗다,얀뎁쇼
얗다,얀지
얗다,얄데라니
얗다,얄시고
빠르다,빨라
빠르다,빨라도
빠르다,빨라라
빠르다,빨라서
빠르다,빨라야
빠르다,빨라야만
빠르다,빨라야지
빠르다,빨라요
빠르다,빨라지이다
빠르다,빨랐
빠르다,빨랐었
투르다,툴러
투르다,툴러도
투르다,툴러서
투르다,툴러야
투르다,툴러야만
투르다,툴러야지
투르다,툴러요
투르다,툴러지이다
투르다,툴렀
투르다,툴렀었
툴다,투나
툴다,투나마
툴다,투니
툴다,투니까
툴다,투니까는
툴다,투니만치
툴다,투니만큼
툴다,투려거든
툴다,투려고
툴다,투려나
툴다,투려니
툴다,투려니와
툴다,투려면
툴다,투련마는
툴다,투련만
툴다,투렷다
툴다,투리
툴다,투리까
툴다,투리니
툴다,투리니라
툴다,투리다
툴다,투리라
툴다,투리로다
툴다,투리오
툴다,투매
툴다,투며
툴다,투면
툴다,투면서
툴다,투므로
툴다,투세요
툴다,투셔요
툴다,투시
툴다,투시어요
툴다,투락
툴다,투리만치
툴다,투리만큼
툴다,투사
툴다,투소서
툴다,투오
툴다,투오니까
툴다,투오리까
툴다,투오리다
툴다,투오리이까
툴다,투오리이다
툴다,투오이다
툴다,투옵
툴다,투옵나이까
툴다,투옵나이다
툴다,투옵니까
툴다,투옵니다
툴다,투옵디까
툴다,투옵디다
툴다,투옵소서
툴다,투옵시
툴다,투와
툴다,투외다
툴다,툰가
툴다,툰감
툴다,툰고
툴다,툰데
툴다,툰지
툴다,투냐
툴다,투냐고
툴다,투니라
줍다,주우냐
줍다,주우냐고
줍다,주우뇨
줍다,주우니라
줍다,주우이
줍다,주운가
줍다,주운감
줍다,주운고
줍다,주운데
줍다,주운뎁쇼
줍다,주운지
줍다,주울데라니
줍다,주울시고
접다,저워
접다,저워도
접다,저워라
접다,저워서
접다,저워야
접다,저워야만
접다,저워야지
접다,저워요
접다,저워지이다
접다,저웠
접다,저웠었
접다,저우나
접다,저우나마
접다,저우니
접다,저우니까
접다,저우니까는
접다,저우니만치
접다,저우니만큼
접다,저우려니와
접다,저우려면
접다,저우련마는
접다,저우렷다
접다,저우리
접다,저우리까
접다,저우리니
접다,저우리니라
접다,저우리다
접다,저우리라
접다,저우리로다
접다,저우리만치
접다,저우리만큼
접다,저우리오
접다,저우매
접다,저우며
접다,저우면
접다,저우면서
접다,저우므로
접다,저우사
접다,저우세요
접다,저우셔요
접다,저우소서
접다,저우시
접다,저우시어요
접다,저우오
접다,저우오니까
접다,저우오리까
접다,저우오리다
접다,저우오리이까
접다,저우오리이다
접다,저우오이다
접다,저우옵
접다,저우옵나이까
접다,저우옵나이다
접다,저우옵니까
접다,저우옵니다
접다,저우옵디까
접다,저우옵디다
접다,저우옵소서
접다,저우옵시
접다,저우와
접다,저우우
접다,저운
접다,저운걸
접다,저운들
접다,저운즉
접다,저운즉슨
접다,저울
접다,저울걸
접다,저울까
접다,저울는지
접다,저울라
접다,저울라고
접다,저울러니
접다,저울러라
접다,저울런가
접다,저울런고
접다,저울레
접다,저울레라
접다,저울망정
접다,저울밖에
접다,저울뿐더러
접다,저울새
접다,저울세
접다,저울세라
접다,저울세말이지
접다,저울수록
접다,저울시
접다,저울쏘냐
접다,저울쏜가
접다,저울지
접다,저울지나
접다,저울지니
접다,저울지니라
접다,저울지라
접다,저울지라도
접다,저울지로다
접다,저울지며
접다,저울지어다
접다,저울지언정
접다,저울진대
접다,저울진대는
접다,저울진저
접다,저움
접다,저움에도
접다,저움에랴
접다,저웁시오
접다,저우냐
접다,저우냐고
접다,저우뇨
접다,저우니라
접다,저우이
접다,저운가
접다,저운감
접다,저운고
접다,저운데
접다,저운뎁쇼
접다,저운지
접다,저울데라니
접다,저울시고
답다,다워
답다,다워도
답다,다워라
답다,다워서
답다,다워야
답다,다워야만
답다,다워야지
답다,다워요
답다,다워지이다
답다,다웠
답다,다웠었
답다,다우나
답다,다우나마
답다,다우니
답다,다우니까
답다,다우니까는
답다,다우니만치
답다,다우니만큼
답다,다우려니와
답다,다우려면
답다,다우련마는
답다,다우렷다
답다,다우리
답다,다우리까
답다,다우리니
답다,다우리니라
답다,다우리다
답다,다우리라
답다,다우리로다
답다,다우리만치
답다,다우리만큼
답다,다우리오
답다,다우매
답다,다우며
답다,다우면
답다,다우면서
답다,다우므로
답다,다우사
답다,다우세요
답다,다우셔요
답다,다우소서
답다,다우시
답다,다우시어요
답다,다우오
답다,다우오니까
답다,다우오리까
답다,다우오리다
답다,다우오리이까
답다,다우오리이다
답다,다우오이다
답다,다우옵
답다,다우옵나이까
답다,다우옵나이다
답다,다우옵니까
답다,다우옵니다
답다,다우옵디까
답다,다우옵디다
답다,다우옵소서
답다,다우옵시
답다,다우와
답다,다우우
답다,다운
답다,다운걸
답다,다운들
답다,다운즉
답다,다운즉슨
답다,다울
답다,다울걸
답다,다울까
답다,다울는지
답다,다울라
답다,다울라고
답다,다울러니
답다,다울러라
답다,다울런가
답다,다울런고
답다,다울레
답다,다울레라
답다,다울망정
답다,다울밖에
답다,다울뿐더러
답다,다울새
답다,다울세
답다,다울세라
답다,다울세말이지
답다,다울수록
답다,다울시
답다,다울쏘냐
답다,다울쏜가
답다,다울지
답다,다울지나
답다,다울지니
답다,다울지니라
답다,다울지라
답다,다울지라도
답다,다울지로다
답다,다울지며
답다,다울지어다
답다,다울지언정
답다,다울진대
답다,다울진대는
답다,다울진저
답다,다움
답다,다움에도
답다,다움에랴
답다,다웁시오
답다,다우냐
답다,다우냐고
답다,다우뇨
답다,다우니라
답다,다우이
답다,다운가
답다,다운감
답다,다운고
답다,다운데
답다,다운뎁쇼
답다,다운지
답다,다울데라니
답다,다울시고
땁다,따워
땁다,따워도
땁다,따워라
땁다,따워서
땁다,따워야
땁다,따워야만
땁다,따워야지
땁다,따워요
땁다,따워지이다
땁다,따웠
땁다,따웠었
땁다,따우나
땁다,따우나마
땁다,따우니
땁다,따우니까
땁다,따우니까는
땁다,따우니만치
땁다,따우니만큼
땁다,따우려니와
땁다,따우려면
땁다,따우련마는
땁다,따우렷다
땁다,따우리
땁다,따우리까
땁다,따우리니
땁다,따우리니라
땁다,따우리다
땁다,따우리라
땁다,따우리로다
땁다,따우리만치
땁다,따우리만큼
땁다,따우리오
땁다,따우매
땁다,따우며
땁다,따우면
땁다,따우면서
땁다,따우므로
땁다,따우사
땁다,따우세요
땁다,따우셔요
땁다,따우소서
땁다,따우시
땁다,따우시어요
땁다,따우오
땁다,따우오니까
땁다,따우오리까
땁다,따우오리다
땁다,따우오리이까
땁다,따우오리이다
땁다,따우오이다
땁다,따우옵
땁다,따우옵나이까
땁다,따우옵나이다
땁다,따우옵니까
땁다,따우옵니다
땁다,따우옵디까
땁다,따우옵디다
땁다,따우옵소서
땁다,따우옵시
땁다,따우와
땁다,따우우
땁다,따운
땁다,따운걸
땁다,따운들
땁다,따운즉
땁다,따운즉슨
땁다,따울
땁다,따울걸
땁다,따울까
땁다,따울는지
땁다,따울라
땁다,따울라고
땁다,따울러니
땁다,따울러라
땁다,따울런가
땁다,따울런고
땁다,따울레
땁다,따울레라
땁다,따울망정
땁다,따울밖에
땁다,따울뿐더러
땁다,따울새
땁다,따울세
땁다,따울세라
땁다,따울세말이지
땁다,따울수록
땁다,따울시
땁다,따울쏘냐
땁다,따울쏜가
땁다,따울지
땁다,따울지나
땁다,따울지니
땁다,따울지니라
땁다,따울지라
땁다,따울지라도
땁다,따울지로다
땁다,따울지며
땁다,따울지어다
땁다,따울지언정
땁다,따울진대
땁다,따울진대는
땁다,따울진저
땁다,따움
땁다,따움에도
땁다,따움에랴
땁다,따웁시오
땁다,따우냐
땁다,따우냐고
땁다,따우뇨
땁다,따우니라
땁다,따우이
땁다,따운가
땁다,따운감
땁다,따운고
땁다,따운데
땁다,따운뎁쇼
땁다,따운지
땁다,따울데라니
땁다,따울시고
굽다,구우냐
굽다,구우냐고
굽다,구우뇨
굽다,구우니라
굽다,구우이
굽다,구운가
굽다,구운감
굽다,구운고
굽다,구운데
굽다,구운뎁쇼
굽다,구운지
굽다,구울데라니
굽다,구울시고
잘다,자나
잘다,자나마
잘다,자니
잘다,자니까는
잘다,자니만치
잘다,자니만큼
잘다,자려거든
잘다,자려고
잘다,자려나
잘다,자려니
잘다,자려니와
잘다,자려면
잘다,자련마는
잘다,자련만
잘다,자렷다
잘다,자리
잘다,자리까
잘다,자리니
잘다,자리니라
잘다,자리다
잘다,자리라
잘다,자리로다
잘다,자리오
잘다,자매
잘다,자므로
잘다,자세요
잘다,자셔요
잘다,자시
잘다,자시어요
잘다,자락
잘다,자리만치
잘다,자리만큼
잘다,자사
잘다,자소서
잘다,자오
잘다,자오니까
잘다,자오리까
잘다,자오리다
잘다,자오리이까
잘다,자오리이다
잘다,자오이다
잘다,자옵
잘다,자옵나이까
잘다,자옵나이다
잘다,자옵니까
잘다,자옵니다
잘다,자옵디까
잘다,자옵디다
잘다,자옵소서
잘다,자옵시
잘다,자와
잘다,자외다
잘다,잔가
잘다,잔감
잘다,잔고
잘다,잔데
잘다,잔지
잘다,자냐
잘다,자냐고
잘다,자니라
춥다,추워
춥다,추워도
춥다,추워라
춥다,추워서
춥다,추워야
춥다,추워야만
춥다,추워야지
춥다,추워요
춥다,추워지이다
춥다,추웠
춥다,추웠었
춥다,추우나
춥다,추우나마
춥다,추우니
춥다,추우니까
춥다,추우니까는
춥다,추우니만치
춥다,추우니만큼
춥다,추우려니와
춥다,추우려면
춥다,추우련마는
춥다,추우렷다
춥다,추우리
춥다,추우리까
춥다,추우리니
춥다,추우리니라
춥다,추우리다
춥다,추우리라
춥다,추우리로다
춥다,추우리만치
춥다,추우리만큼
춥다,추우리오
춥다,추우매
춥다,추우며
춥다,추우면
춥다,추우면서
춥다,추우므로
춥다,추우사
춥다,추우세요
춥다,추우셔요
춥다,추우소서
춥다,추우시
춥다,추우시어요
춥다,추우오
춥다,추우오니까
춥다,추우오리까
춥다,추우오리다
춥다,추우오리이까
춥다,추우오리이다
춥다,추우오이다
춥다,추우옵
춥다,추우옵나이까
춥다,추우옵나이다
춥다,추우옵니까
춥다,추우옵니다
춥다,추우옵디까
춥다,추우옵디다
춥다,추우옵소서
춥다,추우옵시
춥다,추우와
춥다,추우우
춥다,추운
춥다,추운걸
춥다,추운들
춥다,추운즉
춥다,추운즉슨
춥다,추울
춥다,추울까
춥다,추울는지
춥다,추울라
춥다,추울라고
춥다,추울러니
춥다,추울러라
춥다,추울런가
춥다,추울런고
춥다,추울레
춥다,추울레라
춥다,추울망정
춥다,추울뿐더러
춥다,추울새
춥다,추울세
춥다,추울세라
춥다,추울세말이지
춥다,추울시
춥다,추울쏘냐
춥다,추울쏜가
춥다,추울지나
춥다,추울지니
춥다,추울지니라
춥다,추울지라
춥다,추울지라도
춥다,추울지로다
춥다,추울지어다
춥다,추울지언정
춥다,추울진대
춥다,추울진대는
춥다,추울진저
춥다,추움
춥다,추움에랴
춥다,추우냐
춥다,추우냐고
춥다,추우뇨
춥다,추우니라
춥다,추우이
춥다,추운가
춥다,추운감
춥다,추운고
춥다,추운뎁쇼
춥다,추울데라니
춥다,추울시고
희다,흰걸
희다,흰들
희다,흰바
희다,흰즉
희다,흰즉슨
희다,흴
희다,흴걸
희다,흴까
희다,흴는지
희다,흴라
희다,흴라고
희다,흴러니
희다,흴러라
희다,흴런고
희다,흴레
희다,흴레라
희다,흴망정
희다,흴밖에
희다,흴뿐더러
희다,흴사
희다,흴새
희다,흴세
희다,흴세라
희다,흴세말이지
희다,흴수록
희다,흴시
희다,흴쏘냐
희다,흴쏜가
희다,흴지
희다,흴지나
희다,흴지니
희다,흴지니라
희다,흴지라
희다,흴지라도
희다,흴지로다
희다,흴지어다
희다,흴지언정
희다,흴진대
희다,흴진대는
희다,흴진댄
희다,흴진저
희다,흼
희다,흼에도
희다,흼에랴
희다,흽네
희다,흽늰다
희다,흽니까
희다,흽니다
희다,흽디까
희다,흽디다
희다,흽딘다
희다,흽죠
희다,흽지요
희다,흰뎁쇼
희다,흰가
희다,흰감
희다,흰고
희다,흰데
희다,흰지
희다,흴시고
떱다,떠워
떱다,떠워도
떱다,떠워라
떱다,떠워서
떱다,떠워야
떱다,떠워야만
떱다,떠워야지
떱다,떠워요
떱다,떠워지이다
떱다,떠웠
떱다,떠웠었
떱다,떠우나
떱다,떠우나마
떱다,떠우니
떱다,떠우니까
떱다,떠우니까는
떱다,떠우니만치
떱다,떠우니만큼
떱다,떠우려니와
떱다,떠우려면
떱다,떠우련마는
떱다,떠우렷다
떱다,떠우리
떱다,떠우리까
떱다,떠우리니
떱다,떠우리니라
떱다,떠우리다
떱다,떠우리라
떱다,떠우리로다
떱다,떠우리만치
떱다,떠우리만큼
떱다,떠우리오
떱다,떠우매
떱다,떠우며
떱다,떠우면
떱다,떠우면서
떱다,떠우므로
떱다,떠우사
떱다,떠우세요
떱다,떠우셔요
떱다,떠우소서
떱다,떠우시
떱다,떠우시어요
떱다,떠우오
떱다,떠우오니까
떱다,떠우오리까
떱다,떠우오리다
떱다,떠우오리이까
떱다,떠우오리이다
떱다,떠우오이다
떱다,떠우옵
떱다,떠우옵나이까
떱다,떠우옵나이다
떱다,떠우옵니까
떱다,떠우옵니다
떱다,떠우옵디까
떱다,떠우옵디다
떱다,떠우옵소서
떱다,떠우옵시
떱다,떠우와
떱다,떠우우
떱다,떠운
떱다,떠운걸
떱다,떠운들
떱다,떠운즉
떱다,떠운즉슨
떱다,떠울
떱다,떠울걸
떱다,떠울까
떱다,떠울는지
떱다,떠울라
떱다,떠울라고
떱다,떠울러니
떱다,떠울러라
떱다,떠울런가
떱다,떠울런고
떱다,떠울레
떱다,떠울레라
떱다,떠울망정
떱다,떠울밖에
떱다,떠울뿐더러
떱다,떠울새
떱다,떠울세
떱다,떠울세라
떱다,떠울세말이지
떱다,떠울수록
떱다,떠울시
떱다,떠울쏘냐
떱다,떠울쏜가
떱다,떠울지
떱다,떠울지나
떱다,떠울지니
떱다,떠울지니라
떱다,떠울지라
떱다,떠울지라도
떱다,떠울지로다
떱다,떠울지며
떱다,떠울지어다
떱다,떠울지언정
떱다,떠울진대
떱다,떠울진대는
떱다,떠울진저
떱다,떠움
떱다,떠움에도
떱다,떠움에랴
떱다,떠웁시오
떱다,떠우냐
떱다,떠우냐고
떱다,떠우뇨
떱다,떠우니라
떱다,떠우이
떱다,떠운가
떱다,떠운감
떱다,떠운고
떱다,떠운데
떱다,떠운뎁쇼
떱다,떠운지
떱다,떠울데라니
떱다,떠울시고